Time(sentisec);X_A(m);Y_A(m);X_M(m);Y_M(m);X_B(m);Y_B(m);X_C(m);Y_C(m);X_D(m);Y_D(m);X_G(m);Y_G(m);X_H(m);Y_H(m);X_I(m);Y_I(m);X_J(m);Y_J(m);X_L(m);Y_L(m)
5730000.0;3014.0697;1832.1061;2995.5788;1845.7066;2993.3377;1839.716;2993.6054;1848.69;2995.5073;1853.1406;2997.0176;1850.543;2991.6227;1844.7693;2993.8677;1849.2273;2991.9105;1848.8948;2997.4001;1842.1858
5730020.0;3014.1123;1832.1647;2995.5041;1845.7066;2993.3506;1839.7377;2993.5087;1848.69;2995.5789;1853.1463;2997.018;1850.543;2991.6213;1844.8227;2993.8617;1849.2273;2992.3688;1849.2547;2997.4066;1842.1858
5730040.0;3014.1711;1832.2465;2995.4059;1845.7066;2993.361;1839.76;2993.3843;1848.69;2995.6645;1853.1585;2997.0192;1850.5425;2991.6178;1844.8911;2993.8566;1849.2269;2992.856;1849.7055;2997.4178;1842.1858
5730060.0;3014.2474;1832.3554;2995.2872;1845.7066;2993.3661;1839.7839;2993.236;1848.69;2995.7581;1853.1804;2997.0226;1850.5409;2991.6097;1844.9696;2993.8552;1849.2252;2993.3589;1850.2327;2997.4353;1842.1858
5730080.0;3014.3338;1832.5008;2995.157;1845.7066;2993.363;1839.8098;2993.0757;1848.69;2995.8496;1853.2118;2997.0307;1850.5359;2991.5947;1845.0462;2993.8592;1849.2202;2993.871;1850.7913;2997.4605;1842.1858
5730100.0;3014.411;1832.698;2995.0261;1845.7066;2993.3502;1839.834;2992.9176;1848.69;2995.9269;1853.2466;2997.0458;1850.5239;2991.5731;1845.1088;2993.8674;1849.2082;2994.3741;1851.3187;2997.4932;1842.1858
5730120.0;3014.4538;1832.9611;2994.9026;1845.7066;2993.329;1839.8461;2992.7704;1848.6904;2995.9793;1853.274;2997.0678;1850.5015;2991.5494;1845.1529;2993.8779;1849.1858;2994.8156;1851.7616;2997.5299;1842.1858
5730140.0;3014.4479;1833.2859;2994.7889;1845.7062;2993.3039;1839.8345;2992.6346;1848.6924;2995.9993;1853.2844;2997.0929;1850.4688;2991.5314;1845.1819;2993.8908;1849.1532;2995.1265;1852.0942;2997.5618;1842.1858
5730160.0;3014.4056;1833.6403;2994.6845;1845.7051;2993.281;1839.796;2992.5091;1848.6993;2995.9844;1853.274;2997.115;1850.4318;2991.5265;1845.1992;2993.9083;1849.1162;2995.2609;1852.3127;2997.5792;1842.1858
5730180.0;3014.3636;1833.9805;2994.5841;1845.7021;2993.2633;1839.7407;2992.3946;1848.7183;2995.9457;1853.2463;2997.1302;1850.3992;2991.5396;1845.2058;2993.9312;1849.0832;2995.2405;1852.4407;2997.5781;1842.1858
5730200.0;3014.3553;1834.2731;2994.4821;1845.6958;2993.2493;1839.6845;2992.2958;1848.7603;2995.9052;1853.211;2997.1383;1850.3767;2991.5711;1845.2019;2993.9565;1849.0593;2995.1126;1852.5199;2997.5638;1842.1858
5730220.0;3014.3847;1834.5038;2994.3766;1845.6864;2993.2357;1839.6408;2992.2195;1848.8377;2995.8857;1853.1787;2997.1417;1850.3647;2991.6168;1845.1917;2993.9786;1849.0427;2994.9079;1852.605;2997.5459;1842.1858
5730240.0;3014.4234;1834.6671;2994.2722;1845.6772;2993.2204;1839.6149;2992.1714;1848.9587;2995.8956;1853.1563;2997.1428;1850.3597;2991.6696;1845.1812;2993.9938;1849.0269;2994.6287;1852.7396;2997.5321;1842.1858
5730260.0;3014.4301;1834.7571;2994.178;1845.6733;2993.2043;1839.6061;2992.1553;1849.123;2995.9263;1853.1439;2997.1431;1850.3576;2991.7212;1845.1742;2994.0022;1849.0051;2994.2769;1852.9316;2997.5242;1842.1858
5730280.0;3014.3726;1834.7717;2994.1027;1845.6772;2993.1896;1839.6127;2992.1708;1849.3204;2995.9614;1853.1372;2997.1433;1850.3554;2991.7657;1845.1708;2994.0067;1848.9753;2993.8858;1853.1501;2997.5208;1842.1858
5730300.0;3014.241;1834.7173;2994.0494;1845.686;2993.1771;1839.6331;2992.2129;1849.5338;2995.9891;1853.1306;2997.1444;1850.3499;2991.7998;1845.1696;2994.0112;1848.942;2993.5167;1853.3509;2997.5197;1842.1858
5730320.0;3014.0492;1834.6117;2994.0129;1845.6939;2993.1642;1839.6637;2992.2719;1849.7443;2996.0097;1853.1182;2997.1478;1850.3367;2991.8255;1845.1692;2994.0196;1848.9126;2993.2237;1853.5063;2997.5192;1842.1858
5730340.0;3013.8315;1834.4768;2993.9837;1845.6957;2993.1438;1839.6957;2992.3372;1849.9383;2996.0301;1853.0957;2997.156;1850.312;2991.8495;1845.1696;2994.0348;1848.892;2993.0303;1853.6141;2997.5181;1842.1863
5730360.0;3013.6291;1834.3419;2993.9534;1845.688;2993.1066;1839.7168;2992.4013;1850.1083;2996.0558;1853.0631;2997.1714;1850.2757;2991.8802;1845.1708;2994.0569;1848.8796;2992.9343;1853.6825;2997.5149;1842.1879
5730380.0;3013.4733;1834.2412;2993.9191;1845.6689;2993.0456;1839.7184;2992.459;1850.2518;2996.0842;1853.0261;2997.1947;1850.2334;2991.9225;1845.1738;2994.082;1848.8701;2992.9264;1853.7156;2997.5082;1842.1933
5730400.0;3013.3703;1834.2038;2993.8827;1845.6399;2992.958;1839.7023;2992.5049;1850.3679;2996.1088;1852.9934;2997.2231;1850.1925;2991.977;1845.1782;2994.1041;1848.8566;2992.9975;1853.7135;2997.4975;1842.2071
5730420.0;3013.3007;1834.2378;2993.8488;1845.6066;2992.844;1839.6807;2992.5328;1850.454;2996.1232;1852.971;2997.2533;1850.1558;2992.0434;1845.18;2994.1196;1848.8338;2993.1346;1853.6784;2997.4869;1842.2351
5730440.0;3013.2341;1834.3257;2993.8238;1845.5772;2992.7059;1839.6676;2992.5386;1850.5045;2996.123;1852.9585;2997.284;1850.1197;2992.1244;1845.1675;2994.1288;1848.8007;2993.3171;1853.619;2997.4855;1842.281
5730460.0;3013.1501;1834.4367;2993.814;1845.557;2992.5479;1839.6682;2992.5243;1850.5145;2996.1003;1852.9517;2997.3153;1850.0801;2992.2255;1845.1244;2994.1359;1848.7619;2993.5246;1853.5457;2997.502;1842.3426
5730480.0;3013.0487;1834.5366;2993.8214;1845.5462;2992.3803;1839.6784;2992.4962;1850.4858;2996.039;1852.9446;2997.3472;1850.0368;2992.3481;1845.0415;2994.1462;1848.7233;2993.7429;1853.466;2997.5388;1842.4112
5730500.0;3012.9493;1834.5931;2993.8425;1845.542;2992.2206;1839.6938;2992.4626;1850.4292;2995.9202;1852.931;2997.3785;1849.9929;2992.484;1844.9287;2994.1651;1848.686;2993.9649;1853.3843;2997.5904;1842.4744
5730520.0;3012.876;1834.5801;2993.8712;1845.542;2992.0909;1839.7212;2992.4305;1850.3577;2995.7364;1852.9063;2997.4092;1849.9503;2992.6174;1844.813;2994.1956;1848.6443;2994.1879;1853.3019;2997.6508;1842.5227
5730540.0;3012.8404;1834.4852;2993.9038;1845.5462;2992.0113;1839.7749;2992.4053;1850.2789;2995.5058;1852.8699;2997.4394;1849.9089;2992.7329;1844.7224;2994.2369;1848.5914;2994.411;1853.2196;2997.717;1842.554
5730560.0;3012.8287;1834.3161;2993.9406;1845.5574;2991.9923;1839.8582;2992.389;1850.1942;2995.2666;1852.828;2997.4678;1849.8706;2992.8219;1844.6719;2994.2845;1848.5262;2994.634;1853.1372;2997.7856;1842.5746
5730580.0;3012.8072;1834.0953;2993.9823;1845.5792;2992.0328;1839.9521;2992.3809;1850.1036;2995.0548;1852.7887;2997.4908;1849.8395;2992.8822;1844.6614;2994.3329;1848.4558;2994.857;1853.0549;2997.8453;1842.5961
5730600.0;3012.7465;1833.8505;2994.026;1845.6136;2992.1231;1840.0247;2992.3789;1850.0077;2994.881;1852.757;2997.5052;1849.8189;2992.9166;1844.6841;2994.3783;1848.3896;2995.0801;1852.9725;2997.8781;1842.6319
5730620.0;3012.6473;1833.6082;2994.0645;1845.6594;2992.2572;1840.0571;2992.3825;1849.9091;2994.7308;1852.7334;2997.5099;1849.8081;2992.932;1844.733;2994.4187;1848.3329;2995.3031;1852.8902;2997.8677;1842.6946
5730640.0;3012.5415;1833.3914;2994.0855;1845.7138;2992.4377;1840.0564;2992.3954;1849.8139;2994.5803;1852.7177;2997.5046;1849.8036;2992.9369;1844.8014;2994.4522;1848.2848;2995.5309;1852.8059;2997.8105;1842.7922
5730660.0;3012.4776;1833.2182;2994.0731;1845.7754;2992.6756;1840.0516;2992.4241;1849.7316;2994.4134;1852.712;2997.488;1849.8022;2992.9369;1844.8835;2994.4757;1848.242;2995.773;1852.7155;2997.7188;1842.9242
5730680.0;3012.4998;1833.0992;2994.0012;1845.8465;2992.9801;1840.0763;2992.4755;1849.6725;2994.2279;1852.7177;2997.4583;1849.8018;2992.932;1844.9737;2994.487;1848.2055;2996.055;1852.6074;2997.6135;1843.0793
5730700.0;3012.635;1833.0339;2993.8358;1845.9315;2993.3422;1840.1529;2992.5518;1849.649;2994.0271;1852.7346;2997.4136;1849.8018;2992.9199;1845.0678;2994.4872;1848.1824;2996.4224;1852.456;2997.5107;1843.2382
5730720.0;3012.8879;1833.0066;2993.5543;1846.0325;2993.7314;1840.2861;2992.6473;1849.6791;2993.8125;1852.7622;2997.353;1849.8014;2992.9008;1845.1623;2994.4803;1848.1832;2996.9186;1852.2301;2997.415;1843.3817
5730740.0;3013.2295;1832.9887;2993.1766;1846.1391;2994.1099;1840.4651;2992.7495;1849.7859;2993.5608;1852.8053;2997.2784;1849.7997;2992.8778;1845.2541;2994.4703;1848.2178;2997.5467;1851.901;2997.326;1843.4967
5730760.0;3013.6085;1832.9497;2992.7768;1846.2245;2994.4575;1840.6777;2992.8469;1849.9821;2993.2196;1852.8703;2997.1986;1849.7943;2992.8554;1845.3389;2994.4586;1848.2898;2998.2328;1851.4572;2997.2486;1843.5791
5730780.0;3013.9856;1832.8738;2992.4489;1846.258;2994.7791;1840.9175;2992.9368;1850.2519;2992.7359;1852.9557;2997.1284;1849.7801;2992.8385;1845.4117;2994.4443;1848.3902;2998.8358;1850.9215;2997.1944;1843.6301
5730800.0;3014.363;1832.7684;2992.2494;1846.2278;2995.0851;1841.1836;2993.026;1850.5507;2992.1106;1853.0471;2997.0824;1849.7509;2992.8322;1845.4676;2994.4286;1848.4964;2999.196;1850.349;2997.1687;1843.6551
5730820.0;3014.7763;1832.659;2992.1701;1846.1528;2995.3676;1841.4753;2993.1204;1850.8257;2991.4274;1853.1232;2997.0684;1849.7017;2992.8389;1845.5048;2994.4162;1848.5839;2999.1924;1849.8046;2997.1607;1843.6647
5730840.0;3015.2441;1832.5756;2992.158;1846.0756;2995.6094;1841.7998;2993.2142;1851.0403;2990.8168;1853.1707;2997.0851;1849.633;2992.857;1845.5263;2994.4112;1848.6381;2998.7954;1849.319;2997.1481;1843.6755
5730860.0;3015.7365;1832.5405;2992.161;1846.0436;2995.8098;1842.1731;2993.2923;1851.1863;2990.3824;1853.1952;2997.1186;1849.5544;2992.8814;1845.5394;2994.4128;1848.6601;2998.1024;1848.8717;2997.1103;1843.7069
5730880.0;3016.2;1832.563;2992.1565;1846.088;2995.9974;1842.6075;2993.342;1851.2781;2990.1811;1853.2238;2997.1418;1849.4833;2992.898;1845.5579;2994.4166;1848.6602;2997.3088;1848.4232;2997.0392;1843.7751
5730900.0;3016.6018;1832.6394;2992.1655;1846.2217;2996.2158;1843.095;2993.3663;1851.3346;2990.2486;1853.3054;2997.1204;1849.4381;2992.8837;1845.6056;2994.4167;1848.6509;2996.6274;1847.9608;2996.9421;1843.8862
5730920.0;3016.9419;1832.7576;2992.2387;1846.438;2996.481;1843.6021;2993.3896;1851.3647;2990.6161;1853.5051;2997.0283;1849.4306;2992.7885;1845.7216;2994.4076;1848.6366;2996.2169;1847.4993;2996.8408;1844.0384
5730940.0;3017.2424;1832.9045;2992.4252;1846.711;2996.7592;1844.0858;2993.4564;1851.367;2991.2826;1853.8807;2996.8623;1849.461;2992.5553;1845.9636;2994.3825;1848.6055;2996.14;1847.0633;2996.7682;1844.2232
5730960.0;3017.5314;1833.0751;2992.7263;1846.9932;2996.988;1844.5183;2993.6308;1851.3443;2992.1851;1854.4518;2996.6433;1849.5193;2992.1737;1846.3869;2994.3306;1848.5148;2996.3724;1846.681;2996.7593;1844.4295
5730980.0;3017.827;1833.2705;2993.0839;1847.2209;2997.1239;1844.8977;2993.9828;1851.322;2993.2093;1855.1846;2996.4095;1849.5875;2991.7422;1847.0049;2994.2407;1848.2862;2996.8253;1846.3719;2996.8408;1844.6475
5731000.0;3018.1331;1833.4932;2993.418;1847.341;2997.1759;1845.237;2994.5581;1851.3471;2994.2362;1856.0266;2996.2041;1849.6459;2991.4553;1847.7519;2994.1127;1847.8224;2997.3805;1846.1387;2997.0298;1844.8729
5731020.0;3018.4342;1833.739;2993.6832;1847.3425;2997.1917;1845.5425;2995.3431;1851.4667;2995.1702;1856.9573;2996.063;1849.6842;2991.4943;1848.4967;2993.9744;1847.0515;2997.9419;1845.9646;2997.3382;1845.1088
5731040.0;3018.7101;1833.9979;2993.8847;1847.2609;2997.2237;1845.8109;2996.2553;1851.7061;2995.9516;1857.9949;2996.0104;1849.7076;2991.9158;1849.1115;2993.8903;1845.9877;2998.4449;1845.8377;2997.7724;1845.3653
5731060.0;3018.9522;1834.2574;2994.0485;1847.1504;2997.3101;1846.0478;2997.1802;1852.0674;2996.5682;1859.1397;2996.0614;1849.7337;2992.6486;1849.5404;2993.9432;1844.758;2998.8361;1845.7779;2998.3271;1845.6539
5731080.0;3019.1682;1834.5064;2994.1867;1847.0538;2997.4779;1846.278;2998.0346;1852.5503;2997.0608;1860.3172;2996.2257;1849.7808;2993.579;1849.8085;2994.2041;1843.5638;2999.0664;1845.8224;2998.9806;1845.9864
5731100.0;3019.3781;1834.7389;2994.2872;1846.9906;2997.7446;1846.5303;2998.8032;1853.1613;2997.495;1861.4012;2996.4958;1849.8663;2994.6248;1849.9763;2994.7115;1842.5991;2999.1101;1845.9955;2999.7042;1846.3784
5731120.0;3019.607;1834.9556;2994.3238;1846.9609;2998.1188;1846.821;2999.5284;1853.9037;2997.921;1862.2926;2996.8398;1850.0088;2995.7477;1850.092;2995.468;1841.9812;2998.9817;1846.2997;3000.4779;1846.8489
5731140.0;3019.8778;1835.1658;2994.2847;1846.9567;2998.5993;1847.1501;3000.277;1854.7637;2998.3515;1862.9698;2997.2179;1850.2207;2996.9366;1850.1762;2996.4481;1841.7372;2998.7387;1846.7324;3001.2993;1847.4131
5731160.0;3020.2064;1835.387;2994.1881;1846.9619;2999.1805;1847.5152;3001.1099;1855.7102;2998.7714;1863.45;2997.6161;1850.4873;2998.1854;1850.2384;2997.6143;1841.8328;2998.4702;1847.2945;3002.1816;1848.0713
5731180.0;3020.603;1835.6388;2994.0854;1846.9577;2999.8574;1847.924;3002.0671;1856.704;2999.1428;1863.7138;2998.0624;1850.7608;2999.4951;1850.2971;2998.931;1842.2034;2998.2785;1847.9813;3003.1415;1848.808
5731200.0;3021.0733;1835.937;2994.038;1846.9254;3000.6263;1848.3931;3003.1668;1857.7014;2999.4152;1863.6886;2998.6046;1850.9861;3000.8674;1850.3828;3000.3717;1842.7629;2998.2524;1848.765;3004.1874;1849.6033
5731220.0;3021.6187;1836.2863;2994.0935;1846.8562;3001.482;1848.938;3004.4094;1858.6528;2999.5498;1863.3217;2999.2745;1851.1398;3002.3077;1850.53;3001.9203;1843.4176;2998.4324;1849.5954;3005.3149;1850.4422
5731240.0;3022.2361;1836.6816;2994.2739;1846.7604;3002.4177;1849.561;3005.7894;1859.5032;2999.5525;1862.6813;3000.0748;1851.242;3003.8222;1850.7633;3003.5699;1844.087;2998.8093;1850.4211;3006.5134;1851.3113
5731260.0;3022.9192;1837.1122;2994.5783;1846.6662;3003.4227;1850.2447;3007.2999;1860.2011;2999.483;1861.9587;3000.9921;1851.3337;3005.4125;1851.0918;3005.3248;1844.7289;2999.3558;1851.2075;3007.7758;1852.192
5731280.0;3023.6629;1837.5662;2994.9938;1846.6122;3004.4884;1850.9531;3008.9295;1860.7097;2999.416;1861.3588;3002.0155;1851.447;3007.0747;1851.509;3007.1988;1845.3374;3000.0616;1851.9373;3009.105;1853.057
5731300.0;3024.4718;1838.0232;2995.5107;1846.6346;3005.617;1851.6391;3010.6585;1861.0117;2999.3975;1860.9755;3003.1443;1851.5936;3008.8087;1851.9931;3009.2027;1845.9187;3000.9477;1852.5934;3010.5139;1853.8726
5731320.0;3025.3674;1838.4455;2996.1386;1846.7602;3006.8272;1852.2522;3012.4656;1861.1064;2999.4311;1860.776;3004.3862;1851.7662;3010.624;1852.5094;3011.3319;1846.4684;3002.0483;1853.1477;3012.0224;1854.6001
5731340.0;3026.4133;1838.7622;2996.9134;1846.9992;3008.1486;1852.7481;3014.3364;1861.0039;2999.4967;1860.6732;3005.7515;1851.9469;3012.5339;1853.0164;3013.5613;1846.9665;3003.3861;1853.5671;3013.6536;1855.1932
5731360.0;3027.7348;1838.8618;2997.8856;1847.3338;3009.6051;1853.0936;3016.2657;1860.7218;2999.5737;1860.5983;3007.2494;1852.1121;3014.5426;1853.4746;3015.8528;1847.3871;3004.9607;1853.8346;3015.4269;1855.5992
5731380.0;3029.5146;1838.6097;2999.0942;1847.7133;3011.2013;1853.2692;3018.2507;1860.2827;2999.6538;1860.5223;3008.8807;1852.2436;3016.6395;1853.8506;3018.1683;1847.7095;3006.7498;1853.9597;3017.3484;1855.7688
5731400.0;3031.9187;1837.8979;3000.5423;1848.0661;3012.9241;1853.2656;3020.283;1859.7068;2999.7384;1860.4392;3010.6375;1852.3313;3018.8038;1854.1174;3020.4793;1847.918;3008.7148;1853.9697;3019.4024;1855.6718
5731420.0;3034.9843;1836.7025;3002.1908;1848.3288;3014.7554;1853.0807;3022.3474;1859.0056;2999.8336;1860.3512;3012.505;1852.3695;3021.0126;1854.2501;3022.7722;1847.9993;3010.8089;1853.8866;3021.5505;1855.3044
5731440.0;3038.5445;1835.1081;3003.9733;1848.4755;3016.6819;1852.7164;3024.4254;1858.1768;2999.944;1860.2617;3014.467;1852.3444;3023.2445;1854.2205;3025.046;1847.935;3012.9888;1853.7113;3023.7408;1854.6843
5731460.0;3042.2721;1833.2777;3005.8178;1848.5163;3018.6945;1852.179;3026.4972;1857.2103;3000.0685;1860.1705;3016.5065;1852.2286;3025.479;1853.9936;3027.3042;1847.7004;3015.2254;1853.4207;3025.9188;1853.838
5731480.0;3045.8163;1831.3881;3007.6619;1848.4656;3020.7804;1851.477;3028.5378;1856.0935;3000.1993;1860.0755;3018.6042;1851.9851;3027.6916;1853.5318;3029.543;1847.2639;3017.5074;1852.9773;3028.0375;1852.7901
5731500.0;3048.9357;1829.5683;3009.4647;1848.307;3022.9153;1850.6171;3030.5152;1854.8164;3000.3266;1859.9734;3020.7347;1851.5766;3029.8492;1852.8045;3031.7419;1846.5914;3019.8298;1852.3406;3030.0601;1851.5599
5731520.0;3051.5451;1827.8659;3011.212;1847.9909;3025.0615;1849.597;3032.3917;1853.3698;3000.444;1859.8612;3022.8658;1850.971;3031.9117;1851.7939;3033.8642;1845.6509;3022.1761;1851.4755;3031.9563;1850.1587
5731540.0;3053.6779;1826.2557;3012.9044;1847.4611;3027.1712;1848.4054;3034.1312;1851.7469;3000.551;1859.7387;3024.9594;1850.1436;3033.8367;1850.4944;3035.8677;1844.4223;3024.5053;1850.3569;3033.6963;1848.5895
5731560.0;3055.4236;1824.6889;3014.5398;1846.683;3029.1926;1847.0268;3035.7026;1849.9459;3000.6495;1859.6103;3026.9726;1849.0774;3035.5858;1848.9119;3037.7132;1842.9059;3026.7519;1848.9723;3035.2502;1846.85
5731580.0;3056.8926;1823.1415;3016.0972;1845.6474;3031.077;1845.4486;3037.0783;1847.9734;3000.7404;1859.4838;3028.8605;1847.765;3037.1241;1847.0664;3039.3676;1841.1263;3028.8427;1847.3235;3036.5897;1844.9385
5731600.0;3058.197;1821.6323;3017.5368;1844.3614;3032.7807;1843.6649;3038.2294;1845.8425;3000.823;1859.3659;3030.5778;1846.2067;3038.418;1844.9965;3040.7974;1839.128;3030.7161;1845.4275;3037.6889;1842.8609
5731620.0;3059.4393;1820.1986;3018.8053;1842.8409;3034.262;1841.6803;3039.1244;1843.5692;3000.897;1859.2583;3032.0825;1844.4112;3039.4338;1842.7529;3041.9648;1836.9657;3032.3327;1843.3094;3038.5198;1840.6348
5731640.0;3060.6833;1818.8588;3019.8494;1841.1095;3035.4757;1839.5121;3039.733;1841.1727;3000.9628;1859.1581;3033.3379;1842.3973;3040.1437;1840.3875;3042.8295;1834.695;3033.6708;1840.9959;3039.0522;1838.2912
5731660.0;3061.9404;1817.5926;3020.6333;1839.2015;3036.3754;1837.1919;3040.0351;1838.6785;3001.02;1859.0612;3034.3163;1840.1959;3040.5294;1837.9442;3043.3563;1832.3671;3034.7114;1838.512;3039.2613;1835.873
5731680.0;3063.171;1816.3514;3021.1539;1837.173;3036.9232;1834.7584;3040.0236;1836.1237;3001.0646;1858.9652;3035.0013;1837.8472;3040.5853;1835.4597;3043.5199;1830.0249;3035.4291;1835.8891;3039.1365;1833.4284
5731700.0;3064.3062;1815.0811;3021.4407;1835.1117;3037.0989;1832.2546;3039.7008;1833.5594;3001.0894;1858.87;3035.3894;1835.394;3040.3133;1832.9685;3043.3075;1827.7002;3035.7927;1833.1721;3038.6855;1831.0008
5731720.0;3065.272;1813.7498;3021.5373;1833.1275;3036.901;1829.7287;3039.0691;1831.0465;3001.0863;1858.7767;3035.4868;1832.8764;3039.7185;1830.5062;3042.7199;1825.4099;3035.7765;1830.4187;3037.9328;1828.6219
5731740.0;3066.0205;1812.3661;3021.4791;1831.3133;3036.3434;1827.2367;3038.1287;1828.643;3001.0495;1858.6861;3035.3057;1830.3302;3038.8067;1828.1064;3041.7746;1823.1588;3035.3724;1827.6865;3036.9138;1826.3109
5731760.0;3066.5606;1810.9775;3021.2882;1829.7007;3035.4543;1824.8333;3036.8865;1826.383;3000.9781;1858.5992;3034.858;1827.7901;3037.5894;1825.7947;3040.5052;1820.9462;3034.594;1825.0232;3035.6667;1824.079
5731780.0;3066.9619;1809.6404;3020.9882;1828.2454;3034.2748;1822.5581;3035.3668;1824.2705;3000.876;1858.5171;3034.1517;1825.2946;3036.0885;1823.5848;3038.9584;1818.7753;3033.4758;1822.4642;3034.221;1821.9377
5731800.0;3067.3164;1808.3805;3020.6248;1826.8498;3032.8504;1820.4296;3033.6097;1822.2915;3000.7481;1858.4411;3033.1843;1822.889;3034.3385;1821.481;3037.1825;1816.6577;3032.0647;1820.038;3032.5922;1819.904
5731820.0;3067.6737;1807.1752;3020.263;1825.4061;3031.2204;1818.4538;3031.6601;1820.4391;3000.5981;1858.3697;3031.9457;1820.6235;3032.38;1819.4846;3035.2186;1814.6118;3030.4115;1817.77;3030.785;1818.0017
5731840.0;3068.0078;1805.9791;3019.9617;1823.8346;3029.4128;1816.6358;3029.5563;1818.7278;3000.4295;1858.2976;3030.4277;1818.543;3030.251;1817.6007;3033.0952;1812.6615;3028.5591;1815.6849;3028.8053;1816.2531
5731860.0;3068.2323;1804.7723;3019.7441;1822.1073;3027.4479;1814.9852;3027.3302;1817.1883;3000.2499;1858.2188;3028.6396;1816.6743;3027.9789;1815.8434;3030.8314;1810.833;3026.5371;1813.8055;3026.6686;1814.6711
5731880.0;3068.2408;1803.5909;3019.5924;1820.2566;3025.3426;1813.5116;3025.0113;1815.8523;3000.0727;1858.1332;3026.6142;1815.0199;3025.5834;1814.234;3028.4426;1809.1536;3024.3638;1812.1538;3024.3995;1813.2606
5731900.0;3067.9648;1802.5243;3019.4612;1818.3671;3023.1143;1812.2231;3022.6303;1814.7419;2999.9135;1858.0478;3024.4035;1813.5656;3023.0817;1812.7979;3025.9445;1807.6467;3022.0541;1810.7488;3022.0237;1812.0244
5731920.0;3067.4253;1801.6761;3019.296;1816.5508;3020.782;1811.1263;3020.2144;1813.8669;2999.7826;1857.971;3022.063;1812.299;3020.4952;1811.5572;3023.3532;1806.3299;3019.6289;1809.6063;3019.564;1810.9668
5731940.0;3066.7566;1801.1241;3019.0462;1814.9112;3018.3686;1810.2304;3017.786;1813.2253;2999.6803;1857.9056;3019.6386;1811.2203;3017.8484;1810.5274;3020.6847;1805.2141;3017.116;1808.7376;3017.0402;1810.09
5731960.0;3066.1536;1800.9029;3018.6703;1813.5188;3015.9009;1809.5482;3015.3628;1812.8056;2999.5989;1857.8494;3017.1609;1810.3405;3015.1667;1809.7146;3017.9564;1804.3076;3014.5472;1808.1492;3014.4702;1809.3938
5731980.0;3065.76;1801.0091;3018.1377;1812.4082;3013.4082;1809.0955;3012.9605;1812.5907;2999.5292;1857.7988;3014.6497;1809.6712;3012.4752;1809.1189;3015.1899;1803.6197;3011.9529;1807.8382;3011.8712;1808.881
5732000.0;3065.5854;1801.4119;3017.4291;1811.5891;3010.9181;1808.8862;3010.5923;1812.5597;2999.4653;1857.75;3012.1208;1809.2231;3009.7982;1808.7384;3012.4094;1803.1621;3009.3595;1807.7898;3009.2632;1808.5613
5732020.0;3065.5276;1802.0548;3016.5391;1811.0543;3008.4529;1808.9273;3008.2649;1812.6896;2999.407;1857.6979;3009.5936;1809.0095;3007.1589;1808.5764;3009.6399;1802.9448;3006.7881;1807.9748;3006.6711;1808.4456
5732040.0;3065.4569;1802.8642;3015.4753;1810.7826;3006.0283;1809.2118;3005.9787;1812.9539;2999.3604;1857.6369;3007.0933;1809.0477;3004.5783;1808.6444;3006.9044;1802.9725;3004.2559;1808.3569;3004.1228;1808.5381
5732060.0;3065.2766;1803.7741;3014.2495;1810.7448;3003.6567;1809.7168;3003.7314;1813.3277;2999.3401;1857.5644;3004.6486;1809.3506;3002.0756;1808.9602;3004.2217;1803.2409;3001.7783;1808.8996;3001.6416;1808.8334
5732080.0;3064.9153;1804.7459;3012.8682;1810.9119;3001.3507;1810.4075;3001.5229;1813.7916;2999.3659;1857.4812;3002.2876;1809.9169;2999.6699;1809.5367;3001.6065;1803.7388;2999.3717;1809.5763;2999.2398;1809.3246
5732100.0;3064.2883;1805.7721;3011.3304;1811.2609;2999.1229;1811.2492;2999.3561;1814.3382;2999.4517;1857.3909;3000.0353;1810.7289;2997.3801;1810.3707;2999.0697;1804.451;2997.0527;1810.3727;2996.9177;1810.0124
5732120.0;3063.2908;1806.8651;3009.6367;1811.7739;2996.985;1812.2173;2997.2347;1814.971;2999.5915;1857.2966;2997.915;1811.7614;2995.2227;1811.4382;2996.622;1805.3643;2994.8346;1811.2879;2994.6691;1810.9054
5732140.0;3061.8408;1808.046;3007.8027;1812.4384;2994.946;1813.3011;2995.1646;1815.703;2999.7569;1857.2011;2995.9491;1812.9898;2993.2108;1812.7039;2994.2771;1806.4688;2992.722;1812.326;2992.4892;1812.009
5732160.0;3059.9336;1809.3324;3005.8656;1813.2479;2993.0122;1814.4986;2993.1558;1816.5517;2999.9118;1857.1066;2994.157;1814.3923;2991.3537;1814.1322;2992.0514;1807.7569;2990.7153;1813.4908;2990.381;1813.313
5732180.0;3057.6619;1810.7327;3003.8722;1814.2017;2991.1875;1815.8105;2991.2246;1817.5352;3000.0323;1857.015;2992.5501;1815.9456;2989.6574;1815.6941;2989.9615;1809.2185;2988.8181;1814.7836;2988.3555;1814.7888
5732200.0;3055.1738;1812.2432;3001.8586;1815.2984;2989.4742;1817.2368;2989.3932;1818.6665;3000.1153;1856.9293;2991.1313;1817.6242;2988.1236;1817.3643;2988.0217;1810.8387;2987.0463;1816.2084;2986.429;1816.4015
5732220.0;3052.6086;1813.8544;2999.8403;1816.5277;2987.8758;1818.7776;2987.6877;1819.9506;3000.1713;1856.8543;2989.8963;1819.4011;2986.7481;1819.12;2986.2404;1812.5976;2985.4277;1817.7728;2984.6224;1818.1251
5732240.0;3050.0676;1815.5542;2997.8274;1817.8697;2986.4005;1820.4331;2986.1343;1821.3822;3000.2129;1856.7948;2988.8347;1821.2507;2985.5211;1820.9413;2984.6205;1814.476;2983.9937;1819.4832;2982.9636;1819.9495
5732260.0;3047.6317;1817.326;2995.8453;1819.3009;2985.0633;1822.2017;2984.7572;1822.949;3000.2483;1856.7502;2987.9294;1823.1492;2984.4314;1822.8155;2983.1609;1816.4587;2982.7661;1821.3377;2981.4857;1821.8738
5732280.0;3045.3855;1819.1486;2993.9382;1820.8054;2983.8848;1824.0765;2983.5759;1824.6356;3000.2825;1856.7108;2987.1588;1825.0779;2983.4721;1824.7358;2981.8606;1818.5341;2981.7499;1823.3258;2980.221;1823.8963
5732300.0;3043.4091;1821.0024;2992.1558;1822.3811;2982.8871;1826.0435;2982.6029;1826.4271;3000.3202;1856.6615;2986.5004;1827.0248;2982.6443;1826.698;2980.7205;1820.69;2980.9335;1825.4288;2979.1894;1826.006
5732320.0;3041.7364;1822.8791;2990.5372;1824.0369;2982.088;1828.0822;2981.8402;1828.3094;3000.3657;1856.5919;2985.9397;1828.9853;2981.9531;1828.6955;2979.7424;1822.9109;2980.297;1827.6195;2978.3927;1828.1849
5732340.0;3040.338;1824.7839;2989.1027;1825.7817;2981.4958;1830.1699;2981.2776;1830.2669;3000.4217;1856.5047;2985.4719;1830.9563;2981.4017;1830.7211;2978.925;1825.1781;2979.8193;1829.8632;2977.8122;1830.4123
5732360.0;3039.1496;1826.7257;2987.8511;1827.6161;2981.1037;1832.287;2980.8939;1832.28;3000.4882;1856.4108;2985.1008;1832.9319;2980.9831;1832.7697;2978.2645;1827.4728;2979.4821;1832.1257;2977.4119;1832.6714
5732380.0;3038.1173;1828.7061;2986.762;1829.5288;2980.8899;1834.4217;2980.664;1834.3252;3000.5626;1856.3158;2984.8325;1834.901;2980.6808;1834.8398;2977.7567;1829.7801;2979.2707;1834.3837;2977.1456;1834.9508
5732400.0;3037.2185;1830.7167;2985.8053;1831.4998;2980.8218;1836.5679;2980.5668;1836.3777;3000.6397;1856.2135;2984.6738;1836.8513;2980.4723;1836.9274;2977.4005;1832.0894;2979.1734;1836.6281;2976.9692;1837.2459
5732420.0;3036.4485;1832.7448;2984.9552;1833.5073;2980.8657;1838.7214;2980.5912;1838.416;3000.7157;1856.091;2984.6315;1838.7744;2980.3381;1839.0205;2977.1964;1834.3935;2979.1808;1838.8583;2976.8519;1839.5549
5732440.0;3035.8024;1834.7789;2984.2028;1835.5331;2980.9943;1840.8747;2980.7345;1840.4244;3000.791;1855.9425;2984.7141;1840.666;2980.2723;1841.1019;2977.1429;1836.6848;2979.2864;1841.0744;2976.7846;1841.8722
5732460.0;3035.2647;1836.8095;2983.5559;1837.565;2981.1905;1843.0165;2980.9985;1842.3935;3000.8699;1855.7772;2984.9297;1842.5228;2980.2877;1843.1593;2977.2323;1838.9537;2979.4847;1843.2708;2976.7825;1844.1808
5732480.0;3034.8088;1838.8281;2983.03;1839.5961;2981.4486;1845.1333;2981.3816;1844.3181;3000.9538;1855.6134;2985.2849;1844.3358;2980.4072;1845.1925;2977.4514;1841.1886;2979.7688;1845.4368;2976.8805;1846.4518
5732500.0;3034.3964;1840.8282;2982.6364;1841.6214;2981.7722;1847.2092;2981.8747;1846.1953;3001.0371;1855.464;2985.7841;1846.0892;2980.6479;1847.207;2977.7842;1843.3772;2980.1306;1847.558;2977.1225;1848.6518
5732520.0;3033.9843;1842.8065;2982.3802;1843.6341;2982.1736;1849.224;2982.4618;1848.0238;3001.1122;1855.327;2986.43;1847.7631;2981.0091;1849.2005;2978.2167;1845.5067;2980.5607;1849.6221;2977.5443;1850.7533
5732540.0;3033.5372;1844.7629;2982.2635;1845.6249;2982.6687;1851.1525;2983.1274;1849.8024;3001.1775;1855.1894;2987.2231;1849.3404;2981.4789;1851.1548;2978.739;1847.5658;2981.0545;1851.6211;2978.1582;1852.7426
5732560.0;3033.0401;1846.6976;2982.2906;1847.582;2983.2718;1852.9716;2983.8625;1851.5278;3001.2391;1855.0412;2988.1593;1850.8113;2982.0471;1853.0389;2979.3483;1849.5449;2981.6149;1853.5509;2978.9512;1854.618
5732580.0;3032.5032;1848.6096;2982.4671;1849.4933;2983.9898;1854.6689;2984.6677;1853.1931;3001.3065;1854.8833;2989.2278;1852.1744;2982.7136;1854.8202;2980.0487;1851.4383;2982.2544;1855.4059;2979.8971;1856.3819
5732600.0;3031.9556;1850.4968;2982.7969;1851.3457;2984.8216;1856.2462;2985.5494;1854.7882;3001.3865;1854.7217;2990.4147;1853.4332;2983.4857;1856.4766;2980.8496;1853.2428;2982.9918;1857.1753;2980.973;1858.034
5732620.0;3031.4305;1852.357;2983.2797;1853.1257;2985.7607;1857.7155;2986.5162;1856.3012;3001.4795;1854.5595;2991.7062;1854.5929;2984.3717;1857.9993;2981.7596;1854.9567;2983.8468;1858.843;2982.1673;1859.5707
5732640.0;3030.9602;1854.181;2983.9139;1854.818;2986.8031;1859.0891;2987.5759;1857.7207;3001.5787;1854.3947;2993.0899;1855.6571;2985.3772;1859.3857;2982.783;1856.5769;2984.8328;1860.3948;2983.4781;1860.9865
5732660.0;3030.5761;1855.9461;2984.6989;1856.4056;2987.9516;1860.3732;2988.7356;1859.0343;3001.6737;1854.2244;2994.5513;1856.6276;2986.5047;1860.6296;2983.9196;1858.0982;2985.9534;1861.8235;2984.9088;1862.2746
5732680.0;3030.3279;1857.6005;2985.6362;1857.8685;2989.2169;1861.563;2990.0004;1860.2273;3001.7571;1854.049;2996.0715;1857.5035;2987.7535;1861.7193;2985.17;1859.5117;2987.2046;1863.1281;2986.4628;1863.4266
5732700.0;3030.3053;1859.0536;2986.7243;1859.1883;2990.6146;1862.644;2991.3733;1861.2822;3001.8282;1853.8692;2997.6275;1858.2816;2989.1219;1862.6458;2986.5381;1860.8064;2988.5824;1864.3054;2988.1407;1864.4355
5732720.0;3030.6344;1860.1869;2987.955;1860.3515;2992.1589;1863.5941;2992.8555;1862.1819;3001.89;1853.6854;2999.1997;1858.9576;2990.6086;1863.4117;2988.031;1861.969;2990.0859;1865.3438;2989.9376;1865.2988
5732740.0;3031.4314;1860.8988;2989.3134;1861.3503;2993.8564;1864.3886;2994.4468;1862.9123;3001.9433;1853.4899;3000.7757;1859.529;2992.2154;1864.0272;2989.6538;1862.9851;2991.7164;1866.2253;2991.846;1866.0169
5732760.0;3032.7292;1861.1619;2990.7829;1862.1792;2995.7032;1865.004;2996.1467;1863.4654;3001.9865;1853.2645;3002.3532;1859.9962;2993.9454;1864.503;2991.4095;1863.8386;2993.4734;1866.9361;2993.8571;1866.5877
5732780.0;3034.4445;1861.0411;2992.3482;1862.8353;2997.6833;1865.4209;2997.9529;1863.8367;3002.0201;1852.9887;3003.9369;1860.3596;2995.7988;1864.8414;2993.3;1864.5136;2995.3569;1867.472;2995.9621;1867.0015
5732800.0;3036.4222;1860.6447;2993.9956;1863.3236;2999.7703;1865.6276;2999.859;1864.0249;3002.0494;1852.6616;3005.5361;1860.6134;2997.7671;1865.0377;2995.3272;1864.9973;2997.3677;1867.836;2998.1511;1867.2418
5732820.0;3038.5133;1860.0579;2995.7113;1863.6584;3001.9333;1865.6225;3001.8538;1864.0302;3002.0816;1852.3182;3007.1603;1860.7443;2999.8322;1865.0824;2997.4892;1865.2822;2999.5036;1868.0277;3000.4118;1867.2915
5732840.0;3040.6325;1859.306;2997.4843;1863.854;3004.1459;1865.4145;3003.9212;1863.8547;3002.1219;1852.0135;3008.8154;1860.7343;3001.9699;1864.9658;2999.7749;1865.3658;3001.7527;1868.0364;3002.7302;1867.1407
5732860.0;3042.7558;1858.3679;2999.308;1863.9072;3006.3916;1865.0198;3006.0417;1863.5019;3002.17;1851.7886;3010.4996;1860.5665;3004.1568;1864.6807;3002.1635;1865.2504;3004.0922;1867.8435;3005.0917;1866.7894
5732880.0;3044.8838;1857.2139;3001.1781;1863.791;3008.6601;1864.4542;3008.1935;1862.9742;3002.2201;1851.6516;3012.2035;1860.2247;3006.3715;1864.2256;3004.6292;1864.9432;3006.4914;1867.4308;3007.4831;1866.2453
5732900.0;3046.9965;1855.8464;3003.0866;1863.4662;3010.9395;1863.7277;3010.3548;1862.27;3002.263;1851.5868;3013.9138;1859.6929;3008.5921;1863.6005;3007.1461;1864.4559;3008.9172;1866.7863;3009.8904;1865.5153
5732920.0;3049.0407;1854.3152;3005.0199;1862.9108;3013.2122;1862.8393;3012.5057;1861.3859;3002.2906;1851.5722;3015.617;1858.9554;3010.794;1862.7998;3009.689;1863.7988;3011.3377;1865.9086;3012.2958;1864.5985
5732940.0;3050.9484;1852.6982;3006.9607;1862.1489;3015.4557;1861.7789;3014.6284;1860.3202;3002.3021;1851.5866;3017.2999;1858.0015;3012.9531;1861.8048;3012.2334;1862.9758;3013.7258;1864.8066;3014.6756;1863.4867
5732960.0;3052.6746;1851.0609;3008.8897;1861.2509;3017.6472;1860.5332;3016.7077;1859.0759;3002.3046;1851.6146;3018.9468;1856.8287;3015.0495;1860.5881;3014.7559;1861.98;3016.0603;1863.4964;3017.0024;1862.1717
5732980.0;3054.212;1849.4305;3010.7861;1860.3018;3019.7656;1859.094;3018.7279;1857.6567;3002.3105;1851.6455;3020.5374;1855.4453;3017.0677;1859.1288;3017.2356;1860.7978;3018.3264;1861.9954;3019.2522;1860.6555
5733000.0;3055.5753;1847.8005;3012.6286;1859.3552;3021.791;1857.464;3020.6705;1856.0643;3002.334;1851.6759;3022.0479;1853.8686;3018.9916;1857.4284;3019.6515;1859.4142;3020.5116;1860.3187;3021.4096;1858.9525
5733020.0;3056.7791;1846.1524;3014.3974;1858.4077;3023.7007;1855.6521;3022.5094;1854.2977;3002.3864;1851.7047;3023.4545;1852.1221;3020.8;1855.512;3021.98;1857.8203;3022.6034;1858.479;3023.4639;1857.0797
5733040.0;3057.8293;1844.4713;3016.0776;1857.4111;3025.4658;1853.664;3024.2107;1852.3583;3002.4704;1851.7307;3024.7363;1850.2266;3022.4671;1853.4171;3024.1939;1856.0164;3024.5843;1856.4891;3025.3996;1855.0491
5733060.0;3058.7292;1842.7547;3017.6614;1856.3067;3027.0519;1851.4975;3025.7367;1850.2522;3002.5755;1851.7543;3025.8794;1848.1957;3023.9664;1851.1791;3026.2649;1854.0114;3026.4308;1854.3625;3027.1887;1852.8651
5733080.0;3059.4838;1841.0007;3019.1479;1855.057;3028.4257;1849.1478;3027.0542;1847.9915;3002.6824;1851.7755;3026.8764;1846.0352;3025.2764;1848.8215;3028.164;1851.8175;3028.111;1852.1118;3028.7941;1850.528
5733100.0;3060.0918;1839.1943;3020.5322;1853.6533;3029.5625;1846.6192;3028.1403;1845.5907;3002.7733;1851.7926;3027.7242;1843.749;3026.3825;1846.3572;3029.8643;1849.4451;3029.5857;1849.7449;3030.1785;1848.0385
5733120.0;3060.5391;1837.302;3021.7925;1852.1051;3030.4491;1843.93;3028.9836;1843.0644;3002.8416;1851.8013;3028.4171;1841.3441;3027.2795;1843.795;3031.3407;1846.8998;3030.8076;1847.2619;3031.3065;1845.4012
5733140.0;3060.8021;1835.288;3022.8821;1850.4225;3031.0815;1841.1119;3029.5795;1840.426;3002.8912;1851.7969;3028.9435;1838.8346;3027.9677;1841.1467;3032.5722;1844.1884;3031.7248;1844.654;3032.1418;1842.6215
5733160.0;3060.8593;1833.1346;3023.7392;1848.6085;3031.4607;1838.203;3029.9275;1837.692;3002.9317;1851.7766;3029.2871;1836.2416;3028.451;1838.431;3033.5401;1841.3254;3032.289;1841.9121;3032.6504;1839.7083
5733180.0;3060.701;1830.85;3024.309;1846.6592;3031.5894;1835.2428;3030.0309;1834.8864;3002.9723;1851.7403;3029.4323;1833.5932;3028.7303;1835.6697;3034.2284;1838.3368;3032.4709;1839.0386;3032.8175;1836.6803
5733200.0;3060.3252;1828.4582;3024.5638;1844.5723;3031.472;1832.2677;3029.9005;1832.0411;3003.0174;1851.6912;3029.3655;1830.9219;3028.801;1832.8862;3034.6244;1835.2544;3032.2751;1836.06;3032.6616;1833.5758
5733220.0;3059.7316;1825.9831;3024.5106;1842.3578;3031.115;1829.3073;3029.5521;1829.1892;3003.0663;1851.6336;3029.0791;1828.261;3028.6518;1830.1049;3034.7213;1832.1092;3031.7424;1833.0242;3032.2299;1830.4497
5733240.0;3058.9308;1823.4425;3024.1828;1840.043;3030.5285;1826.3844;3029.0041;1826.3574;3003.115;1851.5708;3028.5734;1825.6391;3028.2712;1827.3524;3034.5195;1828.9291;3030.9328;1829.9854;3031.5718;1827.3544
5733260.0;3057.9627;1820.8539;3023.6205;1837.6682;3029.7264;1823.5157;3028.271;1823.5634;3003.1595;1851.5061;3027.8582;1823.0787;3027.6557;1824.6553;3034.0263;1825.7421;3029.9038;1826.9841;3030.717;1824.3213
5733280.0;3056.8998;1818.2435;3022.8536;1835.2724;3028.7262;1820.7147;3027.3639;1820.8195;3003.1961;1851.4466;3026.9479;1820.5996;3026.8161;1822.0365;3033.2528;1822.5799;3028.6969;1824.0407;3029.6736;1821.3611
5733300.0;3055.821;1815.6467;3021.8942;1832.8812;3027.5486;1817.9922;3026.2911;1818.1378;3003.2203;1851.4012;3025.8576;1818.2222;3025.7725;1819.5123;3032.2134;1819.4754;3027.3377;1821.1636;3028.4395;1818.4764
5733320.0;3054.7715;1813.0929;3020.7452;1830.5057;3026.2166;1815.3564;3025.0611;1815.5327;3003.2291;1851.3746;3024.6006;1815.9661;3024.5465;1817.093;3030.9233;1816.4591;3025.8402;1818.3624;3027.0175;1815.6718
5733340.0;3053.7503;1810.5957;3019.4097;1828.1549;3024.7516;1812.8135;3023.6804;1813.0224;3003.2254;1851.3597;3023.1898;1813.8446;3023.1546;1814.7825;3029.3986;1813.5572;3024.2127;1815.6539;3025.4184;1812.9514
5733360.0;3052.7285;1808.155;3017.899;1825.8489;3023.168;1810.3709;3022.1542;1810.6276;3003.2196;1851.3403;3021.6377;1811.8589;3021.6106;1812.5818;3027.656;1810.7962;3022.4591;1813.0563;3023.6584;1810.3155
5733380.0;3051.6732;1805.7763;3016.2279;1823.6235;3021.4687;1808.0407;3020.4846;1808.3714;3003.2247;1851.3026;3019.9561;1809.998;3019.9283;1810.4952;3025.7137;1808.205;3020.5826;1810.5824;3021.7502;1807.7671
5733400.0;3050.558;1803.4871;3014.4097;1821.524;3019.6439;1805.8436;3018.6734;1806.2764;3003.2479;1851.2446;3018.1548;1808.246;3018.1207;1808.5372;3023.5906;1805.8155;3018.5862;1808.2355;3019.6995;1805.3267
5733420.0;3049.3535;1801.3485;3012.4529;1819.593;3017.6768;1803.811;3016.7217;1804.3687;3003.286;1851.1751;3016.2422;1806.5922;3016.1924;1806.7332;3021.3063;1803.6592;3016.474;1806.0076;3017.5063;1803.0424
5733440.0;3048.012;1799.4486;3010.3682;1817.8599;3015.5523;1801.9835;3014.6311;1802.6824;3003.328;1851.1004;3014.2244;1805.0424;3014.1372;1805.1112;3018.878;1801.7687;3014.2515;1803.882;3015.1694;1800.9845
5733460.0;3046.4665;1797.8856;3008.1745;1816.34;3013.2628;1800.4059;3012.4064;1801.264;3003.3622;1851.0159;3012.1055;1803.6221;3011.9432;1803.7021;3016.3213;1800.1765;3011.9314;1801.8357;3012.6876;1799.2267
5733480.0;3044.6488;1796.7394;3005.8994;1815.0391;3010.8112;1799.119;3010.0591;1800.1624;3003.3804;1850.9139;3009.8886;1802.3764;3009.605;1802.5455;3013.6519;1798.9133;3009.5331;1799.8655;3010.062;1797.8257
5733500.0;3042.5257;1796.0479;3003.5716;1813.9615;3008.2105;1798.1535;3007.6091;1799.4123;3003.3812;1850.7985;3007.5799;1801.3591;3007.1332;1801.693;3010.8896;1798.003;3007.0661;1798.0274;3007.3022;1796.8078
5733520.0;3040.1223;1795.7989;3001.2158;1813.1118;3005.4863;1797.5246;3005.083;1799.0178;3003.3687;1850.6909;3005.1936;1800.6227;3004.5596;1801.1922;3008.06;1797.4601;3004.5202;1796.4541;3004.432;1796.1666
5733540.0;3037.5086;1795.9468;2998.8541;1812.4976;3002.6769;1797.2313;3002.5105;1798.9549;3003.3516;1850.6153;3002.7531;1800.2087;3001.9324;1801.0624;3005.1919;1797.2866;3001.8832;1795.321;3001.4867;1795.8775
5733560.0;3034.7691;1796.436;2996.5117;1812.1315;2999.8313;1797.2649;2999.9224;1799.1852;3003.3399;1850.5824;3000.2899;1800.1427;2999.3078;1801.2873;3002.3135;1797.47;2999.1797;1794.7684;2998.5078;1795.9201
5733580.0;3031.966;1797.2267;2994.217;1812.0376;2997.0;1797.6183;2997.3496;1799.6726;3003.3408;1850.5855;2997.8421;1800.4313;2996.738;1801.8299;2999.4496;1797.9813;2996.4758;1794.8466;2995.5393;1796.2931
5733600.0;3029.131;1798.3034;2991.997;1812.254;2994.2305;1798.2871;2994.8233;1800.3904;3003.3549;1850.6085;2995.4567;1801.0621;2994.2638;1802.6503;2996.6242;1798.7809;2993.8336;1795.519;2992.6259;1797.0072
5733620.0;3026.2825;1799.6605;2989.8709;1812.821;2991.5652;1799.2597;2992.3743;1801.3227;3003.3758;1850.6315;2993.1875;1802.007;2991.9131;1803.7101;2993.8612;1799.8252;2991.2691;1796.6921;2989.8084;1798.0615
5733640.0;3023.4602;1801.2707;2987.8479;1813.7514;2989.0397;1800.5112;2990.0318;1802.4581;3003.3916;1850.6381;2991.0877;1803.2323;2989.7017;1804.9754;2991.1838;1801.0761;2988.7667;1798.2446;2987.1196;1799.4241
5733660.0;3020.7391;1803.0669;2985.9288;1815.007;2986.6841;1802.0084;2987.8241;1803.7856;3003.3872;1850.6211;2989.199;1804.7059;2987.637;1806.4206;2988.6124;1802.5036;2986.324;1800.0559;2984.5826;1801.0399
5733680.0;3018.1995;1804.9709;2984.1124;1816.5015;2984.5215;1803.7207;2985.7794;1805.2895;3003.3503;1850.5827;2987.543;1806.3985;2985.7192;1808.0278;2986.1661;1804.0883;2983.9743;1802.0396;2982.2138;1802.8535
5733700.0;3015.8769;1806.9497;2982.4014;1818.1396;2982.5697;1805.6196;2983.9249;1806.9519;3003.2783;1850.5303;2986.1194;1808.2766;2983.9475;1809.7789;2983.8648;1805.818;2981.7662;1804.1555;2980.0229;1804.8255
5733720.0;3013.7539;1809.028;2980.8065;1819.8549;2980.84;1807.6706;2982.2822;1808.7529;3003.1817;1850.4728;2984.9118;1810.2979;2982.3224;1811.6448;2981.7306;1807.6862;2979.7334;1806.3915;2978.0135;1806.9305
5733740.0;3011.8006;1811.2363;2979.3427;1821.6186;2979.3361;1809.8319;2980.8638;1810.6715;3003.075;1850.4256;2983.8979;1812.4114;2980.8499;1813.5897;2979.7867;1809.6869;2977.8834;1808.7261;2976.1898;1809.1483
5733760.0;3010.0166;1813.548;2978.0251;1823.4217;2978.0533;1812.0626;2979.6717;1812.6843;3002.9671;1850.4109;2983.0624;1814.5659;2979.5403;1815.5848;2978.056;1811.8117;2976.2116;1811.1192;2974.5614;1811.4581
5733780.0;3008.4241;1815.881;2976.8655;1825.2583;2976.9797;1814.3344;2978.7019;1814.7689;3002.8614;1850.4433;2982.401;1816.7171;2978.404;1817.6151;2976.5563;1814.0465;2974.7151;1813.5291;2973.1418;1813.8395
5733800.0;3007.0346;1818.1567;2975.8714;1827.1188;2976.0962;1816.6341;2977.9456;1816.9043;3002.764;1850.5175;2981.9159;1818.8317;2977.4444;1819.6755;2975.2946;1816.3723;2973.4016;1815.93;2971.9403;1816.2704
5733820.0;3005.8328;1820.3517;2975.0431;1828.9907;2975.3791;1818.9566;2977.3894;1819.0718;3002.6844;1850.6149;2981.605;1820.887;2976.6576;1821.7598;2974.2638;1818.766;2972.2843;1818.3157;2970.9565;1818.7259
5733840.0;3004.7991;1822.4851;2974.3752;1830.8632;2974.8077;1821.2968;2977.0146;1821.2507;3002.6277;1850.7186;2981.4566;1822.8714;2976.0362;1823.8574;2973.4469;1821.2024;2971.3754;1820.6875;2970.1816;1821.1816
5733860.0;3003.9279;1824.5815;2973.8597;1832.7305;2974.3716;1823.6409;2976.8015;1823.4181;3002.5862;1850.8218;2981.4505;1824.7845;2975.5752;1825.9527;2972.8227;1823.6553;2970.679;1823.0452;2969.603;1823.6195
5733880.0;3003.2278;1826.6477;2973.4914;1834.5938;2974.0758;1825.9663;2976.7346;1825.5514;3002.543;1850.9254;2981.5651;1826.6356;2975.2766;1828.0303;2972.3727;1826.099;2970.1914;1825.3844;2969.2082;1826.028
5733900.0;3002.7064;1828.6762;2973.2699;1836.4591;2973.9343;1828.2452;2976.8061;1827.6332;3002.4836;1851.0306;2981.7811;1828.439;2975.1467;1830.0784;2972.0843;1828.5105;2969.904;1827.6972;2968.9914;1828.396
5733920.0;3002.3647;1830.6592;2973.1979;1838.3313;2973.9584;1830.4533;2977.0117;1829.6529;3002.403;1851.1391;2982.0853;1830.2054;2975.1901;1832.0919;2971.9563;1830.8723;2969.8119;1829.9713;2968.9595;1830.7075
5733940.0;3002.1995;1832.5894;2973.2779;1840.2112;2974.149;1832.5773;2977.3467;1831.6056;3002.3046;1851.2531;2982.4723;1831.9335;2975.4022;1834.0694;2971.9972;1833.1725;2969.9166;1832.1893;2969.1277;1832.9419
5733960.0;3002.202;1834.4599;2973.5109;1842.0921;2974.4962;1834.6175;2977.8036;1833.4888;3002.1965;1851.37;2982.9476;1833.607;2975.7698;1836.0054;2972.2202;1835.4017;2970.2227;1834.331;2969.5105;1835.0809
5733980.0;3002.3575;1836.2641;2973.8939;1843.9591;2974.9883;1836.5815;2978.375;1835.3007;3002.0902;1851.4768;2983.5256;1835.2014;2976.2783;1837.8865;2972.6325;1837.5496;2970.7309;1836.3812;2970.112;1837.1161
5734000.0;3002.6466;1837.9977;2974.4192;1845.7911;2975.6159;1838.4756;2979.0573;1837.0381;3002.0;1851.5522;2984.2243;1836.6965;2976.916;1839.695;2973.2308;1839.6044;2971.4358;1838.3332;2970.9208;1839.0544
5734020.0;3003.0623;1839.6557;2975.0739;1847.5672;2976.3739;1840.299;2979.8526;1838.6959;3001.9359;1851.5805;2985.0567;1838.0872;2977.6712;1841.4178;2974.0028;1841.5554;2972.3272;1840.1873;2971.9121;1840.9126
5734040.0;3003.6229;1841.2293;2975.8429;1849.2715;2977.2577;1842.0435;2980.7656;1840.2686;3001.8972;1851.5667;2986.0257;1839.384;2978.5291;1843.0518;2974.9338;1843.3968;2973.3926;1841.9442;2973.0524;1842.7013
5734060.0;3004.3605;1842.7082;2976.7145;1850.8951;2978.2651;1843.6974;2981.7996;1841.7538;3001.8725;1851.5329;2987.1238;1840.6069;2979.4733;1844.6039;2976.0105;1845.1295;2974.6187;1843.6023;2974.3107;1844.4113
5734080.0;3005.2864;1844.091;2977.6886;1852.4329;2979.4;1845.2463;2982.9527;1843.1555;3001.8505;1851.5014;2988.3354;1841.7768;2980.4899;1846.0874;2977.2214;1846.7581;2975.9935;1845.1598;2975.6677;1846.0179
5734100.0;3006.3674;1845.3916;2978.7785;1853.8777;2980.6729;1846.6751;2984.2186;1844.483;3001.8305;1851.4817;2989.6405;1842.9087;2981.5732;1847.5165;2978.5546;1848.2879;2977.5047;1846.6206;2977.1167;1847.4998
5734120.0;3007.5397;1846.6338;2980.0049;1855.2167;2982.0949;1847.9736;2985.5868;1845.7498;3001.8223;1851.4709;2991.0178;1844.0098;2982.7261;1848.8993;2979.9995;1849.7205;2979.1387;1847.9941;2978.6566;1848.8533
5734140.0;3008.7467;1847.8397;2981.3833;1856.4368;2983.6697;1849.1419;2987.0414;1846.9722;3001.8384;1851.4606;2992.4473;1845.08;2983.9584;1850.2332;2981.547;1851.0534;2980.8789;1849.293;2980.2852;1850.0898
5734160.0;3009.9633;1849.0227;2982.9144;1857.5337;2985.3902;1850.1929;2988.5591;1848.1682;3001.8868;1851.4407;2993.912;1846.1164;2985.2824;1851.5057;2983.1921;1852.2806;2982.7085;1850.5262;2981.9983;1851.2258
5734180.0;3011.1902;1850.1885;2984.5819;1858.5176;2987.2385;1851.1479;2990.1138;1849.3511;3001.9676;1851.4;2995.3979;1847.1182;2986.7074;1852.7021;2984.9318;1853.3961;2984.6135;1851.6958;2983.7917;1852.2794
5734200.0;3012.4413;1851.3349;2986.3605;1859.4069;2989.1914;1852.0294;2991.6841;1850.5236;3002.0742;1851.3305;2996.8948;1848.0898;2988.2395;1853.8135;2986.7637;1854.3996;2986.5847;1852.7974;2985.6622;1853.2713
5734220.0;3013.7401;1852.4472;2988.2261;1860.2161;2991.2243;1852.8567;2993.2613;1851.6759;3002.1936;1851.2342;2998.3949;1849.0412;2989.8822;1854.8396;2988.684;1855.3028;2988.6151;1853.8262;2987.6046;1854.2237
5734240.0;3015.1121;1853.5025;2990.162;1860.9501;2993.3148;1853.6462;2994.85;1852.7921;3002.3101;1851.1256;2999.8919;1849.9861;2991.6353;1855.786;2990.6852;1856.1312;2990.698;1854.7843;2989.6094;1855.1541
5734260.0;3016.5717;1854.4836;2992.158;1861.6088;2995.4448;1854.4116;2996.4621;1853.8587;3002.4132;1851.0253;3001.3782;1850.9392;2993.492;1856.6599;2992.755;1856.9172;2992.8254;1855.6839;2991.6642;1856.0706
5734280.0;3018.1035;1855.3983;2994.204;1862.196;2997.6001;1855.1641;2998.1087;1854.8696;3002.5011;1850.95;3002.845;1851.9137;2995.4369;1857.4702;2994.8766;1857.6855;2994.9901;1856.5401;2993.7591;1856.9728
5734300.0;3019.6651;1856.2836;2996.2851;1862.7252;2999.7694;1855.911;2999.7974;1855.826;3002.5689;1850.9109;3004.2826;1852.9175;2997.4478;1858.2304;2997.0306;1858.4437;2997.1889;1857.3609;2995.8918;1857.8552
5734320.0;3021.2113;1857.1884;2998.3837;1863.2144;3001.943;1856.6569;3001.5318;1856.7319;3002.5994;1850.918;3005.6841;1853.9522;2999.5019;1858.9607;2999.1993;1859.1861;2999.4246;1858.1399;2998.0652;1858.7138
5734340.0;3022.7215;1858.1451;3000.484;1863.6793;3004.1122;1857.4065;3003.3127;1857.5907;3002.5694;1850.9793;3007.0492;1855.0117;3001.5803;1859.6854;3001.3702;1859.9049;3001.7021;1858.8622;3000.2806;1859.5489
5734360.0;3024.2053;1859.1529;3002.577;1864.1301;3006.2701;1858.1655;3005.1388;1858.4047;3002.4731;1851.0902;3008.3873;1856.083;3003.6681;1860.4265;3003.5383;1860.6007;3004.0213;1859.5189;3002.5318;1860.3659
5734380.0;3025.6918;1860.1799;3004.6606;1864.5755;3008.4123;1858.9397;3007.0074;1859.1768;3002.337;1851.227;3009.7167;1857.151;3005.7527;1861.1988;3005.7034;1861.2835;3006.371;1860.1232;3004.8068;1861.1705
5734400.0;3027.2103;1861.185;3006.7369;1865.0273;3010.5363;1859.731;3008.9142;1859.9144;3002.2042;1851.3596;3011.0613;1858.2056;3007.8235;1862.0085;3007.866;1861.9702;3008.7314;1860.7107;3007.0912;1861.968
5734420.0;3028.7731;1862.1452;3008.8086;1865.5012;3012.6403;1860.5364;3010.8526;1860.631;3002.104;1851.4703;3012.4415;1859.2494;3009.872;1862.8562;3010.024;1862.6805;3011.0824;1861.3248;3009.3712;1862.7663
5734440.0;3030.3637;1863.0715;3010.8769;1866.0101;3014.7219;1861.3511;3012.8146;1861.3437;3002.0361;1851.5597;3013.8657;1860.2989;3011.8927;1863.7403;3012.1731;1863.4346;3013.4079;1862.0034;3011.6326;1863.5817
5734460.0;3031.9389;1864.0;3012.9405;1866.5571;3016.78;1862.1771;3014.7927;1862.0708;3001.9824;1851.6354;3015.326;1861.3774;3013.8824;1864.6621;3014.3084;1864.2513;3015.6921;1862.7769;3013.8603;1864.4396
5734480.0;3033.4483;1864.9673;3014.9962;1867.1347;3018.8141;1863.029;3016.78;1862.8304;3001.9273;1851.7004;3016.8017;1862.5073;3015.8372;1865.6297;3016.423;1865.1464;3017.9147;1863.6741;3016.0397;1865.3699
5734500.0;3034.8627;1865.9884;3017.0397;1867.7304;3020.822;1863.934;3018.7637;1863.6453;3001.8697;1851.752;3018.2687;1863.7063;3017.7504;1866.6583;3018.5056;1866.1321;3020.0524;1864.7193;3018.1566;1866.3992
5734520.0;3036.1861;1867.0571;3019.0669;1868.337;3022.7943;1864.9228;3020.7197;1864.5468;3001.8203;1851.7872;3019.7062;1864.9885;3019.61;1867.7672;3020.5398;1867.218;3022.0873;1865.9221;3020.1988;1867.5465
5734540.0;3037.4458;1868.1593;3021.0732;1868.9581;3024.7116;1866.0206;3022.612;1865.5717;3001.7902;1851.8076;3021.0991;1866.3623;3021.3987;1868.9728;3022.5072;1868.4112;3024.0132;1867.2712;3022.1575;1868.8221
5734560.0;3038.6712;1869.2861;3023.0462;1869.6111;3026.5446;1867.2426;3024.3988;1866.7544;3001.7834;1851.8181;3022.4358;1867.8284;3023.0966;1870.2837;3024.3925;1869.7138;3025.8344;1868.7421;3024.0258;1870.2288
5734580.0;3039.8785;1870.436;3024.9594;1870.3258;3028.2608;1868.5962;3026.0392;1868.1183;3001.7952;1851.8249;3023.7057;1869.3787;3024.6859;1871.7001;3026.185;1871.1208;3027.561;1870.3105;3025.7936;1871.7634
5734600.0;3041.0686;1871.6144;3026.7571;1871.1504;3029.8311;1870.0832;3027.5012;1869.6721;3001.8181;1851.8344;3024.8971;1871.0008;3026.1541;1873.2167;3027.8745;1872.6219;3029.203;1871.9604;3027.4442;1873.4183
5734620.0;3042.234;1872.8336;3028.3409;1872.1573;3031.2343;1871.702;3028.7655;1871.4099;3001.8451;1851.8519;3025.998;1872.6835;3027.4935;1874.8253;3029.4498;1874.206;3030.7655;1873.6846;3028.9567;1875.1836
5734640.0;3043.3592;1874.1193;3029.5755;1873.4286;3032.4556;1873.4472;3029.8271;1873.3116;3001.8703;1851.8796;3026.9965;1874.419;3028.6954;1876.5171;3030.8969;1875.8675;3032.2431;1875.4792;3030.313;1877.0479
5734660.0;3044.4176;1875.5121;3030.3365;1875.0091;3033.4808;1875.309;3030.691;1875.3451;3001.8897;1851.9156;3027.8812;1876.2028;3029.7475;1878.2834;3032.2014;1877.6086;3033.6158;1877.3413;3031.5017;1878.9987
5734680.0;3045.3598;1877.0603;3030.5767;1876.8575;3034.2937;1877.2748;3031.3679;1877.4702;3001.9015;1851.9541;3028.6391;1878.0305;3030.6343;1880.1159;3033.3459;1879.4359;3034.8478;1879.2708;3032.5139;1881.0233
5734700.0;3046.1081;1878.8024;3030.3558;1878.8452;3034.8792;1879.3298;3031.8699;1879.6467;3001.9072;1851.991;3029.2554;1879.8957;3031.3406;1882.0046;3034.3098;1881.3524;3035.8929;1881.2712;3033.3366;1883.1092
5734720.0;3046.5637;1880.7435;3029.8075;1880.8183;3035.226;1881.4574;3032.2078;1881.8415;3001.9095;1852.0271;3029.714;1881.7875;3031.8528;1883.9347;3035.07;1883.351;3036.7021;1883.3463;3033.9512;1885.2426
5734740.0;3046.6355;1882.8415;3029.0775;1882.6707;3035.3262;1883.6348;3032.386;1884.03;3001.9102;1852.0659;3029.9997;1883.6896;3032.1594;1885.8865;3035.6048;1885.4125;3037.2338;1885.4927;3034.3387;1887.4062
5734760.0;3046.268;1885.0124;3028.2815;1884.3732;3035.1712;1885.8321;3032.4002;1886.1931;3001.9103;1852.108;3030.0964;1885.5809;3032.2502;1887.8398;3035.8974;1887.5113;3037.4585;1887.6929;3034.4871;1889.5818
5734780.0;3045.4471;1887.1556;3027.483;1885.9577;3034.7513;1888.0139;3032.2352;1888.314;3001.9103;1852.1493;3029.9876;1887.4392;3032.1186;1889.776;3035.9379;1889.6219;3037.359;1889.9164;3034.3951;1891.7536
5734800.0;3044.1799;1889.1826;3026.6826;1887.4845;3034.0572;1890.1451;3031.871;1890.3779;3001.9109;1852.1835;3029.6579;1889.2459;3031.7629;1891.6767;3035.723;1891.7201;3036.9276;1892.1275;3034.0686;1893.9079
5734820.0;3042.479;1891.034;3025.8322;1889.0078;3033.0847;1892.1942;3031.2892;1892.3704;3001.9172;1852.2093;3029.0989;1890.9876;3031.1853;1893.5197;3035.2538;1893.7815;3036.1667;1894.2921;3033.5112;1896.0253
5734840.0;3040.3751;1892.6741;3024.8669;1890.5523;3031.8389;1894.1308;3030.4797;1894.2746;3001.9425;1852.2254;3028.3098;1892.6516;3030.389;1895.2786;3034.5313;1895.7768;3035.09;1896.3789;3032.7184;1898.0762
5734860.0;3037.9375;1894.0752;3023.742;1892.1081;3030.3396;1895.9248;3029.4424;1896.0669;3002.024;1852.2333;3027.2954;1894.2186;3029.378;1896.9266;3033.5552;1897.6723;3033.7204;1898.3558;3031.6794;1900.0223
5734880.0;3035.2705;1895.2079;3022.4415;1893.6393;3028.6175;1897.5472;3028.1849;1897.7184;3002.2318;1852.2557;3026.0616;1895.6593;3028.1579;1898.4397;3032.3254;1899.4309;3032.0852;1900.1895;3030.386;1901.8246
5734900.0;3032.4866;1896.0447;3020.9672;1895.0971;3026.7056;1898.9733;3026.7186;1899.2013;3002.6643;1852.3788;3024.6152;1896.9363;3026.7388;1899.7977;3030.8481;1901.0178;3030.2129;1901.8505;3028.8409;1903.4495
5734920.0;3029.6746;1896.5728;3019.3259;1896.4296;3024.6312;1900.1831;3025.0577;1900.4964;3003.4182;1852.7856;3022.9681;1898.0123;3025.1324;1900.9825;3029.1368;1902.4035;3028.1319;1903.3164;3027.0605;1904.8701
5734940.0;3026.8885;1896.8043;3017.5278;1897.5916;3022.4152;1901.1595;3023.221;1901.5926;3004.5342;1853.712;3021.1418;1898.8569;3023.3519;1901.9765;3027.2133;1903.5657;3025.8699;1904.5697;3025.0705;1906.0645
5734960.0;3024.1531;1896.7758;3015.5868;1898.5549;3020.0756;1901.889;3021.2321;1902.4853;3005.9506;1855.3189;3019.1646;1899.449;3021.4116;1902.7601;3025.1037;1904.4878;3023.4524;1905.5954;3022.9003;1907.0159
5734980.0;3021.4793;1896.5405;3013.52;1899.3088;3017.6319;1902.3669;3019.1165;1903.1731;3007.4983;1857.5742;3017.0658;1899.7773;3019.3314;1903.3132;3022.8366;1905.1579;3020.9019;1906.3832;3020.5795;1907.7121
5735000.0;3018.8745;1896.1539;3011.3482;1899.8502;3015.1062;1902.6042;3016.8976;1903.6585;3008.9557;1860.2484;3014.8709;1899.8399;3017.1369;1903.617;3020.4412;1905.5694;3018.2408;1906.9299;3018.1369;1908.1439
5735020.0;3016.3449;1895.6617;3009.096;1900.1772;3012.5234;1902.623;3014.5948;1903.9465;3010.1337;1863.035;3012.6028;1899.6475;3014.857;1903.6591;3017.9459;1905.7234;3015.4933;1907.2393;3015.6003;1908.3029
5735040.0;3013.8881;1895.0897;3006.7927;1900.2908;3009.9105;1902.4435;3012.2241;1904.0429;3010.9217;1865.6769;3010.2861;1899.2231;3012.5193;1903.4362;3015.3763;1905.6282;3012.6861;1907.3153;3012.996;1908.1842
5735060.0;3011.4889;1894.4441;3004.4678;1900.1983;3007.2958;1902.0732;3009.7985;1903.951;3011.2724;1867.9995;3007.949;1898.5937;3010.1486;1902.9568;3012.7549;1905.2977;3009.8465;1907.1565;3010.3457;1907.7926
5735080.0;3009.1245;1893.7175;3002.1453;1899.9128;3004.7048;1901.5079;3007.3293;1903.6727;3011.177;1869.8803;3005.6199;1897.7783;3007.7673;1902.2398;3010.1006;1904.7456;3007.0011;1906.7542;3007.6657;1907.1484
5735100.0;3006.7753;1892.9033;2999.8397;1899.4486;3002.1558;1900.7407;3004.8282;1903.2077;3010.6716;1871.2382;3003.3229;1896.7828;3005.396;1901.3122;3007.4303;1903.9852;3004.1749;1906.0967;3004.9676;1906.2814
5735120.0;3004.4338;1892.0;2997.5564;1898.8172;2999.6571;1899.7696;3002.3073;1902.5561;3009.8357;1872.0458;3001.0743;1895.606;3003.0512;1900.2034;3004.76;1903.0293;3001.3877;1905.1793;3002.2619;1905.221
5735140.0;3002.1062;1891.0104;2995.2966;1898.0271;2997.2116;1898.6001;2999.7777;1901.7171;3008.7608;1872.3354;2998.8832;1894.2517;3000.7441;1898.9452;3002.1048;1901.8931;2998.6501;1904.0124;2999.5622;1903.9867
5735160.0;2999.8059;1889.9336;2993.0611;1897.0868;2994.822;1897.2461;2997.2488;1900.6892;3007.5018;1872.1735;2996.7555;1892.7331;2998.4819;1897.5681;2999.4792;1900.5919;2995.9645;1902.622;2996.8878;1902.5883
5735180.0;2997.5445;1888.7633;2990.8547;1896.0049;2992.4909;1895.7318;2994.7304;1899.4707;3006.0705;1871.6338;2994.697;1891.0712;2996.2693;1896.0937;2996.8958;1899.1396;2993.3295;1901.0404;2994.261;1901.0298
5735200.0;2995.3269;1887.4929;2988.69;1894.7854;2990.2182;1894.0838;2992.2355;1898.0646;3004.4688;1870.8;2992.7133;1889.2871;2994.11;1894.5233;2994.3643;1897.5463;2990.7452;1899.2974;2991.703;1899.3169
5735220.0;2993.153;1886.1202;2986.5877;1893.4226;2988.0013;1892.3217;2989.7788;1896.4811;3002.7192;1869.7771;2990.8062;1887.3985;2992.0045;1892.8412;2991.8912;1895.8196;2988.2149;1897.4169;2989.2303;1897.4584
5735240.0;2991.0246;1884.6463;2984.5703;1891.9014;2985.8375;1890.4549;2987.3724;1894.7382;3000.8723;1868.6809;2988.971;1885.4195;2989.9487;1891.0335;2989.4802;1893.9659;2985.7434;1895.4184;2986.8519;1895.4678
5735260.0;2988.949;1883.0719;2982.6505;1890.209;2983.7256;1888.4904;2985.0236;1892.8552;2998.9958;1867.6032;2987.1968;1883.3659;2987.934;1889.11;2987.1337;1891.9923;2983.3371;1893.3155;2984.5687;1893.3614
5735280.0;2986.9343;1881.3988;2980.8238;1888.345;2981.6642;1886.4412;2982.7356;1890.8483;2997.1528;1866.5803;2985.4707;1881.2585;2985.9501;1887.1038;2984.853;1889.9074;2981.0048;1891.1136;2982.3755;1891.1554
5735300.0;2984.9816;1879.6362;2979.0726;1886.3244;2979.6505;1884.3266;2980.5109;1888.7297;2995.3777;1865.5903;2983.7805;1879.1218;2983.9873;1885.0547;2982.6371;1887.7247;2978.7606;1888.8114;2980.2655;1888.8613
5735320.0;2983.0851;1877.7983;2977.3755;1884.1743;2977.6814;1882.1645;2978.3527;1886.5097;2993.6636;1864.576;2982.116;1876.9778;2982.0412;1882.9914;2980.4815;1885.4644;2976.6228;1886.4055;2978.2356;1886.485
5735340.0;2981.2406;1875.896;2975.7151;1881.9288;2975.7552;1879.9665;2976.2666;1884.1961;2991.972;1863.473;2980.4683;1874.8412;2980.1145;1880.9243;2978.3783;1883.1503;2974.6066;1883.8965;2976.2889;1884.0289
5735360.0;2979.4584;1873.9208;2974.0816;1879.6221;2973.8748;1877.7325;2974.2585;1881.7962;2990.2613;1862.2343;2978.8308;1872.7181;2978.2184;1878.8492;2976.3228;1880.8003;2972.715;1881.2941;2974.4328;1881.4973
5735380.0;2977.765;1871.843;2972.4773;1877.2778;2972.0516;1875.4465;2972.334;1879.3195;2988.5104;1860.8461;2977.201;1870.6073;2976.3695;1876.7544;2974.3169;1878.4184;2970.9352;1878.617;2972.674;1878.9001
5735400.0;2976.1933;1869.626;2970.9179;1874.9047;2970.3066;1873.0792;2970.4951;1876.7792;2986.728;1859.325;2975.5831;1868.5006;2974.5853;1874.6252;2972.3701;1875.9944;2969.2458;1875.8885;2971.0144;1876.2515
5735420.0;2974.7638;1867.2516;2969.4319;1872.497;2968.664;1870.6039;2968.7416;1874.1871;2984.9474;1857.6961;2973.993;1866.3818;2972.8777;1872.4464;2970.495;1873.5117;2967.6288;1873.1288;2969.4519;1873.5667
5735440.0;2973.4717;1864.7347;2968.0515;1870.0404;2967.1404;1868.0158;2967.0719;1871.548;2983.2087;1855.9692;2972.4611;1864.2284;2971.2535;1870.2023;2968.7043;1870.956;2966.0786;1870.3488;2967.9804;1870.8589
5735460.0;2972.2905;1862.1168;2966.8034;1867.5167;2965.7392;1865.3372;2965.488;1868.8577;2981.5418;1854.1398;2971.0302;1862.0162;2969.717;1867.8799;2967.0087;1868.3209;2964.6015;1867.5486;2966.595;1868.1396
5735480.0;2971.1915;1859.4433;2965.7045;1864.9075;2964.4571;1862.5976;2963.9979;1866.1082;2979.9541;1852.2083;2969.7439;1859.727;2968.2767;1865.4719;2965.4207;1865.6082;2963.2125;1864.7184;2965.2965;1865.4192
5735500.0;2970.1646;1856.7433;2964.7673;1862.2005;2963.2977;1859.812;2962.6171;1863.2943;2978.4321;1850.1929;2968.6349;1857.3546;2966.9492;1862.978;2963.9566;1862.8246;2961.932;1861.8424;2964.0977;1862.704
5735520.0;2969.2266;1854.0221;2964.0048;1859.3921;2962.2791;1856.9739;2961.3679;1860.4168;2976.9619;1848.1145;2967.719;1854.9039;2965.759;1860.4001;2962.6398;1859.9757;2960.7834;1858.9043;2963.0235;1859.9935
5735540.0;2968.4137;1851.2674;2963.4294;1856.4879;2961.4312;1854.0685;2960.2778;1857.48;2975.5509;1845.9683;2966.9989;1852.382;2964.7328;1857.7374;2961.5006;1857.0606;2959.7914;1855.8938;2962.1069;1857.2779
5735560.0;2967.7663;1848.4601;2963.0487;1853.5007;2960.7852;1851.0882;2959.3769;1854.4875;2974.2346;1843.7159;2966.4681;1849.7889;2963.8944;1854.9856;2960.573;1854.0718;2958.9787;1852.8111;2961.3795;1854.5366
5735580.0;2967.3193;1845.5879;2962.8663;1850.448;2960.3643;1848.041;2958.6938;1851.4416;2973.0575;1841.3095;2966.1134;1847.118;2963.2597;1852.1428;2959.8868;1851.0027;2958.3629;1849.6697;2960.8667;1851.7402
5735600.0;2967.0933;1842.6511;2962.8817;1847.3503;2960.1791;1844.9453;2958.2481;1848.3465;2972.0456;1838.7273;2965.917;1844.364;2962.8379;1849.2157;2959.4584;1847.8564;2957.9504;1846.4957;2960.5829;1848.8585
5735620.0;2967.0996;1839.659;2963.0907;1844.2283;2960.2267;1841.8231;2958.0448;1845.2122;2971.1963;1835.9913;2965.8641;1841.5337;2962.6332;1846.2201;2959.2855;1844.6492;2957.7365;1843.3214;2960.5301;1845.8744
5735640.0;2967.3472;1836.6183;2963.4849;1841.0999;2960.4917;1838.6939;2958.0723;1842.0544;2970.4938;1833.1547;2965.9498;1838.6481;2962.6474;1843.1754;2959.3484;1841.4061;2957.7098;1840.1715;2960.6979;1842.7932
5735660.0;2967.8404;1833.5306;2964.0558;1837.9815;2960.9505;1835.572;2958.3094;1838.889;2969.932;1830.2806;2966.1828;1835.7376;2962.8802;1840.1;2959.6193;1838.1537;2957.8622;1837.052;2961.0695;1839.6405
5735680.0;2968.5649;1830.4031;2964.7992;1834.8908;2961.5779;1832.4661;2958.7328;1835.7272;2969.5168;1827.4302;2966.5832;1832.8334;2963.3295;1837.0118;2960.0698;1834.9136;2958.1948;1833.9515;2961.6279;1836.4516
5735700.0;2969.4756;1827.264;2965.7154;1831.8478;2962.3534;1829.3803;2959.3255;1832.5763;2969.2699;1824.6648;2967.1765;1829.9622;2963.9893;1833.93;2960.6783;1831.6998;2958.7162;1830.8563;2962.3629;1833.263
5735720.0;2970.5104;1824.1618;2966.804;1828.8738;2963.2647;1826.3198;2960.08;1829.446;2969.2432;1822.0482;2967.986;1827.1488;2964.85;1830.8755;2961.4334;1828.5172;2959.4381;1827.7645;2963.2731;1830.1107
5735740.0;2971.618;1821.1475;2968.0606;1825.9888;2964.3121;1823.298;2961.0002;1826.3539;2969.5306;1819.6411;2969.0251;1824.4184;2965.8988;1827.8698;2962.3357;1825.3684;2960.3723;1824.6912;2964.3652;1827.0296
5735760.0;2972.767;1818.2583;2969.4768;1823.208;2965.5094;1820.341;2962.0977;1823.3284;2970.237;1817.4832;2970.2917;1821.7979;2967.1233;1824.9342;2963.3969;1822.2634;2961.5296;1821.6641;2965.6471;1824.048
5735780.0;2973.9407;1815.5139;2971.0448;1820.5433;2966.8779;1817.4854;2963.3868;1820.4065;2971.4091;1815.5737;2971.7686;1819.3093;2968.5132;1822.0905;2964.6366;1819.2272;2962.9177;1818.718;2967.1215;1821.1822
5735800.0;2975.1353;1812.9209;2972.7584;1818.0068;2968.4346;1814.7721;2964.8767;1817.6256;2972.9919;1813.8673;2973.4296;1816.9682;2970.0617;1819.36;2966.0731;1816.2951;2964.5386;1815.8897;2968.7801;1818.4377
5735820.0;2976.3667;1810.4808;2974.6135;1815.6177;2970.1839;1812.2379;2966.5676;1815.0159;2974.8579;1812.2943;2975.2467;1814.7853;2971.7628;1816.7625;2967.7163;1813.5027;2966.3864;1813.215;2970.6054;1815.8222
5735840.0;2977.6698;1808.1955;2976.605;1813.4026;2972.1178;1809.9098;2968.4502;1812.5948;2976.876;1810.7906;2977.1945;1812.7729;2973.6097;1814.3158;2969.5635;1810.8768;2968.4492;1810.7266;2972.5753;1813.3547
5735860.0;2979.0922;1806.0756;2978.7264;1811.3928;2974.223;1807.8018;2970.5081;1810.371;2978.9576;1809.3176;2979.2504;1810.9463;2975.5925;1812.0373;2971.603;1808.4382;2970.7116;1808.4549;2974.668;1811.0645
5735880.0;2980.6702;1804.144;2980.968;1809.6152;2976.4869;1805.9175;2972.7207;1808.352;2981.0603;1807.8624;2981.3952;1809.3231;2977.6988;1809.9459;2973.8197;1806.2086;2973.1521;1806.4256;2976.8644;1808.9797
5735900.0;2982.422;1802.4353;2983.3172;1808.0918;2978.8972;1804.2589;2975.0651;1806.5526;2983.17;1806.4397;2983.6143;1807.9195;2979.9136;1808.0625;2976.196;1804.217;2975.7402;1804.6591;2979.1505;1807.1231
5735920.0;2984.3539;1800.9907;2985.7568;1806.8433;2981.4371;1802.8386;2977.5161;1804.9953;2985.2848;1805.0949;2985.8973;1806.7476;2982.2208;1806.4101;2978.7087;1802.4957;2978.4385;1803.1722;2981.5155;1805.5135
5735940.0;2986.4704;1799.8417;2988.2643;1805.8924;2984.0823;1801.6821;2980.0465;1803.7097;2987.4116;1803.9118;2988.2349;1805.8199;2984.6022;1805.0117;2981.3281;1801.0752;2981.2104;1801.9837;2983.9498;1804.1731
5735960.0;2988.7732;1798.996;2990.8093;1805.258;2986.8036;1800.8211;2982.6273;1802.7275;2989.5667;1803.0041;2990.6145;1805.1517;2987.0383;1803.889;2984.0213;1799.9752;2984.0264;1801.1145;2986.4416;1803.1258
5735980.0;2991.244;1798.4267;2993.3548;1804.9453;2989.5702;1800.2809;2985.2302;1802.0795;2991.7682;1802.4837;2993.0161;1804.761;2989.5081;1803.0591;2986.7578;1799.2038;2986.8635;1800.5832;2988.9762;1802.3921
5736000.0;2993.8409;1798.0751;2995.8595;1804.9411;2992.3498;1800.0734;2987.8278;1801.7866;2994.0375;1802.4215;2995.413;1804.6581;2991.9897;1802.5342;2989.5111;1798.7583;2989.7012;1800.395;2991.5357;1801.9828
5736020.0;2996.5224;1797.8657;2998.2864;1805.2197;2995.1062;1800.1947;2990.392;1801.851;2996.3963;1802.823;2997.7755;1804.8361;2994.4586;1802.3187;2992.2561;1798.631;2992.5196;1800.5349;2994.0976;1801.897
5736040.0;2999.2663;1797.7278;3000.6066;1805.7487;2997.8018;1800.6239;2992.8943;1802.2506;2998.8536;1803.6376;3000.076;1805.271;2996.8857;1802.4085;2994.9667;1798.807;2995.3;1800.9671;2996.6337;1802.1241
5736060.0;3002.0636;1797.6234;3002.8007;1806.4941;3000.4042;1801.3241;2995.308;1802.9458;3001.3697;1804.7882;3002.2913;1805.9315;2999.239;1802.7904;2997.618;1799.2611;2998.0238;1801.6468;2999.1121;1802.6466
5736080.0;3004.8862;1797.5696;3004.8539;1807.4257;3002.8902;1802.2527;2997.612;1803.8906;3003.8247;1806.1965;3004.4039;1806.79;3001.4892;1803.4442;3000.1891;1799.9551;3000.6713;1802.5373;3001.5019;1803.4417
5736100.0;3007.6599;1797.6342;3006.752;1808.5253;3005.2451;1803.375;2999.7925;1805.0434;3006.0457;1807.7978;3006.3997;1807.826;3003.6143;1804.343;3002.6655;1800.8462;3003.22;1803.6198;3003.7762;1804.4844
5736120.0;3010.2749;1797.889;3008.4839;1809.7821;3007.4599;1804.6706;3001.8438;1806.3694;3007.8928;1809.5502;3008.2672;1809.0247;3005.6019;1805.4557;3005.0385;1801.8948;3005.6454;1804.8861;3005.9142;1805.7467
5736140.0;3012.6454;1798.357;3010.0485;1811.1845;3009.5276;1806.126;3003.767;1807.841;3009.3292;1811.4349;3009.9964;1810.3711;3007.4483;1806.7469;3007.3037;1803.0706;3007.9238;1806.325;3007.9018;1807.1977
5736160.0;3014.7641;1798.9823;3011.4593;1812.7127;3011.441;1807.7265;3005.569;1809.4352;3010.4194;1813.4339;3011.5816;1811.8454;3009.1587;1808.1818;3009.4597;1804.3508;3010.0387;1807.9127;3009.734;1808.8023
5736180.0;3016.7048;1799.6536;3012.7391;1814.3427;3013.1907;1809.4543;3007.2579;1811.1334;3011.2799;1815.5142;3013.0221;1813.4244;3010.7454;1809.7293;3011.5062;1805.7214;3011.9854;1809.6198;3011.4169;1810.5266
5736200.0;3018.5656;1800.2698;3013.9098;1816.0532;3014.7678;1811.2938;3008.8396;1812.9188;3012.0234;1817.6311;3014.3225;1815.086;3012.223;1811.3671;3013.4431;1807.1762;3013.7691;1811.4186;3012.9633;1812.3428
5736220.0;3020.4094;1800.7895;3014.9819;1817.8296;3016.17;1813.2313;3010.3141;1814.7763;3012.7213;1819.7545;3015.4875;1816.8147;3013.6055;1813.0797;3015.2697;1808.7153;3015.398;1813.2877;3014.3839;1814.2333
5736240.0;3022.2505;1801.2358;3015.9546;1819.6649;3017.4043;1815.2554;3011.6779;1816.6931;3013.4008;1821.8843;3016.5193;1818.6028;3014.9047;1814.8559;3016.9861;1810.3404;3016.877;1815.211;3015.6819;1816.1869
5736260.0;3024.0794;1801.6626;3016.8213;1821.5597;3018.4827;1817.3573;3012.9251;1818.6627;3014.0558;1824.0316;3017.4174;1820.4484;3016.1297;1816.6864;3018.5908;1812.0529;3018.2074;1817.1784;3016.8533;1818.1963
5736280.0;3025.8778;1802.1303;3017.5768;1823.5195;3019.4166;1819.5293;3014.051;1820.6848;3014.6742;1826.1954;3018.1821;1822.3501;3017.2823;1818.5669;3020.0808;1813.8515;3019.3895;1819.1863;3017.8921;1820.2564
5736300.0;3027.6207;1802.7018;3018.2227;1825.5442;3020.2152;1821.7628;3015.0515;1822.7622;3015.247;1828.3592;3018.8152;1824.302;3018.3542;1820.4983;3021.4493;1815.7336;3020.4253;1821.2371;3018.7947;1822.3636
5736320.0;3029.2647;1803.4518;3018.7672;1827.6205;3020.8886;1824.0443;3015.9231;1824.8952;3015.768;1830.506;3019.32;1826.2925;3019.3298;1822.4844;3022.6879;1817.6971;3021.3169;1823.3345;3019.5621;1824.5157
5736340.0;3030.7474;1804.4645;3019.2244;1829.7244;3021.4464;1826.3575;3016.6623;1827.0801;3016.2323;1832.629;3019.7001;1828.3076;3020.1927;1824.5269;3023.7857;1819.7429;3022.0653;1825.4831;3020.1986;1826.7085
5736360.0;3031.9954;1805.8223;3019.6122;1831.8339;3021.8941;1828.689;3017.2673;1829.3093;3016.6373;1834.7314;3019.9611;1830.336;3020.9311;1826.6241;3024.7319;1821.8737;3022.6706;1827.6879;3020.7113;1828.9334
5736380.0;3032.9471;1807.587;3019.9483;1833.943;3022.2316;1831.0321;3017.7419;1831.5726;3016.9829;1836.8204;3020.1135;1832.3715;3021.5399;1828.7721;3025.5189;1824.0885;3023.1353;1829.9517;3021.1103;1831.1765
5736400.0;3033.5711;1809.7886;3020.2473;1836.0603;3022.4607;1833.3862;3018.1003;1833.8566;3017.27;1838.9031;3020.1757;1834.4113;3022.0213;1830.9649;3026.1456;1826.3779;3023.4688;1832.271;3021.4093;1833.4209
5736420.0;3033.8702;1812.4286;3020.5202;1838.1955;3022.5952;1835.7529;3018.369;1836.1472;3017.5055;1840.9834;3020.1758;1836.4555;3022.3847;1833.1933;3026.6193;1828.7272;3023.6896;1834.6348;3021.6276;1835.6535
5736440.0;3033.8791;1815.4788;3020.7796;1840.348;3022.6677;1838.131;3018.5859;1838.4335;3017.7081;1843.0595;3020.1498;1838.5056;3022.6465;1835.4447;3026.9578;1831.1233;3023.8256;1837.0272;3021.7892;1837.8706
5736460.0;3033.6703;1818.8608;3021.0449;1842.5061;3022.7258;1840.513;3018.7951;1840.7116;3017.9092;1845.1271;3020.1365;1840.5654;3022.8304;1837.7067;3027.1911;1833.5591;3023.9128;1839.4293;3021.9224;1840.0789
5736480.0;3033.3637;1822.4251;3021.3444;1844.6547;3022.8222;1842.8869;3019.0404;1842.9834;3018.1451;1847.1838;3020.172;1842.6388;3022.969;1839.9713;3027.3602;1836.0305;3023.9947;1841.8185;3022.0581;1842.2873
5736500.0;3033.1053;1825.976;3021.7128;1846.7812;3023.0031;1845.2407;3019.3593;1845.2522;3018.4482;1849.2307;3020.2866;1844.7261;3023.1042;1842.235;3027.5121;1838.5305;3024.1158;1844.1708;3022.2297;1844.4974
5736520.0;3033.0133;1829.3485;3022.1841;1848.8752;3023.2998;1847.5648;3019.7783;1847.5194;3018.8415;1851.27;3020.5043;1846.8216;3023.2811;1844.4933;3027.6918;1841.0465;3024.3127;1846.4709;3022.4727;1846.7004
5736540.0;3033.1376;1832.4691;3022.7812;1850.9263;3023.7266;1849.8529;3020.3103;1849.7841;3019.3361;1853.3011;3020.8438;1848.9127;3023.5394;1846.7343;3027.9363;1843.5645;3024.6084;1848.7206;3022.8222;1848.8839
5736560.0;3033.4669;1835.3511;3023.5063;1852.9273;3024.2828;1852.1004;3020.9563;1852.0431;3019.9358;1855.3186;3021.3196;1850.9825;3023.9059;1848.9393;3028.2722;1846.0743;3025.017;1850.9372;3023.3053;1851.0401
5736580.0;3033.9667;1838.0411;3024.3418;1854.8771;3024.9556;1854.3072;3021.7095;1854.2881;3020.6395;1857.3125;3021.9414;1853.0144;3024.3922;1851.0894;3028.7145;1848.5693;3025.5486;1853.1383;3023.9318;1853.1677
5736600.0;3034.6043;1840.5803;3025.2623;1856.7818;3025.7253;1856.4783;3022.5605;1856.5056;3021.4456;1859.272;3022.7121;1854.9967;3024.9979;1853.173;3029.2681;1851.0409;3026.2098;1855.3296;3024.6911;1855.269
5736620.0;3035.3527;1842.996;3026.2489;1858.65;3026.5733;1858.6211;3023.4999;1858.6824;3022.3519;1861.1896;3023.6254;1856.9254;3025.7162;1855.1917;3029.9298;1853.4748;3026.9991;1857.5019;3025.5609;1857.3472
5736640.0;3036.1841;1845.3163;3027.2952;1860.4859;3027.4906;1860.7382;3024.5179;1860.8135;3023.3545;1863.064;3024.6661;1858.8023;3026.5394;1857.1593;3030.6928;1855.8532;3027.9033;1859.6389;3026.5192;1859.4056
5736660.0;3037.0712;1847.5734;3028.4039;1862.2852;3028.4805;1862.8228;3025.6052;1862.9043;3024.4463;1864.8988;3025.8132;1860.6315;3027.4613;1859.0951;3031.5513;1858.163;3028.9029;1861.7272;3027.5525;1861.4448
5736680.0;3037.9914;1849.7982;3029.5821;1864.0361;3029.553;1864.8601;3026.7521;1864.9657;3025.6189;1866.6977;3027.0439;1862.4163;3028.4775;1861.0142;3032.5009;1860.4017;3029.98;1863.7611;3028.6565;1863.4585
5736700.0;3038.9301;1852.0105;3030.8364;1865.7248;3030.7175;1866.8343;3027.9508;1867.0069;3026.864;1868.4615;3028.3373;1864.1604;3029.5843;1862.9178;3033.5376;1862.575;3031.1233;1865.7431;3029.8335;1865.4326
5736720.0;3039.881;1854.2173;3032.1718;1867.3411;3031.9769;1868.7365;3029.198;1869.0283;3028.1756;1870.1882;3029.6762;1865.8687;3030.7778;1864.7929;3034.6568;1864.6906;3032.3268;1867.68;3031.0889;1867.3495
5736740.0;3040.8437;1856.4182;3033.5892;1868.884;3033.3266;1870.5696;3030.4985;1871.0196;3029.5504;1871.8774;3031.0511;1867.5458;3032.0542;1866.6206;3035.8554;1866.7526;3033.5852;1869.5812;3032.429;1869.1962
5736760.0;3041.8227;1858.611;3035.0851;1870.36;3034.7564;1872.3465;3031.8631;1872.9633;3030.9859;1873.5336;3032.463;1869.1912;3033.4123;1868.3864;3037.1333;1868.7595;3034.8916;1871.4569;3033.8586;1870.9696
5736780.0;3042.8277;1860.7924;3036.656;1871.7781;3036.2539;1874.0818;3033.3042;1874.8409;3032.4791;1875.1638;3033.9247;1870.7949;3034.8533;1870.0842;3038.4913;1870.7053;3036.2405;1873.3163;3035.3804;1872.6731
5736800.0;3043.8751;1862.9557;3038.3018;1873.1413;3037.8124;1875.7795;3034.8303;1876.6395;3034.0276;1876.7719;3035.4572;1872.3367;3036.3808;1871.71;3039.931;1872.5807;3037.6322;1875.1615;3036.9957;1874.311
5736820.0;3044.9835;1865.0917;3040.0264;1874.4446;3039.4348;1877.4255;3036.4465;1878.3532;3035.6291;1878.3559;3037.082;1873.7913;3037.9977;1873.2555;3041.456;1874.3735;3039.0749;1876.9822;3038.7049;1875.8815
5736840.0;3046.1632;1867.1907;3041.835;1875.6765;3041.1327;1878.9909;3038.1551;1879.9821;3037.2801;1879.912;3038.8146;1875.1335;3039.7053;1874.7079;3043.0737;1876.0686;3040.5852;1878.7528;3040.5076;1877.3762
5736860.0;3047.4177;1869.2283;3043.7294;1876.8252;3042.9193;1880.4396;3039.9567;1881.5281;3038.973;1881.4402;3040.6612;1876.3438;3041.5024;1876.0552;3044.7913;1877.6499;3042.188;1880.4326;3042.4024;1878.7813
5736880.0;3048.7525;1871.1551;3045.7092;1877.8786;3044.803;1881.736;3041.8493;1882.9904;3040.6972;1882.9451;3042.6205;1877.4092;3043.3857;1877.2881;3046.611;1879.1018;3043.9101;1881.9723;3044.3861;1880.0832
5736900.0;3050.206;1872.8689;3047.7734;1878.8216;3046.7838;1882.8488;3043.8311;1884.3594;3042.4418;1884.4311;3044.6868;1878.323;3045.3515;1878.3987;3048.5278;1880.411;3045.7702;1883.3237;3046.4529;1881.2697
5736920.0;3051.8792;1874.1997;3049.92;1879.635;3048.8549;1883.7541;3045.903;1885.6149;3044.2004;1885.8969;3046.8507;1879.0846;3047.3969;1879.3773;3050.5329;1881.5653;3047.7681;1884.4517;3048.5939;1882.3287
5736940.0;3053.9165;1874.9469;3052.1433;1880.3001;3051.0074;1884.4408;3048.0689;1886.7276;3045.9725;1887.3343;3049.0974;1879.6992;3049.5201;1880.2114;3052.6171;1882.5514;3049.8855;1885.3393;3050.7993;1883.2453
5736960.0;3056.4179;1874.9916;3054.4312;1880.8063;3053.2334;1884.9109;3050.3321;1887.6666;3047.7648;1888.7235;3051.4092;1880.1734;3051.7184;1880.8847;3054.7718;1883.355;3052.0987;1885.9849;3053.0598;1884.0022
5736980.0;3059.3381;1874.4079;3056.7666;1881.1522;3055.526;1885.1735;3052.6911;1888.4045;3049.5899;1890.0336;3053.7672;1880.5105;3053.9859;1881.3812;3056.9896;1883.963;3054.3878;1886.3948;3055.3687;1884.5824
5737000.0;3062.4783;1873.4468;3059.1325;1881.337;3057.8774;1885.238;3055.1382;1888.9214;3051.4687;1891.2043;3056.1548;1880.707;3056.3125;1881.6901;3059.2625;1884.3664;3056.7373;1886.5805;3057.7205;1884.9709
5737020.0;3065.5993;1872.378;3061.5167;1881.3524;3060.2766;1885.1095;3057.6609;1889.2055;3053.432;1892.1323;3058.5568;1880.7572;3058.685;1881.8103;3061.5823;1884.5615;3059.1307;1886.5575;3060.1088;1885.1509
5737040.0;3068.5488;1871.3448;3063.9113;1881.1825;3062.7116;1884.7921;3060.244;1889.2554;3055.5125;1892.6882;3060.9601;1880.6548;3061.0883;1881.7482;3063.9391;1884.5476;3061.5517;1886.3416;3062.5244;1885.1046
5737060.0;3071.291;1870.3534;3066.3084;1880.8159;3065.1688;1884.2938;3062.8698;1889.0787;3057.7227;1892.7723;3063.3536;1880.3937;3063.5062;1881.5118;3066.3214;1884.3255;3063.9897;1885.942;3064.9566;1884.8181
5737080.0;3073.8517;1869.3561;3068.695;1880.2522;3067.6312;1883.6265;3065.5182;1888.6889;3060.0333;1892.3709;3065.7283;1879.9645;3065.9205;1881.1031;3068.7151;1883.8956;3066.4395;1885.357;3067.3953;1884.2913
5737100.0;3076.2612;1868.3136;3071.0528;1879.4995;3070.075;1882.7969;3068.1664;1888.0962;3062.3765;1891.5483;3068.0753;1879.3579;3068.3098;1880.5166;3071.1034;1883.2584;3068.8929;1884.5771;3069.8302;1883.5356
5737120.0;3078.5348;1867.2078;3073.361;1878.5609;3072.4705;1881.7975;3070.7918;1887.3047;3064.6795;1890.379;3070.3822;1878.5675;3070.6491;1879.7388;3073.4676;1882.4121;3071.3335;1883.5965;3072.2477;1882.5656
5737140.0;3080.6812;1866.0207;3075.5991;1877.4309;3074.7874;1880.6069;3073.3735;1886.3119;3066.896;1888.902;3072.6317;1877.5918;3072.9112;1878.753;3075.7881;1881.3522;3073.7398;1882.4193;3074.6276;1881.388
5737160.0;3082.7026;1864.734;3077.7478;1876.1012;3077.0003;1879.2025;3075.8927;1885.1148;3069.0129;1887.1403;3074.8008;1876.4284;3075.0699;1877.5431;3078.0442;1880.0729;3076.0904;1881.0563;3076.9443;1880.0013
5737180.0;3084.594;1863.3259;3079.7885;1874.5703;3079.0907;1877.5735;3078.3308;1883.7096;3071.0303;1885.139;3076.8648;1875.0711;3077.1044;1876.0998;3080.213;1878.5714;3078.3638;1879.5115;3079.1707;1878.403
5737200.0;3086.3457;1861.7762;3081.7016;1872.8449;3081.0443;1875.7238;3080.6667;1882.0925;3072.9376;1882.9609;3078.8002;1873.5127;3078.9993;1874.4234;3082.2673;1876.8484;3080.5331;1877.7755;3081.2835;1876.5985
5737220.0;3087.9459;1860.0708;3083.4644;1870.9319;3082.8472;1873.6645;3082.8774;1880.2607;3074.7047;1880.6454;3080.5881;1871.7531;3080.7422;1872.5248;3084.1766;1874.9068;3082.5669;1875.8342;3083.2618;1874.6005
5737240.0;3089.3804;1858.2044;3085.0501;1868.8326;3084.4833;1871.4101;3084.9406;1878.2176;3076.2947;1878.1803;3082.2134;1869.8026;3082.3182;1870.4214;3085.9093;1872.7482;3084.4363;1873.6861;3085.0851;1872.4237
5737260.0;3090.6324;1856.179;3086.4294;1866.5454;3085.9362;1868.9772;3086.8376;1875.9738;3077.6819;1875.5383;3083.6635;1867.6789;3083.7114;1868.1348;3087.438;1870.3762;3086.1195;1871.3481;3086.7311;1870.0783
5737280.0;3091.6839;1854.0007;3087.5781;1864.0752;3087.1903;1866.3865;3088.5553;1873.5461;3078.8599;1872.72;3084.9253;1865.3986;3084.9081;1865.6896;3088.7439;1867.8025;3087.5993;1868.8469;3088.1814;1867.5697
5737300.0;3092.5241;1851.68;3088.4843;1861.4418;3088.2322;1863.6585;3090.0831;1870.9521;3079.8277;1869.7591;3085.9869;1862.9751;3085.9023;1863.1145;3089.8192;1865.0534;3088.8592;1866.2066;3089.4278;1864.9047
5737320.0;3093.1612;1849.2312;3089.1498;1858.6776;3089.0522;1860.8127;3091.4101;1868.2069;3080.5759;1866.6909;3086.8367;1860.4237;3086.6929;1860.4392;3090.666;1862.1671;3089.8891;1863.4441;3090.4763;1862.0971
5737340.0;3093.621;1846.6706;3089.584;1855.8185;3089.6437;1857.8682;3092.5206;1865.3241;3081.0874;1863.5288;3087.4642;1857.7693;3087.2798;1857.6878;3091.2935;1859.1852;3090.6921;1860.573;3091.3397;1859.1699
5737360.0;3093.9269;1844.0165;3089.7954;1852.8952;3090.0023;1854.8458;3093.3955;1862.3201;3081.3553;1860.2797;3087.8586;1855.0452;3087.6582;1854.8734;3091.7106;1856.1408;3091.2824;1857.6061;3092.028;1856.1527
5737380.0;3094.0738;1841.2879;3089.7879;1849.9307;3090.1266;1851.7658;3094.0147;1859.2186;3081.3997;1856.9687;3088.0116;1852.2838;3087.8207;1852.0018;3091.9224;1853.0557;3091.6724;1854.5553;3092.5381;1853.0766
5737400.0;3094.0271;1838.5047;3089.5605;1846.9427;3090.0197;1848.6461;3094.3622;1856.0498;3081.2614;1853.6377;3087.9184;1849.5049;3087.7602;1849.0806;3091.9268;1849.943;3091.8631;1851.4353;3092.8557;1849.9694
5737420.0;3093.7514;1835.6885;3089.1118;1843.9488;3089.6895;1845.5032;3094.4267;1852.8451;3080.9746;1850.3228;3087.5796;1846.7131;3087.4739;1846.1261;3091.7195;1846.8137;3091.8441;1848.267;3092.96;1846.8528
5737440.0;3093.2447;1832.8655;3088.4435;1840.9675;3089.1454;1842.3553;3094.2039;1849.6335;3080.5435;1847.037;3086.9986;1843.9083;3086.9625;1843.1607;3091.2969;1843.6793;3091.6021;1845.0796;3092.8297;1843.7401
5737460.0;3092.5369;1830.0605;3087.5608;1838.0158;3088.393;1839.2236;3093.6945;1846.4414;3079.941;1843.7755;3086.1791;1841.0998;3086.2298;1840.2062;3090.6607;1840.5536;3091.1268;1841.9032;3092.4436;1840.6384
5737480.0;3091.6609;1827.2903;3086.4721;1835.1087;3087.4337;1836.1291;3092.9044;1843.2936;3079.1362;1840.5387;3085.1261;1838.3098;3085.2813;1837.2824;3089.8153;1837.4522;3090.4137;1838.761;3091.7828;1837.5547
5737500.0;3090.6332;1824.5616;3085.1867;1832.2592;3086.2695;1833.0904;3091.842;1840.2131;3078.1185;1837.3472;3083.85;1835.569;3084.1261;1834.4082;3088.7679;1834.3903;3089.4645;1835.6696;3090.8342;1834.5046
5737520.0;3089.4582;1821.8775;3083.7169;1829.4803;3084.9085;1830.1245;3090.5177;1837.2199;3076.893;1834.2373;3082.3696;1832.9068;3082.7778;1831.6025;3087.5274;1831.3807;3088.288;1832.6448;3089.5958;1831.5141
5737540.0;3088.1434;1819.2475;3082.0792;1826.7841;3083.3639;1827.2473;3088.9459;1834.3295;3075.4628;1831.2437;3080.7103;1830.346;3081.2537;1828.8826;3086.1064;1828.4326;3086.8993;1829.7047;3088.0764;1828.6135
5737560.0;3086.7019;1816.6875;3080.2929;1824.1808;3081.6502;1824.4726;3087.1475;1831.5531;3073.8267;1828.3865;3078.8981;1827.9019;3079.57;1826.2623;3084.519;1825.5544;3085.3173;1826.8674;3086.2935;1825.8282
5737580.0;3085.1426;1814.2136;3078.3762;1821.6791;3079.7812;1821.8085;3085.1495;1828.8969;3071.9993;1825.6715;3076.9562;1825.5801;3077.7413;1823.7512;3082.7784;1822.7568;3083.5594;1824.1458;3084.268;1823.176
5737600.0;3083.4659;1811.8347;3076.3412;1819.288;3077.7703;1819.2599;3082.9802;1826.3619;3070.0167;1823.1052;3074.9037;1823.3766;3075.7801;1821.3548;3080.8934;1820.053;3081.6394;1821.5467;3082.0237;1820.6709
5737620.0;3081.6691;1809.5564;3074.1938;1817.0176;3075.6315;1816.8337;3080.6617;1823.9458;3067.9116;1820.7091;3072.7562;1821.282;3073.7006;1819.075;3078.8704;1817.4553;3079.5659;1819.0737;3079.5848;1818.328
5737640.0;3079.7558;1807.3902;3071.9359;1814.8794;3073.3746;1814.5427;3078.2087;1821.6463;3065.6801;1818.5233;3070.5236;1819.2895;3071.5171;1816.9142;3076.7147;1814.9726;3077.3413;1816.7296;3076.9764;1816.1634
5737660.0;3077.7333;1805.3628;3069.5686;1812.8872;3071.0025;1812.4025;3075.6312;1819.4633;3063.2913;1816.588;3068.2108;1817.3993;3069.242;1814.8765;3074.4332;1812.612;3074.9652;1814.5174;3074.2231;1814.19
5737680.0;3075.6045;1803.512;3067.094;1811.0547;3068.5123;1810.4257;3072.9416;1817.402;3060.7323;1814.9111;3065.8193;1815.6196;3066.8818;1812.9692;3072.031;1810.385;3072.4385;1812.4416;3071.3473;1812.4127
5737700.0;3073.3602;1801.872;3064.5154;1809.3933;3065.9035;1808.6203;3070.1551;1815.4735;3058.0386;1813.4578;3063.3507;1813.9631;3064.4381;1811.2016;3069.511;1808.31;3069.7688;1810.5061;3068.3669;1810.8302
5737720.0;3070.987;1800.459;3061.8389;1807.9105;3063.1828;1806.9948;3067.2863;1813.6943;3055.276;1812.1789;3060.8078;1812.4435;3061.9098;1809.5859;3066.8738;1806.4122;3066.9718;1808.7122;3065.2964;1809.4375
5737740.0;3068.4785;1799.2705;3059.0762;1806.6096;3060.3643;1805.5615;3064.3455;1812.0792;3052.4939;1811.0541;3058.196;1811.0718;3059.2978;1808.1376;3064.1215;1804.7175;3064.0685;1807.0571;3062.1518;1808.2316
5737760.0;3065.8418;1798.296;3056.2463;1805.4909;3057.4658;1804.3318;3061.3403;1810.6341;3049.7038;1810.1049;3055.525;1809.8544;3056.6083;1806.8745;3061.2621;1803.2471;3061.0816;1805.5373;3058.9537;1807.2112
5737780.0;3063.0928;1797.5309;3053.374;1804.5505;3054.5074;1803.3101;3058.2799;1809.3519;3046.8965;1809.3634;3052.8079;1808.7926;3053.8548;1805.8115;3058.3127;1802.0136;3058.0324;1804.154;3055.7266;1806.3768
5737800.0;3060.2513;1796.9793;3050.4835;1803.7792;3051.5123;1802.4925;3055.1759;1808.217;3044.0709;1808.8318;3050.0585;1807.8864;3051.0576;1804.9565;3055.2992;1801.0183;3054.939;1802.9147;3052.4953;1805.7275
5737820.0;3057.3436;1796.6453;3047.5927;1803.1656;3048.5055;1801.8727;3052.042;1807.2119;3041.2429;1808.4739;3047.2891;1807.1378;3048.2401;1804.3055;3052.2538;1800.2488;3051.8139;1801.8315;3049.2835;1805.2594
5737840.0;3054.4083;1796.5202;3044.7126;1802.6988;3045.5108;1801.4436;3048.8929;1806.325;3038.4328;1808.245;3044.5121;1806.5522;3045.424;1803.8437;3049.2076;1799.6823;3048.664;1800.915;3046.1118;1804.9624
5737860.0;3051.4923;1796.5793;3041.8499;1802.3685;3042.546;1801.1945;3045.7441;1805.5536;3035.6536;1808.1204;3041.7414;1806.1333;3042.6253;1803.5494;3046.1843;1799.2912;3045.4937;1800.1722;3042.9961;1804.82
5737880.0;3048.6386;1796.7878;3039.0094;1802.1628;3039.6228;1801.1098;3042.6113;1804.9039;3032.9099;1808.101;3038.9922;1805.879;3039.8541;1803.4026;3043.1958;1799.052;3042.3106;1799.6053;3039.9448;1804.8096
5737900.0;3045.8718;1797.1143;3036.1943;1802.0685;3036.749;1801.1743;3039.5091;1804.3866;3030.2066;1808.1917;3036.2768;1805.7788;3037.1167;1803.3889;3040.2434;1798.9499;3039.1278;1799.2132;3036.9602;1804.9078
5737920.0;3043.1964;1797.5382;3033.4078;1802.077;3033.9314;1801.3781;3036.4504;1804.0126;3027.5543;1808.3816;3033.6012;1805.8201;3034.418;1803.5005;3037.3218;1798.9787;3035.9591;1798.9956;3034.0413;1805.0961
5737940.0;3040.6048;1798.0504;3030.6547;1802.1876;3031.1749;1801.7158;3033.4449;1803.7882;3024.9647;1808.6507;3030.9646;1805.9935;3031.7622;1803.7287;3034.4245;1799.135;3032.8169;1798.9544;3031.1867;1805.3661
5737960.0;3038.0871;1798.6478;3027.9423;1802.4049;3028.4795;1802.181;3030.4975;1803.7171;3022.4437;1808.9871;3028.3624;1806.2936;3029.1521;1804.0626;3031.548;1799.4154;3029.712;1799.0959;3028.3959;1805.7195
5737980.0;3035.6346;1799.3301;3025.2778;1802.7357;3025.8407;1802.7651;3027.6079;1803.8036;3019.9911;1809.3964;3025.7915;1806.7147;3026.5891;1804.4915;3028.6928;1799.8148;3026.6564;1799.426;3025.6696;1806.1653
5738000.0;3033.2398;1800.0996;3022.6659;1803.1879;3023.253;1803.4591;3024.7753;1804.0554;3017.6082;1809.8953;3023.2539;1807.2475;3024.0748;1805.0135;3025.8633;1800.3293;3023.6611;1799.9448;3023.0094;1806.7134
5738020.0;3030.8963;1800.9641;3020.109;1803.7701;3020.7141;1804.2556;3022.0017;1804.4799;3015.3051;1810.4972;3020.7556;1807.8795;3021.6126;1805.6376;3023.0651;1800.9549;3020.7315;1800.6445;3020.4183;1807.3704
5738040.0;3028.6019;1801.9334;3017.6073;1804.4888;3018.2245;1805.1479;3019.2946;1805.0803;3013.097;1811.2078;3018.302;1808.6003;3019.2093;1806.3779;3020.3046;1801.6869;3017.867;1801.5134;3017.8979;1808.1368
5738060.0;3026.3607;1803.0132;3015.1597;1805.3465;3015.7852;1806.13;3016.6634;1805.8522;3010.9951;1812.0329;3015.8953;1809.4047;3016.8744;1807.2462;3017.5877;1802.5204;3015.067;1802.5415;3015.4488;1809.0098
5738080.0;3024.1816;1804.2019;3012.7659;1806.3426;3013.3989;1807.1997;3014.118;1806.7868;3008.9988;1812.9808;3013.537;1810.2934;3014.6211;1808.2507;3014.92;1803.4559;3012.3375;1803.7217;3013.0708;1809.9867
5738100.0;3022.0737;1805.4949;3010.4315;1807.4759;3011.0743;1808.3616;3011.6661;1807.8762;3007.0953;1814.0589;3011.2303;1811.2691;3012.4653;1809.3976;3012.3089;1804.502;3009.6935;1805.0471;3010.7662;1811.067
5738120.0;3020.0424;1806.889;3008.1696;1808.742;3008.827;1809.6232;3009.3142;1809.1152;3005.2678;1815.2719;3008.98;1812.3336;3010.4233;1810.6908;3009.7653;1805.6723;3007.1561;1806.5081;3008.5398;1812.2501
5738140.0;3018.0877;1808.3814;3005.996;1810.1299;3006.6717;1810.9879;3007.0667;1810.4973;3003.5054;1816.6202;3006.7898;1813.4845;3008.5068;1812.1284;3007.3052;1806.9766;3004.7487;1808.0936;3006.3954;1813.5314
5738160.0;3016.2071;1809.9633;3003.9215;1811.6232;3004.6131;1812.4509;3004.9265;1812.0094;3001.8053;1818.0959;3004.6636;1814.7161;3006.719;1813.699;3004.9462;1808.4151;3002.4925;1809.7913;3004.3321;1814.8996
5738180.0;3014.3996;1811.6165;3001.9469;1813.2034;3002.6447;1814.0007;3002.8948;1813.6309;3000.1655;1819.6766;3002.6069;1816.0217;3005.0514;1815.3798;3002.7035;1809.9785;3000.4014;1811.5894;3002.346;1816.3398
5738200.0;3012.6656;1813.315;3000.0653;1814.8542;3000.7569;1815.6245;3000.9725;1815.3394;2998.577;1821.3222;3000.628;1817.3959;3003.4851;1817.1367;3000.5844;1811.6526;2998.4782;1813.4769;3000.4342;1817.8385
5738220.0;3011.0023;1815.032;2998.2678;1816.5632;2998.9479;1817.3106;2999.1609;1817.1186;2997.0233;1822.9863;2998.7355;1818.8341;3001.9931;1818.9312;2998.5872;1813.4226;2996.7153;1815.4424;2998.5978;1819.3874
5738240.0;3009.3987;1816.7457;2996.5499;1818.3217;2997.2279;1819.0475;2997.4616;1818.9611;2995.4891;1824.6334;2996.9374;1820.3326;3000.5469;1820.7315;2996.7036;1815.2753;2995.0979;1817.4743;2996.8418;1820.9824
5738260.0;3007.8355;1818.4435;2994.9124;1820.1239;2995.6172;1820.827;2995.877;1820.8645;2993.9651;1826.2474;2995.2424;1821.8892;2999.1233;1822.5202;2994.9246;1817.2005;2993.6054;1819.5587;2995.173;1822.6218
5738280.0;3006.289;1820.1204;2993.3599;1821.9654;2994.1411;1822.6478;2994.4115;1822.8259;2992.4516;1827.8404;2993.6622;1823.5071;2997.7087;1824.294;2993.245;1819.1914;2992.2154;1821.6799;2993.5986;1824.3028
5738300.0;3004.7361;1821.7773;2991.8982;1823.8436;2992.823;1824.5171;2993.0705;1824.8398;2990.9656;1829.452;2992.2118;1825.194;2996.2985;1826.055;2991.6636;1821.2419;2990.9093;1823.8217;2992.1262;1826.0224
5738320.0;3003.1607;1823.4183;2990.535;1825.7589;2991.6792;1826.4464;2991.8584;1826.9014;2989.5435;1831.1346;2990.9072;1826.957;2994.8962;1827.8063;2990.1819;1823.3469;2989.6772;1825.9732;2990.7636;1827.7789
5738340.0;3001.5606;1825.0518;2989.2829;1827.7182;2990.7148;1828.4449;2990.7738;1829.0079;2988.234;1832.9223;2989.7611;1828.7949;2993.5127;1829.5537;2988.8055;1825.5037;2988.5187;1828.1337;2989.5189;1829.5758
5738360.0;2999.9485;1826.6889;2988.1612;1829.7324;2989.9224;1830.5151;2989.8101;1831.156;2987.0823;1834.8036;2988.7813;1830.6984;2992.1729;1831.3119;2987.5442;1827.7138;2987.4405;1830.3178;2988.4001;1831.4209
5738380.0;2998.3532;1828.344;2987.1931;1831.8088;2989.2854;1832.6515;2988.9577;1833.3382;2986.1137;1836.7335;2987.9698;1832.6543;2990.9188;1833.1062;2986.4111;1829.9804;2986.457;1832.5553;2987.4166;1833.3229
5738400.0;2996.8153;1830.0357;2986.4027;1833.9465;2988.784;1834.8451;2988.2114;1835.5445;2985.3308;1838.6739;2987.3279;1834.651;2989.8075;1834.9656;2985.4194;1832.3039;2985.5916;1834.8816;2986.5793;1835.2874
5738420.0;2995.3981;1831.7926;2985.8125;1836.1384;2988.4045;1837.0886;2987.5771;1837.767;2984.7239;1840.6199;2986.8601;1836.6822;2988.8971;1836.9141;2984.5827;1834.682;2984.8754;1837.3198;2985.902;1837.3175
5738440.0;2994.2012;1833.6582;2985.4412;1838.3762;2988.147;1839.3781;2987.0771;1840.0024;2984.2884;1842.5903;2986.5775;1838.7465;2988.2335;1838.9622;2983.9143;1837.1107;2984.339;1839.8614;2985.4001;1839.4147
5738460.0;2993.3597;1835.6798;2985.3029;1840.6514;2988.0282;1841.709;2986.7472;1842.2495;2984.038;1844.6038;2986.4949;1840.8435;2987.8436;1841.106;2983.4281;1839.586;2984.0021;1842.4666;2985.089;1841.5794
5738480.0;2993.005;1837.8815;2985.4067;1842.9527;2988.0737;1844.0694;2986.6274;1844.503;2984.0008;1846.6625;2986.6261;1842.9664;2987.7386;1843.3279;2983.1364;1842.1021;2983.8689;1845.0818;2984.979;1843.81
5738500.0;2993.202;1840.2367;2985.7561;1845.2619;2988.3072;1846.4397;2986.7477;1846.7508;2984.2021;1848.7511;2986.9783;1845.0987;2987.9177;1845.5987;2983.0496;1844.6501;2983.9325;1847.6583;2985.0735;1846.101
5738520.0;2993.9103;1842.6663;2986.3481;1847.5572;2988.7419;1848.7941;2987.121;1848.9761;2984.6488;1850.845;2987.5519;1847.2177;2988.3691;1847.8804;2983.1741;1847.2181;2984.1853;1850.1574;2985.3681;1848.4398
5738540.0;2995.0091;1845.0719;2987.1714;1849.8171;2989.382;1851.1058;2987.7424;1851.1611;2985.319;1852.9175;2988.3415;1849.3011;2989.0689;1850.1344;2983.5112;1849.791;2984.6249;1852.5499;2985.8568;1850.8018
5738560.0;2996.3578;1847.3775;2988.2077;1852.0234;2990.2297;1853.3517;2988.5959;1853.2897;2986.1641;1854.9499;2989.3377;1851.3297;2989.9861;1852.33;2984.0575;1852.3487;2985.255;1854.8199;2986.538;1853.1502
5738580.0;2997.8559;1849.5486;2989.4357;1854.164;2991.2864;1855.5148;2989.6616;1855.3485;2987.1244;1856.9337;2990.5265;1853.2869;2991.0884;1854.4492;2984.8093;1854.8638;2986.0796;1856.9717;2987.4169;1855.443
5738600.0;2999.462;1851.5852;2990.8347;1856.2331;2992.5452;1857.5839;2990.9208;1857.3278;2988.1571;1858.8622;2991.8888;1855.1582;2992.3486;1856.483;2985.7676;1857.3015;2987.0962;1859.0256;2988.4994;1857.643
5738620.0;3001.1722;1853.5059;2992.3853;1858.2305;2993.9824;1859.554;2992.3574;1859.2221;2989.2508;1860.7248;2993.3989;1856.9352;2993.745;1858.4269;2986.9411;1859.6236;2988.2933;1861.002;2989.785;1859.726
5738640.0;3002.9804;1855.336;2994.0668;1860.1605;2995.56;1861.427;2993.9569;1861.0302;2990.4238;1862.5053;2995.0276;1858.6189;2995.263;1860.2789;2988.342;1861.7955;2989.655;1862.9087;2991.2586;1861.6852
5738660.0;3004.8587;1857.0997;2995.8549;1862.0308;2997.2387;1863.2145;2995.7034;1862.7548;2991.7093;1864.1853;2996.7459;1860.2196;2996.8914;1862.0398;2989.9766;1863.7948;2991.1691;1864.7397;2992.8924;1863.5299
5738680.0;3006.7647;1858.8111;2997.7225;1863.8513;2998.9889;1864.9352;2997.577;1864.4016;2993.1411;1865.7529;2998.5312;1861.7523;2998.6211;1863.712;2991.8356;1865.617;2992.8317;1866.4821;2994.6527;1865.2803
5738700.0;3008.6721;1860.4699;2999.6427;1865.6331;3000.7956;1866.6049;2999.5521;1865.9784;2994.7385;1867.2089;3000.371;1863.2318;3000.4405;1865.2998;2993.8951;1867.2761;2994.6449;1868.1221;2996.5113;1866.9547
5738720.0;3010.5778;1862.0712;3001.595;1867.3832;3002.6559;1868.2264;3001.6015;1867.4935;2996.4908;1868.5681;3002.2632;1864.6703;3002.3364;1866.8114;2996.1227;1868.7961;2996.6104;1869.6456;2998.4501;1868.5578
5738740.0;3012.4839;1863.6194;3003.5706;1869.0982;3004.5728;1869.7875;3003.7006;1868.9538;2998.3651;1869.8471;3004.2104;1866.0761;3004.2943;1868.2596;2998.4828;1870.1999;2998.7237;1871.0419;3000.4615;1870.0776
5738760.0;3014.3796;1865.1329;3005.5746;1870.7577;3006.5497;1871.2652;3005.8334;1870.3624;3000.3309;1871.05;3006.2143;1867.4524;3006.3006;1869.6575;3000.9399;1871.5019;3000.9709;1872.3063;3002.5446;1871.4932
5738780.0;3016.2427;1866.6313;3007.6234;1872.3179;3008.5874;1872.6325;3007.9923;1871.718;3002.376;1872.1689;3008.2704;1868.7966;3008.3438;1871.0121;3003.4624;1872.7091;3003.3291;1873.4435;3004.7044;1872.7863
5738800.0;3018.0586;1868.1169;3009.7369;1873.7195;3010.6848;1873.8642;3010.1758;1873.0141;3004.498;1873.1997;3010.3699;1870.1001;3010.4171;1872.3219;3006.0258;1873.8276;3005.772;1874.4661;3006.9473;1873.9507
5738820.0;3019.8422;1869.5643;3011.9288;1874.9068;3012.8405;1874.9448;3012.3839;1874.24;3006.6899;1874.1502;3012.5013;1871.3505;3012.5198;1873.579;3008.6145;1874.8678;3008.2757;1875.3896;3009.275;1874.9909
5738840.0;3021.6327;1870.926;3014.1994;1875.854;3015.0515;1875.8731;3014.6163;1875.3815;3008.9405;1875.0309;3014.654;1872.5311;3014.6563;1874.7686;3011.2191;1875.8395;3010.8217;1876.2268;3011.6803;1875.9133
5738860.0;3023.471;1872.1474;3016.5356;1876.5763;3017.3126;1876.6568;3016.8729;1876.422;3011.2436;1875.8359;3016.8211;1873.6233;3016.8325;1875.868;3013.8322;1876.7421;3013.3975;1876.9815;3014.1493;1876.7146
5738880.0;3025.3812;1873.175;3018.9171;1877.1115;3019.6166;1877.2991;3019.1556;1877.3401;3013.599;1876.5388;3019.0022;1874.607;3019.0526;1876.8429;3016.4472;1877.5536;3015.9939;1877.6442;3016.6687;1877.3766
5738900.0;3027.3664;1873.9654;3021.3241;1877.4898;3021.9565;1877.7864;3021.4684;1878.1103;3016.0045;1877.1;3021.2031;1875.4593;3021.3176;1877.6497;3019.0591;1878.2322;3018.6021;1878.1876;3019.2283;1877.8671
5738920.0;3029.4206;1874.4837;3023.7414;1877.7128;3024.3238;1878.0861;3023.8141;1878.7013;3018.4549;1877.4733;3023.4305;1876.1483;3023.6252;1878.2411;3021.6657;1878.7235;3021.2091;1878.5622;3021.8182;1878.1465
5738940.0;3031.5388;1874.7042;3026.1579;1877.7522;3026.7044;1878.152;3026.1906;1879.0775;3020.9417;1877.6066;3025.6858;1876.6321;3025.9695;1878.5743;3024.2664;1878.9724;3023.7968;1878.7003;3024.4225;1878.1707
5738960.0;3033.7128;1874.6186;3028.5624;1877.5633;3029.0764;1877.9328;3028.5875;1879.1975;3023.4474;1877.4512;3027.9613;1876.8608;3028.3378;1878.6149;3026.8554;1878.927;3026.343;1878.5302;3027.0175;1877.8954
5738980.0;3035.9298;1874.2521;3030.9368;1877.0997;3031.4108;1877.3847;3030.9848;1879.018;3025.9405;1876.9732;3030.2393;1876.7871;3030.7091;1878.3389;3029.4168;1878.5421;3028.824;1877.9984;3029.5753;1877.2827
5739000.0;3038.1759;1873.6741;3033.2547;1876.3258;3033.6737;1876.4826;3033.3533;1878.4987;3028.3787;1876.163;3032.4924;1876.3715;3033.0537;1877.7283;3031.9223;1877.7831;3031.2161;1877.0825;3032.0695;1876.3126
5739020.0;3040.4589;1872.9766;3035.4818;1875.2217;3035.8311;1875.2271;3035.6572;1877.6092;3030.7205;1875.0266;3034.6846;1875.5888;3035.3334;1876.7692;3034.3353;1876.6333;3033.4948;1875.7906;3034.4753;1874.9899
5739040.0;3042.8218;1872.2309;3037.5809;1873.7833;3037.8534;1873.6401;3037.8572;1876.3335;3032.9346;1873.5687;3036.7736;1874.4289;3037.5026;1875.4515;3036.6164;1875.0986;3035.6362;1874.148;3036.7665;1873.3396
5739060.0;3045.3278;1871.4624;3039.517;1872.0161;3039.7171;1871.7539;3039.9139;1874.6732;3034.9959;1871.7874;3038.7162;1872.8991;3039.5144;1873.7767;3038.7277;1873.2051;3037.6199;1872.1887;3038.9098;1871.3925
5739080.0;3048.0139;1870.6656;3041.2624;1869.9362;3041.4028;1869.5997;3041.7892;1872.6491;3036.8812;1869.6867;3040.4752;1871.0229;3041.3297;1871.7628;3040.6338;1870.991;3039.4292;1869.9552;3040.8659;1869.1749
5739100.0;3050.8531;1869.8365;3042.8012;1867.5717;3042.8928;1867.2031;3043.4519;1870.3008;3038.5656;1867.2956;3042.0247;1868.8386;3042.9252;1869.4475;3042.3057;1868.5015;3041.0484;1867.5026;3042.5967;1866.7096
5739120.0;3053.7584;1868.9898;3044.131;1864.9678;3044.1743;1864.5898;3044.884;1867.6799;3040.0258;1864.6715;3043.3522;1866.3955;3044.2945;1866.8795;3043.7255;1865.7869;3042.4592;1864.8989;3044.0747;1864.0263
5739140.0;3056.6262;1868.1553;3045.2581;1862.1798;3045.245;1861.7932;3046.0872;1864.8431;3041.2451;1861.8781;3044.457;1863.7502;3045.4449;1864.11;3044.8914;1862.9046;3043.6446;1862.2063;3045.2874;1861.1641
5739160.0;3059.3816;1867.3571;3046.1906;1859.2621;3046.1126;1858.8553;3047.0798;1861.8432;3042.2157;1858.963;3045.3465;1860.9591;3046.3927;1861.186;3045.8157;1859.9134;3044.5956;1859.4573;3046.2386;1858.1679
5739180.0;3061.9917;1866.6005;3046.9356;1856.2584;3046.7877;1855.8188;3047.8878;1858.7237;3042.9393;1855.953;3046.033;1858.0715;3047.159;1858.1518;3046.5196;1856.8656;3045.3137;1856.6444;3046.944;1855.078
5739200.0;3064.4567;1865.8662;3047.4992;1853.1967;3047.2763;1852.7187;3048.5333;1855.5161;3043.4307;1852.8648;3046.5309;1855.1223;3047.7608;1855.0487;3047.0267;1853.7961;3045.8097;1853.7412;3047.4264;1851.9259
5739220.0;3066.7986;1865.1233;3047.8881;1850.091;3047.58;1849.5781;3049.0282;1852.2436;3043.7168;1849.714;3046.856;1852.1324;3048.2076;1851.9108;3047.3607;1850.7199;3046.0999;1850.7326;3047.7074;1848.7334
5739240.0;3069.0552;1864.3516;3048.1077;1846.9499;3047.7018;1846.4089;3049.3707;1848.9271;3043.8311;1846.517;3047.0235;1849.112;3048.5022;1848.7555;3047.543;1847.6364;3046.2037;1847.6291;3047.8041;1845.5166
5739260.0;3071.2725;1863.5529;3048.1589;1843.7829;3047.6516;1843.2172;3049.5498;1845.5906;3043.8028;1843.29;3047.0475;1846.0659;3048.6455;1845.5824;3047.5926;1844.5387;3046.1409;1844.46;3047.7293;1842.2884
5739280.0;3073.4789;1862.7458;3048.0397;1840.6056;3047.4444;1840.0106;3049.5483;1842.2578;3043.6514;1840.0506;3046.9379;1842.9963;3048.6363;1842.3827;3047.5218;1841.4208;3045.9301;1841.2613;3047.4965;1839.0616
5739300.0;3075.6668;1861.9445;3047.7459;1837.4369;3047.0937;1836.8027;3049.3497;1838.9461;3043.3868;1836.8162;3046.6989;1839.9053;3048.4695;1839.1537;3047.3336;1838.2811;3045.585;1838.0679;3047.1198;1835.8499
5739320.0;3077.7984;1861.1488;3047.2719;1834.2967;3046.6027;1833.6141;3048.942;1835.6629;3043.0102;1833.6026;3046.3248;1836.7986;3048.1335;1835.909;3047.019;1835.1224;3045.1103;1834.91;3046.6101;1832.6696
5739340.0;3079.8402;1860.3533;3046.6116;1831.2031;3045.9589;1830.4695;3048.3218;1832.4097;3042.5112;1830.4249;3045.8;1833.6899;3047.6134;1832.679;3046.5605;1831.9515;3044.5004;1831.8071;3045.9659;1829.5406
5739360.0;3081.7947;1859.5628;3045.7598;1828.1726;3045.1365;1827.3947;3047.4953;1829.1889;3041.8672;1827.3014;3045.1025;1830.6019;3046.894;1829.5037;3045.9344;1828.7831;3043.7388;1828.7679;3045.1708;1826.4863
5739380.0;3083.7024;1858.7985;3044.7121;1825.2208;3044.1034;1824.4147;3046.4764;1826.0085;3041.047;1824.2581;3044.2095;1827.5653;3045.9649;1826.4226;3045.1162;1825.6425;3042.801;1825.7976;3044.1963;1823.533
5739400.0;3085.6111;1858.0842;3043.4616;1822.3661;3042.8316;1821.5552;3045.2771;1822.8825;3040.0159;1821.3314;3043.1008;1824.6176;3044.8205;1823.4646;3044.0802;1822.5666;3041.6602;1822.9097;3043.0104;1820.7056
5739420.0;3087.5417;1857.4342;3041.996;1819.635;3041.3045;1818.8451;3043.9;1819.8305;3038.7426;1818.5645;3041.762;1821.8005;3043.4613;1820.6435;3042.8042;1819.5977;3040.2955;1820.1315;3041.5843;1818.026
5739440.0;3089.4782;1856.854;3040.3006;1817.0593;3039.5195;1816.3148;3042.3326;1816.8806;3037.2074;1815.999;3040.1857;1819.154;3041.8904;1817.9631;3041.2734;1816.7761;3038.6983;1817.5041;3039.8989;1815.5134
5739460.0;3091.3836;1856.3463;3038.3667;1814.6701;3037.4855;1813.9934;3040.5529;1814.0697;3035.4109;1813.6656;3038.3709;1816.7092;3040.1127;1815.4282;3039.485;1814.1309;3036.8705;1815.0818;3037.9478;1813.19
5739480.0;3093.219;1855.9197;3036.2004;1812.4901;3035.2171;1811.9044;3038.5363;1811.4441;3033.376;1811.579;3036.32;1814.4871;3038.1323;1813.0552;3037.448;1811.6805;3034.8176;1812.9285;3035.7409;1811.0832
5739500.0;3094.9531;1855.5909;3033.8238;1810.5329;3032.7319;1810.067;3036.2639;1809.0596;3031.1386;1809.745;3034.0393;1812.5022;3035.9546;1810.8711;3035.1801;1809.439;3032.5462;1811.1007;3033.3019;1809.2245
5739520.0;3096.5363;1855.3956;3031.2704;1808.8057;3030.0517;1808.5009;3033.7281;1806.9841;3028.7382;1808.1721;3031.5447;1810.7676;3033.5881;1808.9078;3032.7048;1807.4324;3030.0713;1809.6212;3030.6657;1807.6456
5739540.0;3097.8714;1855.3972;3028.5741;1807.3168;3027.2055;1807.2294;3030.9414;1805.2895;3026.2108;1806.8798;3028.8691;1809.294;3031.0484;1807.1944;3030.0514;1805.7075;3027.4245;1808.47;3027.8715;1806.3772
5739560.0;3098.785;1855.6711;3025.764;1806.0814;3024.2319;1806.2752;3027.9418;1804.0295;3023.5883;1805.8946;3026.0583;1808.0933;3028.3573;1805.7597;3027.254;1804.3291;3024.651;1807.6057;3024.9595;1805.4457
5739580.0;3099.029;1856.254;3022.8659;1805.1229;3021.1757;1805.6531;3024.7893;1803.2141;3020.8998;1805.2363;3023.1609;1807.1824;3025.5418;1804.6336;3024.3515;1803.3604;3021.7967;1807.0015;3021.9675;1804.8689
5739600.0;3098.3487;1857.1051;3019.9067;1804.4672;3018.0838;1805.3649;3021.552;1802.8074;3018.1747;1804.9056;3020.2194;1806.5843;3022.6317;1803.8461;3021.3845;1802.8391;3018.9004;1806.6616;3018.9311;1804.6498
5739620.0;3096.6129;1858.1377;3016.9183;1804.1298;3014.9989;1805.4019;3018.2891;1802.7509;3015.4441;1804.8838;3017.2669;1806.3201;3019.6587;1803.4178;3018.3927;1802.7598;3015.9944;1806.6093;3015.8848;1804.7757
5739640.0;3093.9115;1859.2913;3013.9332;1804.1085;3011.9551;1805.7501;3015.0439;1802.9944;3012.7404;1805.1467;3014.3309;1806.3996;3016.656;1803.3528;3015.4112;1803.078;3013.1102;1806.8663;3012.8609;1805.2219
5739660.0;3090.5001;1860.5537;3010.9818;1804.3856;3008.9764;1806.3915;3011.8462;1803.507;3010.0935;1805.6782;3011.4374;1806.813;3013.6577;1803.6362;3012.4705;1803.7286;3010.2771;1807.4381;3009.8875;1805.9591
5739680.0;3086.6405;1861.9071;3008.0913;1804.9344;3006.0806;1807.3035;3008.7188;1804.2716;3007.5319;1806.4749;3008.6134;1807.5323;3010.6984;1804.2403;3009.5965;1804.6544;3007.5189;1808.3085;3006.9876;1806.9577
5739700.0;3082.5134;1863.2924;3005.2864;1805.7249;3003.2862;1808.4612;3005.6813;1805.2719;3005.0848;1807.5352;3005.8858;1808.5182;3007.8115;1805.1319;3006.8119;1805.8214;3004.8518;1809.445;3004.1839;1808.1911
5739720.0;3078.3076;1864.6597;3002.5902;1806.7259;3000.6143;1809.8411;3002.751;1806.4871;3002.7833;1808.8478;3003.2765;1809.7329;3005.0262;1806.2796;3004.1373;1807.2181;3002.2887;1810.8096;3001.5024;1809.6352
5739740.0;3074.3216;1866.0257;3000.021;1807.908;2998.0883;1811.4232;2999.9427;1807.8931;3000.6584;1810.3949;3000.8002;1811.1471;3002.3646;1807.6534;3001.592;1808.8386;2999.8442;1812.3697;2998.9749;1811.2697
5739760.0;3070.8929;1867.4528;2997.5923;1809.2497;2995.7303;1813.1895;2997.2714;1809.4681;2998.7358;1812.1585;2998.4689;1812.7409;2999.8428;1809.2247;2999.1973;1810.6684;2997.5366;1814.1033;2996.6352;1813.0778
5739780.0;3068.2276;1868.9789;2995.3143;1810.7418;2993.5624;1815.1213;2994.7547;1811.1967;2997.0306;1814.1229;2996.299;1814.4989;2997.4747;1810.9653;2996.9755;1812.6762;2995.3855;1815.9972;2994.5156;1815.0467
5739800.0;3066.2938;1870.598;2993.196;1812.3868;2991.6091;1817.1997;2992.4158;1813.0718;2995.5428;1816.2636;2994.3123;1816.4105;2995.2788;1812.8537;2994.9501;1814.8189;2993.4093;1818.0404;2992.6409;1817.1637
5739820.0;3064.8741;1872.2897;2991.2475;1814.193;2989.8951;1819.4064;2990.2809;1815.0912;2994.2566;1818.5411;2992.5318;1818.469;2993.2791;1814.8765;2993.1427;1817.0511;2991.6213;1820.219;2991.0233;1819.4123
5739840.0;3063.6664;1874.042;2989.479;1816.1643;2988.4369;1821.7215;2988.3759;1817.252;2993.1436;1820.9061;2990.9755;1820.6658;2991.5013;1817.0274;2991.5721;1819.3378;2990.0291;1822.5121;2989.6578;1821.7691
5739860.0;3062.3832;1875.8455;2987.8976;1818.2973;2987.2306;1824.1201;2986.7206;1819.5429;2992.1669;1823.3126;2989.6506;1822.9821;2989.9647;1819.2978;2990.2497;1821.6597;2988.6349;1824.8922;2988.5243;1824.207
5739880.0;3060.8325;1877.6887;2986.5036;1820.58;2986.246;1826.5699;2985.3258;1821.94;2991.2846;1825.7265;2988.5502;1825.3865;2988.675;1821.6707;2989.1733;1824.0133;2987.4391;1827.3302;2987.5918;1826.6987
5739900.0;3058.9925;1879.5684;2985.2877;1822.9909;2985.4365;1829.0367;2984.1905;1824.4101;2990.4541;1828.1234;2987.6515;1827.8403;2987.6207;1824.1175;2988.3202;1826.4012;2986.4404;1829.7999;2986.8253;1829.2181
5739920.0;3057.0188;1881.4906;2984.2319;1825.4982;2984.7566;1831.4902;2983.3011;1826.9219;2989.6394;1830.4872;2986.9177;1830.3065;2986.7736;1826.6029;2987.6482;1828.8236;2985.6336;1832.2797;2986.1896;1831.7403
5739940.0;3055.1388;1883.4531;2983.3157;1828.0611;2984.1717;1833.9073;2982.6304;1829.453;2988.8193;1832.8097;2986.3038;1832.7576;2986.0932;1829.093;2987.1025;1831.2718;2985.0009;1834.7503;2985.6518;1834.2428
5739960.0;3053.5155;1885.4349;2982.5206;1830.6401;2983.6565;1836.2736;2982.1399;1831.9886;2987.9947;1835.09;2985.7644;1835.1784;2985.5349;1831.5652;2986.6279;1833.7291;2984.5041;1837.1935;2985.1812;1836.7079
5739980.0;3052.1795;1887.4065;2981.8307;1833.2078;2983.1878;1838.5846;2981.7817;1834.5153;2987.1848;1837.3304;2985.2594;1837.5647;2985.0568;1834.011;2986.1766;1836.1754;2984.087;1839.5935;2984.7479;1839.125
5740000.0;3051.0663;1889.3475;2981.2265;1835.7514;2982.7406;1840.8441;2981.4996;1837.0183;2986.4159;1839.5332;2984.7554;1839.9148;2984.6233;1836.4317;2985.7114;1838.5925;2983.6867;1841.9396;2984.3209;1841.4923
5740020.0;3050.0855;1891.2533;2980.6807;1838.2641;2982.2856;1843.0598;2981.2292;1839.4826;2985.7021;1841.6989;2984.2213;1842.2219;2984.2018;1838.8284;2985.2029;1840.9651;2983.2485;1844.2268;2983.8663;1843.8153
5740040.0;3049.1599;1893.1319;2980.1574;1840.7371;2981.7872;1845.2373;2980.9009;1841.8948;2985.0306;1843.8279;2983.625;1844.4721;2983.7581;1841.1953;2984.6254;1843.2818;2982.7349;1846.4544;2983.3478;1846.1011
5740060.0;3048.2337;1894.9926;2979.6139;1843.158;2981.2021;1847.376;2980.4493;1844.2445;2984.3498;1845.9142;2982.9319;1846.6451;2983.2535;1843.5199;2983.9541;1845.5347;2982.1227;1848.6222;2982.7286;1848.3494
5740080.0;3047.2656;1896.8404;2979.0025;1845.5149;2980.4847;1849.4684;2979.8249;1846.5235;2983.5735;1847.9348;2982.1041;1848.7155;2982.6444;1845.787;2983.1634;1847.7181;2981.3931;1850.7268;2981.9745;1850.5471
5740100.0;3046.2315;1898.6725;2978.272;1847.7951;2979.593;1851.4983;2979.0;1848.7256;2982.6003;1849.8472;2981.1033;1850.6568;2981.8872;1847.982;2982.2269;1849.8258;2980.5229;1852.761;2981.0544;1852.6702
5740120.0;3045.1183;1900.4802;2977.3718;1849.976;2978.4962;1853.4411;2977.9643;1850.8427;2981.349;1851.5993;2979.8935;1852.4475;2980.9424;1850.0868;2981.1176;1851.8461;2979.4809;1854.7144;2979.9423;1854.693
5740140.0;3043.921;1902.2515;2976.2598;1852.0206;2977.1752;1855.2652;2976.7154;1852.8636;2979.7891;1853.1479;2978.4487;1854.0781;2979.779;1852.0772;2979.8101;1853.7593;2978.2337;1856.578;2978.6196;1856.5922
5740160.0;3042.6378;1903.973;2974.9095;1853.8815;2975.6209;1856.9379;2975.2519;1854.7734;2977.9441;1854.4677;2976.7597;1855.5474;2978.3751;1853.9204;2978.284;1855.5383;2976.7517;1858.3387;2977.0774;1858.3479
5740180.0;3041.2692;1905.6293;2973.3125;1855.5132;2973.8312;1858.4313;2973.5719;1856.5527;2975.8641;1855.5518;2974.8378;1856.855;2976.7184;1855.5801;2976.5277;1857.1533;2975.0138;1859.9713;2975.3156;1859.9388
5740200.0;3039.8203;1907.2021;2971.4761;1856.8836;2971.812;1859.7247;2971.6742;1858.1733;2973.5968;1856.4092;2972.7102;1857.9947;2974.8065;1857.0223;2974.54;1858.5751;2973.0106;1861.4364;2973.3412;1861.3424
5740220.0;3038.3158;1908.674;2969.4189;1857.9779;2969.5789;1860.8035;2969.5599;1859.5989;2971.1764;1857.0615;2970.4105;1858.9557;2972.6474;1858.2236;2972.3304;1859.779;2970.7489;1862.6914;2971.1667;1862.5382
5740240.0;3036.8163;1910.0402;2967.1668;1858.7976;2967.1566;1861.6557;2967.2336;1860.7918;2968.6286;1857.5364;2967.9687;1859.7285;2970.258;1859.1767;2969.9172;1860.7459;2968.2519;1863.7029;2968.81;1863.516
5740260.0;3035.421;1911.316;2964.7489;1859.355;2964.5761;1862.2716;2964.7075;1861.7252;2965.975;1857.855;2965.4071;1860.3107;2967.6622;1859.8895;2967.3261;1861.4621;2965.5555;1864.4507;2966.2922;1864.2754
5740280.0;3034.2389;1912.5321;2962.1928;1859.666;2961.8696;1862.6457;2962.0031;1862.3898;2963.2349;1858.0255;2962.7424;1860.7064;2964.8883;1860.3774;2964.5877;1861.917;2962.7017;1864.9225;2963.6381;1864.8185
5740300.0;3033.341;1913.7128;2959.5238;1859.7464;2959.0657;1862.776;2959.1512;1862.7933;2960.4238;1858.0416;2959.9906;1860.9219;2961.9701;1860.6549;2961.7348;1862.1043;2959.733;1865.1115;2960.8737;1865.1353
5740320.0;3032.7267;1914.8605;2956.7668;1859.6132;2956.1871;1862.6632;2956.1866;1862.9521;2957.5569;1857.8911;2957.1687;1860.9591;2958.9468;1860.7331;2958.7992;1862.0248;2956.6889;1865.0187;2958.0258;1865.2008
5740340.0;3032.3329;1915.9577;2953.9481;1859.2835;2953.2509;1862.3108;2953.142;1862.8831;2954.649;1857.5634;2954.2951;1860.8162;2955.8601;1860.6194;2955.8102;1861.6921;2953.6034;1864.6525;2955.1184;1864.9843
5740360.0;3032.0725;1916.9862;2951.092;1858.769;2950.2732;1861.7264;2950.0435;1862.5979;2951.7158;1857.0538;2951.3868;1860.4896;2952.7458;1860.3167;2952.7934;1861.1278;2950.5013;1864.0229;2952.1715;1864.4665
5740380.0;3031.8744;1917.939;2948.2182;1858.0739;2947.2721;1860.9196;2946.9121;1862.1031;2948.7747;1856.3626;2948.4591;1859.9781;2949.6294;1859.8227;2949.7713;1860.3543;2947.3982;1863.1394;2949.2023;1863.6473
5740400.0;3031.7043;1918.8179;2945.3402;1857.198;2944.2685;1859.9015;2943.7659;1861.4033;2945.8447;1855.4901;2945.5257;1859.2782;2946.5264;1859.1316;2946.7618;1859.386;2944.3018;1862.0143;2946.2292;1862.5453
5740420.0;3031.565;1919.6195;2942.4703;1856.1447;2941.2841;1858.6812;2940.6237;1860.5062;2942.9455;1854.4349;2942.6008;1858.383;2943.4486;1858.2378;2943.7787;1858.2298;2941.2184;1860.6721;2943.2729;1861.1898
5740440.0;3031.4805;1920.3244;2939.6229;1854.9221;2938.3395;1857.2666;2937.5051;1859.4208;2940.0968;1853.1945;2939.7008;1857.2823;2940.4073;1857.1378;2940.833;1856.8876;2938.1578;1859.1465;2940.3555;1859.6132
5740460.0;3031.4786;1920.9031;2936.8185;1853.5341;2935.4541;1855.664;2934.4289;1858.154;2937.3177;1851.7658;2936.8445;1855.9694;2937.4184;1855.8298;2937.9344;1855.3617;2935.1371;1857.4677;2937.4964;1857.8442
5740480.0;3031.5722;1921.3353;2934.0816;1851.9756;2932.647;1853.8792;2931.4123;1856.706;2934.6279;1850.1481;2934.0499;1854.4453;2934.5011;1854.3135;2935.0927;1853.6541;2932.1788;1855.6527;2934.7104;1855.9064
5740500.0;3031.7546;1921.628;2931.4376;1850.2362;2929.9357;1851.9196;2928.4706;1855.0714;2932.0499;1848.3444;2931.3337;1852.7214;2931.6783;1852.5924;2932.3188;1851.7691;2929.3081;1853.7081;2932.0099;1853.8198
5740520.0;3032.0043;1921.8142;2928.9091;1848.3113;2927.3341;1849.7959;2925.6185;1853.2441;2929.6065;1846.3635;2928.7125;1850.8163;2928.972;1850.6761;2929.6266;1849.7163;2926.547;1851.64;2929.4064;1851.6055
5740540.0;3032.3009;1921.9265;2926.5138;1846.2088;2924.8514;1847.5221;2922.8727;1851.2237;2927.3146;1844.2189;2926.2039;1848.7536;2926.4004;1848.5801;2927.0324;1847.5131;2923.9097;1849.459;2926.9111;1849.2828
5740560.0;3032.637;1921.9749;2924.2628;1843.9445;2922.4934;1845.1152;2920.2536;1849.0148;2925.1768;1841.9305;2923.8255;1846.5562;2923.9764;1846.324;2924.5543;1845.1804;2921.4044;1847.1743;2924.533;1846.8658
5740580.0;3033.0179;1921.9497;2922.161;1841.536;2920.2654;1842.593;2917.7837;1846.6281;2923.1801;1839.523;2921.5911;1844.2409;2921.7088;1843.9272;2922.2079;1842.7369;2919.0385;1844.7849;2922.2792;1844.3591
5740600.0;3033.4539;1921.838;2920.2096;1838.9993;2918.1741;1839.9721;2915.4841;1844.0768;2921.3071;1837.0199;2919.5101;1841.8149;2919.6049;1841.4071;2920.0056;1840.1956;2916.8238;1842.281;2920.156;1841.761
5740620.0;3033.954;1921.632;2918.4114;1836.3516;2916.2278;1837.2665;2913.3726;1841.3746;2919.5503;1834.4362;2917.5888;1839.2789;2917.6732;1838.7763;2917.9555;1837.5652;2914.7743;1839.6515;2918.1731;1839.0682
5740640.0;3034.532;1921.313;2916.7748;1833.6092;2914.4365;1834.4844;2911.4676;1838.5319;2917.9213;1831.7742;2915.8335;1836.6338;2915.922;1836.0415;2916.0639;1834.8527;2912.9012;1836.8933;2916.3456;1836.2785
5740660.0;3035.2153;1920.8381;2915.3123;1830.7864;2912.8133;1831.6268;2909.7898;1835.5563;2916.4491;1829.0272;2914.2512;1833.8863;2914.3581;1833.205;2914.3384;1832.0638;2911.2099;1834.0134;2914.6951;1833.3894
5740680.0;3036.0394;1920.154;2914.0395;1827.8932;2911.3723;1828.6885;2908.3616;1832.4571;2915.1666;1826.1857;2912.85;1831.047;2912.9861;1830.2703;2912.7906;1829.2007;2909.7053;1831.0247;2913.2462;1830.4002
5740700.0;3037.0273;1919.2386;2912.9748;1824.9344;2910.1267;1825.6643;2907.2008;1829.2489;2914.0977;1823.2458;2911.6385;1828.1265;2911.8116;1827.2471;2911.4364;1826.2618;2908.3957;1827.9403;2912.0205;1827.3179
5740720.0;3038.1717;1918.1249;2912.1369;1821.9118;2909.0855;1822.556;2906.3176;1825.9491;2913.2511;1820.2145;2910.6281;1825.1329;2910.8422;1824.1518;2910.2945;1823.2434;2907.2916;1824.7726;2911.0289;1824.1611
5740740.0;3039.437;1916.8767;2911.539;1818.829;2908.2541;1819.3738;2905.7114;1822.5751;2912.6243;1817.1072;2909.8336;1822.0742;2910.0834;1821.0036;2909.382;1820.1447;2906.4013;1821.5355;2910.2686;1820.9538
5740760.0;3040.7514;1915.4959;2911.1812;1815.6957;2907.6368;1816.1323;2905.372;1819.1446;2912.2125;1813.942;2909.2737;1818.9594;2909.5341;1817.8213;2908.712;1816.9703;2905.7278;1818.244;2909.7255;1817.715
5740780.0;3041.9994;1913.8543;2911.049;1812.5242;2907.2368;1812.8438;2905.282;1815.6792;2912.0121;1810.7348;2908.9651;1815.7992;2909.1835;1814.6256;2908.2896;1813.73;2905.273;1814.9106;2909.3826;1814.4524
5740800.0;3042.9275;1911.6452;2911.1168;1809.3241;2907.0547;1809.5158;2905.4241;1812.2051;2912.0188;1807.5012;2908.9177;1812.6065;2909.0151;1811.4375;2908.1123;1810.4366;2905.0438;1811.5425;2909.2259;1811.1655
5740820.0;3043.0061;1908.3622;2911.3569;1806.1006;2907.0884;1806.1525;2905.7846;1808.7492;2912.224;1804.259;2909.1281;1809.3963;2909.0157;1808.2684;2908.1722;1807.1056;2905.0512;1808.1453;2909.2479;1807.8518
5740840.0;3041.4856;1903.4201;2911.7506;1802.8603;2907.337;1802.7599;2906.3571;1805.3364;2912.616;1801.0264;2909.5822;1806.1847;2909.1823;1805.1108;2908.4623;1803.7563;2905.3061;1804.7273;2909.4456;1804.5137
5740860.0;3037.8648;1896.5404;2912.2949;1799.6178;2907.806;1799.3517;2907.1399;1801.9877;2913.1845;1797.8194;2910.2593;1802.9859;2909.5223;1801.9428;2908.9791;1800.4124;2905.8118;1801.3035;2909.8215;1801.1626
5740880.0;3032.3144;1888.0174;2913.0034;1796.3963;2908.5081;1795.9524;2908.1359;1798.7206;2913.9254;1794.65;2911.1389;1799.8129;2910.0474;1798.7469;2909.7209;1797.1003;2906.5628;1797.8937;2910.3831;1797.8194
5740900.0;3025.5762;1878.5626;2913.8985;1793.2236;2909.4559;1792.5918;2909.3492;1795.5505;2914.8447;1791.5305;2912.2048;1796.6811;2910.7683;1795.5246;2910.682;1793.8444;2907.5481;1794.5178;2911.1441;1794.511
5740920.0;3018.3351;1868.7752;2915.0018;1790.1271;2910.655;1789.2993;2910.7816;1792.4924;2915.957;1788.4764;2913.447;1793.6118;2911.6947;1792.2985;2911.8527;1790.6646;2908.7594;1791.1937;2912.1205;1791.2656
5740940.0;3010.8427;1858.8734;2916.3272;1787.1311;2912.1054;1786.0989;2912.427;1789.5594;2917.2818;1785.5073;2914.8591;1790.6298;2912.8382;1789.1041;2913.2199;1787.5764;2910.195;1787.9381;2913.327;1788.1099
5740960.0;3003.2391;1848.9964;2917.8758;1784.2534;2913.8042;1783.0122;2914.2714;1786.7603;2918.8312;1782.6431;2916.4371;1787.7565;2914.215;1785.9896;2914.7742;1784.5944;2911.8599;1784.771;2914.7735;1785.0685
5740980.0;2995.985;1839.5568;2919.639;1781.5056;2915.7471;1780.0604;2916.2951;1784.0997;2920.6026;1779.9024;2918.1769;1785.004;2915.8444;1783.0145;2916.511;1781.7344;2913.76;1781.7187;2916.4637;1782.1652
5741000.0;2989.7265;1831.0983;2921.6059;1778.8986;2917.9252;1777.2662;2918.4801;1781.5818;2922.58;1777.3026;2920.0781;1782.3798;2917.7432;1780.2446;2918.4309;1779.0159;2915.8932;1778.8118;2918.3948;1779.4228
5741020.0;2984.8654;1823.9348;2923.7705;1776.4516;2920.3245;1774.6543;2920.8119;1779.2147;2924.7424;1774.8657;2922.1442;1779.8948;2919.9162;1777.7379;2920.5357;1776.4603;2918.248;1776.0823;2920.559;1776.8651
5741040.0;2981.3377;1817.9833;2926.1324;1774.1979;2922.9283;1772.2499;2923.2798;1777.0104;2927.0714;1772.6222;2924.3812;1777.5695;2922.3496;1775.5313;2922.8266;1774.0925;2920.8086;1773.5622;2922.9445;1774.5157
5741060.0;2978.806;1812.9402;2928.6893;1772.18;2925.7185;1770.0752;2925.8747;1774.98;2929.5515;1770.609;2926.7924;1775.4323;2925.009;1773.6317;2925.3021;1771.9378;2923.5618;1771.2817;2925.5371;1772.3983
5741080.0;2976.9791;1808.5491;2931.4282;1770.4376;2928.6761;1768.1477;2928.5901;1773.1324;2932.1685;1768.8578;2929.3749;1773.5139;2927.8477;1772.0192;2927.9574;1770.0211;2926.4982;1769.2656;2928.3185;1770.534
5741100.0;2975.7316;1804.6945;2934.322;1768.9912;2931.7791;1766.4796;2931.4217;1771.4747;2934.9102;1767.3807;2932.1179;1771.8414;2930.8175;1770.6599;2930.7809;1768.361;2929.6075;1767.5285;2931.263;1768.9403
5741120.0;2974.9846;1801.295;2937.3351;1767.8306;2935.0029;1765.0793;2934.3655;1770.0149;2937.7618;1766.167;2935.0026;1770.435;2933.8777;1769.5257;2933.7528;1766.9663;2932.8726;1766.0739;2934.3357;1767.6258
5741140.0;2974.6386;1798.2472;2940.4323;1766.9175;2938.3196;1763.9506;2937.4128;1768.7616;2940.7019;1765.1933;2938.0034;1769.305;2936.9969;1768.6036;2936.8448;1765.834;2936.2656;1764.8993;2937.4979;1766.5886
5741160.0;2974.5563;1795.4105;2943.5837;1766.2068;2941.6983;1763.0915;2940.546;1767.7227;2943.7034;1764.4356;2941.0905;1768.4502;2940.1519;1767.8912;2940.0244;1764.9539;2939.7457;1763.997;2940.7134;1765.8139
5741180.0;2974.6295;1792.6658;2946.7651;1765.6689;2945.1089;1762.4922;2943.7403;1766.9017;2946.7437;1763.8709;2944.2332;1767.8566;2943.3236;1767.3831;2943.26;1764.3121;2943.263;1763.3532;2943.9551;1765.2794
5741200.0;2974.8162;1789.9549;2949.9544;1765.2966;2948.5245;1762.1351;2946.9684;1766.2966;2949.8088;1763.4733;2947.4045;1767.5009;2946.4957;1767.0667;2946.5232;1763.8941;2946.7705;1762.949;2947.2039;1764.959
5741220.0;2975.1079;1787.2632;2953.1303;1765.0947;2951.9246;1761.9961;2950.2058;1765.8997;2952.8899;1763.2188;2950.5814;1767.3537;2949.6527;1766.9249;2949.7887;1763.6853;2950.2355;1762.7619;2950.4462;1764.8275
5741240.0;2975.4861;1784.588;2956.2729;1765.0665;2955.292;1762.0531;2953.4317;1765.7009;2955.9709;1763.098;2953.7451;1767.3844;2952.7803;1766.9442;2953.0346;1763.6719;2953.6424;1762.7707;2953.6694;1764.8616
5741260.0;2975.9277;1781.9398;2959.3655;1765.2119;2958.6097;1762.2921;2956.6285;1765.6892;2959.0237;1763.124;2956.8786;1767.5633;2955.8661;1767.1177;2956.2433;1763.8406;2956.9859;1762.9562;2956.8602;1765.041
5741280.0;2976.4086;1779.335;2962.396;1765.5286;2961.8594;1762.7096;2959.7816;1765.8541;2962.015;1763.3207;2959.967;1767.8672;2958.9004;1767.4429;2959.4023;1764.1778;2960.2627;1763.3026;2960.0041;1765.3499
5741300.0;2976.9201;1776.7972;2965.3558;1766.012;2965.0228;1763.3042;2962.8802;1766.1861;2964.9203;1763.704;2962.9985;1768.2805;2961.8765;1767.9119;2962.5038;1764.6663;2963.4688;1763.7996;2963.0878;1765.7788
5741320.0;2977.4707;1774.3478;2968.2399;1766.6527;2968.086;1764.0687;2965.9162;1766.6788;2967.7368;1764.2691;2965.9652;1768.7972;2964.7901;1768.5075;2965.543;1765.2865;2966.6009;1764.4428;2966.1009;1766.3231
5741340.0;2978.0766;1771.9962;2971.0455;1767.4364;2971.0431;1764.9881;2968.8826;1767.3271;2970.4805;1764.9954;2968.8636;1769.4196;2967.6369;1769.2095;2968.5159;1766.0202;2969.6573;1765.231;2969.0378;1766.9807
5741360.0;2978.7575;1769.7576;2973.7719;1768.3491;2973.8973;1766.0436;2971.771;1768.125;2973.1695;1765.8599;2971.6947;1770.1568;2970.4118;1770.0112;2971.4183;1766.8576;2972.6353;1766.1605;2971.8965;1767.7478
5741380.0;2979.5373;1767.6828;2976.4182;1769.3782;2976.6573;1767.2177;2974.5735;1769.0632;2975.8089;1766.8453;2974.4624;1771.0183;2973.1089;1770.9241;2974.246;1767.7989;2975.5298;1767.2207;2974.6759;1768.6207
5741400.0;2980.4705;1765.9184;2978.9855;1770.5081;2979.3322;1768.4921;2977.2848;1770.1319;2978.3883;1767.941;2977.1685;1772.0075;2975.7231;1771.9644;2976.9946;1768.8507;2978.3346;1768.3922;2977.3735;1769.5975
5741420.0;2981.6526;1764.7259;2981.4779;1771.7193;2981.9261;1769.8459;2979.9032;1771.3219;2980.8906;1769.1396;2979.8089;1773.1159;2978.2525;1773.1339;2979.6603;1770.0166;2981.0444;1769.6535;2979.9851;1770.6805
5741440.0;2983.2228;1764.4701;2983.9019;1772.9931;2984.4363;1771.2588;2982.4281;1772.6249;2983.2988;1770.4377;2982.3728;1774.3275;2980.6987;1774.4159;2982.2368;1771.2926;2983.6553;1770.9902;2982.5066;1771.8729
5741460.0;2985.2769;1765.4759;2986.2557;1774.3239;2986.8567;1772.7189;2984.859;1774.0302;2985.5971;1771.8376;2984.846;1775.6263;2983.066;1775.7841;2984.7159;1772.6675;2986.162;1772.3998;2984.9342;1773.1746
5741480.0;2987.7222;1767.7937;2988.521;1775.7254;2989.1823;1774.2258;2987.1953;1775.5242;2987.7731;1773.3428;2987.216;1777.0034;2985.3579;1777.2156;2987.0887;1774.1289;2988.557;1773.8875;2987.2649;1774.5783
5741500.0;2990.1968;1771.0361;2990.6669;1777.2196;2991.4124;1775.7838;2989.4376;1777.0919;2989.8252;1774.949;2989.4759;1778.4574;2987.5743;1778.6969;2989.3505;1775.6662;2990.8347;1775.4547;2989.4961;1776.0711
5741520.0;2992.1927;1774.4836;2992.6693;1778.8177;2993.5477;1777.3914;2991.5868;1778.7195;2991.7665;1776.6397;2991.6259;1779.9888;2989.7108;1780.2238;2991.5032;1777.2706;2992.9975;1777.0928;2991.628;1777.6372
5741540.0;2993.3394;1777.4435;2994.531;1780.5078;2995.5892;1779.039;2993.6441;1780.3952;2993.6206;1778.3915;2993.6728;1781.5934;2991.7615;1781.795;2993.5561;1778.9315;2995.0572;1778.7832;2993.666;1779.261
5741560.0;2993.6103;1779.5795;2996.2832;1782.2589;2997.5399;1780.7147;2995.6136;1782.1076;2995.4089;1780.1838;2995.6277;1783.2581;2993.7228;1783.4043;2995.5229;1780.6353;2997.0321;1780.5035;2995.6227;1780.9265
5741580.0;2993.2703;1780.9517;2997.9646;1784.0363;2999.4089;1782.4084;2997.5053;1783.8451;2997.1452;1782.0028;2997.5037;1784.9626;2995.5961;1785.0382;2997.419;1782.367;2998.94;1782.2339;2997.515;1782.6171
5741600.0;2992.6659;1781.8116;2999.6002;1785.814;3001.2121;1784.1113;2999.3343;1785.5968;2998.8376;1783.839;2999.3136;1786.6852;2997.3863;1786.6837;2999.257;1784.1122;3000.7952;1783.9615;2999.3593;1784.3163
5741620.0;2992.0638;1782.3858;3001.1974;1787.577;3002.9696;1785.8141;3001.1156;1787.3548;3000.4936;1785.6831;3001.0676;1788.4099;2999.1001;1788.337;3001.047;1785.858;3002.6086;1785.6825;3001.166;1786.0117
5741640.0;2991.6263;1782.8112;3002.7544;1789.3214;3004.6987;1787.5084;3002.8594;1789.115;3002.1203;1787.5258;3002.7717;1790.1302;3000.7462;1790.0024;3002.7969;1787.5927;3004.3895;1787.3982;3002.9409;1787.697
5741660.0;2991.44;1783.1604;3004.2709;1791.0547;3006.4101;1789.1898;3004.5702;1790.8754;3003.7229;1789.3563;3004.4292;1791.8468;3002.3365;1791.6839;3004.515;1789.3055;3006.1453;1789.11;3004.6886;1789.3696
5741680.0;2991.5434;1783.497;3005.7529;1792.7939;3008.1085;1790.8567;3006.2501;1792.6361;3005.3042;1791.1623;3006.0427;1793.5624;3003.8849;1793.3782;3006.2082;1790.9878;3007.8808;1790.8152;3006.4178;1791.0253
5741700.0;2991.9069;1783.8651;3007.2105;1794.5578;3009.7965;1792.5088;3007.9022;1794.3974;3006.8645;1792.9315;3007.6177;1795.278;3005.4042;1795.0762;3007.8816;1792.6365;3009.5985;1792.5098;3008.1405;1792.6575
5741720.0;2992.4403;1784.2807;3008.6558;1796.3551;3011.4789;1794.1473;3009.5296;1796.161;3008.4036;1794.6541;3009.1636;1796.9951;3006.9027;1796.7709;3009.539;1794.2555;3011.3;1794.1922;3009.869;1794.2605
5741740.0;2993.0242;1784.7222;3010.0978;1798.1769;3013.1603;1795.7776;3011.1337;1797.93;3009.9249;1796.3277;3010.6926;1798.7173;3008.3842;1798.4628;3011.1842;1795.8542;3012.9857;1795.8653;3011.6106;1795.8368
5741760.0;2993.5847;1785.1636;3011.5371;1800.0034;3014.8409;1797.4098;3012.7142;1799.7094;3011.4386;1797.9589;3012.2159;1800.4495;3009.8497;1800.1607;3012.8211;1797.446;3014.6552;1797.5349;3013.364;1797.3975
5741780.0;2994.15;1785.623;3012.9661;1801.8186;3016.5142;1799.0559;3014.2709;1801.5042;3012.9564;1799.5647;3013.7404;1802.1944;3011.2992;1801.8764;3014.4523;1799.0459;3016.3069;1799.208;3015.1183;1798.9578
5741800.0;2994.8532;1786.1956;3014.3726;1803.6226;3018.1694;1800.7274;3015.8051;1803.3175;3014.4814;1801.1686;3015.2644;1803.953;3012.7316;1803.6192;3016.0763;1800.6697;3017.9374;1800.8938;3016.8558;1800.5309
5741820.0;2995.8784;1787.0466;3015.7444;1805.4298;3019.7934;1802.4363;3017.3185;1805.1491;3016.0016;1802.7946;3016.7784;1805.7284;3014.1438;1805.391;3017.6859;1802.3331;3019.5405;1802.6046;3018.5569;1802.129
5741840.0;2997.3897;1788.3572;3017.0698;1807.259;3021.3701;1804.1966;3018.8097;1806.9986;3017.4931;1804.462;3018.2667;1807.528;3015.5304;1807.1867;3019.267;1804.0488;3021.1053;1804.3545;3020.2052;1803.7674
5741860.0;2999.4632;1790.249;3018.3335;1809.1216;3022.8804;1806.0236;3020.2716;1808.8681;3018.9301;1806.1857;3019.7122;1809.3615;3016.8852;1809.0002;3020.8005;1805.8256;3022.6179;1806.1557;3021.7884;1805.4662
5741880.0;3002.0449;1792.7253;3019.5162;1811.0192;3024.3046;1807.9296;3021.6912;1810.7643;3020.2969;1807.9756;3021.098;1811.2352;3018.2009;1810.8304;3022.2661;1807.6703;3024.0632;1808.0177;3023.299;1807.2457
5741900.0;3004.9578;1795.6706;3020.6029;1812.9479;3025.6232;1809.9205;3023.052;1812.6956;3021.5918;1809.8353;3022.4095;1813.1502;3019.4701;1812.6838;3023.6464;1809.5893;3025.427;1809.9483;3024.7329;1809.1185
5741920.0;3007.9694;1798.912;3021.5937;1814.9044;3026.8143;1811.9963;3024.3371;1814.668;3022.8197;1811.7618;3023.6332;1815.1055;3020.6857;1814.5701;3024.9266;1811.5877;3026.6955;1811.9554;3026.0885;1811.0862
5741940.0;3010.8835;1802.2993;3022.5024;1816.8886;3027.8541;1814.1537;3025.5321;1816.684;3023.9774;1813.7497;3024.7553;1817.1029;3021.8416;1816.4973;3026.0937;1813.6663;3027.8534;1814.0478;3027.3638;1813.1404
5741960.0;3013.5881;1805.7429;3023.3423;1818.9056;3028.7216;1816.3899;3026.6243;1818.7461;3025.0429;1815.7963;3025.7605;1819.1485;3022.9306;1818.471;3027.1336;1815.8207;3028.8811;1816.2323;3028.5551;1815.2686
5741980.0;3016.0402;1809.1988;3024.1106;1820.9658;3029.4058;1818.7017;3027.6022;1820.8597;3025.981;1817.9029;3026.6338;1821.2489;3023.9421;1820.4962;3028.032;1818.0427;3029.7545;1818.511;3029.654;1817.4602
5742000.0;3018.2135;1812.6321;3024.7887;1823.0817;3029.9034;1821.0815;3028.4525;1823.0302;3026.7555;1820.0705;3027.364;1823.4055;3024.8572;1822.5771;3028.7737;1820.324;3030.4491;1820.878;3030.6475;1819.7101
5742020.0;3020.0613;1815.9934;3025.3514;1825.2603;3030.2115;1823.5148;3029.161;1825.2588;3027.3402;1822.2971;3027.9457;1825.6114;3025.6492;1824.7144;3029.3446;1822.6583;3030.9468;1823.3196;3031.5148;1822.0199
5742040.0;3021.5282;1819.2328;3025.775;1827.4948;3030.3229;1825.9843;3029.7116;1827.5412;3027.7216;1824.5769;3028.3754;1827.8536;3026.2849;1826.9055;3029.7331;1825.0404;3031.241;1825.8188;3032.2284;1824.3938
5742060.0;3022.5815;1822.3242;3026.0387;1829.7664;3030.2315;1828.4766;3030.0878;1829.869;3027.896;1826.9019;3028.6479;1830.1201;3026.7321;1829.1463;3029.9328;1827.4645;3031.3331;1828.3599;3032.7559;1826.8359
5742080.0;3023.2338;1825.2772;3026.1232;1832.0555;3029.94;1830.9842;3030.2736;1832.2337;3027.8676;1829.2622;3028.7527;1832.4059;3026.966;1831.4329;3029.9447;1829.9237;3031.2264;1830.9316;3033.0679;1829.3465
5742100.0;3023.5409;1828.1229;3026.0147;1834.3515;3029.462;1833.5029;3030.2587;1834.6283;3027.6481;1831.6469;3028.6782;1834.7112;3026.9742;1833.761;3029.7778;1832.4106;3030.9232;1833.5249;3033.1445;1831.9224
5742120.0;3023.5771;1830.8889;3025.7089;1836.654;3028.8159;1836.0275;3030.0401;1837.0483;3027.2547;1834.046;3028.4157;1837.0348;3026.7589;1836.1245;3029.4447;1834.9191;3030.4297;1836.1303;3032.98;1834.5557
5742140.0;3023.4106;1833.5857;3025.2126;1838.9662;3028.0176;1838.5504;3029.6242;1839.4899;3026.703;1836.4519;3027.9638;1839.3687;3026.3343;1838.5155;3028.9573;1837.443;3029.7576;1838.7352;3032.5817;1837.2317
5742160.0;3023.0817;1836.2131;3024.5363;1841.2863;3027.0794;1841.0617;3029.0209;1841.947;3026.0025;1838.8591;3027.3276;1841.7012;3025.7217;1840.9259;3028.3221;1839.9734;3028.92;1841.3246;3031.9662;1839.9302
5742180.0;3022.598;1838.7719;3023.6856;1843.6012;3026.0122;1843.5476;3028.2412;1844.4079;3025.1551;1841.2613;3026.516;1844.0218;3024.9436;1843.3458;3027.5406;1842.4971;3027.9253;1843.886;3031.1535;1842.6294
5742200.0;3021.9388;1841.2658;3022.6611;1845.8906;3024.8265;1845.9923;3027.2947;1846.8568;3024.1621;1843.6488;3025.5388;1846.3227;3024.0179;1845.7599;3026.6116;1844.9994;3026.7762;1846.4099;3030.1638;1845.3103
5742220.0;3021.0699;1843.6986;3021.4657;1848.1339;3023.5327;1848.3807;3026.191;1849.2774;3023.0308;1846.0078;3024.406;1848.5964;3022.9574;1848.1468;3025.535;1847.468;3025.4756;1848.8875;3029.0151;1847.9564
5742240.0;3019.9572;1846.0732;3020.1127;1850.3187;3022.1387;1850.699;3024.9387;1851.6587;3021.7745;1848.3241;3023.1293;1850.8354;3021.7698;1850.4839;3024.3147;1849.8936;3024.0322;1851.3045;3027.7237;1850.5517
5742260.0;3018.5851;1848.3957;3018.6266;1852.4417;3020.6522;1852.9385;3023.5471;1853.9953;3020.4098;1850.5904;3021.7255;1853.033;3020.4621;1852.7559;3022.959;1852.2685;3022.4629;1853.6413;3026.3036;1853.0814
5742280.0;3016.9727;1850.6771;3017.0381;1854.5073;3019.0821;1855.0998;3022.0277;1856.2846;3018.9538;1852.81;3020.2169;1855.1856;3019.0437;1854.9608;3021.4804;1854.5861;3020.7899;1855.8799;3024.7666;1855.5363
5742300.0;3015.1787;1852.9306;3015.3781;1856.5286;3017.4399;1857.1978;3020.3984;1858.524;3017.4282;1854.9952;3018.6311;1857.2926;3017.5307;1857.1099;3019.895;1856.842;3019.0383;1858.0149;3023.1246;1857.9151
5742320.0;3013.2888;1855.1678;3013.6763;1858.5282;3015.7432;1859.2571;3018.686;1860.7136;3015.8641;1857.159;3016.9977;1859.3556;3015.9462;1859.2225;3018.2231;1859.0368;3017.2363;1860.0612;3021.3936;1860.2222
5742340.0;3011.3925;1857.3967;3011.9604;1860.5328;3014.0196;1861.3032;3016.9264;1862.8603;3014.3028;1859.3112;3015.3468;1861.3789;3014.3205;1861.3181;3016.4925;1861.1783;3015.4162;1862.0513;3019.6006;1862.4653
5742360.0;3009.567;1859.6218;3010.2599;1862.5584;3012.309;1863.3562;3015.1637;1864.9787;3012.7907;1861.458;3013.7098;1863.3686;3012.6872;1863.4106;3014.7403;1863.28;3013.6135;1864.0238;3017.7873;1864.6555
5742380.0;3007.8708;1861.8452;3008.6088;1864.599;3010.6594;1865.4314;3013.4463;1867.087;3011.3733;1863.6038;3012.1223;1865.3321;3011.08;1865.5082;3013.0123;1865.359;3011.861;1866.0098;3016.0054;1866.8095
5742400.0;3006.34;1864.0673;3007.0432;1866.6292;3009.1156;1867.5405;3011.8202;1869.2018;3010.0885;1865.7517;3010.6222;1867.2783;3009.5298;1867.6164;3011.3559;1867.4322;3010.187;1868.0284;3014.3064;1868.9506
5742420.0;3004.988;1866.2879;3005.5916;1868.624;3007.7058;1869.6882;3010.3208;1871.3359;3008.9611;1867.9028;3009.242;1869.2199;3008.0615;1869.7403;3009.8115;1869.5135;3008.6133;1870.0879;3012.7304;1871.1037
5742440.0;3003.8024;1868.5056;3004.2627;1870.5789;3006.4338;1871.8699;3008.968;1873.4986;3007.9967;1870.0571;3007.9971;1871.1745;3006.6916;1871.88;3008.4044;1871.6114;3007.1526;1872.1904;3011.3004;1873.2859
5742460.0;3002.7492;1870.7172;3003.0409;1872.5161;3005.2811;1874.0728;3007.7646;1875.6959;3007.1824;1872.2129;3006.8823;1873.1607;3005.4253;1874.0291;3007.142;1873.7298;3005.8059;1874.3332;3010.0229;1875.5006
5742480.0;3001.7817;1872.918;3001.8938;1874.4705;3004.216;1876.2822;3006.6986;1877.9268;3006.4912;1874.367;3005.8765;1875.1881;3004.2547;1876.1764;3006.016;1875.8701;3004.563;1876.509;3008.8909;1877.7404
5742500.0;3000.8541;1875.1034;3000.7862;1876.4705;3003.2034;1878.4845;3005.7465;1880.1799;3005.8881;1876.5153;3004.951;1877.2515;3003.1596;1878.312;3005.0073;1878.0329;3003.4078;1878.706;3007.8863;1879.9938
5742520.0;2999.9335;1877.2729;2999.6892;1878.5256;3002.2126;1880.6673;3004.8769;1882.4358;3005.3332;1878.6532;3004.0735;1879.3331;3002.1117;1880.4293;3004.0901;1880.2154;3002.3242;1880.9102;3006.979;1882.25
5742540.0;2999.0033;1879.4318;2998.582;1880.6248;3001.2217;1882.8221;3004.0543;1884.6757;3004.7837;1880.7749;3003.2101;1881.4129;3001.0818;1882.5246;3003.2354;1882.4092;3001.2963;1883.1077;3006.1287;1884.4974
5742560.0;2998.059;1881.5887;2997.4515;1882.7414;3000.2183;1884.9468;3003.2429;1886.8885;3004.1961;1882.8734;3002.3286;1883.4758;3000.0474;1884.5957;3002.4125;1884.6004;3000.307;1885.2863;3005.2909;1886.7229
5742580.0;2997.102;1883.7504;2996.2911;1884.8417;2999.1985;1887.0466;3002.4093;1889.0694;3003.5321;1884.942;3001.4046;1885.5116;2998.9967;1886.6415;3001.5905;1886.7736;2999.3364;1887.4379;3004.4251;1888.9144
5742600.0;2996.1358;1885.9169;2995.1004;1886.8937;2998.1605;1889.1242;3001.5242;1891.2131;3002.7604;1886.9728;3000.4216;1887.5096;2997.9249;1888.6598;3000.7389;1888.9151;2998.3606;1889.5584;3003.5006;1891.0633
5742620.0;2995.1636;1888.082;2993.8793;1888.8746;2997.0928;1891.1697;3000.5613;1893.3087;3001.8566;1888.9545;2999.3675;1889.4553;2996.8287;1890.6448;2999.8288;1891.0153;2997.3509;1891.6448;3002.4949;1893.1623
5742640.0;2994.1851;1890.2369;2992.6179;1890.7711;2995.9688;1893.1581;2999.4951;1895.3417;3000.7997;1890.87;2998.2272;1891.3328;2995.7017;1892.587;2998.8325;1893.0665;2996.2735;1893.6885;3001.3891;1895.2016
5742660.0;2993.1939;1892.3743;2991.292;1892.5765;2994.751;1895.0614;2998.2995;1897.2963;2999.5686;1892.6965;2996.9797;1893.129;2994.5319;1894.477;2997.7236;1895.0586;2995.0918;1895.6707;3000.1641;1897.1673
5742680.0;2992.1786;1894.4868;2989.8684;1894.2863;2993.4055;1896.8604;2996.9474;1899.1514;2998.145;1894.4092;2995.5983;1894.8329;2993.3003;1896.3076;2996.4759;1896.9753;2993.7701;1897.5641;2998.8005;1899.0444
5742700.0;2991.1273;1896.5639;2988.3197;1895.8949;2991.9127;1898.5485;2995.4129;1900.8791;2996.5164;1895.9845;2994.0557;1896.4334;2991.9817;1898.0703;2995.0656;1898.7928;2992.2789;1899.3406;2997.2786;1900.8159
5742720.0;2990.0264;1898.5811;2986.6325;1897.3924;2990.2649;1900.1213;2993.6743;1902.4481;2994.6755;1897.3994;2992.3311;1897.9143;2990.547;1899.7479;2993.474;1900.4823;2990.5979;1900.9775;2995.5784;1902.4608
5742740.0;2988.8561;1900.4934;2984.8035;1898.7622;2988.4576;1901.5666;2991.7171;1903.832;2992.617;1898.6322;2990.4166;1899.2553;2988.9688;1901.311;2991.6901;1902.0153;2988.7165;1902.4567;2993.6804;1903.9517
5742760.0;2987.5753;1902.212;2982.8332;1899.9841;2986.4848;1902.8602;2989.5375;1905.0109;2990.3382;1899.662;2988.3183;1900.4353;2987.2253;1902.7215;2989.7104;1903.3646;2986.6319;1903.7591;2991.571;1905.2576
5742780.0;2986.1085;1903.579;2980.7238;1901.0407;2984.3424;1903.9678;2987.1435;1905.9688;2987.8518;1900.4735;2986.0539;1901.4357;2985.3017;1903.9415;2987.5384;1904.5064;2984.347;1904.8592;2989.2477;1906.3473
5742800.0;2984.3534;1904.3819;2978.4859;1901.9251;2982.0343;1904.8486;2984.5549;1906.6905;2985.1919;1901.0583;2983.6459;1902.2403;2983.1906;1904.9388;2985.1853;1905.4189;2981.8728;1905.7286;2986.7216;1907.1963
5742820.0;2982.2208;1904.4397;2976.1394;1902.6388;2979.5747;1905.4662;2981.8007;1907.167;2982.4059;1901.4141;2981.1161;1902.8346;2980.8935;1905.6883;2982.6708;1906.0846;2979.2318;1906.3467;2984.0142;1907.7887
5742840.0;2979.6907;1903.7244;2973.7082;1903.1807;2976.9857;1905.7992;2978.9154;1907.4013;2979.5352;1901.5389;2978.4827;1903.2075;2978.4237;1906.172;2980.0209;1906.492;2976.4564;1906.7051;2981.1527;1908.119
5742860.0;2976.8386;1902.4062;2971.21;1903.5356;2974.2925;1905.8466;2975.9353;1907.4089;2976.6075;1901.4302;2975.7635;1903.3571;2975.8087;1906.3822;2977.2666;1906.6379;2973.5848;1906.8068;2978.1693;1908.1889
5742880.0;2973.8036;1900.7602;2968.6528;1903.6724;2971.5208;1905.621;2972.8953;1907.2075;2973.6425;1901.0931;2972.9782;1903.2908;2973.0873;1906.3219;2974.4414;1906.5262;2970.6548;1906.6602;2975.1004;1908.0048
5742900.0;2970.7265;1899.0193;2966.0406;1903.5556;2968.6957;1905.1362;2969.8268;1906.8056;2970.66;1900.5429;2970.1504;1903.0207;2970.3021;1906.0017;2971.58;1906.1673;2967.7004;1906.273;2971.9865;1907.5722
5742920.0;2967.7073;1897.2891;2963.3827;1903.1583;2965.8441;1904.4029;2966.755;1906.1971;2967.6822;1899.7993;2967.3058;1902.5511;2967.4902;1905.4295;2968.714;1905.5734;2964.7487;1905.6522;2968.8684;1906.8943
5742940.0;2964.7998;1895.56;2960.7011;1902.4703;2962.996;1903.4298;2963.7017;1905.3674;2964.7331;1898.8694;2964.4687;1901.8747;2964.6796;1904.6069;2965.8694;1904.7558;2961.8212;1904.8024;2965.7857;1905.9701
5742960.0;2962.032;1893.764;2958.029;1901.4909;2960.1833;1902.2238;2960.6891;1904.3028;2961.8401;1897.7404;2961.6615;1900.9762;2961.8916;1903.5298;2963.0663;1903.7193;2958.9342;1903.7259;2962.7745;1904.7978
5742980.0;2959.4279;1891.8302;2955.4064;1900.2198;2957.4385;1900.7867;2957.7426;1902.9983;2959.032;1896.389;2958.9053;1899.842;2959.1465;1902.1979;2960.3211;1902.4622;2956.1008;1902.4202;2959.8658;1903.3766
5743000.0;2957.0119;1889.7091;2952.8743;1898.6574;2954.7916;1899.1158;2954.8891;1901.4561;2956.3351;1894.7999;2956.2228;1898.4642;2956.4675;1900.6181;2957.6494;1900.9768;2953.334;1900.8782;2957.0831;1901.7107
5743020.0;2954.8054;1887.3824;2950.4702;1896.8156;2952.2667;1897.2084;2952.1537;1899.6831;2953.7731;1892.9745;2953.639;1896.8422;2953.8795;1898.8039;2955.0692;1899.2568;2950.6518;1899.0901;2954.4426;1899.8087
5743040.0;2952.8162;1884.8565;2948.2239;1894.7223;2949.8807;1895.0651;2949.5594;1897.686;2951.3677;1890.9249;2951.1804;1894.9822;2951.4074;1896.7692;2952.6043;1897.3021;2948.0815;1897.0489;2951.9542;1897.6862
5743060.0;2951.0306;1882.1554;2946.1546;1892.4088;2947.6442;1892.6913;2947.128;1895.4699;2949.1404;1888.6634;2948.8722;1892.8975;2949.0742;1894.527;2950.2833;1895.1213;2945.6557;1894.7537;2949.6256;1895.363
5743080.0;2949.4182;1879.3193;2944.2747;1889.8964;2945.5658;1890.098;2944.881;1893.0374;2947.1053;1886.2006;2946.7353;1890.6049;2946.9004;1892.0904;2948.1329;1892.7271;2943.4051;1892.2097;2947.466;1892.8588
5743100.0;2947.9468;1876.3971;2942.5906;1887.1952;2943.6532;1887.3047;2942.8355;1890.3937;2945.2642;1883.5526;2944.7827;1888.1217;2944.9018;1889.4754;2946.1699;1890.1314;2941.353;1889.43;2945.4878;1890.1849
5743120.0;2946.5999;1873.429;2941.1036;1884.3173;2941.9127;1884.3361;2941.0012;1887.5515;2943.6075;1880.7458;2943.0176;1885.4638;2943.0898;1886.6983;2944.3973;1887.3431;2939.5149;1886.4379;2943.704;1887.3438
5743140.0;2945.3806;1870.4326;2939.8059;1881.2861;2940.3469;1881.2185;2939.3788;1884.5337;2942.1213;1877.8086;2941.4354;1882.649;2941.4724;1883.7749;2942.8065;1884.3732;2937.9006;1883.2682;2942.124;1884.3355
5743160.0;2944.2994;1867.4061;2938.6814;1878.1304;2938.9547;1877.9762;2937.9638;1881.3673;2940.7969;1874.7635;2940.0287;1879.6959;2940.0573;1880.7185;2941.3849;1881.2398;2936.5151;1879.9629;2940.7483;1881.1675
5743180.0;2943.3557;1864.3449;2937.7103;1874.8772;2937.7351;1874.633;2936.7473;1878.0791;2939.6344;1871.6242;2938.792;1876.6227;2938.8513;1877.5406;2940.1216;1877.9692;2935.357;1876.5635;2939.571;1877.8582
5743200.0;2942.5339;1861.2529;2936.8767;1871.5444;2936.6913;1871.2137;2935.7179;1874.6938;2938.6404;1868.403;2937.7251;1873.4444;2937.8558;1874.2521;2939.0122;1874.5893;2934.4147;1873.1046;2938.5811;1874.4346
5743220.0;2941.8103;1858.1452;2936.1739;1868.1419;2935.8309;1867.7431;2934.8614;1871.236;2937.824;1865.114;2936.8311;1870.1739;2937.0622;1870.8671;2938.0567;1871.1253;2933.6682;1869.6106;2937.7678;1870.9275
5743240.0;2941.1669;1855.0418;2935.6074;1864.6768;2935.1607;1864.2439;2934.165;1867.7279;2937.1966;1861.7721;2936.1146;1866.8239;2936.4565;1867.407;2937.2556;1867.5986;2933.098;1866.0957;2937.122;1867.3674
5743260.0;2940.5987;1851.9599;2935.1917;1861.1594;2934.684;1860.7347;2933.6195;1864.1892;2936.7716;1858.3914;2935.5774;1863.4098;2936.0249;1863.9013;2936.6072;1864.03;2932.6959;1862.5659;2936.6416;1863.7807
5743280.0;2940.116;1848.9097;2934.9412;1857.6086;2934.4012;1857.2326;2933.2212;1860.637;2936.5595;1854.9892;2935.2195;1859.9506;2935.7604;1860.3808;2936.1093;1860.4394;2932.4678;1859.0235;2936.3318;1860.1886
5743300.0;2939.7367;1845.8958;2934.8622;1854.0512;2934.3132;1853.7541;2932.9707;1857.0892;2936.5623;1851.5867;2935.0398;1856.4681;2935.6629;1856.8709;2935.761;1856.8449;2932.4264;1855.4743;2936.2047;1856.6094
5743320.0;2939.4868;1842.9243;2934.951;1850.5176;2934.4256;1850.315;2932.8744;1853.5626;2936.7733;1848.2063;2935.0406;1852.9852;2935.7379;1853.3905;2935.5656;1853.2608;2932.5805;1851.933;2936.2736;1853.0636
5743340.0;2939.4004;1840.0067;2935.2021;1847.0346;2934.7488;1846.9276;2932.9429;1850.0706;2937.1851;1844.8669;2935.23;1849.5249;2935.9913;1849.9538;2935.5286;1849.6995;2932.9283;1848.4223;2936.5509;1849.5745
5743360.0;2939.5146;1837.1526;2935.6178;1843.6188;2935.2939;1843.6003;2933.19;1846.6213;2937.7953;1841.5837;2935.6212;1846.1073;2936.4252;1846.5725;2935.6582;1846.1724;2933.4582;1844.9639;2937.0449;1846.1648
5743380.0;2939.8499;1834.3625;2936.2094;1840.2764;2936.0625;1840.3394;2933.627;1843.2192;2938.604;1838.3685;2936.2248;1842.748;2937.035;1843.2554;2935.9643;1842.691;2934.1562;1841.5726;2937.76;1842.8507
5743400.0;2940.3928;1831.6303;2936.9917;1837.0089;2937.0403;1837.1514;2934.2596;1839.8692;2939.6061;1835.2284;2937.0433;1839.4586;2937.8128;1840.0102;2936.4584;1839.2681;2935.0133;1838.2548;2938.6948;1839.6384
5743420.0;2941.1033;1828.9529;2937.9723;1833.8188;2938.2011;1834.041;2935.0861;1836.5789;2940.7884;1832.1664;2938.0667;1836.2497;2938.7529;1836.8456;2937.151;1835.9192;2936.029;1835.0138;2939.8392;1836.5268
5743440.0;2941.9423;1826.3349;2939.1489;1830.7099;2939.5192;1831.0111;2936.1007;1833.3605;2942.1332;1829.1866;2939.2789;1833.1361;2939.8562;1833.7726;2938.0504;1832.6623;2937.2064;1831.8545;2941.174;1833.5127
5743460.0;2942.889;1823.7828;2940.5128;1827.6906;2940.9799;1828.0668;2937.2963;1830.2282;2943.6222;1826.2995;2940.6642;1830.1373;2941.1282;1830.8018;2939.1599;1829.5155;2938.5469;1828.7845;2942.6752;1830.596
5743480.0;2943.9391;1821.3011;2942.0584;1824.7792;2942.5809;1825.2196;2938.6694;1827.1956;2945.2387;1823.5218;2942.2116;1827.2734;2942.5732;1827.9416;2940.4793;1826.4957;2940.0487;1825.8141;2944.3197;1827.7813
5743500.0;2945.0986;1818.8997;2943.7859;1822.0061;2944.3263;1822.4859;2940.22;1824.2735;2946.9719;1820.8716;2943.9138;1824.5595;2944.1888;1825.198;2942.0054;1823.6167;2941.7079;1822.9545;2946.0918;1825.0795
5743520.0;2946.3817;1816.6021;2945.6966;1819.4054;2946.219;1819.8822;2941.9512;1821.4724;2948.8194;1818.3637;2945.7655;1822.0057;2945.9676;1822.5782;2943.7345;1820.8915;2943.5208;1820.2162;2947.984;1822.5074
5743540.0;2947.805;1814.4412;2947.7852;1816.9985;2948.2591;1817.4215;2943.8653;1818.8057;2950.786;1816.0087;2947.7612;1819.618;2947.9019;1820.0937;2945.6617;1818.3328;2945.4849;1817.6109;2949.9942;1820.088
5743560.0;2949.3842;1812.4456;2950.0381;1814.788;2950.4448;1815.116;2945.962;1816.2931;2952.8772;1813.816;2949.8957;1817.4002;2949.9874;1817.7602;2947.778;1815.9528;2947.5984;1815.154;2952.1206;1817.8453
5743580.0;2951.1284;1810.6281;2952.4338;1812.7657;2952.7728;1812.9778;2948.2352;1813.9563;2955.0913;1811.7946;2952.1614;1815.3524;2952.2207;1815.5923;2950.0674;1813.7591;2949.8569;1812.8621;2954.3578;1815.7986
5743600.0;2953.0338;1808.9854;2954.9442;1810.9214;2955.2332;1811.0144;2950.6721;1811.8138;2957.4172;1809.9528;2954.5461;1813.4695;2954.5939;1813.5976;2952.5067;1811.7517;2952.2486;1810.7456;2956.6943;1813.9553
5743620.0;2955.0756;1807.5055;2957.5355;1809.2436;2957.8058;1809.2237;2953.2514;1809.8726;2959.8345;1808.2959;2957.0306;1811.7406;2957.09;1811.7736;2955.0667;1809.9206;2954.7524;1808.8011;2959.1136;1812.3098
5743640.0;2957.2116;1806.1746;2960.1745;1807.7145;2960.4626;1807.5913;2955.9447;1808.1253;2962.3158;1806.826;2959.5919;1810.151;2959.6846;1810.1111;2957.7165;1808.2496;2957.3415;1807.0123;2961.5963;1810.8461
5743660.0;2959.4068;1804.9784;2962.8354;1806.3134;2963.1733;1806.0946;2958.7205;1806.5501;2964.833;1805.5408;2962.2059;1808.685;2962.3506;1808.5987;2960.4272;1806.7185;2959.9907;1805.3575;2964.1232;1809.544
5743680.0;2961.6539;1803.8985;2965.5042;1805.0236;2965.9133;1804.7088;2961.5485;1805.1176;2967.3658;1804.4304;2964.8522;1807.3292;2965.0644;1807.227;2963.1761;1805.3063;2962.6787;1803.8178;2966.6797;1808.3815
5743700.0;2963.9679;1802.9103;2968.1768;1803.8372;2968.6656;1803.416;2964.4031;1803.7983;2969.9089;1803.4721;2967.5171;1806.0742;2967.8088;1805.9878;2965.9469;1803.9938;2965.3891;1802.3807;2969.2569;1807.338
5743720.0;2966.3619;1801.9875;2970.8545;1802.75;2971.4198;1802.2112;2967.2651;1802.57;2972.4677;1802.633;2970.1946;1804.9151;2970.5742;1804.8734;2968.7285;1802.7665;2968.1114;1801.0405;2971.8503;1806.3947
5743740.0;2968.8332;1801.1135;2973.5396;1801.7547;2974.1691;1801.1021;2970.1219;1801.4186;2975.0477;1801.8792;2972.8842;1803.8491;2973.3557;1803.8749;2971.5114;1801.6154;2970.842;1799.797;2974.4567;1805.5376
5743760.0;2971.3623;1800.2869;2976.233;1800.8368;2976.9076;1800.1014;2972.9668;1800.3367;2977.6493;1801.1837;2975.5857;1802.8741;2976.1501;1802.9834;2974.2887;1800.5366;2973.5819;1798.6536;2977.0705;1804.7577
5743780.0;2973.9274;1799.5204;2978.935;1799.9766;2979.6313;1799.2141;2975.7975;1799.3188;2980.2684;1800.5271;2978.2948;1801.9863;2978.9515;1802.1908;2977.0559;1799.5291;2976.333;1797.6129;2979.6846;1804.0509
5743800.0;2976.5159;1798.8341;2981.645;1799.155;2982.3394;1798.4337;2978.6135;1798.3616;2982.9007;1799.8972;2981.0046;1801.1798;2981.7512;1801.491;2979.811;1798.5959;2979.0973;1796.6733;2982.2916;1803.4154
5743820.0;2979.1246;1798.249;2984.362;1798.3603;2985.0327;1797.7475;2981.4148;1797.4636;2985.5436;1799.2883;2983.7099;1800.4485;2984.5393;1800.8778;2982.5544;1797.7444;2981.8764;1795.8288;2984.8877;1802.8521
5743840.0;2981.7501;1797.7783;2987.0841;1797.59;2987.7106;1797.1447;2984.2016;1796.6274;2988.1932;1798.7048;2986.4074;1799.79;2987.3071;1800.3436;2985.2885;1796.9844;2984.6717;1795.0731;2987.4727;1802.3626
5743860.0;2984.3775;1797.4177;2989.8106;1796.8464;2990.3713;1796.6201;2986.9756;1795.8573;2990.8455;1798.1614;2989.0939;1799.2067;2990.0488;1799.8783;2988.0167;1796.3222;2987.4809;1794.4053;2990.0485;1801.9481
5743880.0;2986.9839;1797.1452;2992.5416;1796.1342;2993.0153;1796.1708;2989.7393;1795.1577;2993.5017;1797.6787;2991.7637;1798.7044;2992.7612;1799.4725;2990.7404;1795.7572;2990.2981;1793.8299;2992.6163;1801.6049
5743900.0;2989.5536;1796.9292;2995.2761;1795.4627;2995.6467;1795.794;2992.4947;1794.5332;2996.1718;1797.2708;2994.4109;1798.2876;2995.4432;1799.1194;2993.4561;1795.2822;2993.1148;1793.3518;2995.1747;1801.323
5743920.0;2992.0857;1796.7387;2998.0065;1794.8549;2998.2703;1795.487;2995.2424;1793.9908;2998.8681;1796.9306;2997.0329;1797.9568;2998.0943;1798.8156;2996.1566;1794.8885;2995.9228;1792.9714;2997.7215;1801.0865
5743940.0;2994.591;1796.5503;3000.7148;1794.3528;3000.888;1795.2499;2997.9829;1793.5402;3001.5938;1796.629;2999.6328;1797.7058;3000.7145;1798.56;2998.8352;1794.5706;2998.7149;1792.6836;3000.2556;1800.8795
5743960.0;2997.0867;1796.3523;3003.3765;1794.0063;3003.4981;1795.0868;3000.7186;1793.1904;3004.3357;1796.3326;3002.2171;1797.524;3003.3032;1798.3529;3001.4877;1794.3275;3001.4862;1792.4852;3002.778;1800.69
5743980.0;2999.5937;1796.1497;3005.9725;1793.8451;3006.0987;1795.0061;3003.4541;1792.9457;3007.0712;1796.0233;3004.7916;1797.3997;3005.8606;1798.1951;3004.1139;1794.1626;3004.2343;1792.3812;3005.2911;1800.5145
5744000.0;3002.1315;1795.9626;3008.5037;1793.8557;3008.6891;1795.0197;3006.1926;1792.8079;3009.7815;1795.7039;3007.3575;1797.3283;3008.387;1798.0901;3006.717;1794.0852;3006.9594;1792.3861;3007.7961;1800.3598
5744020.0;3004.7175;1795.8213;3010.9919;1793.9903;3011.2686;1795.1385;3008.9325;1792.7816;3012.4587;1795.3913;3009.9095;1797.3197;3010.885;1798.0454;3009.3021;1794.1083;3009.6616;1792.5186;3010.2915;1800.244
5744040.0;3007.3615;1795.7593;3013.4625;1794.2052;3013.8336;1795.3712;3011.6654;1792.8797;3015.1034;1795.1105;3012.4363;1797.4002;3013.3573;1798.0765;3011.8722;1794.247;3012.3377;1792.7944;3012.7743;1800.1924
5744060.0;3010.0618;1795.8105;3015.9232;1794.4946;3016.3768;1795.7267;3014.3778;1793.1217;3017.7161;1794.9023;3014.9243;1797.6043;3015.8049;1798.2063;3014.4241;1794.5133;3014.9794;1793.2218;3015.2405;1800.2322
5744080.0;3012.7972;1796.0115;3018.3602;1794.8898;3018.8892;1796.2167;3017.0529;1793.5294;3020.2848;1794.8461;3017.3617;1797.962;3018.2246;1798.463;3016.9465;1794.9172;3017.5758;1793.8004;3017.6859;1800.3878
5744100.0;3015.5221;1796.4032;3020.7537;1795.4305;3021.362;1796.8557;3019.6744;1794.1182;3022.7772;1795.0663;3019.7417;1798.4872;3020.6081;1798.8746;3019.4222;1795.4684;3020.1166;1794.5227;3020.1031;1800.6825
5744120.0;3018.1754;1797.0247;3023.0945;1796.1401;3023.7892;1797.6533;3022.2287;1794.8939;3025.146;1795.6942;3022.0598;1799.1761;3022.9442;1799.4645;3021.8336;1796.1791;3022.5949;1795.3781;3022.4802;1801.1387
5744140.0;3020.7028;1797.8972;3025.3849;1797.0205;3026.1656;1798.6116;3024.706;1795.8521;3027.3495;1796.7894;3024.3123;1800.015;3025.2216;1800.2475;3024.1684;1797.0605;3025.0044;1796.3579;3024.8021;1801.7756
5744160.0;3023.0756;1799.0135;3027.6259;1798.0669;3028.4819;1799.7301;3027.1003;1796.9838;3029.3708;1798.2876;3026.4953;1800.9919;3027.4303;1801.2283;3026.4204;1798.1166;3027.3355;1797.4581;3027.0538;1802.6059
5744180.0;3025.294;1800.3435;3029.8067;1799.2804;3030.7229;1801.0113;3029.4085;1798.2788;3031.2221;1800.0339;3028.6064;1802.1038;3029.5612;1802.4013;3028.5871;1799.3398;3029.5726;1798.6803;3029.2226;1803.6351
5744200.0;3027.3711;1801.8564;3031.9053;1800.6713;3032.8697;1802.4583;3031.6308;1799.7279;3032.931;1801.8779;3030.6435;1803.3554;3031.6059;1803.7529;3030.6646;1800.7142;3031.6958;1800.0324;3031.2991;1804.8622
5744220.0;3029.3147;1803.5393;3033.8986;1802.2495;3034.9045;1804.0693;3033.7689;1801.3235;3034.5244;1803.7434;3032.6016;1804.7525;3033.5572;1805.2657;3032.6471;1802.2231;3033.6844;1801.5298;3033.2759;1806.2785
5744240.0;3031.1226;1805.3944;3035.7695;1804.014;3036.8128;1805.8365;3035.8195;1803.0623;3036.0188;1805.6277;3034.4705;1806.2967;3035.4084;1806.9222;3034.5269;1803.8568;3035.5242;1803.1933;3035.1481;1807.8671
5744260.0;3032.7932;1807.4205;3037.5067;1805.9519;3038.5836;1807.7488;3037.7706;1804.9447;3037.4178;1807.5605;3036.2372;1807.9843;3037.1546;1808.7082;3036.297;1805.6135;3037.2099;1805.0408;3036.9137;1809.6059
5744280.0;3034.333;1809.5976;3039.1014;1808.0445;3040.2106;1809.7937;3039.6026;1806.9722;3038.7177;1809.5697;3037.8906;1809.8105;3038.7929;1810.6136;3037.9505;1807.4953;3038.7452;1807.0753;3038.5737;1811.4724
5744300.0;3035.7577;1811.8865;3040.5466;1810.2752;3041.6944;1811.9549;3041.2958;1809.1416;3039.9177;1811.669;3039.4237;1811.77;3040.3228;1812.6302;3039.4814;1809.5014;3040.1378;1809.2777;3040.1302;1813.448
5744320.0;3037.0835;1814.2431;3041.8418;1812.6285;3043.0446;1814.2128;3042.8378;1811.4422;3041.0281;1813.8551;3040.8324;1813.8534;3041.7454;1814.7486;3040.887;1811.6248;3041.3948;1811.6067;3041.5846;1815.5171
5744340.0;3038.3223;1816.6319;3042.9967;1815.0839;3044.2767;1816.5483;3044.2276;1813.8567;3042.0676;1816.108;3042.1134;1816.0458;3043.0627;1816.9568;3042.1719;1813.8504;3042.5221;1814.0101;3042.9352;1817.6657
5744360.0;3039.4828;1819.0316;3044.0276;1817.6164;3045.4065;1818.943;3045.4741;1816.3643;3043.0512;1818.4012;3043.2643;1818.3293;3044.2773;1819.2423;3043.3461;1816.1575;3043.5279;1816.4455;3044.1791;1819.8788
5744380.0;3040.5749;1821.4316;3044.9504;1820.2013;3046.4458;1821.3794;3046.5922;1818.9422;3043.9793;1820.7172;3044.2869;1820.6873;3045.392;1821.5912;3044.4195;1818.5254;3044.4271;1818.899;3045.313;1822.1418
5744400.0;3041.6081;1823.8276;3045.776;1822.8219;3047.4006;1823.84;3047.5973;1821.5682;3044.8411;1823.0553;3045.1875;1823.1055;3046.4072;1823.9879;3045.3927;1820.9397;3045.2396;1821.3846;3046.3341;1824.4416
5744420.0;3042.5869;1826.2203;3046.5106;1825.467;3048.2716;1826.3093;3048.5022;1824.2209;3045.6269;1825.4241;3045.9754;1825.5711;3047.3201;1826.4155;3046.255;1823.3959;3045.9834;1823.9252;3047.2403;1826.7707
5744440.0;3043.5061;1828.6169;3047.154;1828.1277;3049.057;1828.7769;3049.3155;1826.8823;3046.3344;1827.8297;3046.6602;1828.0732;3048.1263;1828.8609;3046.9909;1825.8961;3046.6703;1826.5309;3048.0315;1829.1274
5744460.0;3044.352;1831.0283;3047.7;1830.7951;3049.7544;1831.2392;3050.0429;1829.5402;3046.9652;1830.2686;3047.251;1830.6035;3048.8242;1831.3192;3047.592;1828.4405;3047.3058;1829.1963;3048.7129;1831.5131
5744480.0;3045.1095;1833.4622;3048.1393;1833.4616;3050.3627;1833.6984;3050.6876;1832.1905;3047.5152;1832.7299;3047.7568;1833.155;3049.4177;1833.7909;3048.0654;1831.0215;3047.8929;1831.9105;3049.2974;1833.9262
5744500.0;3045.7729;1835.9158;3048.469;1836.1215;3050.8836;1836.1594;3051.2545;1834.8345;3047.9746;1835.1995;3048.1884;1835.7187;3049.915;1836.2762;3048.436;1833.6242;3048.4318;1834.6645;3049.802;1836.3593
5744520.0;3046.3523;1838.3773;3048.6996;1838.7706;3051.324;1838.6247;3051.7527;1837.474;3048.334;1837.6642;3048.5562;1838.2841;3050.3253;1838.772;3048.7371;1836.2334;3048.9197;1837.4495;3050.2428;1838.8008
5744540.0;3046.8691;1840.833;3048.8532;1841.4069;3051.6955;1841.0937;3052.1941;1840.1069;3048.5947;1840.1146;3048.8684;1840.8425;3050.6567;1841.2733;3048.9971;1838.8398;3049.3518;1840.2542;3050.6296;1841.2405
5744560.0;3047.3405;1843.2747;3048.9548;1844.0323;3052.011;1843.5653;3052.5851;1842.7296;3048.7719;1842.5483;3049.1258;1843.3909;3050.9165;1843.7762;3049.2276;1841.4405;3049.7242;1843.0648;3050.9661;1843.6755
5744580.0;3047.7708;1845.7015;3049.021;1846.6515;3052.2792;1846.038;3052.9212;1845.3402;3048.8868;1844.9688;3049.3172;1845.9295;3051.1114;1846.2784;3049.4207;1844.0365;3050.032;1845.87;3051.251;1846.1096
5744600.0;3048.1542;1848.1157;3049.0542;1849.2654;3052.5009;1848.5097;3053.1866;1847.9394;3048.9547;1847.3815;3049.4181;1848.4567;3051.2442;1848.779;3049.5551;1846.628;3050.2674;1848.6629;3051.4797;1848.5484
5744620.0;3048.4857;1850.5184;3049.0362;1851.8642;3052.667;1850.976;3053.3603;1850.5274;3048.9686;1849.7894;3049.3993;1850.968;3051.311;1851.2772;3049.6072;1849.212;3050.417;1851.4387;3051.6425;1850.9929
5744640.0;3048.7609;1852.9074;3048.9274;1854.4265;3052.7592;1853.4312;3053.42;1853.1014;3048.8901;1852.1909;3049.2392;1853.4584;3051.2984;1853.7722;3049.5549;1851.7821;3050.4628;1854.19;3051.7265;1853.4384
5744660.0;3048.967;1855.2793;3048.6731;1856.926;3052.7512;1855.8686;3053.3449;1855.657;3048.6591;1854.5796;3048.9308;1855.9248;3051.186;1856.2615;3049.3801;1854.3295;3050.3821;1856.9031;3051.7171;1855.8792
5744680.0;3049.0739;1857.6322;3048.2239;1859.3435;3052.6123;1858.2819;3053.1182;1858.1907;3048.2226;1856.9463;3048.4785;1858.3633;3050.9501;1858.7408;3049.0682;1856.8456;3050.1509;1859.5614;3051.6015;1858.3144
5744700.0;3049.0403;1859.9677;3047.5609;1861.6756;3052.3112;1860.6639;3052.7295;1860.7015;3047.5676;1859.2807;3047.8898;1860.7662;3050.5689;1861.2046;3048.6096;1859.324;3049.7493;1862.1535;3051.367;1860.7483
5744720.0;3048.83;1862.2884;3046.704;1863.9366;3051.8202;1863.0048;3052.1741;1863.1894;3046.7251;1861.5773;3047.1701;1863.1252;3050.0271;1863.6479;3048.0;1861.7615;3049.1671;1864.6788;3050.9996;1863.1861
5744740.0;3048.4245;1864.5953;3045.6968;1866.1492;3051.1191;1865.2922;3051.4517;1865.6539;3045.7419;1863.8355;3046.3228;1865.4367;3049.3199;1866.0673;3047.2399;1864.1583;3048.4042;1867.1442;3050.4832;1865.6264
5744760.0;3047.8208;1866.8836;3044.5777;1868.3318;3050.1979;1867.512;3050.565;1868.0928;3044.6492;1866.0563;3045.3485;1867.7021;3048.4515;1868.4584;3046.3322;1866.5155;3047.4676;1869.5556;3049.8032;1868.0594
5744780.0;3047.0206;1869.1414;3043.3615;1870.4867;3049.0598;1869.6535;3049.5178;1870.5013;3043.454;1868.2337;3044.2453;1869.9219;3047.4309;1870.8136;3045.2823;1868.8333;3046.3669;1871.9102;3048.9479;1870.469
5744800.0;3046.0235;1871.3498;3042.0401;1872.6002;3047.7198;1871.71;3048.3124;1872.8704;3042.1507;1870.3522;3043.01;1872.0882;3046.2651;1873.1201;3044.0945;1871.1051;3045.1129;1874.1987;3047.9109;1872.8382
5744820.0;3044.8297;1873.4857;3040.5956;1874.6495;3046.1988;1873.6764;3046.949;1875.1864;3040.7337;1872.3914;3041.6419;1874.1859;3044.9572;1875.3624;3042.7715;1873.3169;3043.717;1876.4115;3046.6895;1875.1515
5744840.0;3043.4451;1875.5223;3039.0125;1876.6108;3044.5185;1875.5457;3045.427;1877.4317;3039.2011;1874.3319;3040.1422;1876.1974;3043.5082;1877.5246;3041.3116;1875.4478;3042.19;1878.5434;3045.2852;1877.3957
5744860.0;3041.8811;1877.4295;3037.2814;1878.4624;3042.6977;1877.3079;3043.747;1879.5875;3037.5502;1876.1586;3038.5136;1878.1097;3041.9206;1879.5922;3039.7104;1877.4748;3040.5385;1880.5901;3043.7022;1879.5581
5744880.0;3040.1481;1879.1731;3035.3999;1880.1851;3040.7495;1878.9512;3041.9087;1881.633;3035.776;1877.8563;3036.7579;1879.9121;3040.1953;1881.5502;3037.9622;1879.3754;3038.7628;1882.542;3041.9468;1881.6258
5744900.0;3038.253;1880.7187;3033.3724;1881.761;3038.6797;1880.461;3039.91;1883.5434;3033.8714;1879.4073;3034.8762;1881.5907;3038.3288;1883.3802;3036.0627;1881.1274;3036.8564;1884.378;3040.0252;1883.5832
5744920.0;3036.2035;1882.0368;3031.2094;1883.1726;3036.4861;1881.8212;3037.7472;1885.2873;3031.8302;1880.7958;3032.8691;1883.123;3036.3133;1885.0579;3034.0104;1882.7086;3034.8089;1886.0678;3037.9428;1885.4107
5744940.0;3034.0166;1883.1107;3028.924;1884.3999;3034.1642;1883.0151;3035.4186;1886.8301;3029.6511;1882.0116;3030.7371;1884.4812;3034.1417;1886.5562;3031.8077;1884.1;3032.61;1887.5754;3035.7035;1887.0829
5744960.0;3031.7182;1883.9353;3026.5269;1885.4231;3031.7132;1884.0291;3032.9268;1888.1386;3027.3391;1883.0515;3028.4817;1885.6409;3031.812;1887.8478;3029.4613;1885.289;3030.2543;1888.8669;3033.3115;1888.5711
5744980.0;3029.3343;1884.5129;3024.0265;1886.227;3029.1396;1884.8542;3030.2816;1889.1878;3024.9047;1883.9146;3026.1067;1886.589;3029.329;1888.9093;3026.9832;1886.2704;3027.7443;1889.9156;3030.7723;1889.8453
5745000.0;3026.881;1884.8454;3021.4338;1886.8045;3026.4562;1885.4853;3027.5018;1889.9621;3022.3632;1884.5955;3023.6192;1887.3206;3026.7017;1889.7217;3024.389;1887.0401;3025.0925;1890.7075;3028.0938;1890.879
5745020.0;3024.367;1884.9356;3018.7659;1887.1524;3023.68;1885.9203;3024.6134;1890.4576;3019.7358;1885.0808;3021.0312;1887.8342;3023.9437;1890.2722;3021.6968;1887.5911;3022.3192;1891.2398;3025.2859;1891.6501
5745040.0;3021.8031;1884.7914;3016.0417;1887.2696;3020.8303;1886.1584;3021.644;1890.6815;3017.0504;1885.3461;3018.3587;1888.1262;3021.0744;1890.5559;3018.9231;1887.9145;3019.4483;1891.5173;3022.3624;1892.1403
5745060.0;3019.2073;1884.4292;3013.2773;1887.1568;3017.9267;1886.1956;3018.6184;1890.6498;3014.3387;1885.361;3015.6194;1888.1933;3018.1196;1890.5781;3016.082;1888.0067;3016.5037;1891.5463;3019.3418;1892.3344
5745080.0;3016.5964;1883.8671;3010.4838;1886.8203;3014.9864;1886.0243;3015.5571;1890.379;3011.6244;1885.1013;3012.83;1888.0337;3015.1072;1890.3511;3013.1857;1887.8696;3013.5067;1891.3308;3016.2475;1892.2241
5745100.0;3013.9778;1883.1181;3007.6705;1886.2724;3012.021;1885.6341;3012.4779;1889.8804;3008.9149;1884.5622;3010.0046;1887.6499;3012.0621;1889.8925;3010.2459;1887.5082;3010.4755;1890.8716;3013.1047;1891.812
5745120.0;3011.3533;1882.1864;3004.8484;1885.5284;3009.0387;1885.0196;3009.3954;1889.1585;3006.2051;1883.7599;3007.1555;1887.0466;3009.0021;1889.221;3007.2747;1886.9235;3007.4254;1890.1687;3009.9377;1891.1136
5745140.0;3008.7289;1881.0729;3002.03;1884.603;3006.047;1884.1827;3006.3205;1888.2166;3003.4926;1882.7209;3004.2947;1886.2291;3005.9393;1888.3549;3004.2842;1886.1134;3004.3672;1889.2259;3006.7669;1890.1505
5745160.0;3006.1192;1879.7792;2999.2274;1883.5054;3003.0558;1883.1311;3003.2608;1887.0608;3000.7891;1881.466;3001.4354;1885.2004;3002.8828;1887.3075;3001.2862;1885.0775;3001.3077;1888.0527;3003.6102;1888.945
5745180.0;3003.5424;1878.3122;2996.4521;1882.2353;3000.0767;1881.8711;3000.2237;1885.7029;2998.1163;1880.0023;2998.5912;1883.9632;2999.8416;1886.0853;2998.2923;1883.8226;2998.2494;1886.6647;3000.4826;1887.5168
5745200.0;3001.014;1876.682;2993.7172;1880.7834;2997.1221;1880.4049;2997.218;1884.1572;2995.4926;1878.3308;2995.7748;1882.5215;2996.8243;1884.6878;2995.3153;1882.3616;2995.1948;1885.0798;2997.3969;1885.8847
5745220.0;2998.5444;1874.8981;2991.0371;1879.1365;2994.2024;1878.7362;2994.2516;1882.4371;2992.9235;1876.4581;2992.9963;1880.885;2993.8391;1883.1125;2992.369;1880.7103;2992.1516;1883.3142;2994.363;1884.0667
5745240.0;2996.1398;1872.965;2988.4246;1877.2867;2991.3272;1876.8756;2991.3312;1880.5509;2990.4037;1874.4038;2990.2617;1879.0669;2990.8934;1881.3588;2989.4667;1878.8832;2989.1367;1881.3795;2991.388;1882.0798
5745260.0;2993.8019;1870.8855;2985.8875;1875.2363;2988.5078;1874.8414;2988.4618;1878.5028;2987.9282;1872.1948;2987.5748;1877.0826;2987.9943;1879.4325;2986.6183;1876.8927;2986.1751;1879.2821;2988.4779;1879.9371
5745280.0;2991.5293;1868.6648;2983.4289;1872.9991;2985.7583;1872.6558;2985.6501;1876.2963;2985.4999;1869.8542;2984.9398;1874.9456;2985.1497;1877.3457;2983.831;1874.7489;2983.2953;1877.0247;2985.6395;1877.6478
5745300.0;2989.321;1866.3113;2981.0527;1870.5932;2983.0935;1870.3388;2982.9053;1873.9398;2983.129;1867.3987;2982.365;1872.6683;2982.3689;1875.1138;2981.1105;1872.4593;2980.522;1874.6076;2982.8828;1875.2167
5745320.0;2987.183;1863.8287;2978.7669;1868.0371;2980.5252;1867.9051;2980.2378;1871.4452;2980.8291;1864.8402;2979.8645;1870.2619;2979.6637;1872.7488;2978.464;1870.0282;2977.8722;1872.0317;2980.2205;1872.6463
5745340.0;2985.1292;1861.2154;2976.5826;1865.347;2978.0615;1865.3618;2977.6571;1868.8244;2978.6174;1862.1863;2977.4551;1867.7372;2977.05;1870.2562;2975.9017;1867.4578;2975.3543;1869.3008;2977.6675;1869.9386
5745360.0;2983.1773;1858.4724;2974.511;1862.5359;2975.7102;1862.7078;2975.1714;1866.0843;2976.5152;1859.4395;2975.1548;1865.1024;2974.5481;1867.6354;2973.4372;1864.7503;2972.9718;1866.4216;2975.2385;1867.0979
5745380.0;2981.3444;1855.6124;2972.5627;1859.6118;2973.4822;1859.9347;2972.7893;1863.2277;2974.5461;1856.5981;2972.9806;1862.3615;2972.18;1864.8856;2971.0867;1861.9106;2970.7288;1863.4041;2972.9487;1864.1307
5745400.0;2979.6474;1852.6538;2970.7483;1856.5776;2971.393;1857.0314;2970.5236;1860.2555;2972.7288;1853.6598;2970.9514;1859.5141;2969.9664;1862.0076;2968.8682;1858.947;2968.6318;1860.2586;2970.8113;1861.0441
5745420.0;2978.1061;1849.6096;2969.0802;1853.4356;2969.4617;1853.9901;2968.3924;1857.1718;2971.0763;1850.6252;2969.0878;1856.558;2967.9246;1859.0042;2966.7982;1855.87;2966.6897;1856.9939;2968.8376;1857.8436
5745440.0;2976.7427;1846.4845;2967.5737;1850.1923;2967.7101;1850.8125;2966.4189;1853.9827;2969.6019;1847.4977;2967.4135;1853.4926;2966.0719;1855.8786;2964.8894;1852.6905;2964.9114;1853.6179;2967.036;1854.5341
5745460.0;2975.5755;1843.2852;2966.2472;1846.8611;2966.1598;1847.5112;2964.6275;1850.6957;2968.3215;1844.2846;2965.951;1850.3217;2964.4265;1852.6386;2963.1507;1849.4188;2963.3037;1850.1406;2965.4144;1851.1237
5745480.0;2974.6129;1840.0315;2965.1179;1843.4607;2964.8262;1844.108;2963.0408;1847.3176;2967.2515;1841.0001;2964.7186;1847.055;2963.0066;1849.3022;2961.5888;1846.0648;2961.8722;1846.5765;2963.9803;1847.626
5745500.0;2973.8495;1836.7565;2964.1931;1840.0131;2963.7148;1840.6299;2961.6745;1843.8553;2966.4017;1837.6663;2963.7248;1843.7088;2961.8265;1845.8972;2960.2084;1842.6392;2960.6223;1842.9429;2962.741;1844.0589
5745520.0;2973.2701;1833.4962;2963.4685;1836.5415;2962.8219;1837.1053;2960.5367;1840.3181;2965.7724;1834.3104;2962.967;1840.3062;2960.8942;1842.4522;2959.0117;1839.152;2959.561;1839.2551;2961.7007;1840.4407
5745540.0;2972.8544;1830.2781;2962.9355;1833.0672;2962.1385;1833.56;2959.6274;1836.7198;2965.3551;1830.9595;2962.4344;1836.874;2960.2082;1838.9886;2957.9952;1835.6122;2958.6955;1835.527;2960.8623;1836.7889
5745560.0;2972.582;1827.117;2962.5892;1829.6063;2961.6522;1830.0143;2958.9416;1833.0798;2965.1328;1827.6355;2962.114;1833.4375;2959.7572;1835.5198;2957.1533;1832.0284;2958.0291;1831.7727;2960.2265;1833.1199
5745580.0;2972.4327;1824.0158;2962.4274;1826.1706;2961.35;1826.4824;2958.4701;1829.4219;2965.0795;1824.3529;2961.993;1830.0171;2959.5208;1832.0559;2956.481;1828.4116;2957.5583;1828.008;2959.7931;1829.4507
5745600.0;2972.3847;1820.9695;2962.4439;1822.7715;2961.2201;1822.9755;2958.2012;1825.7704;2965.1631;1821.1205;2962.0567;1826.63;2959.4773;1828.6065;2955.9787;1824.7767;2957.276;1824.2509;2959.5591;1825.7977
5745620.0;2972.41;1817.9705;2962.6283;1819.425;2961.2552;1819.507;2958.1215;1822.1447;2965.356;1817.9422;2962.2852;1823.2922;2959.6085;1825.1808;2955.6499;1821.1417;2957.1768;1820.5222;2959.5201;1822.1758
5745640.0;2972.4804;1815.0142;2962.9757;1816.1516;2961.4518;1816.0924;2958.2199;1818.5552;2965.6454;1814.8193;2962.6579;1820.0183;2959.9037;1821.7877;2955.5006;1817.5251;2957.2607;1816.8416;2959.67;1818.5983
5745660.0;2972.5772;1812.1045;2963.4912;1812.9718;2961.809;1812.7454;2958.49;1815.0044;2966.0341;1811.7513;2963.1583;1816.8175;2960.3579;1818.4355;2955.5358;1813.9424;2957.5345;1813.2243;2960.0039;1815.0781
5745680.0;2972.7032;1809.2537;2964.1831;1809.9009;2962.3296;1809.4735;2958.9335;1811.494;2966.5313;1808.7381;2963.7778;1813.6929;2960.9697;1815.1308;2955.7613;1810.4063;2958.0074;1809.6806;2960.5188;1811.6279
5745700.0;2972.8788;1806.4739;2965.0526;1806.9472;2963.0237;1806.2835;2959.5583;1808.0329;2967.1415;1805.7873;2964.5143;1810.6435;2961.7387;1811.8794;2956.1841;1806.9295;2958.6873;1806.2216;2961.2162;1808.26
5745720.0;2973.1202;1803.7728;2966.0939;1804.1177;2963.9084;1803.1893;2960.3765;1804.6407;2967.8635;1802.9162;2965.3723;1807.669;2962.6665;1808.6921;2956.8153;1803.5285;2959.5768;1802.8623;2962.1007;1804.9859
5745740.0;2973.4139;1801.1537;2967.3044;1801.4249;2965.0014;1800.2144;2961.3977;1801.3449;2968.6975;1800.1489;2966.3603;1804.7733;2963.7556;1805.5873;2957.6689;1800.2235;2960.6745;1799.6186;2963.1773;1801.8187
5745760.0;2973.7141;1798.6247;2968.6883;1798.8883;2966.3124;1797.3872;2962.6259;1798.1766;2969.6537;1797.5067;2967.4899;1801.9668;2965.0108;1802.5897;2958.7587;1797.0382;2961.9764;1796.5046;2964.446;1798.774
5745780.0;2973.9669;1796.2021;2970.2499;1796.5251;2967.8403;1794.7358;2964.0595;1795.1655;2970.7544;1795.0001;2968.7721;1799.2677;2966.4373;1799.7246;2960.0924;1793.9982;2963.4793;1793.5362;2965.903;1795.8711
5745800.0;2974.1467;1793.9072;2971.9817;1794.3417;2969.5755;1792.2852;2965.696;1792.3395;2972.0257;1792.631;2970.2167;1796.7033;2968.0388;1797.0156;2961.6684;1791.1332;2965.1814;1790.7389;2967.5425;1793.1307
5745820.0;2974.2738;1791.7583;2973.8626;1792.3325;2971.5026;1790.0555;2967.5328;1789.7249;2973.4869;1790.3974;2971.8309;1794.3064;2969.814;1794.4833;2963.4755;1788.4756;2967.0829;1788.1515;2969.3606;1790.575
5745840.0;2974.3993;1789.7667;2975.8652;1790.485;2973.6015;1788.0566;2969.5639;1787.3469;2975.1404;1788.2993;2973.6182;1792.1091;2971.7547;1792.1435;2965.4973;1786.0565;2969.1814;1785.8181;2971.3528;1788.2258
5745860.0;2974.5759;1787.9372;2977.9671;1788.7857;2975.8469;1786.2829;2971.7732;1785.2253;2976.9711;1786.3411;2975.5744;1790.133;2973.8459;1790.0052;2967.7125;1783.8991;2971.4658;1783.7735;2973.5096;1786.1036
5745880.0;2974.8411;1786.2738;2980.155;1787.2224;2978.2091;1784.7144;2974.1352;1783.3694;2978.9535;1784.5331;2977.6868;1788.3831;2976.0683;1788.0707;2970.0943;1782.0166;2973.9138;1782.0309;2975.8131;1784.2222
5745900.0;2975.2164;1784.7828;2982.4215;1785.7836;2980.6577;1783.3246;2976.6191;1781.7744;2981.0656;1782.8864;2979.9346;1786.8479;2978.401;1786.3368;2972.6095;1780.4101;2976.4985;1780.5807;2978.2402;1782.5863
5745920.0;2975.7101;1783.4662;2984.7593;1784.4592;2983.1669;1782.0902;2979.1973;1780.4246;2983.2964;1781.4065;2982.2934;1785.5054;2980.8238;1784.7966;2975.2238;1779.0683;2979.1949;1779.398;2980.7662;1781.1889
5745940.0;2976.3157;1782.3083;2987.1585;1783.2405;2985.7202;1780.9943;2981.8478;1779.2967;2985.6409;1780.0875;2984.7398;1784.3298;2983.319;1783.4404;2977.9077;1777.9675;2981.9794;1778.4519;2983.3685;1780.0138
5745960.0;2977.0171;1781.272;2989.6109;1782.125;2988.3095;1780.0235;2984.5549;1778.3634;2988.0933;1778.9164;2987.2544;1783.2982;2985.8742;1782.2611;2980.6411;1777.0777;2984.8264;1777.7112;2986.0277;1779.0378
5745980.0;2977.8141;1780.3205;2992.1144;1781.1184;2990.9318;1779.1668;2987.3059;1777.5953;2990.6417;1777.8833;2989.8216;1782.3927;2988.4816;1781.2556;2983.4122;1776.3695;2987.7089;1777.1486;2988.7295;1778.2353
5746000.0;2978.7696;1779.4461;2994.6719;1780.2329;2993.5852;1778.4169;2990.0905;1776.9658;2993.2709;1776.9899;2992.4301;1781.604;2991.1366;1780.4254;2986.2139;1775.8217;2990.6055;1776.7401;2991.4643;1777.5811
5746020.0;2980.0432;1778.6688;2997.2842;1779.4811;2996.2671;1777.7749;2992.9003;1776.4563;2995.9648;1776.248;2995.0705;1780.933;2993.8345;1779.7698;2989.0399;1775.4214;2993.5063;1776.4645;2994.2255;1777.0561
5746040.0;2981.8623;1778.0105;2999.9434;1778.8731;2998.9762;1777.2496;2995.7311;1776.0596;2998.7084;1775.6697;2997.7348;1780.3912;2996.5695;1779.2848;2991.8837;1775.1634;2996.4107;1776.3015;2997.0075;1776.6513
5746060.0;2984.4111;1777.471;3002.6339;1778.4187;3001.7131;1776.8534;2998.5824;1775.7761;3001.4874;1775.262;3000.4153;1779.9938;2999.3343;1778.9626;2994.7396;1775.0449;2999.3221;1776.2326;2999.8075;1776.3705
5746080.0;2987.7085;1777.039;3005.3389;1778.1305;3004.4791;1776.5968;3001.4558;1775.6117;3004.2877;1775.0271;3003.1049;1779.753;3002.1187;1778.7981;2997.6059;1775.0643;3002.2409;1776.2435;3002.6255;1776.2249
5746100.0;2991.5733;1776.7177;3008.0427;1778.0253;3007.2723;1776.4889;3004.3507;1775.5758;3007.0947;1774.9696;3005.7969;1779.6752;3004.909;1778.7934;3000.4832;1775.2187;3005.1613;1776.3303;3005.4605;1776.2288
5746120.0;2995.7147;1776.5319;3010.728;1778.1225;3010.0808;1776.5425;3007.2619;1775.6848;3009.8922;1775.1009;3008.4832;1779.7668;3007.6863;1778.9604;3003.3696;1775.5068;3008.0706;1776.5054;3008.3043;1776.3943
5746140.0;2999.86;1776.5006;3013.3717;1778.4438;3012.8801;1776.7823;3010.1772;1775.9612;3012.6601;1775.4372;3011.1511;1780.0391;3010.427;1779.3182;3006.2562;1775.9316;3010.9519;1776.8007;3011.139;1776.7342
5746160.0;3003.8311;1776.6062;3015.9449;1779.0099;3015.6342;1777.2433;3013.0773;1776.43;3015.3718;1775.9968;3013.7796;1780.508;3013.1048;1779.8875;3009.1255;1776.5055;3013.7857;1777.2627;3013.9397;1777.2631
5746180.0;3007.557;1776.7956;3018.4175;1779.8331;3018.3042;1777.9564;3015.9356;1777.1107;3017.9932;1776.7955;3016.3406;1781.1876;3015.6932;1780.6826;3011.9531;1777.2488;3016.5496;1777.9388;3016.677;1777.9954
5746200.0;3011.0484;1777.0103;3020.7638;1780.9103;3020.8557;1778.9321;3018.7199;1778.0137;3020.4864;1777.8418;3018.8029;1782.0852;3018.1677;1781.704;3014.7086;1778.1841;3019.2166;1778.8641;3019.3209;1778.9394
5746220.0;3014.3551;1777.2232;3022.9656;1782.2202;3023.2604;1780.1565;3021.3951;1779.1386;3022.8182;1779.1308;3021.1384;1783.1971;3020.5081;1782.9364;3017.3591;1779.3274;3021.7576;1780.0517;3021.8414;1780.094
5746240.0;3017.5247;1777.4461;3025.0117;1783.7272;3025.497;1781.6015;3023.9267;1780.4772;3024.9658;1780.6447;3023.3244;1784.5083;3022.699;1784.3519;3019.8733;1780.6831;3024.1453;1781.494;3024.2115;1781.4486
5746260.0;3020.5775;1777.7133;3026.8952;1785.392;3027.55;1783.2374;3026.2858;1782.016;3026.9176;1782.3588;3025.3453;1785.9932;3024.7319;1785.9174;3022.2266;1782.241;3026.3591;1783.1695;3026.4087;1782.9864
5746280.0;3023.5037;1778.0561;3028.6129;1787.1813;3029.4137;1785.0363;3028.4516;1783.7386;3028.6717;1784.2442;3027.1926;1787.6214;3026.6052;1787.6024;3024.4017;1783.9765;3028.3863;1785.0502;3028.4177;1784.6865
5746300.0;3026.2688;1778.4922;3030.1661;1789.0718;3031.091;1786.9716;3030.4136;1785.6285;3030.2366;1786.2665;3028.866;1789.366;3028.3228;1789.3808;3026.3898;1785.8561;3030.22;1787.1054;3030.232;1786.5264
5746320.0;3028.8271;1779.0355;3031.563;1791.046;3032.5904;1789.0165;3032.1698;1787.6701;3031.6356;1788.3851;3030.3736;1791.2097;3029.8908;1791.2317;3028.1917;1787.8464;3031.8578;1789.3055;3031.8545;1788.4828
5746340.0;3031.1378;1779.7182;3032.8167;1793.0875;3033.9234;1791.1461;3033.725;1789.8465;3032.9038;1790.5632;3031.7294;1793.1421;3031.3147;1793.1373;3029.8195;1789.9202;3033.3048;1791.6223;3033.2963;1790.5337
5746360.0;3033.1782;1780.6076;3033.9389;1795.1798;3035.1041;1793.3397;3035.0883;1792.1382;3034.0777;1792.7793;3032.9488;1795.1533;3032.6003;1795.0855;3031.2913;1792.0565;3034.5763;1794.0284;3034.5749;1792.6593
5746380.0;3034.9545;1781.7805;3034.9342;1797.3102;3036.1507;1795.5821;3036.2727;1794.5222;3035.1798;1795.0257;3034.0445;1797.2284;3033.756;1797.0704;3032.6261;1794.2362;3035.6973;1796.4943;3035.7117;1794.8438
5746400.0;3036.5167;1783.2585;3035.7992;1799.4721;3037.0848;1797.8623;3037.2955;1796.9746;3036.2128;1797.3;3035.0219;1799.3509;3034.7916;1799.0927;3033.839;1796.4421;3036.6942;1798.9885;3036.7286;1797.0747
5746420.0;3037.9688;1784.952;3036.5268;1801.6653;3037.9275;1800.1714;3038.1772;1799.4726;3037.1624;1799.5977;3035.8799;1801.508;3035.7153;1801.1552;3034.9419;1798.662;3037.5869;1801.4818;3037.6407;1799.3431
5746440.0;3039.4445;1786.6784;3037.1118;1803.8935;3038.6932;1802.5025;3038.9377;1801.9958;3038.0044;1801.9122;3036.6116;1803.6926;3036.527;1803.2605;3035.9409;1800.8915;3038.3852;1803.9557;3038.4538;1801.6438
5746460.0;3041.0457;1788.265;3037.5513;1806.1625;3039.381;1804.8522;3039.5933;1804.5267;3038.7113;1804.2385;3037.2094;1805.902;3037.2182;1805.4075;3036.8339;1803.1351;3039.0915;1806.4058;3039.1617;1803.9777
5746480.0;3042.7915;1789.6443;3037.8447;1808.4773;3039.9735;1807.2204;3040.1529;1807.0551;3039.2566;1806.576;3037.6658;1808.1359;3037.7736;1807.5928;3037.6056;1805.4035;3039.702;1808.8406;3039.7496;1806.3521
5746500.0;3044.6228;1790.8643;3037.9941;1810.8385;3040.4393;1809.6083;3040.6176;1809.5808;3039.6218;1808.9276;3037.9748;1810.3941;3038.1768;1809.8124;3038.2312;1807.71;3040.2051;1811.2754;3040.1963;1808.7775
5746520.0;3046.4461;1792.0257;3038.0033;1813.2396;3040.7412;1812.0164;3040.9781;1812.1122;3039.7983;1811.2992;3038.1296;1812.6748;3038.4135;1812.0649;3038.6826;1810.064;3040.5791;1813.726;3040.4805;1811.2584
5746540.0;3048.1632;1793.2123;3037.8758;1815.6684;3040.8476;1814.4425;3041.2167;1814.661;3039.7848;1813.695;3038.1259;1814.9735;3038.4741;1814.3501;3038.9389;1812.4667;3040.7987;1816.2019;3040.5852;1813.7862
5746560.0;3049.6705;1794.458;3037.6122;1818.1125;3040.7406;1816.8802;3041.3118;1817.2355;3039.5816;1816.1143;3037.965;1817.2847;3038.3569;1816.6655;3038.9901;1814.9118;3040.8453;1818.7027;3040.5028;1816.3418
5746580.0;3050.853;1795.7512;3037.2105;1820.5618;3040.4211;1819.3173;3041.247;1819.8365;3039.1913;1818.5491;3037.656;1819.6047;3038.0707;1819.004;3038.8391;1817.3897;3040.7154;1821.218;3040.2355;1818.9051
5746600.0;3051.6068;1797.063;3036.6691;1823.0068;3039.9062;1821.74;3041.0185;1822.4555;3038.6229;1820.9854;3037.2113;1821.9328;3037.6327;1821.3581;3038.4994;1819.891;3040.4163;1823.7335;3039.7951;1821.4636
5746620.0;3051.8859;1798.3799;3035.9878;1825.4343;3039.2211;1824.1395;3040.6366;1825.0791;3037.8953;1823.4084;3036.6406;1824.2664;3037.0641;1823.723;3037.9924;1822.4057;3039.958;1826.2377;3039.2008;1824.0104
5746640.0;3051.7264;1799.7192;3035.1675;1827.8295;3038.3906;1826.5157;3040.1203;1827.6929;3037.0326;1825.8091;3035.9487;1826.5972;3036.3835;1826.0956;3037.3428;1824.9207;3039.3478;1828.7241;3038.4761;1826.5362
5746660.0;3051.2172;1801.1247;3034.2129;1830.1805;3037.4368;1828.8738;3039.4885;1830.2848;3036.0587;1828.1872;3035.1385;1828.9122;3035.602;1828.4694;3036.5736;1827.4205;3038.5919;1831.19;3037.6411;1829.0278
5746680.0;3050.4411;1802.6623;3033.1359;1832.4845;3036.3801;1831.2186;3038.7529;1832.844;3034.9957;1830.547;3034.2137;1831.2002;3034.7214;1830.8324;3035.703;1829.8923;3037.6992;1833.634;3036.7087;1831.4734
5746700.0;3049.4289;1804.4296;3031.9573;1834.7452;3035.2392;1833.5499;3037.9169;1835.3599;3033.8625;1832.8903;3033.1809;1833.4585;3033.7387;1833.1717;3034.7431;1832.3303;3036.6822;1836.055;3035.6829;1833.8694
5746720.0;3048.1587;1806.5516;3030.6996;1836.9676;3034.0306;1835.8619;3036.9795;1837.8249;3032.6731;1835.2152;3032.0478;1835.6906;3032.6518;1835.4795;3033.6995;1834.7337;3035.554;1838.4504;3034.5625;1836.2198
5746740.0;3046.5911;1809.1341;3029.3765;1839.1495;3032.764;1838.1444;3035.94;1840.238;3031.4311;1837.5196;3030.8238;1837.8986;3031.4645;1837.7534;3032.5729;1837.1029;3034.326;1840.8148;3033.345;1838.5296
5746760.0;3044.7186;1812.1964;3027.9878;1841.2808;3031.4406;1840.3836;3034.7985;1842.6039;3030.1284;1839.803;3029.5176;1840.0781;3030.184;1839.9915;3031.3613;1839.4352;3033.0059;1843.1406;3032.0311;1840.7983
5746780.0;3042.5913;1815.6371;3026.5262;1843.3474;3030.0532;1842.5678;3033.5548;1844.9278;3028.7498;1842.0613;3028.1366;1842.2185;3028.8182;1842.1898;3030.0639;1841.726;3031.5971;1845.419;3030.6259;1843.0194
5746800.0;3040.3116;1819.2704;3024.985;1845.3394;3028.5893;1844.6922;3032.206;1847.2081;3027.2831;1844.2829;3026.6835;1844.309;3027.3733;1844.3457;3028.6815;1843.9701;3030.0973;1847.6418;3029.1377;1845.1866
5746820.0;3037.9926;1822.9012;3023.3605;1847.2538;3027.0382;1846.7584;3030.7467;1849.4354;3025.7268;1846.4505;3025.1585;1846.3433;3025.8561;1846.4602;3027.2167;1846.1625;3028.4999;1849.8024;3027.5728;1847.2985
5746840.0;3035.7141;1826.3846;3021.6476;1849.0923;3025.3938;1848.7687;3029.17;1851.5964;3024.0893;1848.5487;3023.5614;1848.3195;3024.272;1848.5334;3025.6705;1848.2984;3026.7977;1851.8964;3025.9319;1849.3575
5746860.0;3033.5011;1829.6339;3019.8372;1850.8574;3023.6537;1850.7197;3027.4687;1853.682;3022.3799;1850.5698;3021.8917;1850.2364;3022.623;1850.5591;3024.0413;1850.375;3024.9881;1853.9218;3024.2105;1851.3647
5746880.0;3031.3338;1832.6046;3017.9196;1852.5488;3021.8174;1852.6033;3025.6366;1855.6902;3020.6007;1852.5147;3020.1445;1852.0895;3020.9033;1852.5257;3022.3256;1852.3934;3023.0755;1855.8779;3022.4032;1853.3154
5746900.0;3029.1713;1835.2876;3015.8899;1854.1619;3019.8836;1854.413;3023.6701;1857.6242;3018.7466;1854.3898;3018.3079;1853.8705;3019.1006;1854.4231;3020.5206;1854.356;3021.0712;1857.7649;3020.507;1855.2021
5746920.0;3026.975;1837.7081;3013.7515;1855.6867;3017.8515;1856.1476;3021.5718;1859.488;3016.8117;1856.201;3016.3677;1855.5694;3017.2008;1856.2469;3018.625;1856.2633;3018.989;1859.585;3018.523;1857.0216
5746940.0;3024.717;1839.9172;3011.5147;1857.11;3015.7231;1857.8107;3019.3537;1861.2847;3014.7935;1857.9467;3014.3165;1857.1766;3015.1947;1857.9974;3016.6412;1858.1142;3016.8437;1861.3437;3016.4562;1858.7792
5746960.0;3022.3834;1841.9698;3009.1929;1858.423;3013.5053;1859.4077;3017.0366;1863.0181;3012.6924;1859.6188;3012.158;1858.6854;3013.0814;1859.6746;3014.5743;1859.9101;3014.6487;1863.0483;3014.3152;1860.4867
5746980.0;3019.9724;1843.9074;3006.8011;1859.6282;3011.21;1860.9459;3014.6444;1864.6956;3010.5081;1861.2114;3009.9042;1860.0942;3010.8687;1861.277;3012.4326;1861.6571;3012.4152;1864.7074;3012.1094;1862.1556
5747000.0;3017.4923;1845.7544;3004.3542;1860.7417;3008.8494;1862.4355;3012.1959;1866.327;3008.2403;1862.7272;3007.5694;1861.409;3008.5697;1862.8012;3010.2241;1863.3593;3010.1481;1866.3268;3009.8469;1863.7925
5747020.0;3014.956;1847.5179;3001.865;1861.7874;3006.4323;1863.8866;3009.7009;1867.921;3005.8897;1864.1732;3005.1668;1862.6441;3006.1982;1864.2454;3007.9538;1865.0126;3007.8426;1867.9078;3007.5301;1865.3969
5747040.0;3012.3744;1849.1921;2999.3441;1862.7894;3003.9621;1865.3011;3007.1602;1869.4784;3003.4577;1865.5529;3002.7067;1863.8179;3003.7636;1865.6103;3005.6186;1866.604;3005.4831;1869.443;3005.1555;1866.9601
5747060.0;3009.7525;1850.7606;2996.7969;1863.7614;3001.4374;1866.6674;3004.5698;1870.9905;3000.9434;1866.8598;3000.1975;1864.9468;3001.2681;1866.8984;3003.208;1868.1188;3003.0481;1870.9158;3002.7128;1868.4638
5747080.0;3007.0877;1852.2052;2994.2242;1864.701;2998.8517;1867.963;3001.9213;1872.438;2998.3424;1868.0799;2997.6436;1866.0374;2998.7077;1868.1089;3000.7068;1869.5438;3000.5167;1872.3029;3000.1883;1869.8798
5747100.0;3004.3709;1853.5141;2991.6193;1865.5879;2996.1945;1869.1656;2999.2032;1873.7968;2995.651;1869.1946;2995.045;1867.0843;2996.0765;1869.2351;2998.1027;1870.8667;2997.8748;1873.5796;2997.5677;1871.176
5747120.0;3001.5884;1854.6887;2988.9681;1866.3875;2993.453;1870.259;2996.4025;1875.0418;2992.871;1870.1849;2992.3964;1868.0709;2993.37;1870.2633;2995.3924;1872.0745;2995.1168;1874.7239;2994.8418;1872.3265
5747140.0;2998.727;1855.7429;2986.2538;1867.0576;2990.6171;1871.2343;2993.5106;1876.1512;2990.0092;1871.0381;2989.6897;1868.9774;2990.5869;1871.1766;2992.5828;1873.1563;2992.2455;1875.7206;2992.0115;1873.3195
5747160.0;2995.7801;1856.6985;2983.465;1867.5619;2987.6842;1872.0861;2990.527;1877.1071;2987.0738;1871.7521;2986.9187;1869.7859;2987.7278;1871.9588;2989.6863;1874.1064;2989.2708;1876.5615;2989.0894;1874.1568
5747180.0;2992.7525;1857.5758;2980.6043;1867.8824;2984.662;1872.8124;2987.4602;1877.8992;2984.073;1872.3367;2984.0826;1870.484;2984.7963;1872.601;2986.7155;1874.9252;2986.2079;1877.2446;2986.0954;1874.8463
5747200.0;2989.661;1858.3877;2977.6873;1868.0258;2981.5681;1873.4176;2984.3252;1878.5272;2981.0176;1872.8086;2981.186;1871.0599;2981.7991;1873.1052;2983.6802;1875.6142;2983.0747;1877.7728;2983.0487;1875.3961
5747220.0;2986.5287;1859.1383;2974.7341;1868.015;2978.4262;1873.9125;2981.139;1879.0015;2977.9219;1873.1834;2978.2359;1871.4977;2978.7482;1873.4853;2980.5892;1876.1715;2979.8892;1878.1549;2979.9609;1875.8144
5747240.0;2983.3774;1859.8288;2971.7599;1867.8772;2975.2588;1874.3098;2977.918;1879.338;2974.8005;1873.4674;2975.2397;1871.7768;2975.6588;1873.7628;2977.4524;1876.5923;2976.6678;1878.4077;2976.8361;1876.1099
5747260.0;2980.2205;1860.4608;2968.7726;1867.6372;2972.0811;1874.6187;2974.6756;1879.5532;2971.6636;1873.6556;2972.2057;1871.8802;2972.5459;1873.9615;2974.2807;1876.876;2973.4249;1878.5576;2973.6746;1876.29
5747280.0;2977.0609;1861.0373;2965.776;1867.3169;2968.8985;1874.8426;2971.4218;1879.6624;2968.5166;1873.7389;2969.1464;1871.8028;2969.4217;1874.1003;2971.0843;1877.0331;2970.1722;1878.6356;2970.4788;1876.3618
5747300.0;2973.8933;1861.5569;2962.7736;1866.9342;2965.7119;1874.9836;2968.1633;1879.6821;2965.3648;1873.715;2966.0795;1871.5542;2966.2951;1874.1882;2967.8716;1877.0867;2966.9193;1878.6701;2967.2552;1876.3365
5747320.0;2970.7124;1862.0087;2959.7705;1866.5041;2962.5245;1875.0425;2964.9046;1879.6267;2962.2162;1873.5936;2963.0254;1871.1498;2963.1731;1874.2209;2964.6505;1877.0647;2963.6745;1878.6787;2964.0129;1876.2336
5747340.0;2967.5192;1862.3719;2956.7721;1866.0372;2959.3459;1875.0176;2961.6494;1879.5051;2959.081;1873.3869;2960.0012;1870.5994;2960.0616;1874.1833;2961.4288;1876.9901;2960.4463;1878.6664;2960.7615;1876.074
5747360.0;2964.3248;1862.6188;2953.7849;1865.5379;2956.1883;1874.8979;2958.4018;1879.3159;2955.9677;1873.0963;2957.0178;1869.9027;2956.9644;1874.0546;2958.2137;1876.8701;2957.2433;1878.6206;2957.5095;1875.8685
5747380.0;2961.1468;1862.7189;2950.8165;1865.002;2953.061;1874.6603;2955.1658;1879.0484;2952.8829;1872.7055;2954.0801;1869.0545;2953.8843;1873.8149;2955.0101;1876.6912;2954.0746;1878.5099;2954.2655;1875.6066
5747400.0;2958.0036;1862.6432;2947.8812;1864.4086;2949.9679;1874.273;2951.9445;1878.6845;2949.8345;1872.1857;2951.1906;1868.052;2950.8255;1873.4447;2951.8221;1876.4188;2950.9493;1878.2834;2951.0389;1875.2581
5747420.0;2954.9111;1862.3672;2945.0059;1863.7129;2946.9096;1873.7046;2948.74;1878.2025;2946.8339;1871.5048;2948.3526;1866.8989;2947.7965;1872.9231;2948.6544;1876.0062;2947.8739;1877.8803;2947.8411;1874.7799
5747440.0;2951.8824;1861.8729;2942.2308;1862.8477;2943.8885;1872.9327;2945.5564;1877.5763;2943.8934;1870.6364;2945.5721;1865.6019;2944.8117;1872.2262;2945.5143;1875.4048;2944.8508;1877.2446;2944.6874;1874.1278
5747460.0;2948.9326;1861.1456;2939.5965;1861.7418;2940.9134;1871.9441;2942.4027;1876.7765;2941.0243;1869.5617;2942.8583;1864.1646;2941.8891;1871.3293;2942.4124;1874.576;2941.8794;1876.3407;2941.5977;1873.2624
5747480.0;2946.0832;1860.1704;2937.1254;1860.355;2938.0005;1870.7294;2939.2939;1875.7707;2938.2397;1868.2671;2940.2229;1862.5834;2939.0464;1870.2094;2939.3644;1873.4945;2938.9617;1875.1575;2938.594;1872.1528
5747500.0;2943.3636;1858.9296;2934.8105;1858.6999;2935.1726;1869.278;2936.2492;1874.5301;2935.5578;1866.7403;2937.6783;1860.8518;2936.2967;1868.8494;2936.3918;1872.1483;2936.1064;1873.7024;2935.696;1870.777
5747520.0;2940.8066;1857.4086;2932.6238;1856.8259;2932.4565;1867.5782;2933.2896;1873.0354;2933.0015;1864.9688;2935.2369;1858.9664;2933.6479;1867.239;2933.5211;1870.536;2933.331;1871.9895;2932.9194;1869.1233
5747540.0;2938.4412;1855.6043;2930.5367;1854.7827;2929.8798;1865.6203;2930.4349;1871.2796;2930.5926;1862.9464;2932.9107;1856.9321;2931.1071;1865.3757;2930.7787;1868.6668;2930.6595;1870.0315;2930.2786;1867.1913
5747560.0;2936.2858;1853.5331;2928.5368;1852.5972;2927.4695;1863.3986;2927.7049;1869.2646;2928.3481;1860.6787;2930.7148;1854.7565;2928.687;1863.263;2928.187;1866.5588;2928.1208;1867.8366;2927.791;1864.9909
5747580.0;2934.35;1851.2266;2926.6361;1850.2736;2925.2488;1860.9178;2925.1198;1866.9979;2926.2827;1858.1813;2928.6686;1852.4435;2926.4097;1860.9097;2925.7626;1864.235;2925.7459;1865.4115;2925.4778;1862.5384
5747600.0;2932.6422;1848.7238;2924.8669;1847.8074;2923.2347;1858.1964;2922.7026;1864.4905;2924.4112;1855.4722;2926.7961;1849.9902;2924.3039;1858.3307;2923.5197;1861.714;2923.5627;1862.7637;2923.3615;1859.8521
5747620.0;2931.1762;1846.0594;2923.2761;1845.192;2921.438;1855.2641;2920.4778;1861.7577;2922.7498;1852.5674;2925.1213;1847.3929;2922.3971;1855.5459;2921.4735;1859.0055;2921.5922;1859.9053;2921.4642;1856.9505
5747640.0;2929.9702;1843.2586;2921.9177;1842.4181;2919.8648;1852.1526;2918.4709;1858.8171;2921.3152;1849.484;2923.6699;1844.6535;2920.7112;1852.5769;2919.6425;1856.1097;2919.8491;1856.8524;2919.8061;1853.8532
5747660.0;2929.0384;1840.3366;2920.8483;1839.4807;2918.5231;1848.8862;2916.7042;1855.6867;2920.1255;1846.2424;2922.4698;1841.7831;2919.2611;1849.4452;2918.0466;1853.0264;2918.3456;1853.6223;2918.4046;1850.5819
5747680.0;2928.3807;1837.3046;2920.1181;1836.3883;2917.4234;1845.4824;2915.1938;1852.3836;2919.1977;1842.8655;2921.5541;1838.7993;2918.0593;1846.1729;2916.706;1849.7638;2917.0926;1850.2295;2917.2681;1847.1643
5747700.0;2927.9803;1834.1771;2919.7591;1833.1759;2916.5783;1841.957;2913.9466;1848.9263;2918.5388;1839.3779;2920.9558;1835.7243;2917.1157;1842.7841;2915.6376;1846.3438;2916.0973;1846.6865;2916.394;1843.6347
5747720.0;2927.8059;1830.9773;2919.7742;1829.9053;2915.9987;1838.3315;2912.9612;1845.3356;2918.139;1835.8083;2920.6996;1832.5848;2916.4379;1839.3027;2914.8546;1842.7997;2915.3625;1843.0115;2915.7686;1840.0338
5747740.0;2927.8202;1827.735;2920.1389;1826.6513;2915.6943;1834.6346;2912.2311;1841.6361;2917.978;1832.1939;2920.7918;1829.4126;2916.03;1835.753;2914.3641;1839.1696;2914.892;1839.2345;2915.3764;1836.3995
5747760.0;2927.989;1824.4817;2920.8133;1823.4817;2915.6735;1830.9021;2911.7523;1837.8549;2918.0386;1828.578;2921.2172;1826.2442;2915.8967;1832.1609;2914.1707;1835.4903;2914.7;1835.3973;2915.2093;1832.7578
5747780.0;2928.2883;1821.2443;2921.7554;1820.4433;2915.9412;1827.1725;2911.5272;1834.0211;2918.3126;1825.0037;2921.9428;1823.1167;2916.0426;1828.557;2914.277;1831.7973;2914.8116;1831.548;2915.2732;1829.1203
5747800.0;2928.7025;1818.0434;2922.9286;1817.5583;2916.491;1823.4841;2911.5659;1830.1636;2918.7981;1821.5045;2922.9272;1820.0646;2916.4689;1824.9726;2914.6836;1828.1282;2915.2502;1827.7356;2915.583;1825.4942
5747820.0;2929.2252;1814.8935;2924.3023;1814.8296;2917.3001;1819.8704;2911.882;1826.3111;2919.4968;1818.0999;2924.1284;1817.1179;2917.1651;1821.4334;2915.3851;1824.5226;2916.0172;1824.0019;2916.1547;1821.8956
5747840.0;2929.8656;1811.8046;2925.8505;1812.2502;2918.3346;1816.3566;2912.4878;1822.4943;2920.417;1814.7958;2925.5109;1814.301;2918.11;1817.9558;2916.3682;1821.0159;2917.0833;1820.3737;2916.995;1818.3534
5747860.0;2930.6576;1808.7819;2927.5505;1809.8094;2919.56;1812.9592;2913.3875;1818.7464;2921.5696;1811.5901;2927.0462;1811.6306;2919.2743;1814.5505;2917.6109;1817.6338;2918.3987;1816.8588;2918.0976;1814.9036
5747880.0;2931.6491;1805.828;2929.3803;1807.4969;2920.9512;1809.6857;2914.5765;1815.1009;2922.9575;1808.4787;2928.7135;1809.1133;2920.6295;1811.2293;2919.0866;1814.393;2919.9145;1813.4528;2919.4447;1811.579
5747900.0;2932.8748;1802.9458;2931.3196;1805.3005;2922.495;1806.537;2916.0418;1811.5884;2924.5698;1805.4607;2930.4965;1806.7458;2922.1539;1808.0084;2920.7659;1811.3041;2921.5992;1810.1511;2921.0138;1808.4044
5747920.0;2934.3347;1800.1403;2933.3501;1803.207;2924.1873;1803.5107;2917.7671;1808.2359;2926.3914;1802.5435;2932.3841;1804.5192;2923.839;1804.9077;2922.6205;1808.3715;2923.4394;1806.96;2922.7837;1805.3932
5747940.0;2936.0058;1797.4199;2935.4558;1801.2101;2926.0308;1800.6058;2919.7356;1805.0668;2928.4131;1799.7421;2934.3677;1802.426;2925.6864;1801.9482;2924.6235;1805.594;2925.4305;1803.8948;2924.7379;1802.5482
5747960.0;2937.8667;1794.7955;2937.6244;1799.3193;2928.0309;1797.8256;2921.933;1802.1007;2930.6321;1797.0772;2936.442;1800.4673;2927.7029;1799.1515;2926.7547;1802.9687;2927.5698;1800.9725;2926.8627;1799.8646
5747980.0;2939.9054;1792.2821;2939.8515;1797.563;2930.1943;1795.1802;2924.3452;1799.3522;2933.0425;1794.5723;2938.6042;1798.6514;2929.8912;1796.5395;2929.003;1800.4953;2929.8553;1798.2063;2929.1467;1797.3392
5748000.0;2942.1042;1789.9012;2942.1462;1795.9835;2932.5249;1792.6859;2926.9566;1796.8326;2935.63;1792.254;2940.8553;1796.9909;2932.2501;1794.1352;2931.368;1798.1774;2932.2868;1795.6091;2931.5811;1794.9776
5748020.0;2944.4246;1787.6803;2944.5309;1794.6252;2935.0237;1790.3701;2929.7472;1794.5519;2938.3745;1790.1526;2943.198;1795.4993;2934.7767;1791.9616;2933.8549;1796.0199;2934.8657;1793.2048;2934.1611;1792.7972
5748040.0;2946.8129;1785.6455;2947.0259;1793.518;2937.6875;1788.2721;2932.6932;1792.5223;2941.2519;1788.297;2945.6332;1794.191;2937.4702;1790.0412;2936.4687;1794.03;2937.5925;1791.0302;2936.8851;1790.8211
5748060.0;2949.2253;1783.8164;2949.6305;1792.6663;2940.5072;1786.4417;2935.7684;1790.7591;2944.2361;1786.705;2948.1543;1793.0782;2940.3292;1788.3938;2939.2086;1792.2196;2940.4654;1789.1276;2939.7511;1789.0728
5748080.0;2951.6471;1782.2054;2952.3141;1792.0488;2943.4652;1784.9275;2938.9469;1789.2789;2947.2998;1785.3772;2950.7453;1792.1641;2943.3467;1787.0308;2942.0665;1790.6073;2943.4797;1787.5311;2942.7508;1787.5698
5748100.0;2954.0965;1780.8217;2955.0282;1791.6296;2946.5352;1783.7614;2942.2037;1788.0927;2950.4171;1784.2998;2953.3825;1791.434;2946.5031;1785.9467;2945.0279;1789.2132;2946.6244;1786.2566;2945.8657;1786.3207
5748120.0;2956.613;1779.6696;2957.7284;1791.3676;2949.6854;1782.9456;2945.5149;1787.1988;2953.5626;1783.4547;2956.0407;1790.8557;2949.7645;1785.1172;2948.0736;1788.0523;2949.8791;1785.2977;2949.0678;1785.3213
5748140.0;2959.2422;1778.7356;2960.3915;1791.2222;2952.8823;1782.4528;2948.8579;1786.5766;2956.7093;1782.8265;2958.6984;1790.3892;2953.0852;1784.5054;2951.182;1787.1294;2953.21;1784.626;2952.3242;1784.5552
5748160.0;2962.0205;1777.9748;2963.0161;1791.1594;2956.0925;1782.2345;2952.212;1786.1902;2959.8288;1782.4048;2961.3416;1790.0015;2956.4196;1784.0777;2954.331;1786.4409;2956.5762;1784.198;2955.602;1783.9975
5748180.0;2964.9636;1777.3163;2965.6138;1791.1608;2959.2841;1782.2372;2955.5595;1785.9955;2962.8962;1782.1818;2963.9633;1789.675;2959.732;1783.812;2957.4998;1785.9761;2959.939;1783.9696;2958.8717;1783.6235
5748200.0;2968.057;1776.689;2968.1966;1791.2288;2962.4292;1782.415;2958.8858;1785.9495;2965.9007;1782.1486;2966.5618;1789.4098;2963.0029;1783.7;2960.6689;1785.7205;2963.2705;1783.9079;2962.1093;1783.4154
5748220.0;2971.2616;1776.0578;2970.7684;1791.3808;2965.5097;1782.7386;2962.1781;1786.0175;2968.8481;1782.2932;2969.1372;1789.2174;2966.2241;1783.7424;2963.8194;1785.6569;2966.554;1783.994;2965.2985;1783.3653
5748240.0;2974.5235;1775.4456;2973.3209;1791.6382;2968.5188;1783.195;2965.4242;1786.1787;2971.7512;1782.6025;2971.6877;1789.1149;2969.3906;1783.9464;2966.9332;1785.7678;2969.7812;1784.2152;2968.4296;1783.4717
5748260.0;2977.7783;1774.9297;2975.8346;1792.0139;2971.4588;1783.7814;2968.6127;1786.4258;2974.6136;1783.0664;2974.2105;1789.1189;2972.4926;1784.3198;2969.9943;1786.0355;2972.9479;1784.5607;2971.4956;1783.7347
5748280.0;2980.9497;1774.6075;2978.2875;1792.5079;2974.3322;1784.495;2971.7339;1786.7632;2977.4235;1783.6787;2976.7029;1789.2406;2975.5157;1784.8636;2972.9916;1786.4426;2976.0519;1785.0205;2974.4872;1784.1506
5748300.0;2983.9619;1774.5502;2980.6631;1793.1132;2977.1365;1785.3284;2974.7811;1787.2006;2980.1613;1784.4339;2979.1637;1789.4814;2978.4457;1785.5658;2975.919;1786.9724;2979.0912;1785.5897;2977.3927;1784.7134
5748320.0;2986.7693;1774.7673;2982.9543;1793.8227;2979.8647;1786.2686;2977.7486;1787.7503;2982.8113;1785.3244;2981.5906;1789.8353;2981.2725;1786.4042;2978.7729;1787.6142;2982.0615;1786.2661;2980.2012;1785.4147
5748340.0;2989.3804;1775.2127;2985.1613;1794.6338;2982.5088;1787.3035;2980.6295;1788.4207;2985.3634;1786.3425;2983.9779;1790.2938;2983.9911;1787.3547;2981.5476;1788.3659;2984.9542;1787.0504;2982.9063;1786.2455
5748360.0;2991.8432;1775.8231;2987.2883;1795.5434;2985.0632;1788.4279;2983.4152;1789.2129;2987.808;1787.4821;2986.3159;1790.8553;2986.5976;1788.3982;2984.2341;1789.2294;2987.7546;1787.9466;2985.5069;1787.1955
5748380.0;2994.2102;1776.5506;2989.3418;1796.5447;2987.5252;1789.6428;2986.0981;1790.12;2990.1363;1788.736;2988.594;1791.5283;2989.0874;1789.5216;2986.823;1790.2016;2990.4423;1788.9638;2988.0042;1788.2559
5748400.0;2996.5142;1777.3707;2991.326;1797.6291;2989.8946;1790.949;2988.6722;1791.1339;2992.3456;1790.0919;2990.8023;1792.3275;2991.4554;1790.719;2989.3094;1791.2711;2992.9946;1790.1134;2990.3988;1789.4201
5748420.0;2998.7653;1778.2751;2993.2401;1798.7921;2992.1722;1792.3386;2991.133;1792.25;2994.4437;1791.5338;2992.9327;1793.2647;2993.6997;1791.9901;2991.6958;1792.4215;2995.3928;1791.4015;2992.6885;1790.6844
5748440.0;3000.9532;1779.272;2995.0787;1800.0341;2994.3598;1793.7917;2993.4738;1793.4668;2996.4436;1793.0465;2994.9784;1794.3412;2995.825;1793.3364;2993.9875;1793.6409;2997.6276;1792.8231;2994.8696;1792.0436
5748460.0;3003.0553;1780.3869;2996.837;1801.3559;2996.46;1795.2828;2995.6861;1794.7807;2998.3536;1794.619;2996.9346;1795.5474;2997.8422;1794.7554;2996.1891;1794.9261;2999.7024;1794.361;2996.9397;1793.4876
5748480.0;3005.0451;1781.6523;2998.5136;1802.7536;2998.4762;1796.7908;2997.761;1796.1837;3000.1729;1796.2406;2998.7976;1796.8678;2999.7644;1796.2379;2998.3013;1796.28;3001.6319;1795.9889;2998.9018;1795.0002
5748500.0;3006.9067;1783.0911;3000.1128;1804.2181;3000.413;1798.3056;2999.6941;1797.6666;3001.8967;1797.8994;3000.5647;1798.2859;3001.6036;1797.7701;3000.3234;1797.7033;3003.4383;1797.6773;3000.7649;1796.5647
5748520.0;3008.6424;1784.7029;3001.6443;1805.7363;3002.276;1799.8264;3001.4889;1799.221;3003.5264;1799.5832;3002.2345;1799.7857;3003.3701;1799.3382;3002.255;1799.1903;3005.1466;1799.3972;3002.5416;1798.1679
5748540.0;3010.2762;1786.4537;3003.1226;1807.2927;3004.0716;1801.3552;3003.1575;1800.8391;3005.0721;1801.2817;3003.8088;1801.3497;3005.0733;1800.9306;3004.098;1800.729;3006.7807;1801.1244;3004.2415;1799.8014
5748560.0;3011.8542;1788.2738;3004.5623;1808.8703;3005.8056;1802.893;3004.7196;1802.5096;3006.5469;1802.9871;3005.2952;1802.9593;3006.7216;1802.5371;3005.8563;1802.3069;3008.3616;1802.8413;3005.869;1801.4595
5748580.0;3013.4318;1790.0767;3005.9688;1810.4534;3007.4836;1804.4404;3006.1982;1804.2157;3007.9622;1804.6897;3006.7072;1804.5966;3008.3224;1804.1468;3007.535;1803.9142;3009.9051;1804.5393;3007.4233;1803.1377
5748600.0;3015.0486;1791.8006;3007.3342;1812.0296;3009.1075;1805.9997;3007.6135;1805.9386;3009.3262;1806.3781;3008.0603;1806.247;3009.8813;1805.7505;3009.1386;1805.5443;3011.4221;1806.2168;3008.9022;1804.8322
5748620.0;3016.7075;1793.439;3008.6356;1813.5922;3010.6719;1807.5752;3008.9784;1807.6642;3010.645;1808.044;3009.3674;1807.9;3011.402;1807.3443;3010.6696;1807.1919;3012.9162;1807.8763;3010.3029;1806.5381
5748640.0;3018.3783;1795.0348;3009.8376;1815.1402;3012.1633;1809.1724;3010.2967;1809.3877;3011.9203;1809.6879;3010.6359;1809.5485;3012.8829;1808.9311;3012.1266;1808.8549;3014.3843;1809.523;3011.6222;1808.2503
5748660.0;3020.0216;1796.6438;3010.9039;1816.6741;3013.5616;1810.799;3011.5657;1811.1128;3013.146;1811.3203;3011.8671;1811.1896;3014.3153;1810.5192;3013.5056;1810.5358;3015.8169;1811.1664;3012.857;1809.9664
5748680.0;3021.6054;1798.306;3011.8172;1818.192;3014.8448;1812.4625;3012.7791;1812.8459;3014.3098;1812.955;3013.0573;1812.8253;3015.6832;1812.1195;3014.8018;1812.2431;3017.2006;1812.822;3014.0058;1811.6885
5748700.0;3023.1059;1800.0404;3012.5965;1819.6894;3015.9936;1814.1664;3013.9292;1814.5902;3015.3988;1814.6022;3014.2003;1814.4624;3016.9695;1813.7437;3016.0123;1813.9857;3018.518;1814.5087;3015.0701;1813.4205
5748720.0;3024.4967;1801.8572;3013.2905;1821.1676;3016.9952;1815.9086;3015.007;1816.3461;3016.4047;1816.2659;3015.2883;1816.1089;3018.1605;1815.4012;3017.1363;1815.7673;3019.7482;1816.2435;3016.0531;1815.1643
5748740.0;3025.7452;1803.7654;3013.947;1822.6385;3017.8451;1817.6834;3016.0018;1818.1144;3017.3235;1817.9482;3016.3136;1817.7717;3019.2472;1817.0982;3018.1728;1817.5833;3020.8659;1818.0369;3016.9579;1816.9196
5748760.0;3026.8231;1805.7693;3014.586;1824.1201;3018.5442;1819.4877;3016.9008;1819.8997;3018.1532;1819.652;3017.2685;1819.4562;3020.2233;1818.838;3019.1166;1819.4256;3021.844;1819.8905;3017.7879;1818.6865
5748780.0;3027.7204;1807.8631;3015.1959;1825.6257;3019.0925;1821.3236;3017.6908;1821.7095;3018.892;1821.3795;3018.145;1821.1686;3021.0819;1820.6225;3019.9578;1821.2904;3022.6591;1821.7993;3018.5463;1820.4687
5748800.0;3028.4481;1810.0309;3015.7484;1827.159;3019.4872;1823.1973;3018.3589;1823.552;3019.5395;1823.1297;3018.9349;1822.9156;3021.816;1822.4548;3020.6827;1823.1824;3023.2981;1823.7551;3019.2357;1822.2735
5748820.0;3029.0318;1812.2519;3016.2146;1828.72;3019.7284;1825.115;3018.8957;1825.4334;3020.0955;1824.9009;3019.6302;1824.7036;3022.4211;1824.3391;3021.2794;1825.1108;3023.7609;1825.7501;3019.8539;1824.1085
5748840.0;3029.4982;1814.507;3016.5724;1830.3125;3019.8263;1827.078;3019.2964;1827.358;3020.5567;1826.6976;3020.222;1826.5375;3022.8973;1826.2797;3021.7401;1827.083;3024.0591;1827.7797;3020.391;1825.9783
5748860.0;3029.8647;1816.7829;3016.8043;1831.9446;3019.8027;1829.0816;3019.5613;1829.328;3020.9157;1828.5323;3020.7;1828.4215;3023.2491;1828.2778;3022.0623;1829.1016;3024.2097;1829.8436;3020.8289;1827.8836
5748880.0;3030.1373;1819.0755;3016.8978;1833.6237;3019.6831;1831.1195;3019.6931;1831.3444;3021.1629;1830.4187;3021.0526;1830.3594;3023.4812;1830.3295;3022.2462;1831.1675;3024.2313;1831.9425;3021.1467;1829.8241
5748900.0;3030.319;1821.388;3016.8453;1835.3518;3019.4862;1833.1884;3019.6956;1833.4059;3021.2893;1832.3647;3021.2688;1832.3519;3023.596;1832.4262;3022.294;1833.283;3024.1409;1834.0732;3021.3258;1831.8027
5748920.0;3030.4178;1823.723;3016.648;1837.1282;3019.2179;1835.2871;3019.5712;1835.5087;3021.286;1834.3728;3021.3397;1834.3947;3023.5937;1834.5584;3022.2098;1835.4502;3023.955;1836.2284;3021.3568;1833.8262
5748940.0;3030.4462;1826.0734;3016.3144;1838.9497;3018.8709;1837.4104;3019.3225;1837.6452;3021.1452;1836.4411;3021.2608;1836.477;3023.4752;1836.7185;3022.0001;1837.6667;3023.6867;1838.4016;3021.2412;1835.9008
5748960.0;3030.402;1828.4215;3015.8565;1840.8087;3018.4315;1839.5452;3018.9535;1839.8045;3020.8641;1838.5609;3021.0325;1838.585;3023.2437;1838.8996;3021.6723;1839.9234;3023.3454;1840.5927;3020.9909;1838.0258
5748980.0;3030.2543;1830.7466;3015.286;1842.6922;3017.8871;1841.6735;3018.4725;1841.9754;3020.4485;1840.7153;3020.6625;1840.7061;3022.9064;1841.0926;3021.2347;1842.2072;3022.9344;1842.8055;3020.6219;1840.1925
5749000.0;3029.9528;1833.034;3014.6139;1844.5866;3017.2313;1843.7801;3017.8922;1844.1502;3019.912;1842.8825;3020.1657;1842.8305;3022.4724;1843.2857;3020.6963;1844.5038;3022.452;1845.0408;3020.1497;1842.3867
5749020.0;3029.4578;1835.2785;3013.8509;1846.4844;3016.4657;1845.8566;3017.2285;1846.3258;3019.2719;1845.0439;3019.5633;1844.95;3021.9507;1845.4677;3020.0684;1846.7982;3021.8931;1847.2905;3019.5859;1844.593
5749040.0;3028.7683;1837.4791;3013.0074;1848.3839;3015.5976;1847.9002;3016.4942;1848.4997;3018.5443;1847.1875;3018.8774;1847.0547;3021.3474;1847.631;3019.3623;1849.0743;3021.2535;1849.5385;3018.9385;1846.7956
5749060.0;3027.9253;1839.6359;3012.0943;1850.2842;3014.6404;1849.9095;3015.696;1850.6667;3017.7425;1849.3066;3018.126;1849.1325;3020.6661;1849.7719;3018.5887;1851.3183;3020.5333;1851.7664;3018.2129;1848.978
5749080.0;3026.99;1841.7489;3011.1238;1852.1826;3013.613;1851.8848;3014.8348;1852.8189;3016.8764;1851.3984;3017.3187;1851.1716;3019.9096;1851.8876;3017.755;1853.5218;3019.7384;1853.9594;3017.4141;1851.126
5749100.0;3026.0161;1843.8199;3010.1087;1854.0767;3012.5369;1853.8298;3013.911;1854.9475;3015.9525;1853.4618;3016.4576;1853.1656;3019.0825;1853.9736;3016.8651;1855.6837;3018.8747;1856.1076;3016.549;1853.2307
5749120.0;3025.0347;1845.8502;3009.0592;1855.9642;3011.4318;1855.7529;3012.9288;1857.0438;3014.9751;1855.4954;3015.5393;1855.1168;3018.191;1856.0241;3015.9186;1857.8054;3017.9437;1858.2048;3015.6282;1855.2898
5749140.0;3024.0518;1847.8373;3007.9809;1857.84;3010.3116;1857.6627;3011.8967;1859.101;3013.9495;1857.4929;3014.5589;1857.0329;3017.2398;1858.0341;3014.9131;1859.8857;3016.9405;1860.2473;3014.6627;1857.3037
5749160.0;3023.05;1849.7737;3006.8738;1859.6973;3009.1841;1859.5649;3010.8226;1861.1158;3012.8801;1859.445;3013.5113;1858.9181;3016.229;1860.0018;3013.8456;1861.9196;3015.859;1862.2344;3013.6585;1859.2723
5749180.0;3021.9946;1851.6496;3005.7336;1861.5326;3008.0493;1861.46;3009.7112;1863.0902;3011.7658;1861.3432;3012.3934;1860.7687;3015.1551;1861.9289;3012.7146;1863.9022;3014.6967;1864.1705;3012.6111;1861.1949
5749200.0;3020.8432;1853.4556;3004.5546;1863.346;3006.8996;1863.3431;3008.5623;1865.026;3010.5943;1863.1845;3011.2042;1862.5764;3014.0127;1863.8175;3011.5166;1865.8322;3013.456;1866.0648;3011.5064;1863.0713
5749220.0;3019.5612;1855.1811;3003.33;1865.136;3005.7159;1865.2001;3007.3703;1866.9203;3009.3422;1864.9697;3009.9425;1864.3364;3012.7984;1865.6656;3010.2436;1867.7108;3012.1387;1867.9259;3010.324;1864.899
5749240.0;3018.1319;1856.8113;3002.0514;1866.8947;3004.4655;1867.0051;3006.1213;1868.7631;3007.9824;1866.695;3008.6023;1866.0486;3011.5079;1867.4638;3008.8819;1869.5363;3010.7407;1869.7552;3009.0442;1866.6711
5749260.0;3016.5585;1858.3275;3000.7071;1868.6072;3003.1078;1868.7245;3004.7915;1870.5408;3006.4905;1868.3464;3007.1704;1867.7114;3010.1316;1869.1969;3007.4163;1871.3008;3009.2507;1871.5429;3007.6499;1868.3759
5749280.0;3014.8564;1859.7123;2999.2811;1870.2523;3001.6076;1870.3286;3003.3512;1872.2397;3004.8484;1869.9;3005.6283;1869.3138;3008.6502;1870.8493;3005.832;1872.9913;3007.6529;1873.2711;3006.1273;1869.9979
5749300.0;3013.0403;1860.9554;2997.7549;1871.7995;2999.949;1871.8014;3001.7731;1873.8481;3003.0432;1871.3294;3003.9579;1870.8332;3007.0358;1872.4087;3004.115;1874.5937;3005.9296;1874.9202;3004.4628;1871.5179
5749320.0;3011.1154;1862.0535;2996.1103;1873.2137;2998.1359;1873.1424;3000.0395;1875.3575;3001.0694;1872.6149;3002.1458;1872.2428;3005.2592;1873.8629;3002.2521;1876.0967;3004.064;1876.473;3002.6432;1872.9167
5749340.0;3009.0803;1863.0081;2994.3314;1874.4664;2996.1808;1874.3589;2998.1471;1876.7646;2998.9312;1873.7513;3000.1855;1873.5219;3003.3008;1875.1982;3000.2326;1877.494;3002.0417;1877.9149;3000.6585;1874.1827
5749360.0;3006.9372;1863.8244;2992.4088;1875.5491;2994.0937;1875.4598;2996.1057;1878.0733;2996.6447;1874.7521;2998.0775;1874.6622;3001.1573;1876.4038;2998.0544;1878.7869;2999.8554;1879.2356;2998.5058;1875.3195
5749380.0;3004.6983;1864.512;2990.3437;1876.4758;2991.8818;1876.4538;2993.933;1879.2926;2994.2348;1875.6429;2995.8308;1875.6677;2998.843;1877.4796;2995.7278;1879.9859;2997.5102;1880.4366;2996.1928;1876.3438
5749400.0;3002.3814;1865.0908;2988.1494;1877.2769;2989.5537;1877.3525;2991.6477;1880.4334;2991.7291;1876.4519;2993.4618;1876.549;2996.3831;1878.4396;2993.2744;1881.1108;2995.0237;1881.5363;2993.738;1877.2764
5749420.0;3000.0034;1865.5951;2985.8486;1877.9901;2987.1213;1878.1741;2989.2659;1881.5073;2989.1547;1877.203;2990.9919;1877.3196;2993.807;1879.307;2990.7219;1882.1862;2992.4224;1882.5667;2991.1682;1878.1366
5749440.0;2997.5799;1866.0752;2983.467;1878.6505;2984.6044;1878.9476;2986.8037;1882.5295;2986.5374;1877.9184;2988.4418;1877.9997;2991.1448;1880.1095;2988.1;1883.2371;2989.7352;1883.561;2988.5135;1878.9439
5749460.0;2995.1303;1866.591;2981.0282;1879.2814;2982.0311;1879.7117;2984.2834;1883.5235;2983.9054;1878.6257;2985.8313;1878.6211;2988.4275;1880.8776;2985.439;1884.2875;2986.9901;1884.5456;2985.805;1879.7247
5749480.0;2992.6812;1867.2019;2978.5523;1879.8968;2979.4396;1880.5119;2981.734;1884.5217;2981.2902;1879.3574;2983.1833;1879.2296;2985.6881;1881.6465;2982.7712;1885.3622;2984.2142;1885.5411;2983.075;1880.5144
5749500.0;2990.2645;1867.9584;2976.0555;1880.5129;2976.8721;1881.3933;2979.1873;1885.5597;2978.7271;1880.1472;2980.5301;1879.8797;2982.9608;1882.4545;2980.1306;1886.4889;2981.4359;1886.571;2980.3609;1881.3532
5749520.0;2987.9137;1868.9008;2973.5527;1881.1636;2974.3695;1882.3957;2976.672;1886.6698;2976.2524;1881.027;2977.9141;1880.6249;2980.2797;1883.337;2977.5506;1887.6959;2978.6878;1887.6674;2977.7067;1882.2807
5749540.0;2985.66;1870.0598;2971.0637;1881.9001;2971.9671;1883.5499;2974.2105;1887.8749;2973.9;1882.0282;2975.3825;1881.509;2977.6781;1884.3215;2975.0635;1889.0093;2976.0091;1888.8676;2975.1611;1883.3329
5749560.0;2983.5303;1871.4504;2968.6202;1882.7777;2969.6953;1884.8767;2971.8214;1889.1876;2971.6969;1883.1792;2972.9821;1882.562;2975.191;1885.4291;2972.7006;1890.4483;2973.445;1890.2053;2972.7698;1884.5425
5749580.0;2981.5493;1873.0653;2966.2661;1883.8363;2967.5816;1886.3843;2969.5237;1890.6134;2969.6627;1884.5018;2970.7565;1883.7991;2972.8572;1886.6771;2970.4926;1892.0211;2971.0427;1891.7038;2970.5702;1885.934
5749600.0;2979.7445;1874.8752;2964.0486;1885.0934;2965.6516;1888.0677;2967.3413;1892.1558;2967.8148;1886.0039;2968.7475;1885.2214;2970.7188;1888.0771;2968.467;1893.723;2968.8452;1893.3744;2968.5888;1887.519
5749620.0;2978.1472;1876.8374;2962.0068;1886.5456;2963.9296;1889.9121;2965.3027;1893.8198;2966.1751;1887.676;2966.9925;1886.8187;2968.8161;1889.63;2966.6439;1895.5385;2966.8874;1895.2178;2966.8438;1889.2909
5749640.0;2976.7921;1878.9137;2960.1615;1888.1763;2962.4368;1891.8981;2963.4403;1895.6095;2964.7723;1889.4926;2965.5205;1888.5721;2967.1823;1891.3225;2965.0375;1897.4493;2965.1932;1897.2239;2965.3472;1891.2257
5749660.0;2975.7122;1881.0803;2958.5168;1889.9625;2961.1915;1894.0043;2961.7882;1897.5249;2963.6377;1891.4186;2964.3469;1890.4559;2965.8374;1893.1319;2963.6579;1899.4401;2963.7757;1899.37;2964.1084;1893.286
5749680.0;2974.93;1883.3262;2957.067;1891.8778;2960.2117;1896.2049;2960.3805;1899.5592;2962.7971;1893.4183;2963.473;1892.4385;2964.7893;1895.0336;2962.5161;1901.4983;2962.636;1901.6226;2963.1348;1895.4295
5749700.0;2974.4431;1885.6378;2955.8113;1893.894;2959.5149;1898.467;2959.2457;1901.6981;2962.2669;1895.4591;2962.8886;1894.4839;2964.0354;1897.0048;2961.6236;1903.6087;2961.7657;1903.9417;2962.4307;1897.6176
5749720.0;2974.2156;1887.9874;2954.7608;1895.9853;2959.1164;1900.753;2958.4007;1903.9208;2962.0485;1897.5107;2962.5766;1896.5563;2963.5672;1899.0223;2960.9905;1905.75;2961.1511;1906.2854;2961.9945;1899.8205
5749740.0;2974.1914;1890.3339;2953.9394;1898.1321;2959.0225;1903.0254;2957.8459;1906.1999;2962.1231;1899.5467;2962.5161;1898.6262;2963.3703;1901.0602;2960.6213;1907.8975;2960.7787;1908.6139;2961.8184;1902.0169
5749760.0;2974.3261;1892.6385;2953.3759;1900.3217;2959.2244;1905.2523;2957.5725;1908.5008;2962.4546;1901.5464;2962.6855;1900.6727;2963.4258;1903.0918;2960.5134;1910.0267;2960.6407;1910.891;2961.888;1904.1906
5749780.0;2974.6086;1894.874;2953.0942;1902.541;2959.697;1907.4095;2957.5702;1910.7849;2963.0005;1903.4956;2963.0648;1902.6826;2963.7094;1905.0951;2960.6583;1912.1162;2960.7374;1913.0891;2962.1868;1906.3268
5749800.0;2975.0553;1897.0247;2953.1047;1904.772;2960.405;1909.4802;2957.8346;1913.0147;2963.7264;1905.3822;2963.6378;1904.6455;2964.1961;1907.054;2961.0466;1914.1458;2961.074;1915.1901;2962.6988;1908.4097
5749820.0;2975.6858;1899.0792;2953.3992;1906.991;2961.3127;1911.4515;2958.3659;1915.1572;2964.6112;1907.1935;2964.3925;1906.5499;2964.8654;1908.9549;2961.6696;1916.0933;2961.6555;1917.1834;2963.4123;1910.4207
5749840.0;2976.5048;1901.0281;2953.9541;1909.1723;2962.3948;1913.3117;2959.1652;1917.1834;2965.6422;1908.9194;2965.3214;1908.38;2965.7057;1910.782;2962.5189;1917.9338;2962.4813;1919.0584;2964.3189;1912.3387
5749860.0;2977.4996;1902.8626;2954.74;1911.2877;2963.6422;1915.0506;2960.2276;1919.0659;2966.8086;1910.5546;2966.4179;1910.1172;2966.7117;1912.5161;2963.5833;1919.6419;2963.5445;1920.8001;2965.4123;1914.1425
5749880.0;2978.6523;1904.5752;2955.7317;1913.3051;2965.056;1916.6613;2961.5401;1920.7786;2968.0999;1912.0971;2967.6746;1911.7447;2967.8794;1914.1384;2964.8498;1921.1949;2964.8329;1922.3879;2966.6849;1915.8145
5749900.0;2979.9553;1906.1556;2956.9148;1915.185;2966.6375;1918.1397;2963.0815;1922.2988;2969.5083;1913.5406;2969.0786;1913.2519;2969.2017;1915.6352;2966.3031;1922.5773;2966.3313;1923.7987;2968.1275;1917.3416
5749920.0;2981.4142;1907.5908;2958.2847;1916.8803;2968.3792;1919.4806;2964.826;1923.611;2971.0304;1914.8735;2970.6142;1914.6353;2970.6709;1916.9991;2967.9259;1923.7801;2968.0214;1925.0131;2969.7291;1918.7154
5749940.0;2983.0315;1908.8698;2959.8405;1918.3443;2970.2651;1920.676;2966.7463;1924.7086;2972.6666;1916.0822;2972.2635;1915.8959;2972.2795;1918.227;2969.6979;1924.8006;2969.8827;1926.0211;2971.4791;1919.9303
5749960.0;2984.7818;1909.9904;2961.573;1919.5411;2972.2751;1921.7173;2968.816;1925.5921;2974.4168;1917.1557;2974.0104;1917.0329;2974.0178;1919.3165;2971.5973;1925.6392;2971.8927;1926.8229;2973.3663;1920.9825
5749980.0;2986.6087;1910.9617;2963.4625;1920.4511;2974.3881;1922.5939;2971.0081;1926.2675;2976.2783;1918.0816;2975.8415;1918.0405;2975.8705;1920.2655;2973.6035;1926.2983;2974.0286;1927.424;2975.3782;1921.8652
5750000.0;2988.4529;1911.796;2965.4834;1921.0708;2976.5845;1923.2912;2973.2963;1926.7406;2978.2455;1918.8433;2977.7467;1918.9066;2977.8192;1921.0698;2975.7006;1926.7806;2976.2682;1927.828;2977.4989;1922.5659
5750020.0;2990.2898;1912.497;2967.6117;1921.4093;2978.8458;1923.7881;2975.6559;1927.0156;2980.3094;1919.42;2979.7192;1919.6161;2979.8472;1921.7225;2977.8765;1927.0879;2978.5901;1928.0369;2979.7114;1923.0665
5750040.0;2992.14;1913.0538;2969.8253;1921.488;2981.1549;1924.0606;2978.0654;1927.0922;2982.4568;1919.7915;2981.7542;1920.1527;2981.943;1922.2113;2980.1207;1927.2181;2980.975;1928.0563;2981.9972;1923.3485
5750060.0;2994.0472;1913.4468;2972.0998;1921.3365;2983.4957;1924.0867;2980.5058;1926.9696;2984.6695;1919.9402;2983.8462;1920.5012;2984.0979;1922.5215;2982.4199;1927.1682;2983.4033;1927.9;2984.3354;1923.401
5750080.0;2996.0507;1913.6544;2974.4077;1920.9813;2985.8523;1923.8522;2982.9572;1926.6463;2986.9256;1919.8508;2985.9863;1920.6475;2986.3033;1922.6389;2984.7595;1926.9363;2985.8556;1927.5824;2986.7026;1923.226
5750100.0;2998.1721;1913.6545;2976.725;1920.4373;2988.209;1923.3513;2985.3964;1926.1197;2989.2006;1919.5122;2988.1601;1920.5825;2988.5469;1922.5542;2987.1253;1926.525;2988.3125;1927.1104;2989.076;1922.8368
5750120.0;3000.4071;1913.4245;2979.0353;1919.7099;2990.5505;1922.5882;2987.7968;1925.3813;2991.4693;1918.9208;2990.348;1920.3049;2990.814;1922.261;2989.5046;1925.9366;2990.7566;1926.4776;2991.4384;1922.2516
5750140.0;3002.7193;1912.9516;2981.3291;1918.8042;2992.8625;1921.5767;2990.1322;1924.419;2993.7085;1918.0831;2992.5283;1919.8208;2993.0886;1921.7538;2991.8834;1925.1704;2993.1729;1925.6705;2993.7791;1921.4845
5750160.0;3005.038;1912.2545;2983.5989;1917.7311;2995.1322;1920.3403;2992.3816;1923.2249;2995.9004;1917.0141;2994.6818;1919.1366;2995.3564;1921.0266;2994.2425;1924.2218;2995.5469;1924.6764;2996.0895;1920.5427
5750180.0;3007.2805;1911.3908;2985.8375;1916.5077;2997.3486;1918.9079;2994.5316;1921.8034;2998.0339;1915.732;2996.7934;1918.2547;2997.6046;1920.0756;2996.5593;1923.0892;2997.8623;1923.4897;2998.3582;1919.4273
5750200.0;3009.3865;1910.431;2988.0409;1915.1577;2999.5029;1917.3109;2996.5747;1920.1706;3000.1021;1914.2569;2998.851;1917.174;2999.8185;1918.9006;2998.8129;1921.7783;3000.0996;1922.1124;3000.5713;1918.1395
5750220.0;3011.3383;1909.4205;2990.2104;1913.7107;3001.5865;1915.5769;2998.5069;1918.3493;3002.0973;1912.6105;3000.8429;1915.8954;3001.9808;1917.5087;3000.9898;1920.3004;3002.2394;1920.553;3002.716;1916.6825
5750240.0;3013.1552;1908.3637;2992.3492;1912.1952;3003.5907;1913.7244;3000.3269;1916.3653;3004.0078;1910.8132;3002.7578;1914.4243;3004.0722;1915.9132;3003.083;1918.6651;3004.2661;1918.8232;3004.7829;1915.0639
5750260.0;3014.8733;1907.241;2994.4532;1910.6258;3005.5048;1911.7591;3002.0389;1914.2462;3005.82;1908.8798;3004.5863;1912.7701;3006.0741;1914.1333;3005.0873;1916.8778;3006.1697;1916.938;3006.7633;1913.2924
5750280.0;3016.5289;1906.0323;2996.5034;1908.9946;3007.3157;1909.6776;3003.6534;1912.0198;3007.521;1906.8178;3006.321;1910.9437;3007.9702;1912.1893;3006.996;1914.9409;3007.943;1914.9135;3008.6472;1911.3776
5750300.0;3018.1382;1904.7201;2998.4672;1907.2729;3009.0063;1907.4761;3005.1849;1909.7106;3009.0998;1904.6328;3007.9551;1908.9571;3009.7473;1910.0995;3008.8021;1912.8602;3009.581;1912.7659;3010.4255;1909.3289
5750320.0;3019.6834;1903.2816;3000.3094;1905.4266;3010.5581;1905.1605;3006.6457;1907.3346;3010.5467;1902.3345;3009.4817;1906.8228;3011.3959;1907.8792;3010.4995;1910.6459;3011.0823;1910.5082;3012.0942;1907.1585
5750340.0;3021.1144;1901.6911;3002.0085;1903.4357;3011.9555;1902.7458;3008.0409;1904.8988;3011.8529;1899.9365;3010.8957;1904.556;3012.9122;1905.5415;3012.0837;1908.3119;3012.4512;1908.1499;3013.6533;1904.882
5750360.0;3022.3756;1899.9341;3003.5623;1901.3056;3013.1926;1900.2511;3009.3676;1902.4026;3013.0123;1897.4513;3012.1961;1902.1745;3014.2954;1903.0971;3013.5493;1905.8718;3013.6954;1905.6961;3015.1026;1902.5156
5750380.0;3023.441;1898.0164;3004.9811;1899.0604;3014.2752;1897.6928;3010.6178;1899.8436;3014.0249;1894.891;3013.3862;1899.6991;3015.5451;1900.5549;3014.89;1903.3383;3014.8222;1903.1504;3016.4376;1900.0699
5750400.0;3024.3282;1895.9564;3006.2761;1896.726;3015.2181;1895.0827;3011.7812;1897.223;3014.8976;1892.2692;3014.4686;1897.1491;3016.6585;1897.9227;3016.1003;1900.7235;3015.8369;1900.5169;3017.6508;1897.548
5750420.0;3025.081;1893.7716;3007.4535;1894.318;3016.0383;1892.4303;3012.8478;1894.5504;3015.6426;1889.6027;3015.4406;1894.5395;3017.6315;1895.2111;3017.1777;1898.0392;3016.7432;1897.8041;3018.7351;1894.9497
5750440.0;3025.7408;1891.4781;3008.5178;1891.8401;3016.7487;1889.7456;3013.8066;1891.8422;3016.2741;1886.9094;3016.2949;1891.8801;3018.4603;1892.436;3018.1219;1895.297;3017.5422;1895.0255;3019.6876;1892.2782
5750460.0;3026.3301;1889.0975;3009.474;1889.2899;3017.3563;1887.0398;3014.6488;1889.1155;3016.8035;1884.2053;3017.0244;1889.179;3019.1458;1889.6193;3018.9332;1892.5084;3018.2309;1892.1994;3020.5086;1889.5412
5750480.0;3026.8551;1886.6539;3010.3293;1886.6658;3017.8647;1884.3225;3015.3688;1886.381;3017.2372;1881.5047;3017.6272;1886.4452;3019.6935;1886.7836;3019.61;1889.6846;3018.8013;1889.3434;3021.2002;1886.7479
5750500.0;3027.3149;1884.1568;3011.0936;1883.9716;3018.2783;1881.5991;3015.9656;1883.6405;3017.5784;1878.8204;3018.108;1883.6896;3020.1136;1883.9459;3020.151;1886.8365;3019.245;1886.4703;3021.7632;1883.9076
5750520.0;3027.7109;1881.5933;3011.7798;1881.2189;3018.6053;1878.8719;3016.4414;1880.891;3017.8325;1876.1602;3018.4753;1880.9232;3020.4166;1881.1134;3020.5574;1883.9737;3019.5606;1883.5867;3022.1974;1881.0319
5750540.0;3028.0483;1878.9442;3012.4;1878.4258;3018.8534;1876.1425;3016.8016;1878.1311;3018.0093;1873.5228;3018.7411;1878.156;3020.614;1878.2858;3020.836;1881.104;3019.7582;1880.6969;3022.5016;1878.1352
5750560.0;3028.3365;1876.2087;3012.9603;1875.6109;3019.0254;1873.4123;3017.056;1875.3643;3018.1185;1870.8982;3018.9194;1875.3967;3020.718;1875.4615;3020.9982;1878.2318;3019.8577;1877.8074;3022.677;1875.2332
5750580.0;3028.5809;1873.4059;3013.4558;1872.7878;3019.117;1870.6814;3017.2188;1872.5974;3018.1617;1868.2746;3019.0248;1872.6521;3020.742;1872.6425;3021.0566;1875.3582;3019.8823;1874.9264;3022.728;1872.3369
5750600.0;3028.7757;1870.5562;3013.8699;1869.9624;3019.1199;1867.9492;3017.3023;1869.8372;3018.1318;1865.6452;3019.0653;1869.9242;3020.6964;1869.8309;3021.0187;1872.48;3019.8509;1872.0571;3022.6618;1869.4501
5750620.0;3028.8988;1867.6651;3014.1768;1867.1346;3019.0236;1865.2154;3017.3106;1867.0857;3018.0179;1863.0116;3019.0391;1867.2086;3020.5854;1867.0245;3020.8839;1869.5892;3019.7745;1869.1935;3022.4832;1866.5706
5750640.0;3028.9152;1864.7263;3014.3485;1864.3033;3018.8148;1862.4786;3017.2343;1864.3383;3017.8095;1860.378;3018.9346;1864.496;3020.4042;1864.2158;3020.6435;1866.6749;3019.6532;1866.3239;3022.1945;1863.6949
5750660.0;3028.7852;1861.7401;3014.3594;1861.4678;3018.476;1859.7362;3017.053;1861.5845;3017.4965;1857.7425;3018.7344;1861.7785;3020.1425;1861.3969;3020.2853;1863.7278;3019.4753;1863.4401;3021.7965;1860.8208
5750680.0;3028.4778;1858.724;3014.1876;1858.627;3017.9879;1856.9849;3016.7398;1858.8142;3017.0654;1855.094;3018.4184;1859.0557;3019.7863;1858.5643;3019.7982;1860.7465;3019.215;1860.5448;3021.2923;1857.9479
5750700.0;3027.9789;1855.7079;3013.8135;1855.7812;3017.3331;1854.2245;3016.268;1856.0241;3016.5015;1852.4174;3017.967;1856.3348;3019.3209;1855.7223;3019.1752;1857.7407;3018.8364;1857.6509;3020.6849;1855.0764
5750720.0;3027.2933;1852.7202;3013.2212;1852.9379;3016.498;1851.4591;3015.6165;1853.2218;3015.7932;1849.7039;3017.3637;1853.6275;3018.7319;1852.8809;3018.4117;1854.7301;3018.3;1854.7757;3019.9755;1852.2063
5750740.0;3026.4351;1849.7773;3012.4042;1850.1155;3015.4753;1848.6978;3014.7727;1850.4232;3014.9325;1846.9606;3016.5972;1850.9461;3018.007;1850.0522;3017.5035;1851.7384;3017.5729;1851.9339;3019.1614;1849.3387
5750760.0;3025.419;1846.8837;3011.3688;1847.3401;3014.2662;1845.9554;3013.7312;1847.6491;3013.912;1844.2114;3015.6604;1848.305;3017.1365;1847.2473;3016.4465;1848.789;3016.6362;1849.1349;3018.2389;1846.4785
5750780.0;3024.256;1844.0416;3010.1289;1844.6396;3012.8824;1843.2543;3012.4923;1844.9221;3012.7238;1841.4881;3014.5483;1845.7228;3016.1139;1844.4772;3015.2374;1845.9017;3015.4852;1846.3844;3017.2009;1843.6373
5750800.0;3022.9565;1841.2574;3008.6984;1842.0412;3011.3406;1840.6229;3011.0605;1842.2669;3011.3656;1838.8206;3013.2562;1843.2241;3014.9345;1841.7568;3013.8749;1843.091;3014.1271;1843.6881;3016.0348;1840.8346
5750820.0;3021.5334;1838.5452;3007.0861;1839.5719;3009.656;1838.0899;3009.4447;1839.7095;3009.8439;1836.2304;3011.7812;1840.8351;3013.5943;1839.1061;3012.3608;1840.3664;3012.5753;1841.0578;3014.7191;1838.0988
5750840.0;3020.0061;1835.9287;3005.2966;1837.2581;3007.8372;1835.6781;3007.6551;1837.2772;3008.1698;1833.7336;3010.1229;1838.5806;3012.0881;1836.5472;3010.6991;1837.7356;3010.8462;1838.5152;3013.2265;1835.4657
5750860.0;3018.399;1833.4386;3003.3346;1835.12;3005.8869;1833.4045;3005.7013;1834.9945;3006.3509;1831.3457;3008.2853;1836.4805;3010.41;1834.0998;3008.8953;1835.209;3008.9562;1836.0935;3011.5275;1832.9786
5750880.0;3016.7356;1831.1017;3001.2109;1833.1701;3003.8031;1831.2874;3003.5908;1832.8822;3004.3905;1829.0832;3006.2757;1834.5512;3008.5552;1831.7835;3006.953;1832.8048;3006.9183;1833.832;3009.5985;1830.6862
5750900.0;3015.0265;1828.9299;2998.9438;1831.4164;3001.584;1829.3519;3001.3322;1830.9571;3002.2889;1826.9681;3004.1041;1832.8067;3006.5226;1829.6198;3004.8727;1830.5487;3004.7383;1831.7654;3007.427;1828.6384
5750920.0;3013.2636;1826.9219;2996.5571;1829.8695;2999.2307;1827.632;2998.9377;1829.2385;3000.0437;1825.0332;3001.7819;1831.2629;3004.3171;1827.6356;3002.65;1828.4738;3002.4144;1829.9163;3005.016;1826.8754
5750940.0;3011.4265;1825.0808;2994.0744;1828.5472;2996.7514;1826.166;2996.4247;1827.752;2997.6483;1823.326;2999.3253;1829.9386;3001.9506;1825.8612;3000.2799;1826.6169;2999.9457;1828.2963;3002.3847;1825.4195
5750960.0;3009.5003;1823.423;2991.5177;1827.4721;2994.1619;1824.9928;2993.8157;1826.5322;2995.0985;1821.9014;2996.7587;1828.8549;2999.4429;1824.3316;2997.7615;1825.0178;2997.3405;1826.917;2999.5662;1824.2743
5750980.0;3007.4933;1821.9606;2988.9102;1826.6657;2991.4852;1824.1445;2991.1386;1825.615;2992.4049;1820.8067;2994.1147;1828.0285;2996.8212;1823.0846;2995.1028;1823.716;2994.622;1825.7978;2996.605;1823.4374
5751000.0;3005.4448;1820.6724;2986.278;1826.1435;2988.7499;1823.6409;2988.4276;1825.0284;2989.6002;1820.0688;2991.4265;1827.468;2994.1206;1822.1614;2992.3213;1822.7453;2991.8245;1824.9637;2993.5526;1822.912
5751020.0;3003.4164;1819.5061;2983.6494;1825.913;2985.99;1823.4858;2985.7216;1824.7842;2986.7349;1819.6894;2988.7218;1827.1715;2991.3827;1821.6006;2989.4435;1822.1249;2988.9847;1824.4357;2990.4647;1822.7108
5751040.0;3001.4731;1818.4119;2981.0533;1825.9693;2983.2443;1823.6711;2983.0634;1824.8791;2983.8671;1819.6501;2986.0252;1827.1323;2988.6544;1821.434;2986.5058;1821.8562;2986.1363;1824.2226;2987.4;1822.846
5751060.0;2999.6604;1817.4027;2978.5188;1826.2967;2980.5588;1824.1831;2980.4957;1825.2998;2981.0545;1819.923;2983.3645;1827.3437;2985.9842;1821.6799;2983.5545;1821.9244;2983.3092;1824.3212;2984.4192;1823.3181
5751080.0;2997.9886;1816.5892;2976.077;1826.8774;2977.986;1825.0068;2978.0609;1826.0272;2978.3528;1820.4855;2980.7751;1827.8039;2983.4188;1822.3374;2980.645;1822.309;2980.5341;1824.7228;2981.5813;1824.1101
5751100.0;2996.4349;1816.1676;2973.7611;1827.7006;2975.5813;1826.1257;2975.8003;1827.0368;2975.8167;1821.3279;2978.2985;1828.5135;2981.0004;1823.3798;2977.8364;1822.991;2977.8462;1825.4226;2978.9389;1825.1941
5751120.0;2994.9625;1816.3523;2971.6058;1828.7668;2973.3931;1827.5224;2973.7531;1828.301;2973.4981;1822.4501;2975.9797;1829.4732;2978.7659;1824.756;2975.1859;1823.9579;2975.2891;1826.4248;2976.5352;1826.5414
5751140.0;2993.5456;1817.2904;2969.645;1830.0775;2971.4562;1829.1781;2971.9515;1829.7924;2971.443;1823.8513;2973.8637;1830.6798;2976.7474;1826.3993;2972.7443;1825.1992;2972.9161;1827.741;2974.4052;1828.1322
5751160.0;2992.1857;1819.0046;2967.9088;1831.626;2969.7889;1831.0733;2970.4169;1831.4903;2969.6885;1825.5194;2971.9947;1832.1266;2974.9723;1828.2462;2970.5555;1826.7047;2970.7885;1829.3796;2972.5761;1829.9542
5751180.0;2990.9103;1821.3948;2966.421;1833.3959;2968.4001;1833.182;2969.1557;1833.38;2968.2576;1827.43;2970.4115;1833.8016;2973.4603;1830.2484;2968.656;1828.461;2968.9665;1831.33;2971.0655;1831.9937
5751200.0;2989.7578;1824.2828;2965.197;1835.3651;2967.2949;1835.4695;2968.1633;1835.4463;2967.1545;1829.5478;2969.1447;1835.6873;2972.2217;1832.3748;2967.0731;1830.4515;2967.4938;1833.5539;2969.8785;1834.2237
5751220.0;2988.7649;1827.4631;2964.2453;1837.5078;2966.4782;1837.89;2967.428;1837.664;2966.3634;1831.8303;2968.2117;1837.7572;2971.2573;1834.6017;2965.8207;1832.6525;2966.3857;1835.9861;2969.0074;1836.6012
5751240.0;2987.958;1830.7454;2963.5701;1839.7927;2965.9533;1840.3942;2966.9381;1839.9956;2965.8551;1834.234;2967.6138;1839.9738;2970.5608;1836.9056;2964.8958;1835.0312;2965.6312;1838.5485;2968.4325;1839.0704
5751260.0;2987.3531;1833.9821;2963.1729;1842.1826;2965.7184;1842.9328;2966.6822;1842.3949;2965.598;1836.717;2967.3346;1842.2874;2970.1199;1839.2602;2964.2791;1837.5466;2965.2045;1841.1659;2968.1239;1841.5752
5751280.0;2986.9559;1837.0798;2963.0488;1844.6358;2965.7627;1845.4591;2966.6473;1844.8158;2965.5658;1839.2407;2967.343;1844.6417;2969.9157;1841.6398;2963.9413;1840.1553;2965.0758;1843.7809;2968.0428;1844.0695
5751300.0;2986.7633;1839.999;2963.1826;1847.1099;2966.0625;1847.9291;2966.8145;1847.2194;2965.7382;1841.7704;2967.5979;1846.9834;2969.9221;1844.0207;2963.8494;1842.8161;2965.2126;1846.3565;2968.1489;1846.5239
5751320.0;2986.7637;1842.7377;2963.5463;1849.5682;2966.578;1850.3083;2967.1592;1849.579;2966.094;1844.2789;2968.0578;1849.2726;2970.1106;1846.3801;2963.9741;1845.492;2965.5768;1848.8722;2968.4075;1848.9246
5751340.0;2986.9402;1845.3162;2964.1015;1851.9838;2967.2558;1852.5842;2967.6548;1851.8786;2966.609;1846.7496;2968.6888;1851.4853;2970.4539;1848.6955;2964.2894;1848.1493;2966.1253;1851.3169;2968.7961;1851.2667
5751360.0;2987.2719;1847.7602;2964.8087;1854.3417;2968.04;1854.7668;2968.2798;1854.1074;2967.2592;1849.1745;2969.4693;1853.6076;2970.9318;1850.9459;2964.7731;1850.76;2966.8177;1853.6853;2969.3022;1853.545
5751380.0;2987.7414;1850.0899;2965.6378;1856.6356;2968.8899;1856.8752;2969.0218;1856.2538;2968.0274;1851.5461;2970.3858;1855.627;2971.5309;1853.115;2965.4047;1853.3045;2967.6257;1855.9773;2969.9214;1855.7491
5751400.0;2988.3409;1852.3161;2966.575;1858.8629;2969.7912;1858.9184;2969.8792;1858.3038;2968.9068;1853.8511;2971.4267;1857.5306;2972.2452;1855.1908;2966.1693;1855.7716;2968.538;1858.1958;2970.6519;1857.8649
5751420.0;2989.0737;1854.4408;2967.6166;1861.0202;2970.7534;1860.8905;2970.8548;1860.2427;2969.8991;1856.0693;2972.5776;1859.3077;2973.0738;1857.1618;2967.0584;1858.1529;2969.5567;1860.3428;2971.4953;1859.8793
5751440.0;2989.9452;1856.4602;2968.7602;1863.1005;2971.7948;1862.7768;2971.9516;1862.0571;2971.0112;1858.1764;2973.8249;1860.9515;2974.0187;1859.0141;2968.0704;1860.4374;2970.6882;1862.4165;2972.4554;1861.7841
5751460.0;2990.9488;1858.3649;2970.0009;1865.0934;2972.9306;1864.5617;2973.1681;1863.7362;2972.2501;1860.1474;2975.1583;1862.459;2975.0803;1860.7323;2969.2072;1862.6114;2971.9359;1864.4113;2973.5374;1863.5741
5751480.0;2992.0612;1860.1448;2971.3315;1866.9864;2974.1686;1866.23;2974.4995;1865.271;2973.6176;1861.964;2976.5697;1863.8294;2976.2562;1862.3037;2970.4709;1864.6626;2973.295;1866.3196;2974.743;1865.2434
5751500.0;2993.2541;1861.7945;2972.7457;1868.7701;2975.512;1867.7663;2975.9383;1866.6565;2975.1035;1863.6183;2978.0492;1865.0652;2977.5405;1863.7207;2971.8606;1866.583;2974.7538;1868.13;2976.0679;1866.783
5751520.0;2994.5092;1863.317;2974.2387;1870.4393;2976.9615;1869.1573;2977.4743;1867.8929;2976.6864;1865.1098;2979.5859;1866.1718;2978.9249;1864.9796;2973.3695;1868.3673;2976.2966;1869.8274;2977.5013;1868.1823
5751540.0;2995.8242;1864.7171;2975.8077;1871.9932;2978.5142;1870.3947;2979.0928;1868.9844;2978.3416;1866.4337;2981.1708;1867.1555;2980.3991;1866.0792;2974.9842;1870.0113;2977.9093;1871.3951;2979.0315;1869.4299
5751560.0;2997.206;1865.9925;2977.4534;1873.4332;2980.1628;1871.4724;2980.7759;1869.9331;2980.0473;1867.5776;2982.8;1868.019;2981.9504;1867.0197;2976.6903;1871.5097;2979.5831;1872.8196;2980.6487;1870.5155
5751580.0;2998.6631;1867.1307;2979.1792;1874.758;2981.8962;1872.3821;2982.5078;1870.7361;2981.7886;1868.5295;2984.4724;1868.761;2983.5642;1867.8048;2978.4761;1872.8554;2981.3155;1874.0907;2982.3464;1871.4298
5751600.0;3000.2018;1868.1133;2980.9887;1875.9569;2983.7019;1873.1106;2984.279;1871.3868;2983.5577;1869.284;2986.1862;1869.376;2985.2273;1868.4392;2980.3359;1874.0365;2983.1079;1875.1961;2984.1189;1872.1668
5751620.0;3001.8282;1868.9204;2982.8822;1877.0095;2985.5675;1873.6399;2986.0867;1871.8798;2985.3558;1869.8416;2987.9371;1869.8586;2986.9304;1868.9272;2982.2666;1875.0382;2984.9626;1876.1173;2985.9602;1872.7228
5751640.0;3003.5482;1869.5319;2984.8567;1877.8882;2987.4817;1873.9479;2987.9311;1872.2123;2987.1913;1870.2014;2989.7181;1870.2049;2988.6684;1869.2691;2984.2634;1875.8485;2986.8806;1876.8336;2987.8632;1873.0967
5751660.0;3005.3629;1869.9265;2986.9058;1878.5657;2989.4346;1874.0105;2989.8104;1872.3839;2989.074;1870.3618;2991.5225;1870.4132;2990.4392;1869.4605;2986.3178;1876.4639;2988.8599;1877.3289;2989.8194;1873.2888
5751680.0;3007.2618;1870.0858;2989.0194;1879.02;2991.4171;1873.8092;2991.7194;1872.3965;2991.0075;1870.3243;2993.346;1870.4826;2992.2421;1869.4938;2988.4185;1876.885;2990.8964;1877.596;2991.8192;1873.3018
5751700.0;3009.2192;1870.0025;2991.1847;1879.2385;2993.4182;1873.3447;2993.6513;1872.2545;2992.9891;1870.0937;2995.1863;1870.4132;2994.0766;1869.3638;2990.5542;1877.1119;2992.9831;1877.6317;2993.8519;1873.1402
5751720.0;3011.1988;1869.6891;2993.3878;1879.2196;2995.4222;1872.6413;2995.6009;1871.9644;2995.0119;1869.6804;2997.0418;1870.2047;2995.9424;1869.074;2992.7136;1877.1407;2995.1083;1877.4351;2995.9079;1872.8107
5751740.0;3013.1686;1869.1755;2995.6151;1878.9739;2997.412;1871.7427;2997.5641;1871.5333;2997.066;1869.1029;2998.9092;1869.8574;2997.8385;1868.6404;2994.8857;1876.9677;2997.2531;1877.0085;2997.9794;1872.3204
5751760.0;3015.1141;1868.4995;2997.8533;1878.5206;2999.3778;1870.6998;2999.5373;1870.9692;2999.1405;1868.3897;3000.7842;1869.3714;2999.7624;1868.0854;2997.0598;1876.591;2999.3934;1876.3626;3000.0596;1871.6794
5751780.0;3017.0415;1867.6923;3000.0891;1877.8835;3001.3244;1869.5619;3001.518;1870.2834;3001.2246;1867.5745;3002.6622;1868.748;3001.709;1867.428;2999.227;1876.0125;3001.5083;1875.5176;3002.1407;1870.9022
5751800.0;3018.9678;1866.7744;3002.3111;1877.0835;3003.2681;1868.371;3003.5063;1869.4913;3003.3093;1866.6898;3004.5384;1867.9888;3003.6697;1866.6742;3001.3817;1875.2383;3003.5874;1874.502;3004.2148;1870.0085
5751820.0;3020.9048;1865.7574;3004.5115;1876.1354;3005.2252;1867.1557;3005.5043;1868.6082;3005.3872;1865.7622;3006.4065;1867.0976;3005.6339;1865.8174;3003.5219;1874.2788;3005.6312;1873.3482;3006.277;1869.0161
5751840.0;3022.8472;1864.6501;3006.6845;1875.0483;3007.2007;1865.9277;3007.5117;1867.6407;3007.45;1864.8084;3008.2574;1866.0794;3007.5912;1864.8431;3005.6466;1873.145;3007.6452;1872.0866;3008.3266;1867.9365
5751860.0;3024.7726;1863.4573;3008.8239;1873.8298;3009.1883;1864.6842;3009.5213;1866.5831;3009.4878;1863.8279;3010.0804;1864.939;3009.5323;1863.7374;3007.7545;1871.8481;3009.6351;1870.7401;3010.3621;1866.7732
5751880.0;3026.6504;1862.1789;3010.9236;1872.4874;3011.1729;1863.4094;3011.5194;1865.4217;3011.4888;1862.797;3011.8654;1863.6793;3011.4471;1862.4903;3009.8428;1870.3992;3011.6051;1869.3237;3012.3761;1865.5262
5751900.0;3028.4533;1860.8093;3012.9786;1871.0274;3013.1311;1862.0758;3013.4901;1864.1447;3013.4372;1861.6766;3013.6033;1862.3022;3013.3229;1861.0984;3011.9063;1868.8115;3013.5572;1867.8489;3014.3534;1864.193
5751920.0;3030.1636;1859.3441;3014.9862;1869.4524;3015.0319;1860.6456;3015.4171;1862.7474;3015.3102;1860.4315;3015.2849;1860.8101;3015.1454;1859.5666;3013.9352;1867.0973;3015.4907;1866.3252;3016.2745;1862.7661
5751940.0;3031.774;1857.7868;3016.942;1867.76;3016.8409;1859.0795;3017.2861;1861.2305;3017.0769;1859.0503;3016.8993;1859.2074;3016.9017;1857.9086;3015.9166;1865.2677;3017.3997;1864.756;3018.1196;1861.2287
5751960.0;3033.2857;1856.1515;3018.8374;1865.9424;3018.532;1857.3518;3019.084;1859.5945;3018.7057;1857.5402;3018.4332;1857.4985;3018.5825;1856.1433;3017.8358;1863.3313;3019.2697;1863.1266;3019.8707;1859.5581
5751980.0;3034.7091;1854.4582;3020.6573;1863.9912;3020.0939;1855.4584;3020.7985;1857.8363;3020.1776;1855.9029;3019.8731;1855.6849;3020.1809;1854.2882;3019.6791;1861.2949;3021.0733;1861.3933;3021.5087;1857.7353
5752000.0;3036.0633;1852.7273;3022.3801;1861.9017;3021.5251;1853.4096;3022.4139;1855.9504;3021.4921;1854.1161;3021.2051;1853.7646;3021.6883;1852.3515;3021.4311;1859.16;3022.77;1859.4868;3023.0122;1855.7528
5752020.0;3037.3788;1850.9725;3023.9774;1859.6744;3022.8221;1851.2188;3023.9105;1853.9317;3022.6585;1852.1434;3022.4164;1851.7345;3023.0925;1850.3309;3023.0723;1856.9216;3024.3121;1857.3384;3024.3553;1853.6144
5752040.0;3038.6995;1849.1998;3025.4155;1857.3093;3023.9692;1848.8965;3025.2636;1851.7767;3023.679;1849.9628;3023.4953;1849.5939;3024.3766;1848.2162;3024.5767;1854.5705;3025.66;1854.9191;3025.5104;1851.3294
5752060.0;3040.0762;1847.411;3026.6569;1854.8023;3024.9398;1846.4538;3026.4479;1849.4846;3024.5399;1847.5833;3024.4321;1847.346;3025.5221;1845.9971;3025.9158;1852.1;3026.792;1852.2592;3026.4499;1848.9078
5752080.0;3041.546;1845.6118;3027.6632;1852.1484;3025.7049;1843.9046;3027.4379;1847.0569;3025.2125;1845.0381;3025.2155;1844.9957;3026.5089;1843.6685;3027.0613;1849.5111;3027.7029;1849.4279;3027.1507;1846.362
5752100.0;3043.1091;1843.8179;3028.3982;1849.3512;3026.2441;1841.263;3028.2103;1844.4991;3025.663;1842.3661;3025.8311;1842.5485;3027.3164;1841.2335;3027.988;1846.8134;3028.3944;1846.4925;3027.5975;1843.7101
5752120.0;3044.7266;1842.0507;3028.8355;1846.4308;3026.5526;1838.5412;3028.7436;1841.8224;3025.8671;1839.6017;3026.2619;1840.0102;3027.9222;1838.7013;3028.6714;1844.0219;3028.8666;1843.493;3027.7867;1840.9779
5752140.0;3046.3459;1840.3264;3028.965;1843.422;3026.6393;1835.7516;3029.0219;1839.0441;3025.8183;1836.7783;3026.4943;1837.3907;3028.3062;1836.0856;3029.0881;1841.1535;3029.1171;1840.4474;3027.7261;1838.196
5752160.0;3047.9249;1838.6445;3028.7967;1840.3666;3026.5139;1832.9088;3029.0367;1836.1869;3025.5267;1833.9291;3026.5208;1834.7054;3028.4534;1833.4036;3029.2192;1838.2242;3029.1442;1837.3713;3027.4319;1835.394
5752180.0;3049.4335;1836.9873;3028.3532;1837.3008;3026.1768;1830.0289;3028.7896;1833.2764;3025.0057;1831.0801;3026.3397;1831.9746;3028.3555;1830.6745;3029.057;1835.249;3028.9499;1834.2882;3026.9211;1832.5935
5752200.0;3050.8434;1835.333;3027.6569;1834.2504;3025.6188;1827.1276;3028.2919;1830.3366;3024.264;1828.2413;3025.948;1829.2194;3028.0077;1827.9177;3028.6082;1832.243;3028.5381;1831.2229;3026.2072;1829.8073
5752220.0;3052.1265;1833.6767;3026.7194;1831.2321;3024.8285;1824.2223;3027.5623;1827.3885;3023.3028;1825.4143;3025.3367;1826.459;3027.4062;1825.1507;3027.8904;1829.223;3027.9116;1828.1935;3025.2968;1827.0429
5752240.0;3053.2584;1832.0522;3025.5429;1828.2623;3023.7996;1821.3385;3026.619;1824.4512;3022.1178;1822.6109;3024.4915;1823.7126;3026.5476;1822.3899;3026.921;1826.21;3027.0688;1825.2091;3024.1919;1824.3087
5752260.0;3054.2216;1830.5305;3024.1297;1825.3601;3022.5294;1818.5098;3025.4718;1821.5445;3020.7025;1819.8664;3023.4006;1821.0029;3025.4318;1819.656;3025.7106;1823.2302;3026.002;1822.2778;3022.8906;1821.6181
5752280.0;3054.9776;1829.194;3022.4918;1822.5466;3021.0168;1815.7742;3024.1172;1818.6933;3019.0572;1817.2321;3022.0602;1818.3594;3024.0628;1816.9799;3024.2611;1820.318;3024.6974;1819.4166;3021.3906;1818.9909
5752300.0;3055.4469;1828.1018;3020.6487;1819.8448;3019.2663;1813.1702;3022.5426;1815.9286;3017.1968;1814.7587;3020.4768;1815.8173;3022.4499;1814.403;3022.5729;1817.5169;3023.1385;1816.6573;3019.6907;1816.4561
5752320.0;3055.4975;1827.2475;3018.6203;1817.2821;3017.2912;1810.7389;3020.7351;1813.2909;3015.1497;1812.4844;3018.6645;1813.4151;3020.6072;1811.9713;3020.6507;1814.8774;3021.3151;1814.048;3017.7943;1814.0507
5752340.0;3054.9557;1826.5202;3016.421;1814.8942;3015.1119;1808.5231;3018.6935;1810.8283;3012.9496;1810.4353;3016.6435;1811.1903;3018.5548;1809.7278;3018.5082;1812.4497;3019.2314;1811.648;3015.7097;1811.8168
5752360.0;3053.6591;1825.7173;3014.064;1812.7206;3012.7528;1806.564;3016.4306;1808.5926;3010.6289;1808.6312;3014.4397;1809.1778;3016.3181;1807.7096;3016.1673;1810.2763;3016.9076;1809.5162;3013.4524;1809.7928
5752380.0;3051.5465;1824.6443;3011.5665;1810.7978;3010.2393;1804.8933;3013.9723;1806.6301;3008.2171;1807.0917;3012.0846;1807.4064;3013.9264;1805.9493;3013.6561;1808.3877;3014.379;1807.7005;3011.0452;1808.0099
5752400.0;3048.7363;1823.263;3008.9508;1809.1547;3007.601;1803.531;3011.3509;1804.9721;3005.7419;1805.8381;3009.6129;1805.8993;3011.4112;1804.4762;3011.005;1806.8054;3011.6915;1806.2311;3008.5176;1806.4884
5752420.0;3045.5057;1821.7501;3006.2433;1807.8134;3004.874;1802.4852;3008.6009;1803.6313;3003.2273;1804.886;3007.0599;1804.6757;3008.8066;1803.314;3008.2455;1805.5448;3008.8998;1805.1225;3005.9009;1805.2417
5752440.0;3042.1621;1820.3992;3003.4746;1806.791;3002.098;1801.7567;3005.7572;1802.6054;3000.6955;1804.2358;3004.4616;1803.7542;3006.1489;1802.4772;3005.4111;1804.6174;3006.0628;1804.3796;3003.2244;1804.2794
5752460.0;3038.9151;1819.4555;3000.6802;1806.1012;2999.3123;1801.3454;3002.8554;1801.8856;2998.1699;1803.8732;3001.8564;1803.1531;3003.4767;1801.9685;3002.5384;1804.0304;3003.2363;1804.0034;3000.514;1803.6117
5752480.0;3035.8552;1819.031;2997.8992;1805.7553;2996.5534;1801.2569;2999.9333;1801.4663;2995.6799;1803.783;2999.2855;1802.8878;3000.83;1801.7828;2999.6674;1803.7871;3000.464;1803.9882;2997.796;1803.2505
5752500.0;3033.011;1819.1219;2995.1719;1805.7603;2993.8552;1801.5005;2997.0309;1801.3497;2993.2611;1803.9626;2996.7917;1802.9633;2998.25;1801.9126;2996.8393;1803.8865;2997.7724;1804.3125;2995.0997;1803.2086
5752520.0;3030.3887;1819.6667;2992.5375;1806.1162;2991.2496;1802.0804;2994.1895;1801.5453;2990.9505;1804.418;2994.4142;1803.3722;2995.7788;1802.3525;2994.094;1804.3219;2995.1721;1804.9352;2992.4589;1803.4923
5752540.0;3027.9764;1820.5857;2990.034;1806.8135;2988.7645;1802.9848;2991.4485;1802.0603;2988.7801;1805.1492;2992.1837;1804.0939;2993.4569;1803.0946;2991.4678;1805.0758;2992.6695;1805.8073;2989.9092;1804.0974
5752560.0;3025.7372;1821.7921;2987.6954;1807.8291;2986.4233;1804.1825;2988.8432;1802.8895;2986.7699;1806.1399;2990.1166;1805.0979;2991.3186;1804.1209;2988.9919;1806.1188;2990.2763;1806.8909;2987.4829;1805.0047
5752580.0;3023.6277;1823.1985;2985.5455;1809.1274;2984.2445;1805.628;2986.4029;1804.0072;2984.9264;1807.3603;2988.214;1806.3449;2989.3859;1805.3971;2986.6904;1807.4098;2988.0111;1808.1664;2985.205;1806.1821
5752600.0;3021.6184;1824.723;2983.5951;1810.6612;2982.2388;1807.2703;2984.1506;1805.371;2983.2423;1808.7761;2986.467;1807.7888;2987.6665;1806.8778;2984.5768;1808.9036;2985.8916;1809.6236;2983.0923;1807.5888
5752620.0;3019.6958;1826.296;2981.8432;1812.3788;2980.4045;1809.0586;2982.1016;1806.9313;2981.7014;1810.3569;2984.8648;1809.38;2986.1544;1808.5148;2982.6502;1810.5569;2983.9272;1811.2497;2981.155;1809.182
5752640.0;3017.8564;1827.8748;2980.2829;1814.2318;2978.7286;1810.9464;2980.2617;1808.6404;2980.2852;1812.0799;2983.4018;1811.075;2984.8356;1810.2663;2980.896;1812.3343;2982.1184;1813.0221;2979.3989;1810.9201
5752660.0;3016.101;1829.4442;2978.9047;1816.183;2977.1956;1812.8934;2978.6256;1810.4582;2978.979;1813.9262;2982.077;1812.8421;2983.6922;1812.0987;2979.2908;1814.207;2980.4643;1814.9118;2977.8242;1812.7672
5752680.0;3014.4361;1831.0083;2977.6965;1818.2052;2975.7954;1814.8721;2977.1802;1812.3538;2977.7775;1815.8734;2980.8906;1814.6632;2982.7054;1813.987;2977.8141;1816.1523;2978.9683;1816.8901;2976.4231;1814.6926
5752700.0;3012.8728;1832.5736;2976.6464;1820.2772;2974.5237;1816.8688;2975.9077;1814.3046;2976.685;1817.8909;2979.8396;1816.5279;2981.8556;1815.9134;2976.4539;1818.1508;2977.6379;1818.9357;2975.1814;1816.6713
5752720.0;3011.4246;1834.1429;2975.7454;1822.3777;2973.3777;1818.8804;2974.7915;1816.2951;2975.7103;1819.948;2978.9194;1818.4289;2981.122;1817.8687;2975.2078;1820.1871;2976.476;1821.0357;2974.0808;1818.682
5752740.0;3010.1011;1835.7156;2974.9894;1824.4853;2972.3544;1820.9076;2973.8197;1818.3151;2974.8613;1822.0229;2978.1239;1820.3595;2980.4824;1819.8492;2974.0766;1822.2486;2975.4759;1823.1811;2973.103;1820.7095
5752760.0;3008.9077;1837.2921;2974.3747;1826.5848;2971.4557;1822.9507;2972.9896;1820.3586;2974.1394;1824.1042;2977.4454;1822.3153;2979.9155;1821.8544;2973.0604;1824.3252;2974.6204;1825.3593;2972.2331;1822.7444
5752780.0;3007.8479;1838.8761;2973.8954;1828.6709;2970.6915;1825.0093;2972.3062;1822.4212;2973.5404;1826.1844;2976.8733;1824.2939;2979.4018;1823.8832;2972.1574;1826.4088;2973.8907;1827.5531;2971.4622;1824.7842
5752800.0;3006.9267;1840.473;2973.5424;1830.7437;2970.0761;1827.0818;2971.7789;1824.4976;2973.0563;1828.2557;2976.3971;1826.2919;2978.9271;1825.9343;2971.3675;1828.4958;2973.2723;1829.7419;2970.7858;1826.8314
5752820.0;3006.1514;1842.0879;2973.3066;1832.7991;2969.6182;1829.1645;2971.4146;1826.5814;2972.6793;1830.3126;2976.0086;1828.3021;2978.4837;1828.0057;2970.6927;1830.5879;2972.7561;1831.9056;2970.2017;1828.8916
5752840.0;3005.5267;1843.7244;2973.1813;1834.8261;2969.3143;1831.2526;2971.2171;1828.6676;2972.4028;1832.3532;2975.7043;1830.3139;2978.0727;1830.0941;2970.1378;1832.6887;2972.3365;1834.0305;2969.7056;1830.9698
5752860.0;3005.0467;1845.3842;2973.1628;1836.8123;2969.1522;1833.3416;2971.1852;1830.7533;2972.2235;1834.3784;2975.4853;1832.3185;2977.7039;1832.1923;2969.7081;1834.7995;2972.0116;1836.1171;2969.2952;1833.0689
5752880.0;3004.6902;1847.0704;2973.2497;1838.7514;2969.1189;1835.4269;2971.3128;1832.8358;2972.1407;1836.3903;2975.3575;1834.3126;2977.3939;1834.2899;2969.4082;1836.9183;2971.7859;1838.1798;2968.9747;1835.189
5752900.0;3004.4259;1848.7892;2973.4431;1840.6441;2969.2083;1837.5027;2971.5885;1834.9103;2972.1551;1838.3934;2975.332;1836.2957;2977.1617;1836.3777;2969.24;1839.0415;2971.6725;1840.2364;2968.7596;1837.328
5752920.0;3004.2291;1850.5474;2973.7446;1842.4945;2969.4207;1839.5621;2971.9975;1836.9712;2972.2698;1840.3927;2975.4225;1838.264;2977.0261;1838.4508;2969.2027;1841.165;2971.6911;1842.2939;2968.6745;1839.4812
5752940.0;3004.0933;1852.3467;2974.1556;1844.3073;2969.7616;1841.5972;2972.5249;1839.0141;2972.492;1842.3907;2975.6414;1840.2087;2977.002;1840.5096;2969.2943;1843.2836;2971.864;1844.3445;2968.7458;1841.6385
5752960.0;3004.0312;1854.1774;2974.6761;1846.0873;2970.2381;1843.5991;2973.1592;1841.0355;2972.8337;1844.3833;2975.9964;1842.1199;2977.0983;1842.556;2969.5139;1845.3896;2972.2076;1846.3733;2968.9927;1843.7833
5752980.0;3004.0631;1856.0184;2975.3056;1847.8367;2970.8576;1845.5581;2973.8928;1843.0305;2973.307;1846.3622;2976.4909;1843.9909;2977.3178;1844.5896;2969.8633;1847.4735;2972.7248;1848.3689;2969.4216;1845.895
5753000.0;3004.2085;1857.8434;2976.0438;1849.5473;2971.624;1847.4649;2974.7207;1844.9919;2973.9163;1848.3187;2977.1252;1845.8164;2977.6603;1846.6052;2970.3455;1849.5258;2973.4017;1850.3279;2970.0266;1847.9556
5753020.0;3004.4835;1859.63;2976.8924;1851.1985;2972.5333;1849.3118;2975.6377;1846.9123;2974.6556;1850.246;2977.8979;1847.5909;2978.1239;1848.5941;2970.9614;1851.539;2974.214;1852.2497;2970.7937;1849.954
5753040.0;3004.9022;1861.3636;2977.8532;1852.7656;2973.5753;1851.0912;2976.6366;1848.7852;2975.5126;1852.1371;2978.8032;1849.3087;2978.7047;1850.5456;2971.7105;1853.5065;2975.1376;1854.1291;2971.706;1851.8855
5753060.0;3005.4742;1863.0334;2978.9236;1854.2347;2974.7351;1852.7973;2977.7061;1850.605;2976.4776;1853.9811;2979.8281;1850.9676;2979.3967;1852.4486;2972.5922;1855.4217;2976.1564;1855.9522;2972.7474;1853.7471
5753080.0;3006.2021;1864.6234;2980.0936;1855.6112;2975.9977;1854.4273;2978.8326;1852.3662;2977.5475;1855.7621;2980.952;1852.5686;2980.1951;1854.2896;2973.6069;1857.2756;2977.262;1857.6977;2973.9048;1855.5338
5753100.0;3007.0806;1866.109;2981.3474;1856.9133;2977.3497;1855.9826;2980.0036;1854.0631;2978.7242;1857.4617;2982.1508;1854.1119;2981.0996;1856.051;2974.7552;1859.0578;2978.45;1859.344;2975.1698;1857.2376
5753120.0;3008.1013;1867.4628;2982.6686;1858.1562;2978.7822;1857.4652;2981.2134;1855.6906;2980.0087;1859.0646;2983.4046;1855.5934;2982.115;1857.7121;2976.0357;1860.7568;2979.7203;1860.8736;2976.5385;1858.8502
5753140.0;3009.2579;1868.6653;2984.0459;1859.3425;2980.2929;1858.8731;2982.4645;1857.243;2981.3989;1860.5594;2984.7012;1857.006;2983.2465;1859.2541;2977.4457;1862.3614;2981.0765;1862.2752;2978.0127;1860.361
5753160.0;3010.5451;1869.7096;2985.4741;1860.4641;2981.8831;1860.1994;2983.7655;1858.7125;2982.8931;1861.9344;2986.0356;1858.3417;2984.4971;1860.6652;2978.9836;1863.859;2982.5253;1863.5408;2979.5966;1861.7545
5753180.0;3011.9531;1870.6006;2986.9528;1861.5091;2983.5527;1861.4332;2985.1264;1860.0895;2984.4901;1863.1739;2987.4077;1859.5954;2985.8634;1861.941;2980.6498;1865.235;2984.073;1864.663;2981.2946;1863.006
5753200.0;3013.4657;1871.3465;2988.4811;1862.4664;2985.2954;1862.5625;2986.5564;1861.3637;2986.1861;1864.2583;2988.8221;1860.7623;2987.3364;1863.0795;2982.4443;1866.4709;2985.7227;1865.6318;2983.1076;1864.0864
5753220.0;3015.0621;1871.9518;2990.0559;1863.3196;2987.1024;1863.5735;2988.0632;1862.5267;2987.9705;1865.1694;2990.2876;1861.8339;2988.9031;1864.0783;2984.3613;1867.5457;2987.4719;1866.4339;2985.0311;1864.9687
5753240.0;3016.7248;1872.412;2991.6739;1864.0412;2988.9671;1864.4519;2989.6533;1863.569;2989.8285;1865.8922;2991.8143;1862.7906;2990.5504;1864.9336;2986.3877;1868.4377;2989.3123;1867.055;2987.054;1865.6356
5753260.0;3018.4443;1872.7176;2993.3352;1864.5958;2990.8862;1865.1811;2991.3304;1864.477;2991.7463;1866.4145;2993.4097;1863.6025;2992.2684;1865.6418;2988.5034;1869.1279;2991.2307;1867.4854;2989.1594;1866.0786
5753280.0;3020.2203;1872.8571;2995.0427;1864.9542;2992.8565;1865.7422;2993.0942;1865.2306;2993.714;1866.7274;2995.076;1864.2359;2994.0509;1866.1961;2990.6866;1869.6019;2993.2127;1867.7226;2991.3271;1866.2967
5753300.0;3022.0543;1872.8199;2996.798;1865.1047;2994.8707;1866.1112;2994.9373;1865.8059;2995.7223;1866.8313;2996.8095;1864.6631;2995.893;1866.5873;2992.918;1869.8514;2995.2448;1867.7696;2993.5353;1866.2953
5753320.0;3023.9419;1872.5895;2998.5947;1865.0521;2996.9179;1866.2597;2996.845;1866.1818;2997.7612;1866.74;2998.5996;1864.8657;2997.7888;1866.806;2995.1837;1869.874;2997.3136;1867.6281;2995.7639;1866.0854
5753340.0;3025.8697;1872.1424;3000.4158;1864.8032;2998.9875;1866.1598;2998.7959;1866.3464;2999.8204;1866.4761;3000.4289;1864.834;2999.7309;1866.8469;2997.4731;1869.6736;2999.4029;1867.2958;2997.9946;1865.6781
5753360.0;3027.8192;1871.4557;3002.2356;1864.3547;3001.0691;1865.7903;3000.7672;1866.2981;3001.8932;1866.0554;3002.2769;1864.5646;3001.7102;1866.7063;2999.7745;1869.2587;3001.4948;1866.7687;3000.2113;1865.0802
5753380.0;3029.7711;1870.5211;3004.0264;1863.6945;3003.1492;1865.1434;3002.7397;1866.0428;3003.9756;1865.4758;3004.126;1864.0611;3003.7163;1866.3811;3002.0724;1868.6425;3003.5737;1866.0467;3002.4004;1864.2944
5753400.0;3031.7047;1869.3517;3005.7646;1862.8156;3005.2087;1864.2261;3004.6998;1865.5873;3006.0624;1864.7219;3005.9651;1863.3358;3005.7368;1865.8679;3004.351;1867.8398;3005.6308;1865.1342;3004.5517;1863.3229
5753420.0;3033.5959;1867.9792;3007.4374;1861.7283;3007.2261;1863.0603;3006.6372;1864.9347;3008.1431;1863.7804;3007.7895;1862.4095;3007.7578;1865.1649;3006.5989;1866.8641;3007.6657;1864.0404;3006.6593;1862.1683
5753440.0;3035.4189;1866.4438;3009.0432;1860.4609;3009.1845;1861.6811;3008.5411;1864.0831;3010.2021;1862.6509;3009.5973;1861.3056;3009.7666;1864.2698;3008.8098;1865.7252;3009.6828;1862.7784;3008.7211;1860.8361
5753460.0;3037.1524;1864.7862;3010.5902;1859.0476;3011.0767;1860.1311;3010.3992;1863.0298;3012.2228;1861.3448;3011.3862;1860.0453;3011.7538;1863.1822;3010.9793;1864.4313;3011.6865;1861.3674;3010.7362;1859.3367
5753480.0;3038.7851;1863.0424;3012.0923;1857.5172;3012.9015;1858.4518;3012.2009;1861.7765;3014.1926;1859.8771;3013.1538;1858.6437;3013.7149;1861.9087;3013.1028;1862.9916;3013.6775;1859.8324;3012.7036;1857.6887
5753500.0;3040.3191;1861.242;3013.5655;1855.889;3014.6596;1856.675;3013.9422;1860.3343;3016.1043;1858.2625;3014.8991;1857.1139;3015.6492;1860.4678;3015.176;1861.4193;3015.6517;1858.2015;3014.6217;1855.9148
5753520.0;3041.7666;1859.4037;3015.0229;1854.1761;3016.3507;1854.8226;3015.6256;1858.723;3017.9544;1856.5175;3016.6233;1855.469;3017.5579;1858.885;3017.1986;1859.7297;3017.6026;1856.4978;3016.4871;1854.0375
5753540.0;3043.1421;1857.5322;3016.4712;1852.3939;3017.9722;1852.9092;3017.2575;1856.9673;3019.7404;1854.6641;3018.3292;1853.7244;3019.4406;1857.1847;3019.1734;1857.9378;3019.5204;1854.7318;3018.2922;1852.076
5753560.0;3044.4523;1855.6174;3017.9081;1850.5608;3019.5164;1850.9433;3018.8411;1855.0892;3021.4572;1852.7254;3020.0146;1851.8932;3021.291;1855.3833;3021.1003;1856.0552;3021.3895;1852.8954;3020.0243;1850.0472
5753580.0;3045.6929;1853.6417;3019.3226;1848.6944;3020.9684;1848.923;3020.3728;1853.1037;3023.0937;1850.7175;3021.6665;1849.984;3023.0945;1853.4906;3022.9704;1854.0879;3023.1832;1850.9655;3021.6644;1847.9635
5753600.0;3046.8544;1851.5875;3020.6913;1846.7979;3022.3085;1846.8348;3021.837;1851.0177;3024.6302;1848.6425;3023.256;1847.9977;3024.8276;1851.5094;3024.7624;1852.0333;3024.8645;1848.9126;3023.1898;1845.83
5753620.0;3047.9284;1849.4418;3021.9776;1844.85;3023.5167;1844.6605;3023.2074;1848.8318;3026.0386;1846.491;3024.7407;1845.9285;3026.4604;1849.435;3026.4441;1849.8813;3026.3906;1846.7125;3024.5739;1843.6393
5753640.0;3048.9061;1847.1938;3023.1382;1842.8087;3024.5772;1842.3866;3024.4483;1846.5422;3027.2846;1844.2489;3026.0712;1843.7623;3027.9579;1847.2523;3027.9753;1847.6171;3027.7238;1844.3522;3025.7903;1841.374
5753660.0;3049.7757;1844.8344;3024.1398;1840.6334;3025.4764;1840.0092;3025.5209;1844.1438;3028.3339;1841.9012;3027.2019;1841.481;3029.2837;1844.9426;3029.314;1845.2285;3028.8373;1841.8327;3026.8137;1839.0147
5753680.0;3050.5227;1842.3606;3024.9712;1838.3105;3026.2002;1837.5326;3026.3873;1841.6339;3029.1572;1839.4372;3028.0962;1839.07;3030.4013;1842.4925;3030.4233;1842.7102;3029.7182;1839.1689;3027.623;1836.5502
5753700.0;3051.1341;1839.7813;3025.6366;1835.8593;3026.7324;1834.9653;3027.0156;1839.0159;3029.7323;1836.8577;3028.7303;1836.5264;3031.2784;1839.9017;3031.2785;1840.0673;3030.365;1836.3861;3028.1994;1833.9842
5753720.0;3051.6001;1837.1149;3026.135;1833.3124;3027.0549;1832.319;3027.3824;1836.3014;3030.0417;1834.1793;3029.0932;1833.8647;3031.8889;1837.1833;3031.8668;1837.3152;3030.785;1833.5174;3028.5273;1831.3349
5753740.0;3051.9049;1834.3768;3026.4451;1830.6947;3027.1493;1829.6069;3027.4765;1833.5104;3030.0665;1831.4351;3029.1857;1831.1167;3032.2148;1834.3601;3032.1828;1834.478;3030.9876;1830.5997;3028.5939;1828.6304
5753760.0;3052.0193;1831.5696;3026.53;1828.0206;3026.998;1826.8424;3027.2991;1830.6724;3029.7863;1828.6714;3029.0159;1828.3275;3032.2472;1831.4636;3032.2222;1831.5851;3030.9791;1827.6682;3028.3923;1825.9025
5753780.0;3051.9069;1828.6898;3026.3527;1825.3057;3026.5898;1824.042;3026.862;1827.8245;3029.1857;1825.9408;3028.5952;1825.5467;3031.9887;1828.5327;3031.9807;1828.6658;3030.7553;1824.7491;3027.9216;1823.1818
5753800.0;3051.5477;1825.7476;3025.8858;1822.575;3025.9245;1821.2299;3026.1805;1825.0055;3028.2655;1823.2909;3027.9335;1822.8169;3031.4508;1825.6081;3031.4553;1825.7479;3030.303;1821.8557;3027.1864;1820.4939
5753820.0;3050.9595;1822.7764;3025.117;1819.86;3025.0098;1818.4412;3025.2697;1822.248;3027.0506;1820.7507;3027.0379;1820.1648;3030.6495;1822.7235;3030.6495;1822.858;3029.6039;1818.9927;3026.1935;1817.857
5753840.0;3050.1817;1819.823;3024.0478;1817.1933;3023.8542;1815.718;3024.1404;1819.5732;3025.5835;1818.3259;3025.9095;1817.6028;3029.596;1819.9021;3029.5727;1820.0224;3028.6448;1816.1646;3024.9507;1815.283
5753860.0;3049.2318;1816.9296;3022.6922;1814.6051;3022.4591;1813.1021;3022.7998;1816.9935;3023.9087;1816.0064;3024.5465;1815.1397;3028.2941;1817.1601;3028.2381;1817.266;3027.42;1813.3823;3023.4664;1812.7819
5753880.0;3048.0782;1814.1301;3021.071;1812.1251;3020.8219;1810.6292;3021.2504;1814.5211;3022.0562;1813.7828;3022.9483;1812.7912;3026.7423;1814.516;3026.6577;1814.6106;3025.9328;1810.6663;3021.7515;1810.3673
5753900.0;3046.6688;1811.4568;3019.2071;1809.7833;3018.9437;1808.3291;3019.4911;1812.1724;3020.0385;1811.6596;3021.1229;1810.5829;3024.9421;1811.9944;3024.8423;1812.0758;3024.191;1808.046;3019.8194;1808.0587
5753920.0;3044.9856;1808.9352;3017.1237;1807.611;3016.8362;1806.2303;3017.52;1809.9687;3017.858;1809.658;3019.0877;1808.5443;3022.9017;1809.6262;3022.8025;1809.6837;3022.2078;1805.554;3017.6869;1805.8784
5753940.0;3043.0682;1806.5622;3014.8462;1805.6378;3014.5231;1804.36;3015.3419;1807.9345;3015.5179;1807.8096;3016.8683;1806.7013;3020.6388;1807.4436;3020.5524;1807.46;3020.0004;1803.22;3015.3724;1803.8495
5753960.0;3040.9849;1804.2913;3012.4013;1803.8889;3012.0389;1802.7392;3012.9734;1806.0986;3013.0312;1806.1456;3014.495;1805.0752;3018.1794;1805.4789;3018.1103;1805.432;3017.5903;1801.0671;3012.8945;1801.9959
5753980.0;3038.7931;1802.0503;3009.817;1802.3841;3009.4228;1801.3788;3010.444;1804.4921;3010.4215;1804.6907;3012.0008;1803.6842;3015.5572;1803.7608;3015.498;1803.6226;3015.0007;1799.1178;3010.2706;1800.3465
5754000.0;3036.534;1799.7881;3007.122;1801.1404;3006.7123;1800.2858;3007.7905;1803.1443;3007.7191;1803.4622;3009.4199;1802.5448;3012.8102;1802.3128;3012.7401;1802.051;3012.2555;1797.4004;3007.5198;1798.9346
5754020.0;3034.2435;1797.5081;3004.3477;1800.1756;3003.9398;1799.4707;3005.051;1802.0768;3004.9563;1802.4739;3006.7867;1801.6695;3009.977;1801.1503;3009.865;1800.7335;3009.3802;1795.951;3004.6674;1797.7924
5754040.0;3031.9544;1795.2616;3001.528;1799.5113;3001.1345;1798.95;3002.2625;1801.304;3002.1631;1801.739;3004.1335;1801.0656;3007.0935;1800.2827;3006.9038;1799.6872;3006.4045;1794.8063;3001.747;1796.943
5754060.0;3029.6921;1793.1147;2998.6979;1799.1688;2998.3277;1798.7371;2999.4614;1800.8354;2999.3682;1801.2726;3001.4901;1800.7333;3004.1925;1799.7149;3003.8886;1798.9306;3003.362;1793.9967;2998.798;1796.3998
5754080.0;3027.4816;1791.121;2995.8898;1799.1609;2995.5545;1798.8333;2996.6833;1800.6777;2996.5988;1801.0915;2998.8838;1800.6683;3001.3057;1799.4494;3000.8507;1798.4837;3000.2899;1793.5405;2995.861;1796.1709
5754100.0;3025.3625;1789.3134;2993.1345;1799.4851;2992.8509;1799.2281;2993.9627;1800.8316;2993.8804;1801.2091;2996.34;1800.8632;2998.4652;1799.4849;2997.8211;1798.3629;2997.2271;1793.446;2992.9766;1796.2646
5754120.0;3023.388;1787.71;2990.4622;1800.1244;2990.2482;1799.9039;2991.3307;1801.2896;2991.2382;1801.6273;2993.8828;1801.3111;2995.7034;1799.8183;2994.8335;1798.5736;2994.2146;1793.7127;2990.1835;1796.6853
5754140.0;3021.6039;1786.3221;2987.9053;1801.0528;2987.7712;1800.8407;2988.8131;1802.034;2988.6993;1802.3345;2991.5357;1802.0052;2993.0515;1800.4441;2991.9235;1799.1049;2991.2936;1794.3321;2987.5165;1797.4265
5754160.0;3020.0299;1785.1615;2985.4954;1802.2409;2985.4392;1802.0166;2986.4301;1803.041;2986.2937;1803.3088;2989.3216;1802.9371;2990.5407;1801.3538;2989.1247;1799.9336;2988.5038;1795.2876;2985.0035;1798.4652
5754180.0;3018.6582;1784.2449;2983.2574;1803.658;2983.2699;1803.4105;2984.1957;1804.2831;2984.0539;1804.527;2987.2625;1804.0929;2988.2009;1802.5344;2986.4641;1801.032;2985.8809;1796.5537;2982.6638;1799.769
5754200.0;3017.4705;1783.5887;2981.2074;1805.2758;2981.2842;1805.0082;2982.1214;1805.7353;2982.0097;1805.9677;2985.3786;1805.4544;2986.0597;1803.9709;2983.9617;1802.3753;2983.4545;1798.0941;2980.5099;1801.3052
5754220.0;3016.4565;1783.1942;2979.3544;1807.0708;2979.5061;1806.8019;2980.2206;1807.3747;2980.1851;1807.6099;2983.6845;1806.9999;2984.1387;1805.6487;2981.634;1803.9405;2981.2436;1799.8644;2978.5512;1803.0486
5754240.0;3015.6094;1783.0568;2977.7071;1809.0244;2977.9581;1808.7821;2978.5124;1809.1803;2978.5967;1809.4319;2982.1892;1808.7056;2982.4518;1807.5511;2979.4972;1805.7042;2979.2544;1801.8177;2976.7951;1804.9802
5754260.0;3014.9074;1783.1869;2976.2746;1811.1174;2976.6511;1810.9258;2977.019;1811.1304;2977.2554;1811.41;2980.8959;1810.5446;2981.0048;1809.6527;2977.5679;1807.6415;2977.4839;1803.9134;2975.2473;1807.0832
5754280.0;3014.2766;1783.6771;2975.0627;1813.3244;2975.5812;1813.1934;2975.7604;1813.204;2976.1688;1813.5178;2979.8057;1812.4887;2979.7968;1811.9138;2975.8629;1809.7303;2975.9296;1806.1203;2973.9096;1809.3384
5754300.0;3013.5597;1784.7657;2974.072;1815.6146;2974.7361;1815.5379;2974.7482;1815.3788;2975.3394;1815.7238;2978.9181;1814.5087;2978.8217;1814.282;2974.395;1811.95;2974.5961;1808.4152;2972.7802;1811.7214
5754320.0;3012.5473;1786.7974;2973.2974;1817.9554;2974.105;1817.9175;2973.9832;1817.6279;2974.7602;1817.9929;2978.2312;1816.5773;2978.0699;1816.7017;2973.1715;1814.2778;2973.4926;1810.7799;2971.8528;1814.1992
5754340.0;3011.0793;1790.0338;2972.7293;1820.3154;2973.6814;1820.2999;2973.4558;1819.9186;2974.4113;1820.2897;2977.7394;1818.6685;2977.5276;1819.1241;2972.192;1816.6838;2972.624;1813.2012;2971.1194;1816.7306
5754360.0;3009.1719;1794.4097;2972.3549;1822.6653;2973.4579;1822.66;2973.1472;1822.2175;2974.2639;1822.5829;2977.4339;1820.7572;2977.177;1821.5126;2971.451;1819.1344;2971.9819;1815.6684;2970.5701;1819.2704
5754380.0;3007.0426;1799.4693;2972.1587;1824.979;2973.421;1824.9763;2973.0295;1824.4966;2974.2871;1824.8475;2977.3037;1822.8177;2976.9952;1823.8414;2970.9387;1821.5969;2971.5442;1818.1711;2970.1937;1821.7784
5754400.0;3004.996;1804.583;2972.122;1827.2377;2973.5498;1827.2316;2973.0706;1826.7372;2974.452;1827.0634;2977.338;1824.8255;2976.9598;1826.0921;2970.6416;1824.0429;2971.2818;1820.694;2969.9786;1824.2271
5754420.0;3003.2622;1809.259;2972.2224;1829.4345;2973.8195;1829.4159;2973.2393;1828.9268;2974.7323;1829.2153;2977.5248;1826.7599;2977.0525;1828.2495;2970.5406;1826.4478;2971.1667;1823.2176;2969.9156;1826.6032
5754440.0;3001.9273;1813.299;2972.437;1831.5741;2974.2056;1831.5269;2973.5121;1831.0557;2975.1048;1831.2904;2977.8514;1828.6083;2977.2633;1830.301;2970.6152;1828.7921;2971.1794;1825.7213;2969.9976;1828.902
5754460.0;3000.9683;1816.7459;2972.7491;1833.6642;2974.6865;1833.5652;2973.8742;1833.1145;2975.555;1833.2808;2978.3029;1830.3669;2977.5885;1832.2399;2970.8471;1831.065;2971.3086;1828.1872;2970.2196;1831.1213
5754480.0;3000.3247;1819.746;2973.1523;1835.7054;2975.2459;1835.53;2974.3175;1835.0963;2976.0795;1835.1834;2978.8638;1832.0371;2978.0266;1834.0689;2971.2232;1833.2647;2971.5486;1830.6026;2970.5744;1833.2608
5754500.0;2999.9425;1822.441;2973.6473;1837.6857;2975.8721;1837.4164;2974.8362;1836.9991;2976.6836;1837.0006;2979.5188;1833.6233;2978.5728;1835.7992;2971.7322;1835.3964;2971.8943;1832.9611;2971.0528;1835.3252
5754520.0;2999.7766;1824.934;2974.2369;1839.5873;2976.5587;1839.218;2975.4255;1838.8268;2977.3743;1838.7364;2980.2528;1835.1339;2979.2163;1837.4419;2972.3609;1837.4667;2972.3401;1835.263;2971.6434;1837.3257
5754540.0;2999.7852;1827.2838;2974.9201;1841.3998;2977.3049;1840.9308;2976.0811;1840.5873;2978.1539;1840.3927;2981.0512;1836.5813;2979.9423;1839.0027;2973.0912;1839.4788;2972.8794;1837.512;2972.334;1839.2749
5754560.0;2999.93;1829.5181;2975.6893;1843.128;2978.1143;1842.555;2976.7992;1842.2893;2979.0203;1841.9671;2981.9018;1837.9781;2980.7369;1840.4832;2973.9032;1841.4312;2973.505;1839.7101;2973.111;1841.182
5754580.0;3000.1773;1831.6508;2976.5321;1844.7884;2978.9897;1844.0961;2977.576;1843.9393;2979.9683;1843.4583;2982.7971;1839.3323;2981.5913;1841.8873;2974.7802;1843.3193;2974.2089;1841.8544;2973.9595;1843.0504
5754600.0;3000.5067;1833.6828;2977.4341;1846.3978;2979.9286;1845.5627;2978.4064;1845.5405;2980.9902;1844.8717;2983.7347;1840.6459;2982.5009;1843.2218;2975.7124;1845.1389;2974.9835;1843.9388;2974.8648;1844.8812
5754620.0;3000.9123;1835.6058;2978.3831;1847.9619;2980.9229;1846.9623;2979.2844;1847.0942;2982.0753;1846.2203;2984.7147;1841.9182;2983.461;1844.4922;2976.6962;1846.8881;2975.8213;1845.9572;2975.8175;1846.6748
5754640.0;3001.4017;1837.4069;2979.3715;1849.472;2981.9617;1848.297;2980.2047;1848.6007;2983.2095;1847.5164;2985.7354;1843.1503;2984.4635;1845.6992;2977.7306;1848.5653;2976.7165;1847.9034;2976.8153;1848.428
5754660.0;3001.9884;1839.0792;2980.3983;1850.9096;2983.0364;1849.5634;2981.1645;1850.0609;2984.3783;1848.765;2986.7897;1844.3478;2985.4969;1846.8402;2978.812;1850.1681;2977.6656;1849.7695;2977.8625;1850.13
5754680.0;3002.6827;1840.6258;2981.4686;1852.2566;2984.141;1850.7611;2982.1637;1851.4749;2985.5704;1849.9633;2987.8662;1845.5209;2986.5491;1847.9133;2979.9334;1851.6942;2978.6703;1851.5444;2978.9648;1851.7641
5754700.0;3003.4854;1842.0546;2982.5911;1853.5029;2985.2723;1851.8986;2983.2029;1852.8418;2986.7787;1851.1078;2988.9519;1846.6801;2987.6111;1848.9199;2981.0879;1853.1448;2979.7394;1853.2169;2980.1268;1853.3125
5754720.0;3004.3929;1843.3643;2983.7743;1854.6477;2986.4289;1852.9922;2984.2823;1854.1585;2987.998;1852.1957;2990.0382;1847.8288;2988.6789;1849.8642;2982.2752;1854.5244;2980.8881;1854.7768;2981.3509;1854.7627
5754740.0;3005.4055;1844.5394;2985.0243;1855.6931;2987.6148;1854.0508;2985.4029;1855.4193;2989.2235;1853.2203;2991.1238;1848.959;2989.7535;1850.7529;2983.5043;1855.8369;2982.1326;1856.2154;2982.6392;1856.1074
5754760.0;3006.5306;1845.555;2986.3452;1856.639;2988.8438;1855.0603;2986.5705;1856.6135;2990.4538;1854.1662;2992.215;1850.0533;2990.8414;1851.5957;2984.7894;1857.0767;2983.4834;1857.5217;2983.9943;1857.3402
5754780.0;3007.7772;1846.3895;2987.7416;1857.4791;2990.1398;1855.9838;2987.7979;1857.7239;2991.6941;1855.0124;2993.323;1851.0927;2991.9543;1852.4017;2986.1447;1858.227;2984.9406;1858.6817;2985.4197;1858.4513
5754800.0;3009.1484;1847.03;2989.2194;1858.202;2991.5273;1856.7793;2989.1022;1858.7262;2992.9567;1855.7427;2994.4608;1852.0644;2993.1082;1853.1736;2987.5821;1859.2631;2986.4955;1859.6797;2986.9189;1859.4281
5754820.0;3010.638;1847.474;2990.7836;1858.7938;2993.0168;1857.4259;2990.4989;1859.5925;2994.256;1856.3525;2995.6405;1852.9681;2994.3207;1853.904;2989.1109;1860.1621;2988.1359;1860.503;2988.4934;1860.2588
5754840.0;3012.2343;1847.7275;2992.4345;1859.243;2994.6001;1857.9314;2991.997;1860.2982;2995.6052;1856.8457;2996.8718;1853.8139;2995.6085;1854.5756;2990.7362;1860.907;2989.8499;1861.1429;2990.1423;1860.9344
5754860.0;3013.9241;1847.8043;2994.1646;1859.5407;2996.2598;1858.3199;2993.5986;1860.8301;2997.016;1857.2264;2998.1617;1854.6144;2996.9849;1855.1638;2992.4574;1861.4861;2991.6276;1861.5935;2991.8631;1861.4471
5754880.0;3015.6928;1847.7201;2995.9586;1859.6773;2997.9822;1858.6119;2995.3014;1861.1895;2998.4993;1857.4919;2999.5156;1855.3711;2998.4593;1855.6362;2994.2675;1861.8869;2993.4608;1861.8491;2993.6542;1861.7876
5754900.0;3017.5237;1847.4844;2997.7964;1859.6368;2999.7628;1858.8123;2997.1015;1861.3882;3000.0635;1857.6317;3000.9393;1856.0661;3000.0363;1855.9568;2996.1552;1862.0951;2995.3416;1861.904;2995.5151;1861.9437
5754920.0;3019.3992;1847.0963;2999.6586;1859.4;3001.601;1858.91;2998.9941;1861.4388;3001.7119;1857.6313;3002.439;1856.6639;3001.7139;1856.0949;2998.1074;1862.0959;2997.2629;1861.7534;2997.444;1861.9039
5754940.0;3021.3021;1846.5526;3001.529;1858.955;3003.4917;1858.8823;3000.9718;1861.3469;3003.441;1857.4766;3004.0188;1857.1245;3003.4809;1856.0355;3000.111;1861.879;2999.2185;1861.3953;2999.4333;1861.6582
5754960.0;3023.2137;1845.8585;3003.3942;1858.3053;3005.4225;1858.7019;3003.0229;1861.109;3005.2405;1857.156;3005.6765;1857.4162;3005.3169;1855.7799;3002.1533;1861.4396;3001.2018;1860.829;3001.467;1861.1989
5754980.0;3025.1142;1845.0326;3005.2396;1857.4662;3007.3784;1858.3424;3005.1308;1860.718;3007.0913;1856.6629;3007.4011;1857.5225;3007.1945;1855.3406;3004.2212;1860.7791;3003.2032;1860.0565;3003.5204;1860.518
5755000.0;3026.9857;1844.0973;3007.0477;1856.4578;3009.3461;1857.7857;3007.2763;1860.168;3008.9665;1855.9956;3009.1744;1857.4379;3009.0849;1854.7342;3006.2988;1859.903;3005.2077;1859.0823;3005.5658;1859.6077
5755020.0;3028.8143;1843.0687;3008.7976;1855.3003;3011.3124;1857.0246;3009.4397;1859.4577;3010.8369;1855.1565;3010.9733;1857.1614;3010.9627;1853.9762;3008.3671;1858.8199;3007.1967;1857.9173;3007.5765;1858.4658
5755040.0;3030.5883;1841.954;3010.4666;1854.0158;3013.2589;1856.0626;3011.6012;1858.5865;3012.6778;1854.1485;3012.7707;1856.6894;3012.8102;1853.0756;3010.4038;1857.5398;3009.1508;1856.578;3009.5303;1857.1024
5755060.0;3032.2958;1840.7569;3012.0332;1852.6275;3015.1588;1854.9081;3013.7392;1857.5541;3014.4701;1852.9723;3014.5375;1856.013;3014.6167;1852.035;3012.3862;1856.0745;3011.0551;1855.0825;3011.4084;1855.5419
5755080.0;3033.928;1839.4801;3013.4814;1851.1573;3016.9801;1853.5688;3015.8291;1856.3581;3016.1977;1851.6278;3016.2446;1855.1191;3016.3749;1850.8531;3014.294;1854.437;3012.8984;1853.4451;3013.1946;1853.8195
5755100.0;3035.4849;1838.126;3014.8042;1849.6219;3018.6917;1852.0509;3017.8446;1854.9948;3017.8432;1850.1166;3017.8675;1853.9968;3018.0763;1849.5292;3016.1096;1852.6436;3014.6714;1851.6765;3014.8759;1851.9716
5755120.0;3036.9741;1836.6949;3016.0039;1848.0334;3020.2681;1850.3593;3019.7595;1853.4567;3019.3883;1848.4464;3019.3865;1852.6437;3019.7076;1848.0606;3017.8178;1850.7128;3016.3631;1849.7878;3016.4434;1850.0276
5755140.0;3038.4003;1835.1846;3017.086;1846.3971;3021.6904;1848.4992;3021.55;1851.7346;3020.813;1846.6288;3020.7864;1851.0688;3021.2491;1846.4403;3019.4047;1848.6641;3017.9602;1847.7958;3017.8915;1848.0043
5755160.0;3039.7502;1833.5915;3018.0551;1844.7099;3022.9468;1846.4781;3023.1929;1849.8216;3022.0957;1844.6735;3022.0564;1849.2869;3022.6746;1844.6568;3020.858;1846.514;3019.4486;1845.7195;3019.2136;1845.9092
5755180.0;3040.9915;1831.917;3018.9161;1842.9564;3024.0324;1844.3066;3024.6659;1847.7196;3023.213;1842.584;3023.1897;1847.3148;3023.9534;1842.6976;3022.1668;1844.2739;3020.8158;1843.575;3020.398;1843.7451
5755200.0;3042.0841;1830.174;3019.6768;1841.1127;3024.95;1842.001;3025.9497;1845.4412;3024.144;1840.3614;3024.1808;1845.1717;3025.0553;1840.5539;3023.3193;1841.9473;3022.0498;1841.3694;3021.4293;1841.5159
5755220.0;3042.9992;1828.3885;3020.3462;1839.1569;3025.7056;1839.5827;3027.0319;1843.0084;3024.8739;1838.0121;3025.0225;1842.8833;3025.9588;1838.2257;3024.3035;1839.5343;3023.1387;1839.1004;3022.2916;1839.2247
5755240.0;3043.7272;1826.5874;3020.932;1837.082;3026.3043;1837.0725;3027.9082;1840.4472;3025.3953;1835.5503;3025.7039;1840.4794;3026.657;1835.7262;3025.1083;1837.036;3024.0686;1836.7576;3022.9736;1836.8703
5755260.0;3044.2848;1824.7856;3021.4371;1834.8959;3026.7454;1834.487;3028.5811;1837.7826;3025.7064;1832.9944;3026.2122;1837.9883;3027.1566;1833.0836;3025.7255;1834.4594;3024.8235;1834.3274;3023.4647;1834.4455
5755280.0;3044.7224;1822.9862;3021.8595;1832.6095;3027.0197;1831.8369;3029.0547;1835.0339;3025.8066;1830.3637;3026.5346;1835.4308;3027.4677;1830.3366;3026.1459;1831.8158;3025.3827;1831.7994;3023.7524;1831.9417
5755300.0;3045.126;1821.1914;3022.1876;1830.2236;3027.1083;1829.1298;3029.3308;1832.2154;3025.693;1827.6793;3026.6619;1832.8203;3027.5952;1827.5248;3026.3588;1829.1161;3025.7225;1829.1733;3023.8194;1829.357
5755320.0;3045.5944;1819.4106;3022.3986;1827.7296;3026.9875;1826.3764;3029.4058;1829.3401;3025.3586;1824.9671;3026.5882;1830.1672;3027.5333;1824.6816;3026.3515;1826.3694;3025.8171;1826.4625;3023.6482;1826.7023
5755340.0;3046.1953;1817.6554;3022.4578;1825.1247;3026.6347;1823.595;3029.2717;1826.4238;3024.7924;1822.2582;3026.3111;1827.4842;3027.2698;1821.8322;3026.1126;1823.5844;3025.6452;1823.6921;3023.2249;1824.0008
5755360.0;3046.9348;1815.9281;3022.3261;1822.4262;3026.0324;1820.8141;3028.9159;1823.4868;3023.9868;1819.5851;3025.8274;1824.7911;3026.7884;1818.9978;3025.6315;1820.7759;3025.1927;1820.8909;3022.5431;1821.2845
5755380.0;3047.7576;1814.2159;3021.9669;1819.6715;3025.1681;1818.0707;3028.3244;1820.5528;3022.9411;1816.9785;3025.1317;1822.118;3026.0743;1816.2027;3024.9002;1817.9691;3024.4514;1818.0886;3021.6031;1818.5918
5755400.0;3048.5717;1812.4925;3021.3501;1816.9099;3024.0342;1815.4045;3027.4809;1817.6522;3021.6624;1814.4678;3024.215;1819.5039;3025.1158;1813.4763;3023.9117;1815.2008;3023.4153;1815.3195;3020.4145;1815.9632
5755420.0;3049.2604;1810.729;3020.4532;1814.1955;3022.6312;1812.855;3026.3695;1814.8245;3020.1593;1812.0828;3023.0692;1816.9903;3023.9087;1810.8491;3022.6629;1812.5131;3022.0815;1812.6304;3018.9949;1813.4396
5755440.0;3049.6816;1808.9076;3019.265;1811.5823;3020.9701;1810.4619;3024.9758;1812.1186;3018.4421;1809.8522;3021.6891;1814.6146;3022.4573;1808.3472;3021.1539;1809.9444;3020.4546;1810.0791;3017.3672;1811.0601
5755460.0;3049.6914;1807.0407;3017.7913;1809.119;3019.071;1808.2679;3023.2934;1809.586;3016.5271;1807.7986;3020.0784;1812.4041;3020.7735;1805.9919;3019.3903;1807.5242;3018.5544;1807.7242;3015.5526;1808.8642
5755480.0;3049.2014;1805.1753;3016.0562;1806.843;3016.961;1806.3127;3021.3295;1807.2732;3014.4405;1805.9341;3018.2507;1810.3768;3018.8716;1803.8067;3017.3844;1805.2764;3016.4162;1805.6102;3013.5658;1806.8904
5755500.0;3048.2425;1803.3844;3014.0946;1804.7802;3014.6721;1804.6237;3019.1089;1805.216;3012.2152;1804.2631;3016.2297;1808.545;3016.7674;1801.8221;3015.1579;1803.2258;3014.0851;1803.7633;3011.4175;1805.1704
5755520.0;3046.9656;1801.7488;3011.9413;1802.9511;3012.2405;1803.212;3016.6713;1803.4408;3009.8833;1802.7877;3014.0447;1806.9209;3014.4784;1800.0721;3012.7395;1801.4009;3011.6083;1802.1963;3009.1225;1803.7219
5755540.0;3045.5611;1800.3336;3009.6253;1801.3766;3009.7054;1802.0786;3014.0653;1801.9683;3007.4717;1801.5147;3011.7267;1805.5152;3012.0269;1798.5839;3010.1619;1799.8318;3009.0291;1800.9166;3006.704;1802.5488
5755560.0;3044.1553;1799.1608;3007.1748;1800.0747;3007.1062;1801.2212;3011.3438;1800.8162;3005.0022;1800.4555;3009.3053;1804.3357;3009.4399;1797.3722;3007.459;1798.5472;3006.383;1799.9287;3004.1943;1801.6445
5755580.0;3042.7659;1798.1869;3004.6219;1799.0573;3004.4809;1800.6327;3008.5616;1799.996;3002.4914;1799.625;3006.809;1803.3851;3006.7489;1796.4411;3004.665;1797.5696;3003.6959;1799.2294;3001.6286;1800.9979
5755600.0;3041.3368;1797.3141;3002.004;1798.3341;3001.8626;1800.297;3005.7726;1799.5095;2999.9549;1799.0352;3004.267;1802.6651;3003.9889;1795.7924;3001.8138;1796.9123;3000.985;1798.8026;2999.0409;1800.5978
5755620.0;3039.8056;1796.4493;2999.3585;1797.9193;2999.2773;1800.1962;3003.0254;1799.3444;2997.4122;1798.6976;3001.7099;1802.1775;3001.1976;1795.4298;2998.9377;1796.5753;2998.2649;1798.6256;2996.4618;1800.4405
5755640.0;3038.1498;1795.5679;2996.7209;1797.8335;2996.746;1800.3232;3000.3588;1799.477;2994.8919;1798.6272;2999.1691;1801.9239;2998.413;1795.3594;2996.0648;1796.548;2995.5558;1798.6797;2993.9169;1800.5307
5755660.0;3036.3748;1794.7543;2994.1243;1798.0943;2994.2889;1800.6895;2997.7995;1799.8801;2992.4309;1798.8486;2996.6764;1801.9041;2995.6719;1795.5854;2993.2185;1796.8152;2992.8885;1798.9634;2991.4278;1800.8824
5755680.0;3034.4795;1794.1982;2991.6026;1798.7042;2991.9303;1801.3187;2995.3655;1800.5316;2990.0686;1799.3883;2994.2651;1802.1196;2993.0105;1796.1099;2990.421;1797.3657;2990.3034;1799.4916;2989.0152;1801.5114
5755700.0;3032.4378;1794.1551;2989.188;1799.6483;2989.698;1802.2318;2993.0726;1801.4162;2987.8416;1800.2597;2991.9705;1802.5768;2990.4658;1796.9317;2987.6959;1798.1934;2987.8462;1800.286;2986.7058;1802.431
5755720.0;3030.2158;1794.8677;2986.9095;1800.8979;2987.6227;1803.4344;2990.9397;1802.5211;2985.7818;1801.4489;2989.8294;1803.2855;2988.0765;1798.0456;2985.072;1799.2927;2985.5633;1801.3586;2984.5345;1803.6449
5755740.0;3027.818;1796.4683;2984.7922;1802.4193;2985.7367;1804.91;2988.9877;1803.8298;2983.917;1802.9201;2987.8749;1804.2513;2985.8798;1799.4397;2982.5833;1800.6508;2983.4994;1802.7052;2982.5406;1805.1412
5755760.0;3025.3144;1798.9183;2982.864;1804.1799;2984.0724;1806.6198;2987.2352;1805.3235;2982.2738;1804.6299;2986.1337;1805.469;2983.9108;1801.0951;2980.2685;1802.2473;2981.6926;1804.3059;2980.7586;1806.89
5755780.0;3022.8287;1802.023;2981.1573;1806.1513;2982.6582;1808.51;2985.6952;1806.9833;2980.8773;1806.537;2984.6245;1806.9184;2982.2024;1802.9882;2978.1674;1804.0567;2980.1679;1806.1333;2979.2133;1808.8481
5755800.0;3020.4976;1805.5117;2979.701;1808.3034;2981.512;1810.5227;2984.3766;1808.7901;2979.7471;1808.5992;2983.3612;1808.5655;2980.7879;1805.091;2976.316;1806.0516;2978.9337;1808.155;2977.9173;1810.9648
5755820.0;3018.4303;1809.1203;2978.509;1810.5953;2980.6364;1812.6046;2983.285;1810.7216;2978.8906;1810.77;2982.3521;1810.3651;2979.6958;1807.3651;2974.7405;1808.2019;2977.9844;1810.3309;2976.8727;1813.1864
5755840.0;3016.6886;1812.6419;2977.575;1812.9722;2980.0167;1814.7104;2982.4202;1812.7502;2978.2987;1812.9972;2981.599;1812.2675;2978.9407;1809.7573;2973.4545;1810.4732;2977.305;1812.61;2976.073;1815.4585
5755860.0;3015.2867;1815.9417;2976.8815;1815.3768;2979.6252;1816.8041;2981.7724;1814.8426;2977.9475;1815.2318;2981.0933;1814.2228;2978.5138;1812.2024;2972.4567;1812.8256;2976.8708;1814.9359;2975.5078;1817.7305
5755880.0;3014.204;1818.9481;2976.4091;1817.7619;2979.4303;1818.8577;2981.3234;1816.9619;2977.8041;1817.4334;2980.819;1816.1863;2978.3842;1814.6393;2971.7326;1815.2166;2976.6468;1817.2552;2975.165;1819.9606
5755900.0;3013.3984;1821.6444;2976.1388;1820.0968;2979.4065;1820.8534;2981.0506;1819.0725;2977.833;1819.5729;2980.7549;1818.1206;2978.5068;1817.0224;2971.2586;1817.6086;2976.5931;1819.5258;2975.0323;1822.1183
5755920.0;3012.8208;1824.0512;2976.0483;1822.3625;2979.5357;1822.7809;2980.9322;1821.1463;2978.0019;1821.6296;2980.8792;1819.9975;2978.8331;1819.3224;2971.0102;1819.9743;2976.6722;1821.7209;2975.0952;1824.1817
5755940.0;3012.425;1826.2143;2976.1116;1824.5447;2979.803;1824.6362;2980.9496;1823.166;2978.287;1823.592;2981.1678;1821.7982;2979.3195;1821.517;2970.9666;1822.2961;2976.856;1823.8295;2975.3371;1826.1349
5755960.0;3012.1722;1828.1901;2976.304;1826.6321;2980.1933;1826.4179;2981.0895;1825.123;2978.673;1825.4573;2981.5956;1823.5125;2979.9312;1823.5874;2971.1129;1824.5604;2977.1257;1825.8526;2975.7398;1827.968
5755980.0;3012.0356;1830.0342;2976.6062;1828.6204;2980.6902;1828.1267;2981.3432;1827.0125;2979.1504;1827.2305;2982.1365;1825.1369;2980.6407;1825.5203;2971.4344;1826.7521;2977.4716;1827.7962;2976.2868;1829.6795
5756000.0;3011.9994;1831.7905;2977.0049;1830.5147;2981.2764;1829.7665;2981.7039;1828.8321;2979.7102;1828.9198;2982.7668;1826.6738;2981.4274;1827.3129;2971.9131;1828.8584;2977.8901;1829.6651;2976.9637;1831.2753
5756020.0;3012.0581;1833.4823;2977.4901;1832.3278;2981.9331;1831.3452;2982.1621;1830.5803;2980.3407;1830.5321;2983.4659;1828.1314;2982.2746;1828.9702;2972.524;1830.8742;2978.3808;1831.4607;2977.7589;1832.7634
5756040.0;3012.2094;1835.1131;2978.0531;1834.0718;2982.6413;1832.8725;2982.7056;1832.2554;2981.0281;1832.073;2984.2167;1829.5234;2983.1719;1830.4998;2973.2403;1832.8031;2978.9436;1833.1815;2978.6607;1834.1482
5756060.0;3012.4512;1836.6749;2978.6871;1835.7498;2983.3866;1834.3549;2983.3215;1833.8546;2981.7607;1833.548;2985.0048;1830.8675;2984.1119;1831.9084;2974.0371;1834.6524;2979.5786;1834.8246;2979.6585;1835.431
5756080.0;3012.7827;1838.1587;2979.3875;1837.3546;2984.1608;1835.7918;2984.0021;1835.3742;2982.5334;1834.9606;2985.8201;1832.1788;2985.0858;1833.2029;2974.8976;1836.4267;2980.2898;1836.3839;2980.7422;1836.6154
5756100.0;3013.2147;1839.5559;2980.1523;1838.8746;2984.9616;1837.1747;2984.747;1836.8136;2983.3507;1836.3088;2986.6563;1833.4653;2986.0792;1834.3937;2975.8125;1838.1271;2981.0857;1837.851;2981.9037;1837.7087
5756120.0;3013.7703;1840.8528;2980.9797;1840.3004;2985.7887;1838.4904;2985.5626;1838.1754;2984.2231;1837.5822;2987.5104;1834.7261;2987.0765;1835.495;2976.779;1839.7511;2981.9759;1839.2174;2983.1343;1838.721
5756140.0;3014.474;1842.029;2981.868;1841.6269;2986.6418;1839.7254;2986.4554;1839.4633;2985.1608;1838.7645;2988.3807;1835.9582;2988.0671;1836.5221;2977.7983;1841.2921;2982.9642;1840.4769;2984.4215;1839.6598
5756160.0;3015.3323;1843.0638;2982.8148;1842.8519;2987.5227;1840.8675;2987.4268;1840.6779;2986.1691;1839.8398;2989.2669;1837.1628;2989.0503;1837.4891;2978.8756;1842.7362;2984.044;1841.6253;2985.747;1840.5295
5756180.0;3016.3249;1843.9485;2983.8166;1843.9756;2988.436;1841.9058;2988.4714;1841.8158;2987.2457;1840.799;2990.1698;1838.3485;2990.0314;1838.4083;2980.0189;1844.0637;2985.1991;1842.6605;2987.0895;1841.3333
5756200.0;3017.407;1844.6954;2984.87;1845.0003;2989.3876;1842.8299;2989.5811;1842.8715;2988.3825;1841.6449;2991.0919;1839.5247;2991.0165;1839.2913;2981.2358;1845.2537;2986.4085;1843.5839;2988.4291;1842.0767
5756220.0;3018.5241;1845.3359;2985.9719;1845.929;2990.3795;1843.6309;2990.7494;1843.8409;2989.5682;1842.3923;2992.0373;1840.6938;2992.0084;1840.1491;2982.5285;1846.2906;2987.6495;1844.4038;2989.7501;1842.7684
5756240.0;3019.6287;1845.909;2987.1182;1846.7622;2991.4058;1844.3031;2991.9728;1844.7238;2990.789;1843.0633;2993.0111;1841.8474;2993.0056;1840.9899;2983.8907;1847.1659;2988.8991;1845.1352;2991.0402;1843.4211
5756260.0;3020.6937;1846.4465;2988.301;1847.4976;2992.4518;1844.8481;2993.2473;1845.524;2992.0273;1843.6782;2994.0164;1842.9715;2994.0043;1841.8182;2985.3075;1847.8807;2990.1342;1845.7977;2992.2881;1844.0511
5756280.0;3021.7131;1846.9681;2989.5069;1848.1344;2993.4947;1845.2798;2994.5659;1846.2497;2993.2594;1844.2468;2995.0477;1844.052;2994.9972;1842.6341;2986.758;1848.4494;2991.3335;1846.4104;2993.4803;1844.6783
5756300.0;3022.6923;1847.4838;2990.7157;1848.6804;2994.5045;1845.6276;2995.9192;1846.9135;2994.4561;1844.7697;2996.0873;1845.0767;2995.9728;1843.4379;2988.2171;1848.9007;2992.48;1846.9893;2994.6004;1845.322
5756320.0;3023.6349;1848.0021;2991.901;1849.154;2995.4493;1845.9338;2997.2972;1847.533;2995.5873;1845.2467;2997.1073;1846.033;2996.9127;1844.2334;2989.6557;1849.272;2993.5618;1847.5468;2995.6312;1845.9971
5756340.0;3024.5391;1848.5308;2993.0314;1849.5824;2996.3064;1846.2434;2998.6908;1848.1295;2996.6284;1845.6867;2998.0774;1846.9096;2997.7945;1845.029;2991.0407;1849.6012;2994.5727;1848.0966;2996.5577;1846.7107
5756360.0;3025.3992;1849.0776;2994.074;1849.9942;2997.0692;1846.592;3000.0885;1848.7278;2997.5644;1846.1063;2998.9714;1847.7033;2998.5983;1845.8315;2992.3378;1849.9207;2995.5131;1848.6557;2997.3715;1847.462
5756380.0;3026.21;1849.6483;2995.0028;1850.4141;2997.7456;1846.9958;3001.4743;1849.3548;2998.3911;1846.5226;2999.7711;1848.4225;2999.3126;1846.6415;2993.5184;1850.2567;2996.3917;1849.2424;2998.0724;1848.2413
5756400.0;3026.9695;1850.2484;2995.8051;1850.8563;2998.349;1847.4506;3002.8246;1850.0371;2999.1135;1846.9436;3000.4669;1849.0798;2999.9356;1847.4483;2994.5658;1850.6268;2997.2277;1849.8675;2998.671;1849.0313
5756420.0;3027.6821;1850.8823;2996.4833;1851.32;2998.8943;1847.9342;3004.1063;1850.7963;2999.7422;1847.365;3001.0551;1849.6823;3000.4738;1848.2295;2995.4784;1851.0369;2998.0503;1850.532;2999.1877;1849.8074
5756440.0;3028.36;1851.5514;2997.0488;1851.7879;2999.3978;1848.4154;3005.2743;1851.6425;3000.2882;1847.7727;3001.5363;1850.2255;3000.9382;1848.9527;2996.2671;1851.4752;2998.8963;1851.2329;2999.6477;1850.5428
5756460.0;3029.0191;1852.2537;2997.516;1852.2326;2999.8742;1848.8639;3006.2736;1852.57;3000.759;1848.1488;3001.9135;1850.6971;3001.3392;1849.5829;2996.9513;1851.9134;2999.803;1851.9705;3000.0708;1851.2131
5756480.0;3029.673;1852.9877;2997.9006;1852.6247;3000.3307;1849.2594;3007.0469;1853.5533;3001.1554;1848.4793;3002.1938;1851.0837;3001.6815;1850.0955;2997.5536;1852.314;3000.8004;1852.7452;3000.4652;1851.7991
5756500.0;3030.3283;1853.7535;2998.2224;1852.9393;3000.7601;1849.5952;3007.5477;1854.5486;3001.4739;1848.7596;3002.39;1851.3771;3001.9657;1850.4856;2998.0951;1852.6458;3001.9063;1853.5483;3000.8253;1852.2879
5756520.0;3030.986;1854.5514;2998.5021;1853.1619;3001.1458;1849.8762;3007.7528;1855.4961;3001.7103;1848.993;3002.5191;1851.5798;3002.1923;1850.7656;2998.5906;1852.8963;3003.1271;1854.3583;3001.1379;1852.6715
5756540.0;3031.646;1855.3758;2998.7555;1853.296;3001.4735;1850.1115;3007.6687;1856.3328;3001.8664;1849.1835;3002.6012;1851.7056;3002.3677;1850.954;2999.0486;1853.074;3004.46;1855.1486;3001.3886;1852.9496
5756560.0;3032.31;1856.2124;2998.9916;1853.363;3001.7392;1850.3074;3007.3309;1857.005;3001.9518;1849.3284;3002.6559;1851.7767;3002.5021;1851.0664;2999.4719;1853.1984;3005.8936;1855.9018;3001.5694;1853.1319
5756580.0;3032.9808;1857.043;2999.2141;1853.3909;3001.9458;1850.465;3006.7947;1857.4778;3001.9817;1849.4178;3002.6997;1851.818;3002.6051;1851.1141;2999.8611;1853.2857;3007.4083;1856.618;3001.6834;1853.2374
5756600.0;3033.6597;1857.8539;2999.4281;1853.3997;3002.0963;1850.5818;3006.1241;1857.732;3001.9706;1849.4408;3002.7428;1851.8515;3002.6826;1851.1092;3000.2127;1853.3426;3008.9807;1857.3111;3001.7445;1853.2902
5756620.0;3034.3463;1858.641;2999.6432;1853.3991;3002.1951;1850.6587;3005.383;1857.7584;3001.93;1849.3963;3002.7876;1851.8925;3002.7396;1851.0695;3000.5178;1853.3697;3010.59;1857.9976;3001.7716;1853.3124
5756640.0;3035.0405;1859.408;2999.8702;1853.3994;3002.2526;1850.7037;3004.6333;1857.5549;3001.8701;1849.2984;3002.8306;1851.9475;3002.7823;1851.0155;3000.7641;1853.3694;3012.222;1858.6875;3001.7807;1853.3201
5756660.0;3035.744;1860.1617;3000.116;1853.4179;3002.2861;1850.7305;3003.9359;1857.1272;3001.8026;1849.1744;3002.8659;1852.0139;3002.8172;1850.9648;3000.943;1853.3486;3013.8676;1859.3835;3001.7812;1853.3221
5756680.0;3036.4596;1860.9084;3000.3797;1853.4759;3002.3149;1850.7533;3003.3484;1856.4893;3001.7386;1849.0556;3002.8905;1852.0831;3002.8479;1850.926;3001.0564;1853.315;3015.5188;1860.0887;3001.776;1853.3225
5756700.0;3037.1896;1861.6536;3000.6515;1853.5916;3002.3556;1850.7811;3002.9211;1855.6643;3001.6849;1848.9635;3002.9051;1852.1471;3002.8739;1850.8977;3001.1181;1853.2741;3017.166;1860.8121;3001.7643;1853.3223
5756720.0;3037.9347;1862.4038;3000.9147;1853.7799;3002.4185;1850.8164;3002.6924;1854.6861;3001.6417;1848.9014;3002.9138;1852.2031;3002.8933;1850.8726;3001.1474;1853.2292;3018.799;1861.5699;3001.7457;1853.3213
5756740.0;3038.6951;1863.1676;3001.1474;1854.046;3002.5056;1850.8574;3002.689;1853.5973;3001.606;1848.8584;3002.9219;1852.253;3002.9051;1850.8442;3001.1623;1853.1831;3020.4084;1862.3795;3001.7221;1853.318
5756760.0;3039.4705;1863.9552;3001.326;1854.3725;3002.6108;1850.9033;3002.929;1852.445;3001.5746;1848.821;3002.9343;1852.2984;3002.911;1850.8119;3001.1744;1853.1372;3021.9865;1863.2551;3001.6985;1853.3095
5756780.0;3040.2597;1864.7768;3001.4351;1854.7107;3002.723;1850.9567;3003.4226;1851.2778;3001.546;1848.7832;3002.9531;1852.3379;3002.9139;1850.7803;3001.1879;1853.0911;3023.5243;1864.2068;3001.6799;1853.292
5756800.0;3041.059;1865.642;3001.476;1854.9995;3002.8329;1851.0217;3004.1694;1850.1481;3001.5211;1848.7478;3002.9767;1852.3696;3002.9169;1850.7553;3001.1998;1853.0439;3025.0084;1865.2448;3001.6682;1853.2635
5756820.0;3041.8583;1866.5649;3001.4669;1855.2017;3002.937;1851.0992;3005.154;1849.1135;3001.5028;1848.7204;3003.0002;1852.3947;3002.9228;1850.7388;3001.2047;1852.9954;3026.4199;1866.3823;3001.6623;1853.2253
5756840.0;3042.6387;1867.5701;3001.4325;1855.3227;3003.0353;1851.1862;3006.3471;1848.2304;3001.4954;1848.7042;3003.0189;1852.4187;3002.9344;1850.7278;3001.1997;1852.9446;3027.7361;1867.6342;3001.6595;1853.182
5756860.0;3043.3641;1868.7022;3001.3918;1855.3947;3003.1271;1851.2771;3007.7094;1847.5446;3001.5003;1848.699;3003.0305;1852.4468;3002.9531;1850.7163;3001.1871;1852.8883;3028.935;1869.0142;3001.6568;1853.137
5756880.0;3043.9744;1870.0281;3001.3543;1855.4476;3003.2109;1851.3663;3009.1969;1847.0873;3001.5139;1848.7042;3003.0363;1852.4792;3002.9767;1850.6982;3001.1719;1852.8241;3029.998;1870.5302;3001.6514;1853.0911
5756900.0;3044.3893;1871.6184;3001.3232;1855.4952;3003.2853;1851.4481;3010.7643;1846.8784;3001.5301;1848.7204;3003.0385;1852.5107;3003.0002;1850.6705;3001.1567;1852.754;3030.9127;1872.1794;3001.6409;1853.0441
5756920.0;3044.5344;1873.5076;3001.2979;1855.539;3003.3511;1851.5174;3012.3691;1846.9293;3001.5456;1848.7478;3003.0392;1852.5357;3003.0189;1850.6356;3001.14;1852.6849;3031.6724;1873.9448;3001.6242;1852.9966
5756940.0;3044.3738;1875.654;3001.2742;1855.5766;3003.4091;1851.5698;3013.9736;1847.2428;3001.5616;1848.7826;3003.0394;1852.5523;3003.0305;1850.6008;3001.1193;1852.6232;3032.2785;1875.7972;3001.6029;1852.9491
5756960.0;3043.9252;1877.943;3001.2454;1855.604;3003.4594;1851.6043;3015.5497;1847.8113;3001.5801;1848.8174;3003.0394;1852.5632;3003.0363;1850.5733;3001.0949;1852.5708;3032.7396;1877.7047;3001.5817;1852.9014
5756980.0;3043.2417;1880.2397;3001.2067;1855.6165;3003.502;1851.6233;3017.0785;1848.6141;3001.6;1848.8448;3003.0394;1852.5747;3003.0385;1850.556;3001.0704;1852.5251;3033.0686;1879.6429;3001.5649;1852.8545
5757000.0;3042.3808;1882.4499;3001.1611;1855.6154;3003.5384;1851.6322;3018.5503;1849.6209;3001.6162;1848.861;3003.0392;1852.5929;3003.0392;1850.5475;3001.0495;1852.484;3033.2729;1881.5959;3001.5544;1852.8129
5757020.0;3041.3859;1884.54;3001.1184;1855.61;3003.5716;1851.6364;3019.9606;1850.7969;3001.6226;1848.8664;3003.0385;1852.6206;3003.0394;1850.5442;3001.0321;1852.4481;3033.3473;1883.5503;3001.5492;1852.7814
5757040.0;3040.2838;1886.5166;3001.0875;1855.6134;3003.6041;1851.6406;3021.3067;1852.1116;3001.617;1848.8622;3003.0363;1852.6554;3003.0394;1850.5434;3001.0147;1852.4189;3033.272;1885.4872;3001.5472;1852.7612
5757060.0;3039.089;1888.3963;3001.0688;1855.6321;3003.6372;1851.6493;3022.5855;1853.544;3001.6029;1848.8493;3003.0305;1852.6903;3003.0394;1850.5442;3000.9938;1852.3947;3033.0204;1887.3824;3001.5466;1852.7485
5757080.0;3037.8086;1890.1886;3001.0545;1855.6616;3003.6729;1851.6668;3023.7923;1855.083;3001.5889;1848.8305;3003.0189;1852.7178;3003.0394;1850.5475;3000.9694;1852.3698;3032.5684;1889.2132;3001.5465;1852.7364
5757100.0;3036.4488;1891.8961;3001.0353;1855.6914;3003.7163;1851.6953;3024.9219;1856.72;3001.5833;1848.8127;3003.0002;1852.735;3003.0394;1850.556;3000.945;1852.3393;3031.903;1890.9638;3001.5465;1852.718
5757120.0;3035.0256;1893.5182;3001.0076;1855.7138;3003.7736;1851.7335;3025.9695;1858.4426;3001.5897;1848.8044;3002.9765;1852.7436;3003.0394;1850.5733;3000.9241;1852.3033;3031.0218;1892.6227;3001.5465;1852.6903
5757140.0;3033.5613;1895.0523;3000.9743;1855.729;3003.8489;1851.7768;3026.933;1860.2326;3001.6057;1848.8088;3002.9522;1852.7469;3003.0394;1850.6008;3000.9067;1852.2672;3029.9325;1894.1789;3001.5465;1852.6553
5757160.0;3032.0669;1896.4914;3000.9395;1855.7425;3003.941;1851.8216;3027.8104;1862.0706;3001.6249;1848.8195;3002.9313;1852.7479;3003.0392;1850.6358;3000.8892;1852.236;3028.6487;1895.6207;3001.5465;1852.6195
5757180.0;3030.5223;1897.8186;3000.9046;1855.7613;3004.043;1851.8664;3028.5939;1863.9404;3001.6412;1848.8263;3002.9139;1852.7481;3003.0385;1850.6716;3000.8684;1852.2094;3027.1872;1896.9398;3001.5465;1852.589
5757200.0;3028.8813;1899.0102;3000.867;1855.7893;3004.145;1851.9097;3029.263;1865.8285;3001.6523;1848.8247;3002.8964;1852.7481;3003.0363;1850.7021;3000.8441;1852.182;3025.5632;1898.1335;3001.5465;1852.5641
5757220.0;3027.1028;1900.0437;3000.8232;1855.8241;3004.2371;1851.9478;3029.7858;1867.7231;3001.6597;1848.8198;3002.8748;1852.7481;3003.0305;1850.727;3000.8204;1852.1483;3023.7889;1899.2024;3001.5465;1852.5401
5757240.0;3025.1796;1900.9088;3000.7721;1855.8589;3004.3124;1851.9764;3030.1276;1869.6129;3001.6675;1848.8207;3002.8483;1852.7481;3003.0189;1850.751;3000.8016;1852.1088;3021.8732;1900.1467;3001.5465;1852.512
5757260.0;3023.1364;1901.6091;3000.7152;1855.8861;3004.3697;1851.9938;3030.2609;1871.4842;3001.68;1848.8312;3002.8188;1852.7481;3003.0002;1850.7791;3000.7892;1852.0693;3019.826;1900.967;3001.5465;1852.4796
5757280.0;3021.0064;1902.1549;3000.6565;1855.9017;3004.4129;1852.0023;3030.1686;1873.3151;3001.6999;1848.847;3002.7883;1852.7483;3002.9767;1850.8115;3000.7812;1852.0356;3017.6604;1901.667;3001.5465;1852.4481
5757300.0;3018.8122;1902.5544;3000.6013;1855.9054;3004.448;1852.0057;3029.8419;1875.0705;3001.7269;1848.8619;3002.7573;1852.7494;3002.9531;1850.843;3000.7732;1852.0082;3015.3947;1902.2557;3001.5463;1852.4231
5757320.0;3016.565;1902.8112;3000.5562;1855.8977;3004.4787;1852.0067;3029.2771;1876.7076;3001.7586;1848.8735;3002.7257;1852.7531;3002.9343;1850.868;3000.7609;1851.9816;3013.0504;1902.7409;3001.5456;1852.4065
5757340.0;3014.2729;1902.9258;3000.5262;1855.8796;3004.5048;1852.0069;3028.4763;1878.19;3001.7924;1848.8852;3002.6942;1852.7624;3002.9219;1850.8845;3000.7421;1851.9504;3010.6492;1903.123;3001.5431;1852.3956
5757360.0;3011.9445;1902.8998;3000.5104;1855.8557;3004.5243;1852.0071;3027.4489;1879.5009;3001.8262;1848.9021;3002.6632;1852.7814;3002.9139;1850.8955;3000.7185;1851.9145;3008.2087;1903.3913;3001.5368;1852.3841
5757380.0;3009.5847;1902.7336;3000.5023;1855.8355;3004.5368;1852.0082;3026.2122;1880.646;3001.8569;1848.9273;3002.6327;1852.8117;3002.9059;1850.907;3000.6949;1851.8794;3005.7392;1903.5289;3001.5238;1852.3657
5757400.0;3007.1909;1902.4266;3000.4954;1855.8288;3004.545;1852.0119;3024.7897;1881.6446;3001.8805;1848.9587;3002.6032;1852.85;3002.8936;1850.9252;3000.6763;1851.8519;3003.2459;1903.5182;3001.5026;1852.3368
5757420.0;3004.7556;1901.9784;3000.4874;1855.8361;3004.5537;1852.0212;3023.2088;1882.5203;3001.8942;1848.99;3002.5768;1852.8883;3002.8748;1850.9529;3000.6646;1851.8346;3000.7341;1903.3438;3001.4744;1852.2984
5757440.0;3002.2768;1901.3949;3000.4788;1855.8469;3004.5683;1852.0402;3021.4949;1883.2934;3001.8967;1849.0148;3002.5553;1852.9186;3002.8512;1850.9877;3000.6588;1851.8259;2998.2131;1902.9919;3001.4427;1852.2542
5757460.0;2999.763;1900.686;3000.4675;1855.847;3004.5928;1852.0705;3019.6677;1883.9769;3001.8886;1849.0303;3002.5375;1852.9376;3002.8276;1851.0225;3000.6566;1851.8216;2995.6978;1902.4539;3001.4104;1852.2077
5757480.0;2997.2343;1899.8573;3000.4479;1855.83;3004.628;1852.1088;3017.7368;1884.5677;3001.8717;1849.038;3002.5187;1852.9471;3002.809;1851.0501;3000.6559;1851.8172;2993.2067;1901.7309;3001.3782;1852.1602
5757500.0;2994.7188;1898.9041;3000.4171;1855.8011;3004.6703;1852.1471;3015.703;1885.042;3001.8512;1849.0409;3002.4926;1852.9518;3002.7973;1851.0673;3000.6558;1851.8085;2990.7591;1900.8353;3001.3461;1852.1133
5757520.0;2992.2559;1897.8143;3000.3787;1855.7717;3004.7125;1852.1774;3013.5634;1885.3555;3001.8359;1849.0419;3002.4555;1852.9562;3002.7915;1851.0758;3000.6558;1851.7913;2988.3743;1899.7829;3001.3143;1852.0717
5757540.0;2989.9005;1896.576;3000.3404;1855.7503;3004.7477;1852.1964;3011.3194;1885.4561;3001.8368;1849.042;3002.4072;1852.965;3002.7893;1851.0791;3000.6558;1851.7638;2986.0713;1898.5838;3001.283;1852.0404
5757560.0;2987.7137;1895.1816;3000.3089;1855.7389;3004.7722;1852.2059;3008.9835;1885.2976;3001.8634;1849.042;3002.3505;1852.9822;3002.7886;1851.0802;3000.6558;1851.7289;2983.8694;1897.2394;3001.2519;1852.0212
5757580.0;2985.737;1893.6329;3000.2848;1855.7355;3004.7861;1852.2106;3006.5821;1884.8524;3001.9197;1849.042;3002.2897;1853.0098;3002.7885;1851.0804;3000.6558;1851.6941;2981.7861;1895.7488;3001.2203;1852.0119
5757600.0;2983.9779;1891.9502;3000.2637;1855.7393;3004.7925;1852.215;3004.1544;1884.112;3002.0005;1849.042;3002.2286;1853.0446;3002.7885;1851.0804;3000.6558;1851.6666;2979.8338;1894.1147;3001.1887;1852.0082
5757620.0;2982.4175;1890.1728;3000.2403;1855.7524;3004.7949;1852.2238;3001.7452;1883.0844;3002.0906;1849.042;3002.1708;1853.0794;3002.7885;1851.0804;3000.6558;1851.6493;2978.0161;1892.3448;3001.1577;1852.0071
5757640.0;2981.0406;1888.3381;3000.2122;1855.7789;3004.7956;1852.241;2999.3965;1881.7879;3002.1714;1849.042;3002.1193;1853.107;3002.7885;1851.0804;3000.6558;1851.6408;2976.3297;1890.4471;3001.1273;1852.0069
5757660.0;2979.8581;1886.4562;3000.1802;1855.8213;3004.7957;1852.2685;2997.1424;1880.2491;3002.2297;1849.042;3002.075;1853.1242;3002.7885;1851.0804;3000.6558;1851.6375;2974.769;1888.4276;3001.0978;1852.0069
5757680.0;2978.9033;1884.5126;3000.1464;1855.8759;3004.7957;1852.3034;2995.0106;1878.5003;3002.2634;1849.0417;3002.0359;1853.1329;3002.7885;1851.0804;3000.6556;1851.6365;2973.3382;1886.2909;3001.0713;1852.0069
5757700.0;2978.2071;1882.4938;3000.1126;1855.9324;3004.7957;1852.3382;2993.0262;1876.5763;3002.279;1849.0402;3001.9974;1853.1372;3002.7885;1851.0804;3000.6549;1851.6363;2972.0582;1884.0442;3001.0497;1852.0069
5757720.0;2977.7752;1880.4088;3000.0818;1855.9811;3004.7957;1852.3657;2991.213;1874.507;3002.2847;1849.0357;3001.9557;1853.1416;3002.7885;1851.0804;3000.6527;1851.6363;2970.9667;1881.6996;3001.0321;1852.0069
5757740.0;2977.5798;1878.2861;3000.0574;1856.0177;3004.7957;1852.383;2989.5922;1872.316;3002.2864;1849.0245;3001.9111;1853.1503;3002.7885;1851.0804;3000.6469;1851.6363;2970.1072;1879.2765;3001.0146;1852.0069
5757760.0;2977.5747;1876.1501;3000.0415;1856.0443;3004.7957;1852.3915;2988.1819;1870.0213;3002.2867;1849.0027;3001.8681;1853.1675;3002.7885;1851.0806;3000.6353;1851.6363;2969.5149;1876.8005;3000.993;1852.0069
5757780.0;2977.7192;1874.0056;3000.0333;1856.0653;3004.7957;1852.3948;2986.9979;1867.6412;3002.287;1848.9683;3001.832;1853.1951;3002.7885;1851.0817;3000.6166;1851.6363;2969.2043;1874.3011;3000.9665;1852.0069
5757800.0;2977.9961;1871.8378;3000.0299;1856.0832;3004.7957;1852.3958;2986.058;1865.1965;3002.2882;1848.9229;3001.8053;1853.2301;3002.7886;1851.0854;3000.5928;1851.6363;2969.1674;1871.8054;3000.937;1852.0069
5757820.0;2978.4085;1869.6251;3000.0288;1856.1016;3004.7957;1852.396;2985.3792;1862.7125;3002.2922;1848.8711;3001.7857;1853.2658;3002.7893;1851.0947;3000.5678;1851.6363;2969.3807;1869.3322;3000.9065;1852.0069
5757840.0;2978.9655;1867.3524;3000.0285;1856.1264;3004.7957;1852.3962;2984.9762;1860.2204;3002.3013;1848.8166;3001.7676;1853.2963;3002.7915;1851.1137;3000.5445;1851.6365;2969.8163;1866.8912;3000.8755;1852.0069
5757860.0;2979.6706;1865.0189;3000.0285;1856.1622;3004.7957;1852.3971;2984.8559;1857.7576;3002.3183;1848.7627;3001.7465;1853.3212;3002.7973;1851.144;3000.5206;1851.6375;2970.4485;1864.4888;3000.8438;1852.0069
5757880.0;2980.5246;1862.6399;3000.0285;1856.2125;3004.7957;1852.4001;2985.018;1855.3668;3002.3421;1848.7072;3001.7223;1853.3452;3002.809;1851.1823;3000.4893;1851.6408;2971.2556;1862.1353;3000.8115;1852.0069
5757900.0;2981.5305;1860.2439;3000.0282;1856.2808;3004.7957;1852.4078;2985.4542;1853.093;3002.366;1848.6402;3001.6985;1853.3733;3002.8276;1851.2206;3000.444;1851.6493;2972.2174;1859.8455;3000.7783;1852.0069
5757920.0;2982.6881;1857.8658;3000.0271;1856.3677;3004.7957;1852.4233;2986.1489;1850.9829;3002.3814;1848.5501;3001.6799;1853.4059;3002.8512;1851.2509;3000.3845;1851.6668;2973.3151;1857.634;3000.7421;1852.0069
5757940.0;2983.9833;1855.5388;3000.0243;1856.4684;3004.7957;1852.4481;2987.0773;1849.0832;3002.3851;1848.4365;3001.6682;1853.4385;3002.8748;1851.2698;3000.3186;1851.6953;2974.5314;1855.5106;3000.7009;1852.0069
5757960.0;2985.3853;1853.2911;3000.0184;1856.5721;3004.7957;1852.4794;2988.2025;1847.4398;3002.3815;1848.3183;3001.6625;1853.4666;3002.8934;1851.2792;3000.2575;1851.7335;2975.8534;1853.4829;3000.6558;1852.0069
5757980.0;2986.8557;1851.1479;3000.0099;1856.6677;3004.7957;1852.5107;2989.4742;1846.0953;3002.3764;1848.2209;3001.6602;1853.4906;3002.9051;1851.2829;3000.2099;1851.7768;2977.2711;1851.5605;3000.6106;1852.0069
5758000.0;2988.3644;1849.1349;3000.0044;1856.7499;3004.7957;1852.5355;2990.8285;1845.0872;3002.3698;1848.1568;3001.6595;1853.5155;3002.9109;1851.284;3000.1775;1851.8216;2978.7768;1849.7589;3000.5695;1852.0069
5758020.0;2989.8991;1847.2777;3000.0111;1856.8188;3004.7957;1852.551;2992.1908;1844.4426;3002.3588;1848.1207;3001.6594;1853.546;3002.9131;1851.2842;3000.1556;1851.8664;2980.3633;1848.098;3000.5332;1852.0067
5758040.0;2991.4637;1845.5954;3000.0382;1856.8758;3004.7957;1852.5587;2993.4854;1844.1674;3002.3455;1848.1025;3001.6594;1853.582;3002.9139;1851.2842;3000.1368;1851.9097;2982.022;1846.6038;3000.5;1852.0057
5758060.0;2993.0679;1844.0941;3000.0869;1856.9176;3004.7957;1852.5617;2994.6462;1844.2369;3002.338;1848.0967;3001.6594;1853.6181;3002.9148;1851.2842;3000.1156;1851.9478;2983.7389;1845.3082;3000.4676;1852.0023
5758080.0;2994.7131;1842.7627;3000.1533;1856.9369;3004.7957;1852.5626;2995.6263;1844.5932;3002.3433;1848.101;3001.6594;1853.6493;3002.917;1851.2842;3000.0912;1851.9764;2985.4897;1844.2471;3000.4352;1851.9938
5758100.0;2996.3832;1841.5715;3000.235;1856.9289;3004.7957;1852.5628;2996.4005;1845.1567;3002.3612;1848.1116;3001.6594;1853.6759;3002.9228;1851.2842;3000.0668;1851.9938;2987.2383;1843.4545;3000.4019;1851.9766
5758120.0;2998.0501;1840.4793;3000.3311;1856.8995;3004.7957;1852.5628;2996.9634;1845.8451;3002.3844;1848.122;3001.6595;1853.7036;3002.9344;1851.2842;3000.0459;1852.0023;2988.9412;1842.9553;3000.3657;1851.9491
5758140.0;2999.6877;1839.4479;3000.4374;1856.8636;3004.7957;1852.5628;2997.3246;1846.5908;3002.407;1848.1292;3001.6602;1853.7382;3002.9531;1851.2842;3000.0285;1852.0057;2990.557;1842.7565;3000.3246;1851.9142
5758160.0;3001.2831;1838.4657;3000.5436;1856.8365;3004.7957;1852.5628;2997.5065;1847.35;3002.4282;1848.1335;3001.6625;1853.7809;3002.9765;1851.2844;3000.0111;1852.0067;2992.0531;1842.841;3000.2794;1851.8794
5758180.0;3002.834;1837.5542;3000.6383;1856.824;3004.7957;1852.5628;2997.5416;1848.0985;3002.4524;1848.1386;3001.6682;1853.8279;3002.9994;1851.2854;2999.9902;1852.0069;2993.4085;1843.1668;3000.2341;1851.8519
5758200.0;3004.3309;1836.7556;3000.7167;1856.823;3004.7957;1852.5628;2997.4671;1848.8251;3002.4858;1848.1505;3001.6799;1853.8756;3003.0158;1851.2887;2999.9659;1852.0069;2994.6115;1843.6765;3000.1923;1851.8346
5758220.0;3005.743;1836.1101;3000.7832;1856.8293;3004.7957;1852.5628;2997.32;1849.5231;3002.5315;1848.1781;3001.6985;1853.923;3003.0217;1851.2973;2999.9422;1852.0069;2995.6553;1844.3111;3000.154;1851.8259
5758240.0;3007.0242;1835.645;3000.845;1856.8428;3004.7956;1852.5628;2997.1327;1850.1898;3002.5889;1848.2339;3001.7221;1853.9702;3003.0158;1851.3147;2999.9235;1852.0069;2996.5355;1845.0237;3000.1156;1851.8216
5758260.0;3008.1362;1835.3707;3000.9064;1856.8659;3004.7949;1852.5628;2996.9305;1850.8274;3002.6556;1848.3275;3001.7457;1854.0163;3002.9994;1851.3431;2999.9119;1852.0069;2997.2496;1845.7826;3000.0738;1851.8172
5758280.0;3009.0713;1835.2764;3000.9667;1856.8989;3004.7927;1852.5628;2996.7308;1851.4417;3002.7313;1848.4594;3001.7643;1854.0607;3002.9765;1851.3809;2999.9061;1852.0071;2997.8;1846.5675;3000.0285;1851.8085
5758300.0;3009.8603;1835.3265;3001.0237;1856.9359;3004.7869;1852.5628;2996.5456;1852.037;3002.8191;1848.6178;3001.776;1854.104;3002.9531;1851.4234;2999.9039;1852.0082;2998.1975;1847.3602;2999.9833;1851.7913
5758320.0;3010.5589;1835.4678;3001.0776;1856.9686;3004.7752;1852.5628;2996.3844;1852.6073;3002.9219;1848.7831;3001.7818;1854.1471;3002.9344;1851.4667;2999.9032;1852.0119;2998.4624;1848.1412;2999.9422;1851.7638
5758340.0;3011.2253;1835.6453;3001.1293;1856.991;3004.7566;1852.5628;2996.2564;1853.1334;3003.0372;1848.9376;3001.784;1854.1903;3002.9228;1851.5097;2999.903;1852.0212;2998.6222;1848.8905;2999.906;1851.7289
5758360.0;3011.8986;1835.8192;3001.178;1857.003;3004.7331;1852.5626;2996.1686;1853.5891;3003.1575;1849.0702;3001.7847;1854.2335;3002.9171;1851.5529;2999.9032;1852.0404;2998.7066;1849.5942;2999.8727;1851.6941
5758380.0;3012.5907;1835.9725;3001.2196;1857.008;3004.7102;1852.5617;2996.1221;1853.951;3003.273;1849.1762;3001.7848;1854.2778;3002.9156;1851.5961;2999.9039;1852.0717;2998.7417;1850.2476;2999.8405;1851.6666
5758400.0;3013.292;1836.1097;3001.2504;1857.0096;3004.6938;1852.5587;2996.1098;1854.2082;3003.3753;1849.2541;3001.785;1854.3236;3002.9171;1851.6393;2999.9061;1852.1135;2998.7463;1850.8536;2999.8087;1851.6493
5758420.0;3013.9874;1836.2436;3001.2701;1857.0101;3004.6879;1852.551;2996.1196;1854.3681;3003.4608;1849.3011;3001.7857;1854.3699;3002.9228;1851.6836;2999.9119;1852.1613;2998.7332;1851.4159;2999.7776;1851.6408
5758440.0;3014.6697;1836.378;3001.2828;1857.0101;3004.6938;1852.5355;2996.1401;1854.4545;3003.5318;1849.3131;3001.7879;1854.4156;3002.9346;1851.7294;2999.9235;1852.212;2998.7108;1851.9336;2999.7464;1851.6375
5758460.0;3015.3453;1836.4976;3001.2949;1857.0105;3004.7102;1852.5107;2996.1634;1854.4994;3003.5943;1849.29;3001.7937;1854.4606;3002.9539;1851.7757;2999.9422;1852.2672;2998.6868;1852.3991;2999.7149;1851.6365
5758480.0;3016.0313;1836.575;3001.3124;1857.0121;3004.7331;1852.4796;2996.1852;1854.5287;3003.6538;1849.2416;3001.8053;1854.5039;3002.9797;1851.8216;2999.9659;1852.3302;2998.6658;1852.8026;2999.6833;1851.6363
5758500.0;3016.746;1836.589;3001.3382;1857.0171;3004.7566;1852.4492;2996.2051;1854.5539;3003.7112;1849.1862;3001.824;1854.5421;3003.0091;1851.8677;2999.9902;1852.4019;2998.6477;1853.1395;2999.6521;1851.6363
5758520.0;3017.4975;1836.5389;3001.371;1857.0287;3004.7752;1852.4274;2996.2288;1854.575;3003.7631;1849.141;3001.8477;1854.5706;3003.0394;1851.9147;3000.0111;1852.4792;2998.628;1853.4145;2999.621;1851.6363
5758540.0;3018.2752;1836.4451;3001.406;1857.0495;3004.7869;1852.4195;2996.2666;1854.5893;3003.8041;1849.112;3001.872;1854.5881;3003.0697;1851.9622;3000.0285;1852.5555;2998.6014;1853.6396;2999.5894;1851.6363
5758560.0;3019.0542;1836.339;3001.4366;1857.0767;3004.7925;1852.4274;2996.3265;1854.5968;3003.8292;1849.0945;3001.8929;1854.5968;3003.0992;1852.0099;3000.0459;1852.6237;2998.5656;1853.8277;2999.5578;1851.6363
5758580.0;3019.8053;1836.2494;3001.4556;1857.1001;3004.7941;1852.4492;2996.408;1854.5999;3003.8367;1849.0821;3001.9103;1854.6012;3003.1258;1852.0587;3000.0668;1852.6773;2998.5239;1853.9882;2999.5267;1851.6363
5758600.0;3020.5043;1836.1967;3001.4587;1857.1049;3004.7925;1852.4796;2996.5015;1854.6009;3003.8318;1849.075;3001.9277;1854.6059;3003.1476;1852.1088;3000.0912;1852.7135;2998.4839;1854.1255;2999.4955;1851.6363
5758620.0;3021.1345;1836.1922;3001.4479;1857.0813;3004.7869;1852.5107;2996.5949;1854.6011;3003.8249;1849.0817;3001.9486;1854.6155;3003.1657;1852.1589;3000.1156;1852.7339;2998.4544;1854.2383;2999.464;1851.6365
5758640.0;3021.6877;1836.2383;3001.4294;1857.0293;3004.7752;1852.5355;2996.6807;1854.6011;3003.8272;1849.113;3001.9729;1854.6344;3003.1843;1852.2075;3000.1365;1852.7434;2998.4418;1854.3183;2999.4324;1851.6375
5758660.0;3022.1675;1836.3272;3001.4083;1856.9582;3004.7566;1852.551;2996.757;1854.6011;3003.8446;1849.1757;3001.9966;1854.6647;3003.2071;1852.2542;3000.154;1852.7469;2998.4472;1854.3567;2999.4014;1851.6408
5758680.0;3022.5898;1836.4402;3001.3853;1856.8802;3004.733;1852.5587;2996.8261;1854.6011;3003.877;1849.2681;3002.0153;1854.703;3003.2337;1852.2986;3000.1714;1852.7479;2998.4666;1854.3553;2999.3709;1851.6493
5758700.0;3022.9746;1836.5517;3001.3598;1856.8066;3004.7094;1852.5617;2996.8905;1854.6011;3003.9193;1849.3797;3002.0269;1854.7413;3003.2598;1852.3379;3000.1923;1852.7481;2998.4936;1854.3322;2999.3414;1851.6666
5758720.0;3023.335;1836.6375;3001.3335;1856.7458;3004.6906;1852.5626;2996.9517;1854.6011;3003.9649;1849.4955;3002.0327;1854.7716;3003.2803;1852.3696;3000.2165;1852.7481;2998.5232;1854.3133;2999.3149;1851.6941
5758740.0;3023.6733;1836.6844;3001.3114;1856.7028;3004.6783;1852.5628;2997.0088;1854.6011;3004.0083;1849.6009;3002.0349;1854.7906;3003.2931;1852.3947;3000.2403;1852.7481;2998.5535;1854.3168;2999.2933;1851.7289
5758760.0;3023.9855;1836.6928;3001.2973;1856.6772;3004.6703;1852.5628;2997.0597;1854.6013;3004.0467;1849.6852;3002.0356;1854.8;3003.2994;1852.4189;3000.2589;1852.7481;2998.5835;1854.3462;2999.2758;1851.7638
5758780.0;3024.269;1836.6731;3001.2926;1856.6647;3004.6623;1852.5628;2997.1031;1854.6025;3004.0775;1849.7439;3002.0358;1854.8036;3003.3019;1852.4481;3000.2706;1852.7481;2998.6117;1854.3957;2999.2582;1851.7913
5758800.0;3024.5277;1836.6373;3001.2973;1856.6598;3004.6499;1852.5628;2997.14;1854.6061;3004.095;1849.7792;3002.0358;1854.8047;3003.3028;1852.4837;3000.2763;1852.7481;2998.6375;1854.4581;2999.2366;1851.8085
5758820.0;3024.7706;1836.5935;3001.3114;1856.6583;3004.6311;1852.5628;2997.1734;1854.6155;3004.0919;1849.7997;3002.0358;1854.805;3003.3036;1852.5238;3000.2786;1852.7481;2998.6632;1854.5287;2999.2101;1851.817
5758840.0;3025.006;1836.5477;3001.3335;1856.6583;3004.6075;1852.5628;2997.2057;1854.6346;3004.0648;1849.8167;3002.0358;1854.805;3003.3056;1852.5658;3000.2794;1852.7479;2998.6934;1854.6026;2999.1806;1851.8204
5758860.0;3025.2355;1836.5063;3001.36;1856.6594;3004.584;1852.5628;2997.2374;1854.666;3004.0177;1849.8391;3002.0358;1854.805;3003.3108;1852.6089;3000.2802;1852.7469;2998.7309;1854.6728;2999.1503;1851.8214
5758880.0;3025.4522;1836.4752;3001.3869;1856.6629;3004.5652;1852.5628;2997.2684;1854.7076;3003.9607;1849.871;3002.0358;1854.805;3003.3214;1852.6514;3000.2825;1852.7436;2998.774;1854.7326;2999.12;1851.8216
5758900.0;3025.6455;1836.4572;3001.4141;1856.6706;3004.5528;1852.5628;2997.2988;1854.7544;3003.9047;1849.9111;3002.0358;1854.805;3003.3389;1852.6892;3000.2882;1852.735;2998.817;1854.7802;2999.0907;1851.8216
5758920.0;3025.8083;1836.4515;3001.4465;1856.6845;3004.5448;1852.5626;2997.3282;1854.8021;3003.8578;1849.958;3002.0356;1854.805;3003.3624;1852.7174;3000.2999;1852.7178;2998.8545;1854.8197;2999.0648;1851.8216
5758940.0;3025.942;1836.4572;3001.489;1856.7045;3004.5368;1852.5617;2997.354;1854.8495;3003.8229;1850.0143;3002.0349;1854.805;3003.3893;1852.7338;3000.3186;1852.6903;2998.8847;1854.8576;2999.0455;1851.8216
5758960.0;3026.0555;1836.475;3001.5409;1856.7283;3004.5245;1852.5587;2997.3733;1854.8969;3003.7985;1850.0845;3002.0327;1854.8047;3003.4178;1852.739;3000.3421;1852.6554;2998.9103;1854.8963;2999.0337;1851.8216
5758980.0;3026.1611;1836.5051;3001.5962;1856.7523;3004.5057;1852.551;2997.3851;1854.9441;3003.78;1850.1689;3002.0269;1854.8036;3003.4469;1852.7338;3000.3657;1852.6206;2998.9354;1854.9322;2999.0278;1851.8216
5759000.0;3026.2671;1836.5434;3001.648;1856.7719;3004.4821;1852.5355;2997.391;1854.9915;3003.7644;1850.2624;3002.0153;1854.8;3003.4757;1852.7174;3000.3844;1852.5931;2998.9612;1854.96;2999.0249;1851.8216
5759020.0;3026.3752;1836.5817;3001.6927;1856.7811;3004.4585;1852.5107;2997.394;1855.0423;3003.7541;1850.3611;3001.9966;1854.7906;3003.5013;1852.6892;3000.396;1852.5758;2998.9848;1854.9772;2999.0219;1851.8218
5759040.0;3026.4797;1836.612;3001.7288;1856.7748;3004.4397;1852.4794;2997.3969;1855.0996;3003.755;1850.4675;3001.973;1854.7719;3003.5206;1852.6514;3000.4018;1852.5673;2999.0013;1854.9857;2999.016;1851.8228
5759060.0;3026.5725;1836.6309;3001.7555;1856.7531;3004.4274;1852.4481;2997.4028;1855.1629;3003.7708;1850.5862;3001.9494;1854.7427;3003.5324;1852.6089;3000.404;1852.564;2999.0072;1854.989;2999.0044;1851.8259
5759080.0;3026.6472;1836.6403;3001.7731;1856.7236;3004.4195;1852.4231;2997.4145;1855.2274;3003.7976;1850.7165;3001.9308;1854.7078;3003.538;1852.5658;3000.4049;1852.563;2999.0013;1854.99;2998.9857;1851.8334
5759100.0;3026.7026;1836.644;3001.7848;1856.6964;3004.4122;1852.4065;2997.4331;1855.2883;3003.8283;1850.8526;3001.9191;1854.6777;3003.5395;1852.5238;3000.4057;1852.5628;2998.9849;1854.9903;2998.9621;1851.8473
5759120.0;3026.7423;1836.6448;3001.7964;1856.68;3004.4021;1852.3958;2997.4568;1855.3458;3003.8589;1850.9879;3001.9134;1854.6627;3003.538;1852.4837;3000.4079;1852.5628;2998.9619;1854.9903;2998.9386;1851.8664
5759140.0;3026.7707;1836.644;3001.8127;1856.677;3004.3891;1852.3853;2997.4811;1855.4048;3003.8901;1851.1173;3001.9111;1854.6647;3003.5324;1852.4481;3000.4137;1852.5628;2998.9377;1854.9903;2998.9201;1851.884
5759160.0;3026.7892;1836.6403;3001.835;1856.6868;3004.3771;1852.3705;2997.502;1855.47;3003.9207;1851.234;3001.9104;1854.6747;3003.5207;1852.4189;3000.4254;1852.5628;2998.9168;1854.9904;2998.9091;1851.8912
5759180.0;3026.7965;1836.6309;3001.8604;1856.7069;3004.3722;1852.3512;2997.5194;1855.5404;3003.9412;1851.327;3001.9103;1854.6791;3003.502;1852.3947;3000.444;1852.5628;2998.8994;1854.9914;2998.9056;1851.884
5759200.0;3026.7923;1836.612;3001.8836;1856.7357;3004.3771;1852.3336;2997.537;1855.6098;3003.9365;1851.3863;3001.9103;1854.67;3003.4783;1852.3698;3000.4676;1852.5626;2998.882;1854.9943;2998.9091;1851.8664
5759220.0;3026.7812;1836.5817;3001.9022;1856.7732;3004.3891;1852.3264;2997.5586;1855.6723;3003.8968;1851.4112;3001.9103;1854.6504;3003.4541;1852.3393;3000.4912;1852.5617;2998.8611;1855.002;2998.9201;1851.8473
5759240.0;3026.7708;1836.5432;3001.9184;1856.8197;3004.4019;1852.3336;2997.5851;1855.7267;3003.8235;1851.4111;3001.9102;1854.6294;3003.4335;1852.3036;3000.5098;1852.5587;2998.8367;1855.0175;2998.9386;1851.8334
5759260.0;3026.7686;1836.5038;3001.937;1856.8724;3004.4114;1852.3512;2997.6146;1855.776;3003.7274;1851.3992;3001.9095;1854.6141;3003.4166;1852.2685;3000.5215;1852.551;2998.8123;1855.0423;2998.9623;1851.8259
5759280.0;3026.7796;1836.4702;3001.9602;1856.9228;3004.4163;1852.3703;2997.6449;1855.8234;3003.6203;1851.3833;3001.9072;1854.6059;3003.4002;1852.241;3000.5272;1852.5355;2998.7914;1855.0735;2998.9866;1851.8228
5759300.0;3026.808;1836.4428;3001.9855;1856.9625;3004.4177;1852.3842;2997.6752;1855.8695;3003.5083;1851.3622;3001.9015;1854.6025;3003.3804;1852.2238;3000.5295;1852.5107;2998.774;1855.1039;2999.0074;1851.8218
5759320.0;3026.8556;1836.4162;3002.0074;1856.9866;3004.4162;1852.3917;2997.7045;1855.9135;3003.3934;1851.3352;3001.8898;1854.6013;3003.3559;1852.215;3000.5302;1852.4794;2998.7564;1855.1257;2999.0249;1851.8216
5759340.0;3026.9208;1836.385;3002.0215;1856.9981;3004.4105;1852.3948;2997.7304;1855.9558;3003.2822;1851.3139;3001.8711;1854.6011;3003.3275;1852.2106;3000.5303;1852.4481;2998.7348;1855.1335;2999.0424;1851.8216
5759360.0;3026.9983;1836.3489;3002.0262;1857.0069;3004.3989;1852.3958;2997.7498;1855.9956;3003.1932;1851.3274;3001.8476;1854.6011;3003.2957;1852.2059;3000.5303;1852.4233;2998.7083;1855.1259;2999.064;1851.8216
5759380.0;3027.0812;1836.3129;3002.0215;1857.0266;3004.3802;1852.396;2997.7623;1856.0303;3003.1553;1851.4126;3001.824;1854.6011;3003.2589;1852.1964;3000.5303;1852.4078;2998.6788;1855.105;2999.0907;1851.8216
5759400.0;3027.1642;1836.2824;3002.0074;1857.0702;3004.3568;1852.396;2997.7703;1856.0561;3003.1943;1851.5967;3001.8053;1854.6011;3003.216;1852.1774;3000.5303;1852.4001;2998.6485;1855.0777;2999.1208;1851.8216
5759420.0;3027.2438;1836.2575;3001.9855;1857.1414;3004.3339;1852.396;2997.7783;1856.0718;3003.3153;1851.8813;3001.7937;1854.6011;3003.1687;1852.1471;3000.5303;1852.3971;2998.6182;1855.0553;2999.1535;1851.8216
5759440.0;3027.3183;1836.2332;3001.9605;1857.2331;3004.3173;1852.3958;2997.7908;1856.0795;3003.4925;1852.2396;3001.7881;1854.6011;3003.1216;1852.1088;3000.5303;1852.3962;2998.5889;1855.0493;2999.1903;1851.8216
5759460.0;3027.3873;1836.2041;3001.9384;1857.3321;3004.3108;1852.3948;2997.8103;1856.0824;3003.677;1852.6265;3001.7865;1854.6011;3003.0786;1852.0705;3000.5303;1852.396;2998.563;1855.0671;2999.2337;1851.8216
5759480.0;3027.453;1836.1684;3001.9232;1857.4274;3004.3144;1852.3915;2997.8361;1856.0834;3003.8195;1852.9955;3001.7881;1854.6011;3003.0397;1852.0402;3000.5303;1852.3962;2998.5437;1855.108;2999.2846;1851.8216
5759500.0;3027.519;1836.1284;3001.9153;1857.5126;3004.3251;1852.383;2997.8655;1856.0835;3003.8924;1853.3138;3001.7937;1854.6011;3003.0011;1852.0212;3000.5303;1852.3971;2998.5319;1855.1639;2999.3414;1851.8216
5759520.0;3027.5876;1836.0868;3001.9133;1857.5846;3004.3363;1852.3657;2997.8958;1856.0835;3003.8935;1853.5674;3001.8053;1854.6013;3002.9592;1852.0119;3000.5303;1852.4001;2998.5263;1855.2226;2999.4012;1851.8216
5759540.0;3027.6555;1836.0456;3001.9167;1857.6402;3004.3411;1852.3382;2997.9261;1856.0835;3003.8353;1853.7561;3001.824;1854.6025;3002.9139;1852.0082;3000.5303;1852.4078;2998.5247;1855.2728;2999.461;1851.8216
5759560.0;3027.7096;1836.0097;3001.9282;1857.6746;3004.3361;1852.3034;2997.9554;1856.0834;3003.7333;1853.8866;3001.8476;1854.6061;3002.8688;1852.0071;3000.5302;1852.4233;2998.5263;1855.308;2999.5178;1851.8216
5759580.0;3027.726;1835.989;3001.9527;1857.685;3004.3242;1852.2685;2997.9813;1856.0824;3003.6009;1853.9663;3001.8711;1854.6155;3002.8276;1852.0069;3000.5295;1852.4481;2998.5319;1855.3282;2999.5689;1851.8214
5759600.0;3027.6758;1835.9968;3001.9931;1857.6742;3004.3113;1852.241;2998.0007;1856.0795;3003.45;1854.0019;3001.8898;1854.6342;3002.7914;1852.0069;3000.5272;1852.4794;2998.5436;1855.3376;2999.613;1851.8204
5759620.0;3027.5392;1836.0414;3002.047;1857.6539;3004.3019;1852.2238;2998.0132;1856.0718;3003.2911;1853.9989;3001.9015;1854.6634;3002.7582;1852.0069;3000.5215;1852.5107;2998.5622;1855.3411;2999.6521;1851.817
5759640.0;3027.3186;1836.1201;3002.1049;1857.6404;3004.2968;1852.2153;2998.0212;1856.0563;3003.1335;1853.9637;3001.9074;1854.698;3002.7259;1852.0069;3000.5098;1852.5355;2998.5858;1855.3421;2999.6913;1851.8085
5759660.0;3027.0398;1836.2209;3002.1527;1857.6481;3004.2947;1852.2119;2998.0293;1856.0315;3002.9866;1853.9053;3001.9103;1854.727;3002.6942;1852.0069;3000.4912;1852.551;2998.6094;1855.3423;2999.7352;1851.7913
5759680.0;3026.7388;1836.3297;3002.1778;1857.6848;3004.2941;1852.2107;2998.0416;1855.9999;3002.8594;1853.8358;3001.9132;1854.7383;3002.6632;1852.0069;3000.4674;1852.5587;2998.628;1855.3426;2999.7856;1851.7638
5759700.0;3026.4449;1836.4378;3002.1741;1857.7504;3004.2939;1852.2094;2998.0604;1855.9676;3002.7565;1853.7661;3001.9191;1854.727;3002.6327;1852.0069;3000.4432;1852.5617;2998.6397;1855.3437;2999.8403;1851.7289
5759720.0;3026.1726;1836.5436;3002.1466;1857.8395;3004.2939;1852.2057;2998.084;1855.9395;3002.6746;1853.7007;3001.9308;1854.698;3002.6032;1852.0069;3000.4223;1852.5626;2998.6454;1855.3473;2999.895;1851.6941
5759740.0;3025.9232;1836.6503;3002.109;1857.9409;3004.2939;1852.1964;2998.1075;1855.9155;3002.6047;1853.6342;3001.9494;1854.6634;3002.5768;1852.0069;3000.4049;1852.5628;2998.6477;1855.3567;2999.9453;1851.6666
5759760.0;3025.6904;1836.7624;3002.0754;1858.0409;3004.2938;1852.1774;2998.1262;1855.8906;3002.5387;1853.557;3001.973;1854.6342;3002.5554;1852.0069;3000.3874;1852.5628;2998.6484;1855.3756;2999.9885;1851.6493
5759780.0;3025.4669;1836.8826;3002.0531;1858.1276;3004.2932;1852.1471;2998.1379;1855.86;3002.474;1853.4637;3001.9966;1854.6155;3002.5384;1852.0069;3000.3665;1852.5628;2998.6485;1855.4059;3000.0254;1851.6408
5759800.0;3025.248;1837.0092;3002.0419;1858.1979;3004.2911;1852.1088;2998.1436;1855.8243;3002.4111;1853.3581;3002.0153;1854.6061;3002.5222;1852.0069;3000.3423;1852.563;2998.6485;1855.4442;3000.0588;1851.6375
5759820.0;3025.0337;1837.1363;3002.0374;1858.2587;3004.286;1852.0705;2998.1459;1855.7893;3002.3507;1853.2483;3002.0269;1854.6025;3002.5032;1852.0069;3000.3186;1852.564;2998.6485;1855.4826;3000.0911;1851.6365
5759840.0;3024.8262;1837.2571;3002.036;1858.3212;3004.2755;1852.0402;2998.1466;1855.7615;3002.293;1853.1405;3002.0327;1854.6011;3002.4811;1852.0069;3000.2999;1852.5673;2998.6485;1855.5131;3000.1228;1851.6363
5759860.0;3024.6262;1837.3678;3002.0355;1858.3946;3004.2587;1852.0212;2998.1467;1855.7433;3002.2383;1853.0376;3002.0349;1854.5999;3002.459;1852.0069;3000.2882;1852.5758;2998.6485;1855.533;3000.154;1851.6363
5759880.0;3024.4323;1837.4677;3002.0347;1858.481;3004.2375;1852.0119;2998.1467;1855.7315;3002.1865;1852.9431;3002.0358;1854.5966;3002.4397;1852.0067;3000.2825;1852.5931;2998.6485;1855.5457;3000.1851;1851.6363
5759900.0;3024.2419;1837.5575;3002.0321;1858.5783;3004.2162;1852.0082;2998.1467;1855.7196;3002.1355;1852.863;3002.0366;1854.5881;3002.4229;1852.0057;3000.2802;1852.6206;2998.6485;1855.5579;3000.2167;1851.6363
5759920.0;3024.0528;1837.6374;3002.0262;1858.6804;3004.1993;1852.0071;2998.1467;1855.7014;3002.0814;1852.8022;3002.0388;1854.5708;3002.4049;1852.0023;3000.2795;1852.6554;2998.6485;1855.5762;3000.2483;1851.6363
5759940.0;3023.8634;1837.7097;3002.0158;1858.779;3004.188;1852.0069;2998.1467;1855.6736;3002.0197;1852.7589;3002.0446;1854.5433;3002.3823;1851.9938;3000.2794;1852.6903;2998.6485;1855.604;3000.2793;1851.6363
5759960.0;3023.6712;1837.7805;3002.001;1858.8669;3004.1804;1852.0069;2998.1467;1855.6386;3001.9466;1852.726;3002.0564;1854.5085;3002.3558;1851.9766;3000.2793;1852.7178;2998.6485;1855.6388;3000.3097;1851.6363
5759980.0;3023.4702;1837.857;3001.984;1858.9429;3004.172;1852.0069;2998.1467;1855.6026;3001.8593;1852.6959;3002.0757;1854.4736;3002.3297;1851.9491;3000.2786;1852.735;2998.6485;1855.6736;3000.3392;1851.6361
5760000.0;3023.2524;1837.9434;3001.9682;1859.0088;3004.1586;1852.0069;2998.1467;1855.5714;3001.7569;1852.6625;3002.1016;1854.4459;3002.3092;1851.9142;3000.2763;1852.7438;2998.6485;1855.7012;3000.3657;1851.6352
5760020.0;3023.0064;1838.0393;3001.9582;1859.0595;3004.1379;1852.0069;2998.1467;1855.5449;3001.6425;1852.6159;3002.1309;1854.4276;3002.2964;1851.8794;3000.2706;1852.7482;2998.6485;1855.7184;3000.3873;1851.6322
5760040.0;3022.7205;1838.1435;3001.9584;1859.0786;3004.1119;1852.0069;2998.1467;1855.5174;3001.5238;1852.5419;3002.1612;1854.4158;3002.29;1851.8517;3000.2589;1852.7529;2998.6485;1855.7269;3000.4049;1851.6245
5760060.0;3022.3909;1838.2552;3001.97;1859.0474;3004.0852;1852.0069;2998.1467;1855.4838;3001.4092;1852.4312;3002.1915;1854.404;3002.2876;1851.8334;3000.2403;1852.7624;2998.6485;1855.7302;3000.4223;1851.609
5760080.0;3022.0334;1838.3718;3001.9892;1858.9645;3004.0625;1852.0069;2998.1467;1855.4445;3001.3014;1852.2892;3002.2209;1854.3857;3002.287;1851.8216;3000.2167;1852.7814;2998.6485;1855.7313;3000.4432;1851.5842
5760100.0;3021.6864;1838.4886;3002.0088;1858.8497;3004.0439;1852.0069;2998.1467;1855.4059;3001.1954;1852.1347;3002.2467;1854.358;3002.2876;1851.8098;3000.1931;1852.8117;2998.6485;1855.7315;3000.4674;1851.5529
5760120.0;3021.3945;1838.6023;3002.0234;1858.7315;3004.0257;1852.0069;2998.1467;1855.3756;3001.0853;1851.9879;3002.266;1854.3232;3002.29;1851.7913;3000.1744;1852.8502;2998.6485;1855.7315;3000.4912;1851.5215
5760140.0;3021.185;1838.7138;3002.0324;1858.6311;3004.0039;1852.0069;2998.1467;1855.3567;3000.972;1851.8624;3002.2778;1854.2883;3002.2964;1851.7627;3000.1628;1852.8895;2998.6485;1855.7315;3000.5098;1851.4968
5760160.0;3021.0598;1838.8252;3002.0391;1858.5541;3003.9774;1852.0069;2998.1467;1855.3476;3000.8633;1851.7649;3002.2836;1854.2608;3002.3092;1851.7248;3000.1569;1852.9232;2998.6484;1855.7315;3000.5215;1851.4813
5760180.0;3021.0048;1838.9385;3002.0484;1858.4949;3003.9479;1852.0069;2998.1467;1855.345;3000.7656;1851.6964;3002.2858;1854.2436;3002.3297;1851.6824;3000.154;1852.9506;2998.6477;1855.7315;3000.5274;1851.4736
5760200.0;3021.0038;1839.056;3002.0638;1858.4452;3003.9174;1852.0069;2998.1468;1855.3476;3000.6788;1851.6512;3002.2865;1854.2351;3002.3558;1851.6391;3000.151;1852.9772;2998.6454;1855.7313;3000.5303;1851.4706
5760220.0;3021.0456;1839.1788;3002.086;1858.4017;3003.8864;1852.0069;2998.1475;1855.3567;3000.597;1851.6185;3002.2867;1854.2317;3002.3823;1851.5961;3000.1451;1853.0084;2998.6397;1855.7302;3000.5332;1851.4697
5760240.0;3021.123;1839.3029;3002.111;1858.3655;3003.8548;1852.0067;2998.1498;1855.3756;3000.5118;1851.5889;3002.2865;1854.2305;3002.4049;1851.5529;3000.1335;1853.0444;2998.628;1855.7269;3000.5391;1851.4695
5760260.0;3021.2274;1839.4191;3002.1334;1858.3377;3003.8232;1852.0057;2998.1555;1855.4059;3000.4142;1851.5621;3002.2858;1854.2294;3002.4229;1851.5097;3000.1148;1853.0794;2998.6094;1855.7184;3000.5509;1851.4695
5760280.0;3021.3471;1839.5225;3002.1494;1858.3132;3003.7921;1852.0023;2998.1672;1855.4445;3000.2985;1851.5482;3002.2836;1854.2264;3002.4397;1851.4665;3000.0912;1853.1072;2998.5856;1855.7012;3000.5703;1851.4695
5760300.0;3021.4684;1839.6251;3002.1598;1858.284;3003.761;1851.9938;2998.1858;1855.4838;3000.1677;1851.5626;3002.2778;1854.2188;3002.459;1851.4221;3000.0676;1853.1254;2998.5614;1855.6736;3000.596;1851.4697
5760320.0;3021.5778;1839.7604;3002.168;1858.2442;3003.7294;1851.9766;2998.2094;1855.5174;3000.0354;1851.6175;3002.2662;1854.2031;3002.4808;1851.3759;3000.0489;1853.1372;2998.5405;1855.6388;3000.6246;1851.4706
5760340.0;3021.6643;1839.9654;3002.1758;1858.1936;3003.6978;1851.9491;2998.233;1855.5449;2999.9224;1851.7152;3002.2475;1854.1772;3002.5016;1851.3288;3000.0365;1853.1491;2998.5231;1855.604;3000.6527;1851.4736
5760360.0;3021.7202;1840.2469;3002.1819;1858.1362;3003.6666;1851.9142;2998.2518;1855.5714;2999.851;1851.8464;3002.2239;1854.1426;3002.5163;1851.2814;3000.0285;1853.1673;2998.5055;1855.5764;3000.6772;1851.4813
5760380.0;3021.7443;1840.56;3002.1815;1858.0779;3003.6355;1851.8794;2998.2641;1855.6026;2999.8384;1851.995;3002.2004;1854.1027;3002.5217;1851.2336;3000.0205;1853.1951;2998.4839;1855.5592;3000.6949;1851.497
5760400.0;3021.7422;1840.8285;3002.1704;1858.0252;3003.6038;1851.8519;2998.2722;1855.6386;2999.8883;1852.1462;3002.1818;1854.0607;3002.5163;1851.1868;3000.0081;1853.2299;2998.4574;1855.5507;3000.7021;1851.5228
5760420.0;3021.7222;1841.0004;3002.1483;1857.9843;3003.5716;1851.8346;2998.2802;1855.6736;2999.9848;1852.2925;3002.1709;1854.0177;3002.5016;1851.1452;2999.9893;1853.2647;2998.4279;1855.5474;3000.6979;1851.5574
5760440.0;3021.6895;1841.0849;3002.1194;1857.9579;3003.5386;1851.8261;2998.2925;1855.7012;3000.0978;1852.4332;3002.1672;1853.9752;3002.481;1851.1139;2999.9658;1853.2923;2998.3976;1855.5461;3000.6861;1851.5973
5760460.0;3021.6453;1841.1349;3002.0907;1857.9443;3003.5029;1851.8228;2998.3113;1855.7184;3000.1985;1852.5692;3002.17;1853.9374;3002.4599;1851.0947;2999.9422;1853.3095;2998.3673;1855.5448;3000.6732;1851.6393
5760480.0;3021.5896;1841.1989;3002.0697;1857.9393;3003.4629;1851.8218;2998.335;1855.7269;3000.273;1852.698;3002.1786;1853.9087;3002.443;1851.0852;2999.9235;1853.318;2998.338;1855.5412;3000.6638;1851.6824
5760500.0;3021.5232;1841.294;3002.0618;1857.9393;3003.4196;1851.8216;2998.3593;1855.7302;3000.3208;1852.8132;3002.1907;1853.8901;3002.4317;1851.0805;2999.9119;1853.3213;2998.3121;1855.5318;3000.6587;1851.725
5760520.0;3021.4498;1841.4129;3002.0686;1857.9439;3003.3764;1851.8216;2998.3802;1855.7315;3000.3447;1852.9071;3002.2004;1853.878;3002.424;1851.0761;2999.9061;1853.3223;2998.2928;1855.5129;3000.6566;1851.7639
5760540.0;3021.3757;1841.5441;3002.0873;1857.9553;3003.3364;1851.8216;2998.3976;1855.7327;3000.3457;1852.9722;3002.1995;1853.8653;3002.4157;1851.0673;2999.9039;1853.3225;2998.281;1855.4826;3000.6559;1851.7959
5760560.0;3021.3078;1841.681;3002.1113;1857.9741;3003.2987;1851.8216;2998.415;1855.736;3000.3266;1853.0049;3002.1828;1853.8453;3002.4024;1851.0501;2999.9032;1853.3225;2998.2752;1855.4442;3000.6558;1851.8229
5760580.0;3021.2492;1841.8184;3002.1331;1857.9951;3003.2597;1851.8216;2998.4359;1855.7445;3000.2971;1853.0089;3002.1515;1853.8148;3002.3825;1851.0225;2999.903;1853.3225;2998.273;1855.4059;3000.6559;1851.8525
5760600.0;3021.1969;1841.9501;3002.1483;1858.0061;3003.2162;1851.8216;2998.4602;1855.7617;3000.2722;1852.9954;3002.1128;1853.7765;3002.359;1850.9877;2999.9032;1853.3225;2998.2722;1855.3756;3000.6566;1851.8938
5760620.0;3021.1449;1842.0707;3002.1564;1857.9941;3003.1695;1851.8216;2998.4839;1855.7893;3000.264;1852.9774;3002.0741;1853.7382;3002.3394;1850.9529;2999.9039;1853.3225;2998.2713;1855.3567;3000.6588;1851.9519
5760640.0;3021.0887;1842.1783;3002.1598;1857.9557;3003.1246;1851.8216;2998.5027;1855.8241;3000.2773;1852.9638;3002.0385;1853.7081;3002.3319;1850.9252;2999.9061;1853.3225;2998.2692;1855.3473;3000.6646;1852.0257
5760660.0;3021.0277;1842.2754;3002.1609;1857.9003;3003.0874;1851.8216;2998.5151;1855.8589;3000.313;1852.9556;3002.0054;1853.6903;3002.3402;1850.907;2999.9119;1853.3225;2998.2641;1855.3437;3000.6764;1852.1088
5760680.0;3020.9636;1842.3665;3002.1612;1857.8441;3003.0602;1851.8216;2998.5232;1855.8865;3000.3732;1852.9495;3001.9732;1853.6846;3002.3618;1850.8953;2999.9234;1853.3225;2998.2547;1855.3426;3000.6957;1852.1919
5760700.0;3020.8979;1842.4548;3002.1613;1857.8001;3003.0403;1851.8216;2998.5319;1855.9037;3000.4621;1852.9381;3001.9414;1853.6903;3002.3905;1850.8833;2999.9414;1853.3225;2998.2418;1855.3423;3000.7216;1852.2657
5760720.0;3020.8316;1842.5423;3002.162;1857.7726;3003.022;1851.8216;2998.5465;1855.912;3000.585;1852.9102;3001.9106;1853.7081;3002.4208;1850.8635;2999.9627;1853.3225;2998.2299;1855.3421;3000.7509;1852.3237
5760740.0;3020.7652;1842.6295;3002.1643;1857.7588;3003.0002;1851.8216;2998.571;1855.9143;3000.7456;1852.8514;3001.8808;1853.7382;3002.451;1850.83;2999.9805;1853.3225;2998.225;1855.3411;3000.7814;1852.3646
5760760.0;3020.6988;1842.7167;3002.17;1857.7533;3002.9737;1851.8216;2998.6063;1855.912;3000.9417;1852.7498;3001.8537;1853.7767;3002.4809;1850.7812;2999.9875;1853.3225;2998.2299;1855.3378;3000.8124;1852.3934
5760780.0;3020.6324;1842.8039;3002.182;1857.7509;3002.9442;1851.8216;2998.6485;1855.9037;3001.1589;1852.6056;3001.8337;1853.8161;3002.5111;1850.7213;2999.9805;1853.3225;2998.2418;1855.3293;3000.8439;1852.4187
5760800.0;3020.5659;1842.8911;3002.2019;1857.7472;3002.9139;1851.8216;2998.6907;1855.8865;3001.3724;1852.4338;3001.826;1853.8497;3002.5425;1850.6581;2999.9627;1853.3225;2998.2547;1855.3121;3000.8755;1852.4481
5760820.0;3020.4995;1842.9783;3002.2292;1857.7365;3002.8836;1851.8216;2998.726;1855.8589;3001.5578;1852.2573;3001.8328;1853.8771;3002.5776;1850.5982;2999.9414;1853.3225;2998.2641;1855.2845;3000.9067;1852.4837
5760840.0;3020.4341;1843.0636;3002.2618;1857.7101;3002.8541;1851.8216;2998.7504;1855.8239;3001.7029;1852.0955;3001.8506;1853.9037;3002.6182;1850.5421;2999.9234;1853.3225;2998.2692;1855.2497;3000.9378;1852.5238
5760860.0;3020.372;1843.1434;3002.2978;1857.6581;3002.8276;1851.8216;2998.7643;1855.7881;3001.8102;1851.9571;3001.872;1853.9349;3002.6631;1850.485;2999.9119;1853.3225;2998.2713;1855.2149;3000.9694;1852.566
5760880.0;3020.3199;1843.2072;3002.3361;1857.5775;3002.806;1851.8216;2998.7708;1855.7572;3001.8893;1851.8409;3001.8901;1853.971;3002.7082;1850.4218;2999.9061;1853.3225;2998.272;1855.1871;3001.001;1852.6102
5760900.0;3020.2906;1843.2378;3002.3757;1857.4787;3002.7885;1851.8216;2998.7731;1855.7315;3001.9488;1851.7417;3001.9023;1854.007;3002.7493;1850.3531;2999.9039;1853.3225;2998.2722;1855.169;3001.032;1852.6563
5760920.0;3020.3007;1843.2174;3002.4167;1857.3843;3002.7709;1851.8216;2998.774;1855.7057;3001.9942;1851.6551;3001.9103;1854.0376;3002.7854;1850.2861;2999.903;1853.3225;2998.2723;1855.1575;3001.0624;1852.7035
5760940.0;3020.362;1843.1441;3002.4612;1857.3182;3002.7493;1851.8216;2998.7748;1855.6749;3002.0296;1851.5782;3001.9183;1854.0624;3002.818;1850.2293;2999.9022;1853.3225;2998.273;1855.1465;3001.0918;1852.7509
5760960.0;3020.4715;1843.0434;3002.5135;1857.2951;3002.7228;1851.8216;2998.777;1855.6388;3002.0575;1851.506;3001.9307;1854.0865;3002.8481;1850.1872;2999.9;1853.3225;2998.2752;1855.13;3001.1176;1852.7986
5760980.0;3020.6086;1842.9564;3002.5768;1857.316;3002.6933;1851.8216;2998.7828;1855.6026;3002.0779;1851.429;3001.9494;1854.1146;3002.8748;1850.1564;2999.8942;1853.3225;2998.281;1855.105;3001.1369;1852.8457
5761000.0;3020.7458;1842.9138;3002.6503;1857.3712;3002.6629;1851.8216;2998.7945;1855.5714;3002.0888;1851.3356;3001.973;1854.1469;3002.8962;1850.129;2999.8827;1853.3225;2998.2926;1855.0736;3001.1487;1852.8883
5761020.0;3020.8613;1842.9218;3002.7274;1857.4462;3002.632;1851.8216;2998.8131;1855.5449;3002.0885;1851.2198;3001.9966;1854.1785;3002.9131;1850.0986;2999.8647;1853.3225;2998.3113;1855.0423;3001.1545;1852.923
5761040.0;3020.9463;1842.9726;3002.7979;1857.527;3002.6006;1851.8216;2998.8368;1855.5174;3002.0764;1851.0873;3002.0154;1854.2033;3002.9284;1850.066;2999.8434;1853.3225;2998.3349;1855.0175;3001.1567;1852.9506
5761060.0;3020.9976;1843.0644;3002.8522;1857.602;3002.5696;1851.8216;2998.8611;1855.4838;3002.0538;1850.9517;3002.0277;1854.2188;3002.9442;1850.0394;2999.8256;1853.3225;2998.3585;1855.002;3001.1574;1852.9774
5761080.0;3021.0042;1843.2121;3002.8866;1857.6632;3002.5396;1851.8216;2998.882;1855.4442;3002.0252;1850.8232;3002.0358;1854.2266;3002.9592;1850.0291;2999.8186;1853.3225;2998.3771;1854.9943;3001.1576;1853.0096
5761100.0;3020.9428;1843.4421;3002.9041;1857.7064;3002.5103;1851.8216;2998.8994;1855.4047;3001.9986;1850.7019;3002.0438;1854.2306;3002.9707;1850.0394;2999.8256;1853.3225;2998.3888;1854.9914;3001.1577;1853.0489
5761120.0;3020.7955;1843.7687;3002.9112;1857.7321;3002.4808;1851.8214;2998.9168;1855.3711;3001.9824;1850.5804;3002.0561;1854.2349;3002.9799;1850.0657;2999.8434;1853.3225;2998.3945;1854.9904;3001.1584;1853.0925
5761140.0;3020.5745;1844.1722;3002.9134;1857.7445;3002.451;1851.8204;2998.9377;1855.3436;3001.9804;1850.4543;3002.0749;1854.2436;3002.9931;1850.0973;2999.8647;1853.3225;2998.3968;1854.9903;3001.1607;1853.1372
5761160.0;3020.3288;1844.5947;3002.9136;1857.7494;3002.4207;1851.817;2998.9621;1855.317;3001.9912;1850.328;3002.0985;1854.2608;3003.018;1850.1238;2999.8827;1853.3225;2998.3975;1854.99;3001.1664;1853.182
5761180.0;3020.1173;1844.9702;3002.9125;1857.7509;3002.3895;1851.8085;2998.9866;1855.2859;3002.0122;1850.2092;3002.1221;1854.2883;3003.0571;1850.1408;2999.8942;1853.3225;2998.3976;1854.989;3001.1782;1853.2253
5761200.0;3019.9747;1845.2622;3002.9089;1857.7513;3002.3584;1851.7913;2999.0074;1855.2499;3002.0434;1850.1009;3002.1408;1854.3232;3003.1072;1850.1493;2999.9;1853.3225;2998.3977;1854.9857;3001.1976;1853.2635
5761220.0;3019.9001;1845.476;3002.8996;1857.7513;3002.3305;1851.7638;2999.0249;1855.2149;3002.0879;1850.0003;3002.1532;1854.358;3003.1615;1850.1526;2999.9022;1853.3225;2998.3984;1854.9772;3001.2235;1853.292
5761240.0;3019.8734;1845.641;3002.8805;1857.7517;3002.3092;1851.7289;2999.0424;1855.1871;3002.1479;1849.9074;3002.1612;1854.3857;3003.2133;1850.1537;2999.9029;1853.3227;2998.4007;1854.96;3001.2536;1853.3095
5761260.0;3019.8751;1845.7875;3002.8479;1857.7529;3002.2955;1851.6941;2999.064;1855.169;3002.2204;1849.8321;3002.1692;1854.404;3003.2589;1850.1539;2999.903;1853.3236;2998.4064;1854.9324;3001.2864;1853.318
5761280.0;3019.894;1845.9318;3002.7997;1857.755;3002.287;1851.6664;2999.0905;1855.1575;3002.2973;1849.7885;3002.1816;1854.4158;3003.2987;1850.1539;2999.903;1853.3266;2998.4181;1854.8976;3001.3231;1853.3213
5761300.0;3019.9244;1846.0733;3002.7352;1857.7572;3002.2787;1851.6482;2999.12;1855.1465;3002.3703;1849.7801;3002.2004;1854.4276;3003.3372;1850.1539;2999.903;1853.3343;2998.4368;1854.8628;3001.3652;1853.3223
5761320.0;3019.9598;1846.1957;3002.6535;1857.7526;3002.2662;1851.6367;2999.1503;1855.13;3002.4342;1849.7955;3002.2239;1854.4459;3003.3795;1850.1541;2999.903;1853.35;2998.4605;1854.8352;3001.4116;1853.3225
5761340.0;3019.9924;1846.2731;3002.5553;1857.7267;3002.2467;1851.6258;2999.1806;1855.105;3002.4886;1849.8164;3002.2475;1854.4736;3003.4284;1850.1552;2999.903;1853.3758;2998.4847;1854.818;3001.4568;1853.3225
5761360.0;3020.0142;1846.2827;3002.446;1857.6638;3002.2209;1851.6092;2999.21;1855.0736;3002.536;1849.8288;3002.2662;1854.5085;3003.4834;1850.1589;2999.903;1853.4105;2998.5056;1854.8095;3001.4946;1853.3225
5761380.0;3020.021;1846.2167;3002.3358;1857.5615;3002.1915;1851.5842;2999.2358;1855.0423;3002.5797;1849.8287;3002.2778;1854.5433;3003.5421;1850.1682;2999.903;1853.4503;2998.5231;1854.8062;3001.5209;1853.3225
5761400.0;3020.0171;1846.0863;3002.2353;1857.4403;3002.1612;1851.5529;2999.2551;1855.0175;3002.6228;1849.8195;3002.2836;1854.5708;3003.601;1850.1874;2999.903;1853.4923;2998.5405;1854.8052;3001.5359;1853.3225
5761420.0;3020.013;1845.9156;3002.1492;1857.3315;3002.1309;1851.5215;2999.2669;1855.002;3002.6679;1849.8051;3002.2858;1854.5881;3003.6562;1850.2187;2999.903;1853.5354;2998.5614;1854.805;3001.543;1853.3225
5761440.0;3020.0202;1845.7283;3002.0756;1857.2555;3002.1014;1851.4968;2999.2727;1854.9943;3002.7177;1849.785;3002.2865;1854.5966;3003.7026;1850.2605;2999.903;1853.5781;2998.5856;1854.805;3001.5456;1853.3225
5761460.0;3020.0446;1845.5387;3002.0097;1857.2111;3002.0749;1851.4813;2999.2749;1854.9914;3002.7745;1849.7544;3002.2867;1854.5999;3003.7344;1850.3084;2999.903;1853.617;2998.6094;1854.805;3001.5463;1853.3223
5761480.0;3020.0851;1845.3519;3001.9447;1857.1828;3002.0533;1851.4736;2999.2756;1854.9904;3002.8373;1849.7093;3002.2867;1854.6009;3003.7479;1850.3594;2999.903;1853.6491;2998.628;1854.805;3001.5465;1853.3213
5761500.0;3020.1363;1845.1701;3001.8741;1857.1551;3002.0358;1851.4706;2999.2758;1854.9903;3002.9007;1849.6527;3002.2867;1854.6011;3003.7433;1850.4153;2999.903;1853.6759;2998.6397;1854.805;3001.5465;1853.3182
5761520.0;3020.1915;1844.9979;3001.7936;1857.1216;3002.0183;1851.4697;2999.2758;1854.9903;3002.9566;1849.5978;3002.2867;1854.6011;3003.7262;1850.4799;2999.903;1853.7036;2998.6454;1854.805;3001.5465;1853.3107
5761540.0;3020.2438;1844.8425;3001.7053;1857.0862;3001.9974;1851.4695;2999.2758;1854.9903;3002.9987;1849.561;3002.2867;1854.6011;3003.705;1850.5546;2999.903;1853.7382;2998.6477;1854.805;3001.5463;1853.2968
5761560.0;3020.2875;1844.7105;3001.6175;1857.0586;3001.973;1851.4693;2999.2759;1854.9903;3003.0271;1849.5531;3002.2867;1854.6011;3003.6869;1850.6369;2999.9029;1853.7809;2998.6485;1854.805;3001.5456;1853.2778
5761580.0;3020.3185;1844.6058;3001.5393;1857.0478;3001.9486;1851.4683;2999.2766;1854.9903;3003.0482;1849.5723;3002.2867;1854.6011;3003.6747;1850.7225;2999.9022;1853.8279;2998.6493;1854.805;3001.5431;1853.2602
5761600.0;3020.3363;1844.529;3001.4744;1857.0566;3001.9277;1851.465;2999.2789;1854.9903;3003.0683;1849.6032;3002.2867;1854.6011;3003.6666;1850.8074;2999.9;1853.8754;2998.6516;1854.8047;3001.5368;1853.2529
5761620.0;3020.3421;1844.4783;3001.4198;1857.0792;3001.9103;1851.4565;2999.2846;1854.9903;3003.087;1849.6228;3002.2867;1854.6011;3003.6586;1850.8879;2999.8942;1853.9219;2998.6573;1854.8036;3001.5239;1853.2602
5761640.0;3020.3374;1844.4493;3001.3674;1857.1026;3001.8927;1851.4392;2999.2964;1854.9903;3003.0932;1849.6071;3002.2865;1854.6011;3003.6463;1850.9607;2999.8825;1853.9661;2998.669;1854.8;3001.5034;1853.2778
5761660.0;3020.3222;1844.4354;3001.3086;1857.1124;3001.8711;1851.4117;2999.3158;1854.9903;3003.0728;1849.5418;3002.2858;1854.6011;3003.6275;1851.0239;2999.8639;1854.0046;2998.6877;1854.7906;3001.4773;1853.2966
5761680.0;3020.297;1844.43;3001.2393;1857.1021;3001.8446;1851.3769;2999.3416;1854.9903;3003.0213;1849.4328;3002.2836;1854.6011;3003.6039;1851.0791;2999.8403;1854.0332;2998.7112;1854.7716;3001.4507;1853.3095
5761700.0;3020.2635;1844.4284;3001.1604;1857.0772;3001.8152;1851.342;2999.3709;1854.9903;3002.9492;1849.3056;3002.2778;1854.6011;3003.5803;1851.1298;2999.8167;1854.0507;2998.7348;1854.7413;3001.428;1853.3137
5761720.0;3020.2251;1844.428;3001.0769;1857.0495;3001.7848;1851.3145;2999.4012;1854.9903;3002.8743;1849.1889;3002.2662;1854.6011;3003.5617;1851.1778;2999.7981;1854.0592;2998.7535;1854.703;3001.4094;1853.3083
5761740.0;3020.1841;1844.428;3000.9931;1857.0287;3001.7545;1851.2973;2999.4315;1854.9903;3002.8096;1849.0978;3002.2475;1854.6011;3003.55;1851.2206;2999.7864;1854.0625;2998.7651;1854.6647;3001.3914;1853.292
5761760.0;3020.1417;1844.428;3000.9123;1857.0171;3001.7251;1851.2887;2999.461;1854.9903;3002.7585;1849.028;3002.2239;1854.6011;3003.5444;1851.2552;2999.7807;1854.0635;2998.7709;1854.6344;3001.3702;1853.2647
5761780.0;3020.0974;1844.428;3000.8377;1857.0123;3001.6986;1851.2854;2999.4875;1854.9903;3002.72;1848.9662;3002.2004;1854.6011;3003.5428;1851.2829;2999.7784;1854.0637;2998.7731;1854.6155;3001.3458;1853.2299
5761800.0;3020.0497;1844.428;3000.7737;1857.0117;3001.6773;1851.2844;2999.5091;1854.9903;3002.6928;1848.903;3002.1817;1854.6013;3003.5444;1851.3095;2999.7777;1854.0637;2998.774;1854.6061;3001.3214;1853.1951
5761820.0;3019.9977;1844.428;3000.7239;1857.0146;3001.6603;1851.2842;2999.5267;1854.9903;3002.6762;1848.8389;3002.17;1854.6025;3003.55;1851.3407;2999.7776;1854.0637;2998.7748;1854.6025;3001.3003;1853.1675
5761840.0;3019.9417;1844.428;3000.69;1857.0233;3001.6439;1851.2842;2999.5442;1854.9903;3002.6681;1848.7813;3002.1643;1854.6061;3003.5617;1851.3766;2999.7776;1854.0637;2998.777;1854.6013;3001.2822;1853.1503
5761860.0;3019.884;1844.428;3000.6703;1857.0417;3001.6241;1851.2842;2999.5658;1854.9903;3002.6655;1848.7374;3002.162;1854.6155;3003.5803;1851.4117;2999.7776;1854.0637;2998.7828;1854.6011;3001.2625;1853.1418
5761880.0;3019.8277;1844.428;3000.6608;1857.0729;3001.5997;1851.2842;2999.5923;1854.9903;3002.6667;1848.7086;3002.1612;1854.6344;3003.6041;1851.4392;2999.7776;1854.0637;2998.7945;1854.6011;3001.2359;1853.1385
5761900.0;3019.7749;1844.428;3000.6571;1857.1171;3001.572;1851.2842;2999.6218;1854.9903;3002.6714;1848.6896;3002.1604;1854.6647;3003.6283;1851.4565;2999.7776;1854.0637;2998.8131;1854.6011;3001.1998;1853.1374
5761920.0;3019.725;1844.428;3000.6562;1857.1708;3001.5422;1851.2842;2999.6523;1854.9904;3002.6793;1848.6715;3002.1581;1854.703;3003.6492;1851.4651;2999.7776;1854.0637;2998.8368;1854.6009;3001.1567;1853.1372
5761940.0;3019.6756;1844.428;3000.6566;1857.2287;3001.5105;1851.2842;2999.6833;1854.9914;3002.6885;1848.647;3002.1524;1854.7413;3003.6666;1851.4694;2999.7776;1854.0637;2998.8611;1854.5999;3001.1123;1853.1372
5761960.0;3019.625;1844.4284;3000.6591;1857.2842;3001.4772;1851.2842;2999.7149;1854.9943;3002.6965;1848.6161;3002.1407;1854.7716;3003.6842;1851.4734;2999.7776;1854.0637;2998.882;1854.5966;3001.0713;1853.1372
5761980.0;3019.5737;1844.43;3000.6663;1857.3315;3001.4435;1851.2842;2999.7464;1855.002;3002.7017;1848.5887;3002.1221;1854.7906;3003.7058;1851.4813;2999.7776;1854.0637;2998.8994;1854.5881;3001.0352;1853.137
5762000.0;3019.524;1844.4351;3000.6827;1857.3667;3001.4105;1851.2842;2999.7776;1855.0175;3002.7054;1848.5774;3002.0985;1854.8;3003.7323;1851.4968;2999.7776;1854.0637;2998.9168;1854.5708;3001.0026;1853.136
5762020.0;3019.4772;1844.4471;3000.714;1857.3917;3001.3782;1851.2842;2999.8087;1855.0423;3002.7102;1848.5882;3002.0749;1854.8036;3003.7618;1851.5215;2999.7776;1854.0637;2998.9377;1854.5433;3000.9726;1853.1327
5762040.0;3019.4331;1844.4695;3000.7643;1857.4133;3001.3461;1851.284;2999.8403;1855.0736;3002.7197;1848.6144;3002.0562;1854.8047;3003.7921;1851.5531;2999.7776;1854.0637;2998.962;1854.5085;3000.9466;1853.1242
5762060.0;3019.3904;1844.5022;3000.8335;1857.4393;3001.3143;1851.2829;2999.8719;1855.105;3002.7363;1848.641;3002.0446;1854.805;3003.8224;1851.5855;2999.7776;1854.0637;2998.9857;1854.4736;3000.9272;1853.107
5762080.0;3019.3483;1844.5392;3000.9156;1857.4731;3001.283;1851.2792;2999.9029;1855.13;3002.7568;1848.6558;3002.0388;1854.805;3003.8519;1851.6136;2999.7775;1854.0637;2999.0045;1854.4461;3000.9147;1853.0794
5762100.0;3019.3065;1844.5718;3000.9998;1857.5103;3001.2519;1851.2698;2999.9334;1855.1465;3002.7719;1848.6545;3002.0366;1854.805;3003.8784;1851.6376;2999.7768;1854.0637;2999.0169;1854.4289;3000.9067;1853.0446
5762120.0;3019.2649;1844.5943;3001.0754;1857.543;3001.2203;1851.2509;2999.9628;1855.1575;3002.7702;1848.6406;3002.0359;1854.805;3003.9;1851.6625;2999.7745;1854.0637;2999.0249;1854.4204;3000.8987;1853.0098
5762140.0;3019.2242;1844.6063;3001.1361;1857.5654;3001.1887;1851.2206;2999.9893;1855.169;3002.7475;1848.6163;3002.0358;1854.805;3003.9176;1851.693;2999.7688;1854.0637;2999.0329;1854.417;3000.8863;1852.9822
5762160.0;3019.1858;1844.6113;3001.1806;1857.5774;3001.1577;1851.1823;3000.0109;1855.1871;3002.7105;1848.5785;3002.0358;1854.805;3003.935;1851.7287;2999.7571;1854.0637;2999.0452;1854.416;3000.8675;1852.965
5762180.0;3019.1524;1844.6129;3001.209;1857.5825;3001.1273;1851.144;3000.0285;1855.2149;3002.6721;1848.5216;3002.0358;1854.805;3003.9559;1851.7638;2999.7384;1854.0637;2999.064;1854.4158;3000.8438;1852.9565
5762200.0;3019.1269;1844.6129;3001.223;1857.5841;3001.0978;1851.1137;3000.0459;1855.2497;3002.6414;1848.4491;3002.0358;1854.8047;3003.9801;1851.7913;2999.715;1854.0637;2999.0877;1854.4158;3000.8195;1852.9531
5762220.0;3019.1106;1844.6113;3001.2276;1857.5845;3001.0713;1851.0947;3000.0668;1855.2845;3002.6187;1848.3755;3002.0358;1854.8036;3004.0039;1851.8085;2999.6921;1854.0637;2999.112;1854.4158;3000.7986;1852.9521
5762240.0;3019.1022;1844.6063;3001.2311;1857.5845;3001.0497;1851.0854;3000.0912;1855.3123;3002.5987;1848.315;3002.0358;1854.8;3004.0225;1851.817;2999.6757;1854.0639;2999.1329;1854.4158;3000.7812;1852.9519
5762260.0;3019.0988;1844.5943;3001.2397;1857.5841;3001.0321;1851.0817;3000.1156;1855.3306;3002.5772;1848.2692;3002.0358;1854.7906;3004.0342;1851.8204;2999.6698;1854.0648;2999.1503;1854.4158;3000.7638;1852.9519
5762280.0;3019.0977;1844.5718;3001.2542;1857.5819;3001.0147;1851.0806;3000.1365;1855.3428;3002.5527;1848.2305;3002.0356;1854.7716;3004.0399;1851.8214;2999.6758;1854.0678;2999.1677;1854.4156;3000.7429;1852.9519
5762300.0;3019.0977;1844.5392;3001.2721;1857.5754;3000.9938;1851.0804;3000.154;1855.3555;3002.5239;1848.1917;3002.0349;1854.7413;3004.0422;1851.8216;2999.6929;1854.0755;2999.1886;1854.4146;3000.7185;1852.9517
5762320.0;3019.1038;1844.5059;3001.2936;1857.5593;3000.9695;1851.0802;3000.1715;1855.3754;3002.4874;1848.1513;3002.0327;1854.703;3004.043;1851.8216;2999.7181;1854.091;2999.2129;1854.4113;3000.6941;1852.9506
5762340.0;3019.127;1844.4874;3001.3231;1857.5287;3000.9458;1851.0791;3000.1931;1855.4059;3002.4438;1848.1089;3002.0269;1854.6647;3004.0439;1851.8216;2999.7473;1854.1158;2999.2366;1854.4028;3000.6732;1852.9469
5762360.0;3019.1961;1844.5087;3001.3644;1857.484;3000.927;1851.0758;3000.2196;1855.4442;3002.4015;1848.0646;3002.0153;1854.6344;3004.0464;1851.8216;2999.7776;1854.1471;2999.2554;1854.3855;3000.6558;1852.9376
5762380.0;3019.358;1844.6011;3001.4146;1857.4356;3000.9147;1851.0673;3000.2491;1855.4826;3002.3738;1848.0197;3001.9966;1854.6155;3004.0527;1851.8216;2999.8079;1854.1785;2999.2678;1854.358;3000.6383;1852.9186
5762400.0;3019.6547;1844.7903;3001.4645;1857.3984;3000.9067;1851.0501;3000.2794;1855.5129;3002.3677;1847.9786;3001.973;1854.6061;3004.0656;1851.8216;2999.8374;1854.2033;2999.2758;1854.3232;3000.6174;1852.8883
5762420.0;3020.0816;1845.0711;3001.5052;1857.3808;3000.8987;1851.0225;3000.3097;1855.5318;3002.3787;1847.945;3001.9494;1854.6025;3004.0861;1851.8216;2999.8639;1854.2188;2999.2838;1854.2883;3000.5933;1852.85
5762440.0;3020.5655;1845.3925;3001.5353;1857.3787;3000.8863;1850.9877;3000.3392;1855.5412;3002.395;1847.9211;3001.9308;1854.6011;3004.112;1851.8216;2999.8855;1854.2264;2999.2961;1854.2608;3000.5703;1852.8117
5762460.0;3021.0034;1845.6815;3001.5628;1857.38;3000.8675;1850.9529;3000.3657;1855.5448;3002.4055;1847.9063;3001.9191;1854.5999;3004.1379;1851.8216;2999.903;1854.2294;2999.3149;1854.2436;3000.5539;1852.7814
5762480.0;3021.3332;1845.8879;3001.602;1857.373;3000.8439;1850.9253;3000.3873;1855.5459;3002.4036;1847.8952;3001.9132;1854.5966;3004.1585;1851.8216;2999.9205;1854.2303;2999.3386;1854.2351;3000.548;1852.7624
5762500.0;3021.5651;1846.0054;3001.6652;1857.3517;3000.8204;1850.9081;3000.4049;1855.5462;3002.3861;1847.8771;3001.9103;1854.5881;3004.1713;1851.8216;2999.9414;1854.2305;2999.3629;1854.2317;3000.5539;1852.7531
5762520.0;3021.7526;1846.0564;3001.7555;1857.3172;3000.8017;1850.8996;3000.4224;1855.5462;3002.3512;1847.8416;3001.9075;1854.5708;3004.1776;1851.8216;2999.9658;1854.2307;2999.3839;1854.2307;3000.5703;1852.7494
5762540.0;3021.9447;1846.0656;3001.8621;1857.2769;3000.7901;1850.8963;3000.444;1855.5462;3002.2995;1847.7865;3001.9023;1854.5433;3004.1801;1851.8216;2999.9902;1854.2317;2999.4021;1854.2305;3000.5933;1852.7483
5762560.0;3022.1638;1846.0483;3001.9649;1857.241;3000.7843;1850.8953;3000.4705;1855.5464;3002.2345;1847.7197;3001.8927;1854.5085;3004.1808;1851.8216;3000.0111;1854.2351;2999.4217;1854.2305;3000.6174;1852.7481
5762580.0;3022.4081;1846.0133;3002.044;1857.2163;3000.782;1850.8951;3000.5;1855.5474;3002.1624;1847.6528;3001.8792;1854.4736;3004.181;1851.8216;3000.0285;1854.2436;2999.4484;1854.2305;3000.6383;1852.7481
5762600.0;3022.6694;1845.9714;3002.0889;1857.2031;3000.7814;1850.8951;3000.5303;1855.5507;3002.0904;1847.5933;3001.8647;1854.4461;3004.181;1851.8214;3000.0461;1854.2608;2999.4845;1854.2303;3000.6558;1852.7481
5762620.0;3022.9398;1845.9305;3002.1014;1857.1976;3000.7812;1850.8951;3000.5606;1855.5592;3002.025;1847.5411;3001.8527;1854.4289;3004.181;1851.8204;3000.0676;1854.2883;2999.5275;1854.2294;3000.6733;1852.7481
5762640.0;3023.2167;1845.8938;3002.0918;1857.1958;3000.7812;1850.8951;3000.59;1855.5764;3001.9696;1847.4936;3001.8416;1854.4204;3004.181;1851.817;3000.0942;1854.3234;2999.572;1854.2264;3000.6949;1852.7481
5762660.0;3023.4968;1845.8586;3002.0732;1857.1954;3000.7812;1850.8951;3000.6158;1855.604;3001.924;1847.4507;3001.8231;1854.417;3004.181;1851.8085;3000.1236;1854.3592;2999.613;1854.2188;3000.7214;1852.7481
5762680.0;3023.7703;1845.822;3002.056;1857.1954;3000.7811;1850.8949;3000.6353;1855.6388;3001.8857;1847.4163;3001.7878;1854.416;3004.181;1851.7913;3000.154;1854.3901;2999.6492;1854.2034;3000.7509;1852.7481
5762700.0;3024.0251;1845.7882;3002.0444;1857.1951;3000.7804;1850.894;3000.6478;1855.6736;3001.8526;1847.3934;3001.7319;1854.4158;3004.181;1851.7638;3000.1843;1854.4158;2999.6825;1854.1796;3000.7814;1852.7481
5762720.0;3024.2544;1845.7671;3002.038;1857.1941;3000.7781;1850.891;3000.6558;1855.7012;3001.8254;1847.3814;3001.6607;1854.4158;3004.181;1851.7289;3000.2137;1854.4418;2999.7147;1854.1512;3000.8124;1852.7481
5762740.0;3024.4602;1845.7671;3002.0335;1857.1908;3000.7724;1850.8833;3000.6638;1855.7184;3001.8053;1847.3764;3001.5858;1854.4158;3004.181;1851.6941;3000.2403;1854.4738;2999.7464;1854.1275;3000.8441;1852.7481
5762760.0;3024.65;1845.7878;3002.0268;1857.1819;3000.7607;1850.8678;3000.6761;1855.7269;3001.7923;1847.3747;3001.5194;1854.4158;3004.181;1851.6666;3000.2618;1854.5133;2999.7776;1854.1181;3000.8764;1852.7481
5762780.0;3024.83;1845.8198;3002.0139;1857.163;3000.7421;1850.843;3000.6949;1855.7302;3001.7831;1847.3743;3001.4692;1854.4158;3004.181;1851.6493;3000.2794;1854.5576;2999.8087;1854.1264;3000.9097;1852.7481
5762800.0;3025.0023;1845.8508;3001.9916;1857.1305;3000.7185;1850.8117;3000.7185;1855.7313;3001.7724;1847.3741;3001.437;1854.4158;3004.181;1851.6408;3000.2968;1854.6041;2999.8403;1854.1471;3000.9466;1852.7481
5762820.0;3025.165;1845.8728;3001.9587;1857.0836;3000.6949;1850.7803;3000.7421;1855.7315;3001.7544;1847.3732;3001.4198;1854.4158;3004.181;1851.6375;3000.3177;1854.6517;2999.8719;1854.1678;3000.9899;1852.7481
5762840.0;3025.314;1845.8844;3001.9166;1857.0264;3000.6763;1850.7555;3000.7607;1855.7317;3001.7254;1847.37;3001.4121;1854.4158;3004.181;1851.6365;3000.3421;1854.6985;2999.9029;1854.1762;3001.0401;1852.7481
5762860.0;3025.445;1845.8878;3001.8674;1856.9658;3000.6646;1850.74;3000.7724;1855.7327;3001.6831;1847.3613;3001.4094;1854.4158;3004.181;1851.6363;3000.3665;1854.7401;2999.9334;1854.1667;3001.0949;1852.7481
5762880.0;3025.5571;1845.8844;3001.8145;1856.9105;3000.6588;1850.7324;3000.7781;1855.736;3001.626;1847.3425;3001.4086;1854.4158;3004.181;1851.6363;3000.3874;1854.7714;2999.9627;1854.143;3001.1496;1852.7481
5762900.0;3025.6525;1845.8728;3001.7615;1856.8663;3000.6566;1850.7294;3000.7804;1855.7445;3001.5548;1847.3092;3001.4085;1854.4158;3004.181;1851.6363;3000.4049;1854.7906;2999.9885;1854.1147;3001.1998;1852.7481
5762920.0;3025.7344;1845.8504;3001.7114;1856.8338;3000.6559;1850.7285;3000.7811;1855.7617;3001.476;1847.2604;3001.4085;1854.4158;3004.181;1851.6363;3000.4223;1854.8;3000.0079;1854.0908;3001.2431;1852.7481
5762940.0;3025.8049;1845.8177;3001.6656;1856.8103;3000.6558;1850.7283;3000.7812;1855.7893;3001.4019;1847.2004;3001.4085;1854.4158;3004.181;1851.6363;3000.4432;1854.8036;3000.0197;1854.0755;3001.28;1852.7481
5762960.0;3025.8663;1845.7807;3001.6232;1856.7925;3000.6558;1850.7283;3000.7814;1855.8241;3001.3448;1847.1371;3001.4085;1854.4158;3004.1811;1851.6363;3000.4676;1854.8047;3000.0256;1854.0678;3001.3134;1852.7481
5762980.0;3025.9207;1845.7477;3001.5825;1856.7792;3000.6558;1850.7283;3000.782;1855.8589;3001.3095;1847.0775;3001.4085;1854.4158;3004.1817;1851.6363;3000.492;1854.805;3000.0285;1854.0648;3001.3459;1852.7481
5763000.0;3025.9676;1845.7242;3001.542;1856.7688;3000.6559;1850.7283;3000.7843;1855.8865;3001.2923;1847.0233;3001.4085;1854.4158;3004.1838;1851.6363;3000.5129;1854.805;3000.0314;1854.0639;3001.3782;1852.7481
5763020.0;3026.0026;1845.7091;3001.5018;1856.758;3000.6566;1850.7283;3000.7901;1855.9037;3001.2855;1846.9726;3001.4085;1854.4158;3004.189;1851.6363;3000.5303;1854.805;3000.0373;1854.0637;3001.4105;1852.7483
5763040.0;3026.0217;1845.6978;3001.463;1856.7433;3000.6588;1850.7283;3000.8017;1855.9122;3001.2834;1846.9238;3001.4085;1854.4158;3004.1995;1851.6363;3000.5477;1854.8047;3000.049;1854.0637;3001.4435;1852.7494
5763060.0;3026.0273;1845.6868;3001.4261;1856.7241;3000.6646;1850.7283;3000.8204;1855.9155;3001.2829;1846.8787;3001.4085;1854.4158;3004.2162;1851.6363;3000.5686;1854.8036;3000.0676;1854.0637;3001.4772;1852.7531
5763080.0;3026.0298;1845.6768;3001.3887;1856.7031;3000.6763;1850.7283;3000.8439;1855.9167;3001.2822;1846.8389;3001.4085;1854.4158;3004.2375;1851.6363;3000.5929;1854.8;3000.0912;1854.0637;3001.5105;1852.7624
5763100.0;3026.0414;1845.6715;3001.3456;1856.6841;3000.6949;1850.7283;3000.8675;1855.9179;3001.2801;1846.8025;3001.4085;1854.4158;3004.2587;1851.6363;3000.6166;1854.7906;3000.1148;1854.0637;3001.5424;1852.7814
5763120.0;3026.0705;1845.6711;3001.2924;1856.6706;3000.7186;1850.7283;3000.8862;1855.9209;3001.275;1846.7656;3001.4085;1854.4156;3004.2756;1851.6363;3000.6354;1854.7716;3000.1335;1854.0637;3001.5728;1852.8117
5763140.0;3026.1196;1845.6703;3001.2284;1856.6629;3000.7429;1850.7283;3000.8978;1855.9285;3001.2657;1846.7273;3001.4085;1854.4146;3004.2868;1851.6363;3000.6478;1854.7413;3000.1451;1854.0637;3001.6026;1852.85
5763160.0;3026.1859;1845.6625;3001.1579;1856.6598;3000.7638;1850.7285;3000.9036;1855.944;3001.2535;1846.6924;3001.4085;1854.4113;3004.2942;1851.6363;3000.6558;1854.703;3000.1509;1854.0637;3001.6321;1852.8883
5763180.0;3026.2626;1845.6463;3001.0882;1856.6602;3000.7812;1850.7294;3000.9058;1855.9688;3001.2439;1846.6682;3001.4085;1854.4028;3004.302;1851.6363;3000.6638;1854.6647;3000.1531;1854.0637;3001.6614;1852.9188
5763200.0;3026.3387;1845.6285;3001.0271;1856.6643;3000.7988;1850.7324;3000.9065;1856.0002;3001.2447;1846.6606;3001.4085;1854.3855;3004.3143;1851.6363;3000.6761;1854.6344;3000.1538;1854.0637;3001.6914;1852.9388
5763220.0;3026.4022;1845.6155;3000.9805;1856.6751;3000.8204;1850.74;3000.9067;1856.0315;3001.2615;1846.6731;3001.4085;1854.358;3004.3331;1851.6363;3000.6949;1854.6155;3000.154;1854.0637;3001.7224;1852.9515
5763240.0;3026.4469;1845.6042;3000.9479;1856.6953;3000.8469;1850.7555;3000.9067;1856.0565;3001.2928;1846.7077;3001.4086;1854.3234;3004.3565;1851.6363;3000.7184;1854.6061;3000.154;1854.0637;3001.7538;1852.9636
5763260.0;3026.4747;1845.582;3000.9223;1856.7247;3000.8764;1850.7803;3000.9067;1856.073;3001.3323;1846.7638;3001.4094;1854.2896;3004.3794;1851.6363;3000.7412;1854.6025;3000.154;1854.0637;3001.7849;1852.982
5763280.0;3026.492;1845.5403;3000.8935;1856.758;3000.9067;1850.8119;3000.9067;1856.0838;3001.3743;1846.8372;3001.4119;1854.2653;3004.3958;1851.6365;3000.7576;1854.6013;3000.154;1854.0635;3001.816;1853.0098
5763300.0;3026.492;1845.4851;3000.8574;1856.7874;3000.937;1850.8442;3000.9067;1856.0943;3001.4194;1846.9207;3001.4182;1854.2566;3004.4017;1851.6375;3000.7635;1854.6011;3000.154;1854.0625;3001.8476;1853.0446
5763320.0;3026.4425;1845.4354;3000.8194;1856.8076;3000.9665;1850.8724;3000.9067;1856.1093;3001.4755;1847.0057;3001.431;1854.2653;3004.3958;1851.6408;3000.7576;1854.6011;3000.154;1854.0592;3001.8792;1853.0794
5763340.0;3026.2607;1845.4131;3000.7858;1856.8184;3000.993;1850.8964;3000.9067;1856.1295;3001.5514;1847.0861;3001.4515;1854.2896;3004.3794;1851.6493;3000.7412;1854.6011;3000.154;1854.0507;3001.9102;1853.1072
5763360.0;3025.7819;1845.4379;3000.7544;1856.8229;3001.0148;1850.9213;3000.9067;1856.1505;3001.6478;1847.162;3001.4775;1854.3234;3004.3565;1851.6668;3000.7184;1854.6011;3000.154;1854.0335;3001.9406;1853.1254
5763380.0;3024.7835;1845.5287;3000.7127;1856.8244;3001.0335;1850.9518;3000.9067;1856.1662;3001.7528;1847.2418;3001.5034;1854.358;3004.3331;1851.6953;3000.6949;1854.6011;3000.154;1854.0059;3001.9701;1853.1372
5763400.0;3023.1066;1845.7007;3000.6491;1856.8248;3001.0546;1850.9875;3000.9067;1856.1762;3001.8479;1847.3404;3001.5241;1854.3855;3004.3144;1851.7337;3000.6763;1854.6011;3000.1537;1853.9711;3001.9966;1853.1491
5763420.0;3020.7989;1845.9535;3000.5638;1856.8244;3001.0847;1851.0225;3000.9067;1856.1861;3001.9209;1847.4718;3001.5375;1854.4028;3004.3027;1851.7782;3000.6646;1854.6011;3000.1526;1853.9363;3002.0182;1853.1673
5763440.0;3018.1368;1846.2642;3000.4702;1856.8229;3001.1276;1851.0501;3000.9067;1856.2019;3001.9731;1847.6416;3001.5459;1854.4111;3004.2971;1851.8266;3000.6588;1854.6011;3000.1492;1853.9087;3002.0358;1853.1951
5763460.0;3015.473;1846.5935;3000.3847;1856.8184;3001.1818;1851.0673;3000.9067;1856.2228;3002.0147;1847.8436;3001.5535;1854.4134;3004.2956;1851.8807;3000.6566;1854.6011;3000.1408;1853.8915;3002.0533;1853.2301
5763480.0;3013.0615;1846.9021;3000.3147;1856.8076;3001.2422;1851.0758;3000.9065;1856.2429;3002.0539;1848.0645;3001.5648;1854.4111;3004.2971;1851.9432;3000.6558;1854.6011;3000.1245;1853.883;3002.0749;1853.2658
5763500.0;3011.0095;1847.163;3000.2541;1856.7874;3001.3028;1851.0791;3000.9058;1856.257;3002.0938;1848.2896;3001.5817;1854.4028;3004.3027;1852.0127;3000.6549;1854.6011;3000.0988;1853.8797;3002.1014;1853.2963
5763520.0;3009.3284;1847.3679;3000.189;1856.758;3001.3607;1851.0802;3000.9036;1856.2645;3002.1344;1848.5065;3001.6029;1854.3855;3004.3144;1852.0829;3000.6527;1854.6011;3000.065;1853.8786;3002.1309;1853.3212
5763540.0;3007.9822;1847.5243;3000.1092;1856.7243;3001.4166;1851.0804;3000.8978;1856.2676;3002.1773;1848.7055;3001.6242;1854.358;3004.3331;1852.1471;3000.6469;1854.6011;3000.0254;1853.8784;3002.1612;1853.3452
5763560.0;3006.91;1847.6478;3000.0139;1856.6928;3001.4718;1851.0804;3000.8862;1856.2686;3002.2248;1848.8793;3001.6411;1854.3232;3004.3566;1852.2033;3000.6353;1854.6011;2999.9824;1853.8784;3002.1915;1853.3733
5763580.0;3006.0366;1847.753;2999.9126;1856.6658;3001.5237;1851.0804;3000.8675;1856.2688;3002.2764;1849.0282;3001.6523;1854.2883;3004.3802;1852.2541;3000.6166;1854.6011;2999.9372;1853.8784;3002.221;1853.4057
5763600.0;3005.296;1847.8478;2999.8211;1856.6375;3001.5647;1851.0808;3000.8439;1856.2686;3002.3267;1849.1615;3001.6597;1854.2608;3004.3989;1852.3025;3000.593;1854.6011;2999.892;1853.8784;3002.2476;1853.4373
5763620.0;3004.6438;1847.9334;2999.7555;1856.5974;3001.5887;1851.0826;3000.8204;1856.2676;3002.3686;1849.2911;3001.6675;1854.2436;3004.4105;1852.3498;3000.5695;1854.6011;2999.8487;1853.8784;3002.2694;1853.4623
5763640.0;3004.0516;1848.007;2999.7247;1856.5381;3001.5977;1851.0881;3000.8017;1856.2643;3002.3973;1849.423;3001.6799;1854.2351;3004.4163;1852.3975;3000.5508;1854.6011;2999.8086;1853.8782;3002.2875;1853.4788
5763660.0;3003.5;1848.0661;2999.7246;1856.4632;3001.6009;1851.1013;3000.7901;1856.2558;3002.4136;1849.5547;3001.6994;1854.2317;3004.4185;1852.4494;3000.5391;1854.6011;2999.7714;1853.8771;3002.3061;1853.4898
5763680.0;3002.9785;1848.112;2999.7407;1856.3849;3001.6073;1851.126;3000.7843;1856.2386;3002.421;1849.6832;3001.7252;1854.2307;3004.4191;1852.5103;3000.5332;1854.6011;2999.7365;1853.8734;3002.3289;1853.5013
5763700.0;3002.4859;1848.1516;2999.7582;1856.3145;3001.6176;1851.1619;3000.782;1856.211;3002.4237;1849.8127;3001.7545;1854.2305;3004.4185;1852.5829;3000.5303;1854.6011;2999.7054;1853.8641;3002.3556;1853.5194
5763720.0;3002.033;1848.1944;2999.7697;1856.2554;3001.6253;1851.2026;3000.7814;1856.1762;3002.4248;1849.9578;3001.785;1854.2307;3004.4163;1852.6658;3000.5275;1854.6011;2999.6811;1853.8451;3002.3823;1853.5471
5763740.0;3001.6349;1848.2465;2999.775;1856.2043;3001.6232;1851.2386;3000.7812;1856.1414;3002.4262;1850.1359;3001.816;1854.2317;3004.4105;1852.7552;3000.5223;1854.6011;2999.665;1853.8148;3002.4049;1853.5822
5763760.0;3001.2982;1848.3064;2999.7762;1856.1592;3001.61;1851.2632;3000.7812;1856.114;3002.4304;1850.358;3001.8476;1854.2351;3004.3989;1852.8461;3000.5129;1854.6011;2999.6561;1853.7765;3002.4229;1853.6181
5763780.0;3001.0147;1848.3662;2999.7742;1856.1214;3001.5904;1851.2765;3000.7812;1856.0978;3002.4406;1850.6211;3001.8792;1854.2436;3004.3802;1852.9332;3000.5;1854.6011;2999.6504;1853.7382;3002.4397;1853.6493
5763800.0;3000.7665;1848.4166;2999.7674;1856.0909;3001.5715;1851.282;3000.7812;1856.0926;3002.4605;1850.908;3001.9102;1854.2608;3004.3566;1853.0113;3000.4881;1854.6013;2999.6433;1853.7079;3002.459;1853.6759
5763820.0;3000.5379;1848.452;2999.7526;1856.0629;3001.5581;1851.2838;3000.7812;1856.0978;3002.4902;1851.1934;3001.9406;1854.2883;3004.3331;1853.078;3000.4832;1854.6025;2999.6303;1853.6888;3002.4811;1853.7034
5763840.0;3000.321;1848.4733;2999.7269;1856.0311;3001.5508;1851.2842;3000.7812;1856.114;3002.5233;1851.4528;3001.9701;1854.3232;3004.3143;1853.1361;3000.4879;1854.6061;2999.6082;1853.6784;3002.5032;1853.737
5763860.0;3000.1151;1848.4864;2999.6913;1855.9915;3001.5477;1851.2842;3000.7812;1856.1414;3002.5495;1851.6701;3001.9966;1854.358;3004.302;1853.1924;3000.4992;1854.6155;2999.5762;1853.6714;3002.5222;1853.7763
5763880.0;2999.9207;1848.4993;2999.6523;1855.9427;3001.5467;1851.2842;3000.7814;1856.1762;3002.5613;1851.8413;3002.0182;1854.3855;3004.2942;1853.2524;3000.5098;1854.6344;2999.5362;1853.662;3002.5384;1853.8148
5763900.0;2999.7386;1848.5192;2999.6193;1855.8835;3001.5465;1851.2842;3000.782;1856.211;3002.5598;1851.9721;3002.0358;1854.4028;3004.2868;1853.3155;3000.5135;1854.6647;2999.4914;1853.6456;3002.5553;1853.8451
5763920.0;2999.5675;1848.5497;2999.5961;1855.8129;3001.5465;1851.2842;3000.7843;1856.2388;3002.5515;1852.0727;3002.0532;1854.4113;3004.2756;1853.3754;3000.507;1854.7032;2999.4442;1853.6211;3002.576;1853.8641
5763940.0;2999.4043;1848.588;2999.5769;1855.7356;3001.5465;1851.2842;3000.7901;1856.2571;3002.5419;1852.1539;3002.0741;1854.4146;3004.2587;1853.4242;3000.4912;1854.7426;2999.3946;1853.5938;3002.6002;1853.8734
5763960.0;2999.2449;1848.6264;2999.5511;1855.6625;3001.5465;1851.2842;3000.8017;1856.2693;3002.5315;1852.2267;3002.0983;1854.4156;3004.2375;1853.4575;3000.4704;1854.7762;2999.341;1853.5727;3002.6239;1853.8771
5763980.0;2999.086;1848.6567;2999.5139;1855.6047;3001.5465;1851.2842;3000.8204;1856.282;3002.5166;1852.3011;3002.1221;1854.4158;3004.2162;1853.4763;3000.452;1854.8036;2999.2821;1853.5633;3002.6427;1853.8784
5764000.0;2998.9265;1848.6756;2999.4703;1855.5645;3001.5465;1851.2842;3000.8439;1856.3019;3002.4928;1852.3818;3002.1407;1854.4158;3004.1995;1853.485;3000.4428;1854.8302;2999.2188;1853.5606;3002.655;1853.8797
5764020.0;2998.7665;1848.685;2999.4279;1855.5343;3001.5465;1851.2842;3000.8675;1856.3324;3002.4586;1852.4668;3002.1524;1854.4158;3004.189;1853.4882;3000.444;1854.8614;2999.1538;1853.5518;3002.663;1853.883
5764040.0;2998.6069;1848.6886;2999.3905;1855.503;3001.5465;1851.2842;3000.8862;1856.3708;3002.4168;1852.5493;3002.1581;1854.4158;3004.1838;1853.4891;3000.4503;1854.8972;2999.0892;1853.5257;3002.671;1853.8915
5764060.0;2998.4495;1848.6897;2999.3572;1855.465;3001.5463;1851.2844;3000.8978;1856.4091;3002.3738;1852.6211;3002.1604;1854.4158;3004.1817;1853.4893;3000.4537;1854.9312;2999.0254;1853.4822;3002.6834;1853.9085
5764080.0;2998.2963;1848.69;2999.3276;1855.4235;3001.5456;1851.2854;3000.9036;1856.4394;3002.336;1852.6765;3002.1611;1854.4158;3004.1811;1853.4893;3000.4504;1854.9554;2998.9621;1853.4317;3002.7022;1853.935
5764100.0;2998.1468;1848.69;2999.3039;1855.3864;3001.5431;1851.2889;3000.9058;1856.4583;3002.3058;1852.7131;3002.1612;1854.4158;3004.181;1853.4893;3000.4448;1854.9642;2998.8989;1853.3864;3002.7257;1853.9668
5764120.0;2997.9983;1848.6897;2999.2873;1855.3583;3001.5368;1851.2984;3000.9065;1856.4679;3002.2795;1852.7327;3002.1612;1854.4158;3004.181;1853.4893;3000.4459;1854.9552;2998.8351;1853.3541;3002.7493;1853.9941
5764140.0;2997.8495;1848.6886;2999.2755;1855.3377;3001.5238;1851.3186;3000.9067;1856.4726;3002.2489;1852.7385;3002.1612;1854.4158;3004.181;1853.4893;3000.4608;1854.9299;2998.7707;1853.3355;3002.768;1854.0077
5764160.0;2997.7046;1848.685;2999.2629;1855.3201;3001.5026;1851.3538;3000.9067;1856.477;3002.2079;1852.7316;3002.1612;1854.4156;3004.181;1853.4893;3000.4912;1854.8924;2998.7069;1853.3268;3002.7796;1854.0059
5764180.0;2997.574;1848.6756;2999.2432;1855.3027;3001.4744;1851.4045;3000.9067;1856.4857;3002.1566;1852.7092;3002.1612;1854.4146;3004.181;1853.4893;3000.532;1854.8484;2998.6471;1853.3236;3002.7854;1853.9968
5764200.0;2997.4687;1848.6567;2999.2124;1855.2844;3001.4427;1851.4662;3000.9067;1856.503;3002.1011;1852.6656;3002.1611;1854.4113;3004.181;1853.4893;3000.5758;1854.8019;2998.597;1853.3227;3002.7876;1853.9929
5764220.0;2997.3924;1848.6264;2999.1711;1855.2618;3001.4105;1851.5317;3000.9067;1856.5305;3002.0485;1852.5966;3002.1604;1854.4028;3004.181;1853.4893;3000.6166;1854.7544;2998.5608;1853.3225;3002.7883;1854.0012
5764240.0;2997.3392;1848.5878;2999.1234;1855.2286;3001.3791;1851.5973;3000.9068;1856.5653;3002.0024;1852.5034;3002.1581;1854.3855;3004.181;1853.4891;3000.6527;1854.7076;2998.5392;1853.3225;3002.7885;1854.019
5764260.0;2997.297;1848.5485;2999.0751;1855.1818;3001.3494;1851.665;3000.9075;1856.6002;3001.9634;1852.3934;3002.1524;1854.358;3004.181;1853.4882;3000.6852;1854.666;2998.5287;1853.3225;3002.7885;1854.038
5764280.0;2997.2572;1848.5149;2999.0296;1855.1268;3001.3248;1851.739;3000.9097;1856.6279;3001.9304;1852.2766;3002.1407;1854.3232;3004.181;1853.4852;3000.7154;1854.6346;2998.5246;1853.3225;3002.7885;1854.0519
5764300.0;2997.2221;1848.4874;2998.9887;1855.0744;3001.3101;1851.8173;3000.9155;1856.646;3001.8999;1852.1621;3002.1221;1854.2883;3004.181;1853.4776;3000.7421;1854.6155;2998.5235;1853.3225;3002.7885;1854.0594
5764320.0;2997.1995;1848.4609;2998.9533;1855.0342;3001.3104;1851.8901;3000.9272;1856.6575;3001.8671;1852.057;3002.0985;1854.2608;3004.181;1853.4621;3000.7637;1854.6059;2998.5239;1853.3225;3002.7885;1854.0625
5764340.0;2997.1948;1848.4297;2998.9241;1855.0094;3001.3292;1851.9464;3000.9458;1856.6685;3001.8285;1851.9677;3002.0749;1854.2436;3004.181;1853.4373;3000.7812;1854.6012;2998.5263;1853.3227;3002.7885;1854.0635
5764360.0;2997.2075;1848.3935;2998.8997;1854.997;3001.3661;1851.9821;3000.9694;1856.685;3001.7851;1851.8982;3002.0561;1854.2349;3004.181;1853.4059;3000.7986;1854.5968;2998.5327;1853.3236;3002.7885;1854.0637
5764380.0;2997.2328;1848.3576;2998.8761;1854.9917;3001.4149;1852.0028;3000.993;1856.71;3001.7422;1851.847;3002.0438;1854.2306;3004.181;1853.3746;3000.8195;1854.5881;2998.5466;1853.3266;3002.7885;1854.0637
5764400.0;2997.2647;1848.327;2998.8506;1854.9881;3001.4643;1852.0188;3001.0116;1856.7414;3001.7049;1851.8066;3002.0358;1854.2266;3004.1808;1853.3498;3000.8438;1854.5708;2998.571;1853.3343;3002.7885;1854.0637
5764420.0;2997.2942;1848.3019;2998.8244;1854.9814;3001.5034;1852.0398;3001.0233;1856.7727;3001.6733;1851.769;3002.0277;1854.2188;3004.1801;1853.3343;3000.8675;1854.5433;2998.6064;1853.3498;3002.7885;1854.0637
5764440.0;2997.3106;1848.2769;2998.8021;1854.9657;3001.5279;1852.0705;3001.0292;1856.7977;3001.6401;1851.7314;3002.0153;1854.2033;3004.1776;1853.3266;3000.8862;1854.5085;2998.6493;1853.3746;3002.7885;1854.0637
5764460.0;2997.3083;1848.2455;2998.7871;1854.9355;3001.54;1852.1088;3001.0321;1856.8142;3001.5916;1851.6988;3001.9958;1854.1785;3004.1713;1853.3236;3000.8978;1854.4736;2998.6938;1853.4059;3002.7885;1854.0637
5764480.0;2997.2906;1848.2046;2998.7798;1854.8914;3001.5447;1852.1471;3001.0351;1856.8252;3001.5148;1851.6796;3001.97;1854.1471;3004.1585;1853.3227;3000.9035;1854.4461;2998.7348;1853.4373;3002.7885;1854.0637
5764500.0;2997.2649;1848.1558;2998.7787;1854.8432;3001.5463;1852.1774;3001.041;1856.8367;3001.4043;1851.6796;3001.9406;1854.1158;3004.1379;1853.3225;3000.905;1854.4289;2998.7708;1853.4623;3002.7885;1854.0637
5764520.0;2997.2364;1848.1022;2998.7824;1854.8057;3001.5472;1852.1964;3001.0526;1856.8548;3001.2671;1851.6984;3001.9103;1854.091;3004.1119;1853.3223;3000.9035;1854.4202;2998.8026;1853.4788;3002.7885;1854.0637
5764540.0;2997.208;1848.0468;2998.7892;1854.7881;3001.5491;1852.2057;3001.0713;1856.8826;3001.1194;1851.7289;3001.88;1854.0755;3004.0852;1853.3213;3000.8978;1854.4158;2998.8304;1853.49;3002.7885;1854.0637
5764560.0;2997.1819;1847.9888;2998.7961;1854.7873;3001.5537;1852.2094;3001.0949;1856.9174;3000.9799;1851.7592;3001.8506;1854.0676;3004.0625;1853.318;3000.886;1854.4115;2998.8506;1853.5026;3002.7885;1854.0637
5764580.0;2997.1605;1847.9207;2998.7993;1854.7938;3001.5623;1852.2105;3001.1184;1856.9522;3000.863;1851.7772;3001.8248;1854.0636;3004.0439;1853.3095;3000.8667;1854.4028;2998.8581;1853.5244;3002.7885;1854.0637
5764600.0;2997.1431;1847.8313;2998.7974;1854.7999;3001.5745;1852.2107;3001.1372;1856.9802;3000.7753;1851.7742;3001.8055;1854.0592;3004.0259;1853.2923;3000.8409;1854.3857;2998.8506;1853.5615;3002.7885;1854.0637
5764620.0;2997.1256;1847.7159;2998.7945;1854.8027;3001.5873;1852.2107;3001.1496;1856.9996;3000.7158;1851.7475;3001.7937;1854.0493;3004.0048;1853.2647;3000.8115;1854.3592;2998.8305;1853.6155;3002.7885;1854.0637
5764640.0;2997.1059;1847.5833;2998.7972;1854.8023;3001.5969;1852.2107;3001.1576;1857.015;3000.677;1851.7005;3001.7879;1854.0285;3003.9804;1853.2299;3000.7811;1854.3275;2998.8034;1853.6816;3002.7885;1854.0637
5764660.0;2997.086;1847.4505;2998.8122;1854.7972;3001.6031;1852.2107;3001.1656;1857.0362;3000.6462;1851.6419;3001.7857;1853.9916;3003.9567;1853.1951;3000.7501;1854.3002;2998.774;1853.7508;3002.7885;1854.0637
5764680.0;2997.0761;1847.3282;2998.8415;1854.784;3001.6098;1852.2107;3001.1779;1857.0734;3000.6086;1851.5832;3001.785;1853.9376;3003.938;1853.1673;3000.7185;1854.2863;2998.7445;1853.8148;3002.7885;1854.0637
5764700.0;2997.0912;1847.2151;2998.8802;1854.7589;3001.6217;1852.2107;3001.1967;1857.1315;3000.5501;1851.5346;3001.7848;1853.8714;3003.9264;1853.1491;3000.6869;1854.2872;2998.7174;1853.8709;3002.7885;1854.0637
5764720.0;2997.1444;1847.1048;2998.9169;1854.7213;3001.6403;1852.2107;3001.2203;1857.2046;3000.4627;1851.5011;3001.7848;1853.8023;3003.9205;1853.1372;3000.6559;1854.2931;2998.6973;1853.9207;3002.7885;1854.0637
5764740.0;2997.2375;1846.9938;2998.9417;1854.6752;3001.6649;1852.2107;3001.2439;1857.2778;3000.3472;1851.4813;3001.7848;1853.7382;3003.9176;1853.1254;3000.6255;1854.2884;2998.6898;1853.9659;3002.7885;1854.0637
5764760.0;2997.3564;1846.8831;2998.9531;1854.6257;3001.6947;1852.2107;3001.2625;1857.3356;3000.2135;1851.4693;3001.7848;1853.6822;3003.9146;1853.1072;3000.596;1854.2613;2998.6973;1854.0046;3002.7885;1854.0637
5764780.0;2997.4779;1846.7763;2998.9613;1854.5732;3001.7297;1852.2107;3001.2742;1857.3718;3000.0757;1851.4576;3001.7848;1853.6324;3003.9087;1853.0794;3000.5695;1854.2102;2998.7174;1854.0332;3002.7885;1854.0637
5764800.0;2997.5822;1846.6765;2998.978;1854.5142;3001.7705;1852.2107;3001.28;1857.3899;2999.9466;1851.4398;3001.7848;1853.587;3003.8971;1853.0446;3000.5479;1854.1426;2998.7445;1854.0507;3002.7885;1854.0637
5764820.0;2997.6606;1846.5871;2999.0068;1854.4462;3001.8178;1852.2107;3001.2822;1857.3978;2999.8333;1851.4137;3001.7848;1853.5474;3003.8784;1853.0098;3000.5303;1854.0698;2998.7741;1854.0592;3002.7885;1854.0637
5764840.0;2997.7136;1846.5096;2999.0396;1854.3732;3001.8724;1852.2107;3001.2829;1857.4033;2999.7353;1851.3839;3001.7848;1853.5157;3003.8548;1852.9822;3000.5129;1854.0027;2998.8043;1854.0625;3002.7885;1854.0637
5764860.0;2997.747;1846.4433;2999.062;1854.3051;3001.9343;1852.2107;3001.283;1857.4122;2999.6465;1851.3611;3001.7848;1853.4906;3003.8312;1852.965;3000.492;1853.9492;2998.8336;1854.0635;3002.7885;1854.0637
5764880.0;2997.769;1846.3875;2999.0615;1854.2547;3002.0012;1852.2107;3001.283;1857.4295;2999.56;1851.3563;3001.785;1853.4666;3003.8125;1852.9565;3000.4677;1853.913;2998.8594;1854.0637;3002.7885;1854.0637
5764900.0;2997.7875;1846.3434;2999.037;1854.2303;3002.0697;1852.2107;3001.283;1857.457;2999.4745;1851.3732;3001.7857;1853.4385;3003.8001;1852.9531;3000.444;1853.8926;2998.8786;1854.0637;3002.7885;1854.0637
5764920.0;2997.8087;1846.3124;2998.9995;1854.231;3002.1357;1852.2107;3001.2829;1857.4918;2999.3951;1851.4062;3001.7879;1853.4061;3003.7921;1852.9521;3000.4254;1853.8832;2998.8898;1854.0637;3002.7885;1854.0637
5764940.0;2997.8329;1846.2943;2998.9671;1854.245;3002.1955;1852.2107;3001.2822;1857.5267;2999.3279;1851.4464;3001.7937;1853.3746;3003.7841;1852.9519;3000.4137;1853.8797;2998.8933;1854.0637;3002.7883;1854.0637
5764960.0;2997.8568;1846.2856;2998.953;1854.2571;3002.2475;1852.2107;3001.28;1857.5542;2999.2736;1851.488;3001.8053;1853.3498;3003.7716;1852.9519;3000.4079;1853.8786;2998.8898;1854.0637;3002.7876;1854.0637
5764980.0;2997.8761;1846.2823;2998.9592;1854.2591;3002.2933;1852.2107;3001.2742;1857.5714;2999.2271;1851.5292;3001.824;1853.3343;3003.7521;1852.9519;3000.4057;1853.8784;2998.8788;1854.0637;3002.7854;1854.0637
5765000.0;2997.89;1846.2816;2998.9774;1854.2531;3002.336;1852.2107;3001.2625;1857.58;2999.1828;1851.5673;3001.8476;1853.3266;3003.7263;1852.9517;3000.4051;1853.8784;2998.8603;1854.0637;3002.7796;1854.0637
5765020.0;2997.9013;1846.2831;2998.9976;1854.2472;3002.3777;1852.2107;3001.2439;1857.5833;2999.139;1851.5974;3001.8711;1853.3236;3003.697;1852.9506;3000.4057;1853.8784;2998.8367;1854.0637;3002.768;1854.0637
5765040.0;2997.9138;1846.2881;2999.0133;1854.2475;3002.4185;1852.2107;3001.2203;1857.5843;2999.0974;1851.615;3001.8898;1853.3225;3003.6666;1852.9469;3000.4079;1853.8784;2998.8131;1854.0637;3002.7493;1854.0637
5765060.0;2997.9289;1846.3005;2999.0249;1854.2546;3002.4566;1852.2107;3001.1967;1857.5845;2999.06;1851.6182;3001.9015;1853.3213;3003.6363;1852.9376;3000.4137;1853.8784;2998.7945;1854.0635;3002.7257;1854.0637
5765080.0;2997.9422;1846.3248;2999.0364;1854.2636;3002.4908;1852.2107;3001.1781;1857.5845;2999.026;1851.6068;3001.9072;1853.318;3003.6069;1852.9186;3000.4252;1853.8784;2998.7828;1854.0625;3002.7022;1854.0637
5765100.0;2997.9461;1846.364;2999.0527;1854.2675;3002.5203;1852.2107;3001.1664;1857.5845;2998.9932;1851.5813;3001.9095;1853.3095;3003.5803;1852.8883;3000.4432;1853.8784;2998.777;1854.0592;3002.6835;1854.0637
5765120.0;2997.9367;1846.4186;2999.0751;1854.2636;3002.5456;1852.2107;3001.1605;1857.5843;2998.9589;1851.5432;3001.9102;1853.2923;3003.5588;1852.85;3000.4645;1853.8784;2998.7748;1854.0507;3002.6719;1854.0637
5765140.0;2997.9198;1846.4894;2999.0998;1854.2546;3002.5683;1852.2107;3001.1576;1857.5833;2998.9209;1851.4929;3001.9103;1853.2647;3003.5412;1852.8117;3000.4823;1853.8784;2998.7741;1854.0335;3002.6661;1854.0637
5765160.0;2997.9088;1846.5785;2999.1211;1854.2475;3002.5895;1852.2107;3001.1546;1857.58;2998.876;1851.4284;3001.9103;1853.2299;3003.5236;1852.7812;3000.4893;1853.8784;2998.774;1854.0059;3002.6638;1854.0637
5765180.0;2997.9147;1846.6862;2999.134;1854.2475;3002.6096;1852.2103;3001.1487;1857.5714;2998.8211;1851.3457;3001.9103;1853.1951;3003.5021;1852.7612;3000.4823;1853.8784;2998.774;1853.9709;3002.663;1854.0637
5765200.0;2997.9388;1846.8055;2999.1374;1854.2546;3002.628;1852.2085;3001.1369;1857.5542;2998.7564;1851.2445;3001.9103;1853.1673;3003.4758;1852.7485;3000.4645;1853.8784;2998.774;1853.9349;3002.6622;1854.0637
5765220.0;2997.9746;1846.9231;2999.1338;1854.2636;3002.6431;1852.203;3001.1176;1857.5267;2998.6877;1851.1321;3001.9103;1853.1491;3003.4469;1852.7364;3000.4432;1853.8784;2998.774;1853.9037;3002.6599;1854.0637
5765240.0;2998.0161;1847.0253;2999.1277;1854.2675;3002.6536;1852.1898;3001.0918;1857.4916;2998.6238;1851.0197;3001.9102;1853.1372;3003.4178;1852.718;3000.4251;1853.8784;2998.774;1853.8771;3002.6542;1854.0637
5765260.0;2998.0624;1847.1039;2999.1236;1854.2632;3002.6602;1852.1651;3001.0624;1857.4557;2998.571;1850.9152;3001.9095;1853.1254;3003.3893;1852.6903;3000.4129;1853.8784;2998.7741;1853.8499;3002.6425;1854.0637
5765280.0;2998.1156;1847.1581;2999.1223;1854.253;3002.6653;1852.1291;3001.0321;1857.4247;2998.5291;1850.8212;3001.9072;1853.1072;3003.3622;1852.6554;3000.4049;1853.8782;2998.7748;1853.8174;3002.6239;1854.0637
5765300.0;2998.1755;1847.1947;2999.1188;1854.2425;3002.673;1852.0884;3001.0018;1857.3992;2998.4936;1850.7381;3001.9015;1853.0794;3003.338;1852.6206;3000.3969;1853.8771;2998.777;1853.7815;3002.6003;1854.0637
5765320.0;2998.2354;1847.2267;2999.106;1854.2355;3002.6883;1852.0525;3000.9725;1857.3754;2998.4606;1850.6677;3001.8898;1853.0446;3003.318;1852.5931;3000.3845;1853.8737;2998.7828;1853.7512;3002.5767;1854.0637
5765340.0;2998.2842;1847.2709;2999.0815;1854.2321;3002.7152;1852.0276;3000.9466;1857.3512;2998.4287;1850.6126;3001.8711;1853.0098;3003.3011;1852.5758;3000.3657;1853.8654;2998.7945;1853.7362;3002.5581;1854.0637
5765360.0;2998.3096;1847.3417;2999.0519;1854.2309;3002.7547;1852.0134;3000.9273;1857.3308;2998.3979;1850.5728;3001.8476;1852.9822;3003.283;1852.5673;3000.342;1853.8501;2998.8131;1853.7382;3002.5464;1854.0637
5765380.0;2998.3039;1847.4452;2999.0274;1854.2305;3002.8029;1852.0046;3000.9155;1857.3226;2998.3681;1850.5427;3001.824;1852.965;3003.2605;1852.564;3000.3177;1853.8292;2998.8368;1853.7482;3002.5405;1854.0637
5765400.0;2998.2612;1847.578;2999.0146;1854.2309;3002.854;1851.9939;3000.9097;1857.3306;2998.3407;1850.5124;3001.8052;1852.9562;3003.234;1852.563;3000.2968;1853.8098;2998.8611;1853.7526;3002.5376;1854.0637
5765420.0;2998.1739;1847.7345;2999.0108;1854.2326;3002.9053;1851.975;3000.9075;1857.3499;2998.3193;1850.472;3001.7929;1852.9518;3003.2079;1852.5628;3000.2794;1853.8018;2998.882;1853.7437;3002.5349;1854.0637
5765440.0;2998.0336;1847.9133;2999.0086;1854.2376;3002.9608;1851.9441;3000.9068;1857.3709;2998.3071;1850.4172;3001.7848;1852.9471;3003.1872;1852.5626;3000.2618;1853.8096;2998.8994;1853.7252;3002.5296;1854.0637
5765460.0;2997.8418;1848.1177;2999.0018;1854.2492;3003.0289;1851.9022;3000.9067;1857.3862;2998.3027;1850.3524;3001.7768;1852.9376;3003.1737;1852.5617;3000.2403;1853.8278;2998.9168;1853.7079;3002.5191;1854.0637
5765480.0;2997.6194;1848.3462;2998.9888;1854.2704;3003.1149;1851.857;3000.9067;1857.3944;2998.2983;1850.2883;3001.7645;1852.9186;3003.1651;1852.5587;3000.2136;1853.8451;2998.9377;1853.702;3002.5023;1854.0637
5765500.0;2997.3988;1848.5886;2998.9714;1854.2992;3003.2138;1851.8192;3000.9067;1857.3978;2998.2858;1850.2383;3001.7457;1852.8883;3003.1569;1852.551;3000.1834;1853.8511;2998.9621;1853.7127;3002.4811;1854.0637
5765520.0;2997.2042;1848.8324;2998.9523;1854.3276;3003.3095;1851.7972;3000.9067;1857.399;2998.2647;1850.2127;3001.7221;1852.85;3003.1445;1852.5355;3000.1509;1853.8406;2998.9866;1853.7396;3002.4599;1854.0637
5765540.0;2997.0406;1849.0724;2998.9333;1854.3448;3003.3844;1851.7914;3000.9067;1857.3992;2998.2443;1850.2151;3001.6985;1852.8117;3003.1257;1852.5107;3000.1148;1853.8148;2999.0074;1853.7767;3002.4431;1854.0637
5765560.0;2996.8991;1849.311;2998.916;1854.3447;3003.4319;1851.7933;3000.9067;1857.3992;2998.2348;1850.2406;3001.6798;1852.7812;3003.102;1852.4794;3000.0738;1853.7813;2999.0249;1853.8148;3002.4326;1854.0637
5765580.0;2996.7689;1849.5509;2998.9008;1854.3284;3003.4593;1851.7907;3000.9067;1857.3992;2998.2388;1850.2775;3001.6675;1852.7612;3003.0777;1852.4481;3000.0293;1853.7526;2999.0423;1853.8451;3002.4274;1854.0637
5765600.0;2996.6443;1849.7906;2998.8876;1854.3006;3003.48;1851.7751;3000.9067;1857.399;2998.2501;1850.3123;3001.6597;1852.7485;3003.0568;1852.4233;2999.9864;1853.7412;2999.0632;1853.8641;3002.4254;1854.0637
5765620.0;2996.5249;1850.0236;2998.877;1854.2647;3003.5027;1851.7458;3000.9067;1857.3978;2998.2612;1850.3371;3001.6523;1852.7364;3003.0394;1852.4078;2999.951;1853.7526;2999.0876;1853.8734;3002.4248;1854.0637
5765640.0;2996.4125;1850.2404;2998.8699;1854.2227;3003.5289;1851.71;3000.9065;1857.3942;2998.2693;1850.352;3001.6411;1852.718;3003.022;1852.4001;2999.9263;1853.7813;2999.112;1853.8771;3002.4247;1854.0637
5765660.0;2996.3102;1850.4328;2998.8644;1854.1778;3003.558;1851.6778;3000.9058;1857.3848;2998.2772;1850.3629;3001.6242;1852.6903;3003.0011;1852.3971;2999.9111;1853.8148;2999.1329;1853.878;3002.4247;1854.0639
5765680.0;2996.2201;1850.5979;2998.8561;1854.1359;3003.5898;1851.6553;3000.9036;1857.3659;2998.2915;1850.3787;3001.6029;1852.6553;3002.9768;1852.3962;2999.8998;1853.84;2999.1503;1853.8771;3002.4247;1854.0648
5765700.0;2996.1429;1850.7415;2998.8411;1854.1027;3003.6239;1851.6433;3000.8978;1857.3356;2998.3212;1850.4087;3001.5817;1852.6195;3002.9531;1852.396;2999.8845;1853.8474;2999.1677;1853.8734;3002.4245;1854.0678
5765720.0;2996.0781;1850.8742;2998.8211;1854.0813;3003.659;1851.6383;3000.8862;1857.2973;2998.3762;1850.461;3001.5649;1852.589;3002.9344;1852.396;2999.8558;1853.8313;2999.1886;1853.8641;3002.4237;1854.0755
5765740.0;2996.0237;1851.0067;2998.8023;1854.0701;3003.6944;1851.6365;3000.8675;1857.259;2998.4646;1850.5423;3001.5544;1852.5641;3002.9228;1852.396;2999.8054;1853.7875;2999.2129;1853.8451;3002.4213;1854.091
5765760.0;2995.977;1851.1452;2998.7914;1854.0656;3003.7302;1851.6352;3000.8439;1857.2285;2998.5915;1850.6582;3001.5491;1852.5401;3002.917;1852.396;2999.7304;1853.7142;2999.2366;1853.8148;3002.4149;1854.1158
5765780.0;2995.9355;1851.2898;2998.7916;1854.0637;3003.7675;1851.6322;3000.8204;1857.2085;2998.7587;1850.8138;3001.5463;1852.512;3002.9148;1852.396;2999.6345;1853.6153;2999.2553;1853.7765;3002.402;1854.1471
5765800.0;2995.8977;1851.4341;2998.8034;1854.0617;3003.8083;1851.6245;3000.8017;1857.1958;2998.9656;1851.0121;3001.5432;1852.4794;3002.9139;1852.396;2999.5265;1853.5016;2999.2669;1853.7382;3002.3808;1854.1785
5765820.0;2995.8626;1851.5695;2998.8244;1854.0567;3003.854;1851.609;3000.7901;1857.1837;2999.2073;1851.2501;3001.5368;1852.4468;3002.9131;1852.396;2999.4181;1853.3889;2999.2727;1853.7079;3002.3526;1854.2033
5765840.0;2995.8306;1851.6916;2998.8492;1854.0447;3003.9034;1851.5842;3000.7843;1857.1653;2999.4717;1851.5146;3001.5239;1852.4187;3002.9109;1852.396;2999.3198;1853.2924;2999.2749;1853.689;3002.3209;1854.2188
5765860.0;2995.8036;1851.8045;2998.8713;1854.0222;3003.9517;1851.5529;3000.782;1857.1375;2999.7358;1851.782;3001.5034;1852.3947;3002.9051;1852.396;2999.2391;1853.2212;2999.2756;1853.6796;3002.2886;1854.2264
5765880.0;2995.7839;1851.9176;2998.8865;1853.9891;3003.9923;1851.5215;3000.7812;1857.1027;2999.9682;1852.0248;3001.4775;1852.3698;3002.8934;1852.396;2999.1772;1853.1764;2999.2758;1853.676;3002.2564;1854.2294
5765900.0;2995.7719;1852.0377;2998.8946;1853.9503;3004.023;1851.4968;3000.7804;1857.0679;3000.1405;1852.2218;3001.4515;1852.3393;3002.8748;1852.396;2999.1305;1853.1526;2999.2759;1853.6748;3002.2242;1854.2303
5765920.0;2995.7662;1852.1652;2998.898;1853.9122;3004.047;1851.4813;3000.7781;1857.0401;3000.2424;1852.3665;3001.431;1852.3036;3002.8511;1852.396;2999.094;1853.142;2999.2766;1853.6746;3002.1924;1854.2305
5765940.0;2995.7639;1852.2965;2998.8991;1853.8765;3004.0706;1851.4736;3000.7724;1857.0219;3000.2862;1852.467;3001.4182;1852.2685;3002.8268;1852.396;2999.0657;1853.1372;2999.2789;1853.6746;3002.1614;1854.2305
5765960.0;2995.7632;1852.4282;2998.8994;1853.8398;3004.0975;1851.4706;3000.7607;1857.0101;3000.2978;1852.5397;3001.4119;1852.2408;3002.8059;1852.3962;2999.0456;1853.1331;2999.2846;1853.6746;3002.1309;1854.2305
5765980.0;2995.7631;1852.5594;2998.8994;1853.7985;3004.1264;1851.4697;3000.7421;1856.9982;3000.3011;1852.6034;3001.4094;1852.2224;3002.7885;1852.3971;2999.0337;1853.1254;2999.2963;1853.6746;3002.1014;1854.2305
5766000.0;2995.7631;1852.6903;2998.8994;1853.7545;3004.1529;1851.4695;3000.7185;1856.9798;3000.309;1852.6703;3001.4086;1852.2103;3002.771;1852.4001;2999.0279;1853.1115;2999.3149;1853.6746;3002.0749;1854.2305
5766020.0;2995.7631;1852.8217;2998.8991;1853.7132;3004.1749;1851.4695;3000.6949;1856.9511;3000.3214;1852.7405;3001.4085;1852.1976;3002.7502;1852.4078;2999.0257;1853.0925;2999.3385;1853.6746;3002.0533;1854.2305
5766040.0;2995.7631;1852.9527;2998.898;1853.6765;3004.195;1851.4695;3000.6761;1856.9133;3000.3291;1852.8038;3001.4085;1852.1776;3002.7259;1852.4235;2999.025;1853.0749;2999.3621;1853.6746;3002.0358;1854.2305
5766060.0;2995.7631;1853.0804;2998.8949;1853.6409;3004.2178;1851.4695;3000.6638;1856.8708;3000.3203;1852.8513;3001.4085;1852.1471;3002.7022;1852.4493;2999.0249;1853.0676;2999.3807;1853.6746;3002.0183;1854.2305
5766080.0;2995.7631;1853.202;2998.8879;1853.6027;3004.246;1851.4695;3000.6558;1856.8278;3000.2902;1852.8832;3001.4085;1852.1088;3002.6837;1852.4839;2999.0247;1853.0746;2999.3924;1853.6746;3001.9974;1854.2305
5766100.0;2995.7634;1853.3187;2998.8761;1853.5635;3004.2792;1851.4695;3000.6478;1856.7858;3000.2448;1852.9062;3001.4085;1852.0705;3002.6727;1852.5238;2999.024;1853.0912;2999.3982;1853.6746;3001.973;1854.2305
5766120.0;2995.7645;1853.4381;2998.8624;1853.529;3004.3146;1851.4695;3000.6354;1856.7459;3000.1959;1852.9246;3001.4083;1852.04;3002.6692;1852.5658;2999.0218;1853.107;2999.4004;1853.6746;3001.9486;1854.2305
5766140.0;2995.7679;1853.5694;2998.8536;1853.5016;3004.3488;1851.4695;3000.6166;1856.7112;3000.1512;1852.938;3001.4077;1852.02;3002.6727;1852.6089;2999.016;1853.1124;2999.4011;1853.6748;3001.9277;1854.2305
5766160.0;2995.7763;1853.718;2998.857;1853.4772;3004.3783;1851.4695;3000.593;1856.6854;3000.1125;1852.9451;3001.4054;1852.0073;3002.6835;1852.6514;2999.0044;1853.1026;2999.4012;1853.676;3001.9103;1854.2305
5766180.0;2995.7926;1853.8822;2998.875;1853.4469;3004.4012;1851.4695;3000.5695;1856.6697;3000.0782;1852.9449;3001.3996;1851.9952;3002.7013;1852.6892;2998.9857;1853.0782;2999.4012;1853.6796;3001.8929;1854.2305
5766200.0;2995.8181;1854.056;2998.9042;1853.4039;3004.4192;1851.4695;3000.5508;1856.6621;3000.0475;1852.9359;3001.388;1851.9768;3002.7227;1852.7176;2998.9621;1853.0444;2999.4012;1853.689;3001.872;1854.2305
5766220.0;2995.8512;1854.2318;2998.9381;1853.3478;3004.4368;1851.4695;3000.5391;1856.6591;3000.0177;1852.9139;3001.3693;1851.9491;3002.7405;1852.735;2998.9386;1853.0098;2999.4012;1853.7079;3001.8477;1854.2305
5766240.0;2995.8888;1854.4025;2998.9702;1853.2857;3004.4577;1851.4695;3000.5332;1856.658;2999.9845;1852.8742;3001.3458;1851.9142;3002.7475;1852.7438;2998.9198;1852.9822;2999.4012;1853.7382;3001.824;1854.2305
5766260.0;2995.9272;1854.5615;2998.9954;1853.2281;3004.4821;1851.4695;3000.5303;1856.6568;2999.9434;1852.8152;3001.3222;1851.8794;3002.7405;1852.7482;2998.9074;1852.965;2999.4012;1853.7765;3001.8053;1854.2305
5766280.0;2995.9638;1854.7039;2999.012;1853.183;3004.5065;1851.4695;3000.5274;1856.6534;2999.8937;1852.7396;3001.3035;1851.8519;3002.7227;1852.7529;2998.8994;1852.9565;2999.4012;1853.8148;3001.7937;1854.2305
5766300.0;2995.9973;1854.8297;2999.0215;1853.1511;3004.5274;1851.4695;3000.5215;1856.6449;2999.8368;1852.6518;3001.2919;1851.8346;3002.7013;1852.7624;2998.8914;1852.9531;2999.4012;1853.8453;3001.7879;1854.2305
5766320.0;2996.0281;1854.9447;2999.0283;1853.1256;3004.5448;1851.4695;3000.5098;1856.6277;2999.7751;1852.5543;3001.2861;1851.8259;3002.6834;1852.7814;2998.8789;1852.9521;2999.4012;1853.8653;3001.7857;1854.2305
5766340.0;2996.0562;1855.0567;2999.0378;1853.0978;3004.5622;1851.4695;3000.4912;1856.6002;2999.7086;1852.4463;3001.2839;1851.8216;3002.6719;1852.8117;2998.8594;1852.9519;2999.4012;1853.878;3001.785;1854.2305
5766360.0;2996.0782;1855.1725;2999.0543;1853.0635;3004.5831;1851.4695;3000.4676;1856.5653;2999.6345;1852.3268;3001.2832;1851.8172;3002.6661;1852.8498;2998.8336;1852.9519;2999.4012;1853.8901;3001.7848;1854.2305
5766380.0;2996.0847;1855.2972;2999.0798;1853.0261;3004.6074;1851.4695;3000.444;1856.5305;2999.548;1852.1979;3001.283;1851.8085;3002.6638;1852.887;2998.8043;1852.9519;2999.4012;1853.9085;3001.7847;1854.2305
5766400.0;2996.0655;1855.4356;2999.113;1852.9938;3004.6311;1851.4695;3000.4254;1856.503;2999.4459;1852.0665;3001.283;1851.7913;3002.6632;1852.9136;2998.774;1852.9519;2999.4012;1853.9363;3001.784;1854.2305
5766420.0;2996.0079;1855.5945;2999.1506;1852.973;3004.6498;1851.4695;3000.4137;1856.4857;2999.3291;1851.938;3001.283;1851.7638;3002.663;1852.9232;2998.7437;1852.9519;2999.4012;1853.9711;3001.7818;1854.2305
5766440.0;2995.899;1855.7782;2999.189;1852.966;3004.6614;1851.4695;3000.4079;1856.477;2999.201;1851.8112;3001.283;1851.7289;3002.6629;1852.9136;2998.7142;1852.9517;2999.4012;1854.0059;3001.776;1854.2305
5766460.0;2995.7347;1855.9801;2999.2256;1852.973;3004.6672;1851.4695;3000.4057;1856.4726;2999.0625;1851.6799;3001.283;1851.6941;3002.6622;1852.887;2998.6877;1852.9506;2999.4012;1854.0331;3001.7643;1854.2305
5766480.0;2995.5373;1856.1752;2999.2592;1852.9938;3004.6694;1851.4695;3000.4049;1856.4679;2998.9104;1851.539;3001.283;1851.6666;3002.6599;1852.8498;2998.6661;1852.9469;2999.4012;1854.0487;3001.7457;1854.2305
5766500.0;2995.357;1856.3227;2999.2907;1853.0259;3004.6701;1851.4695;3000.404;1856.4583;2998.743;1851.3897;3001.283;1851.6493;3002.6542;1852.8117;2998.6485;1852.9376;2999.4012;1854.0522;3001.7221;1854.2305
5766520.0;2995.2444;1856.3877;2999.3212;1853.0619;3004.6703;1851.4695;3000.4018;1856.4394;2998.5649;1851.2389;3001.283;1851.6408;3002.6424;1852.7814;2998.6311;1852.9186;2999.4012;1854.0435;3001.6985;1854.2305
5766540.0;2995.2154;1856.3641;2999.3497;1853.0916;3004.6703;1851.4695;3000.396;1856.4091;2998.3885;1851.0981;3001.283;1851.6375;3002.6231;1852.7624;2998.6102;1852.8883;2999.4011;1854.022;3001.6799;1854.2305
5766560.0;2995.2484;1856.2779;2999.3729;1853.1072;3004.6703;1851.4697;3000.3844;1856.3708;2998.2305;1850.9819;3001.283;1851.6365;3002.5974;1852.7531;2998.5859;1852.85;2999.4004;1853.9896;3001.6682;1854.2305
5766580.0;2995.3101;1856.1692;2999.3883;1853.107;3004.6703;1851.4706;3000.3657;1856.3324;2998.1074;1850.906;3001.283;1851.6363;3002.5678;1852.7494;2998.5622;1852.8117;2999.3982;1853.9526;3001.6625;1854.2305
5766600.0;2995.3771;1856.0707;2999.3965;1853.0964;3004.6703;1851.4736;3000.342;1856.3021;2998.0284;1850.8795;3001.283;1851.6363;3002.5362;1852.7483;2998.5436;1852.7814;2999.3924;1853.9199;3001.6602;1854.2305
5766620.0;2995.4377;1855.9985;2999.3999;1853.0857;3004.6703;1851.4813;3000.3177;1856.2832;2997.9882;1850.8985;3001.283;1851.6363;3002.5014;1852.7481;2998.5319;1852.7624;2999.3807;1853.8979;3001.6595;1854.2305
5766640.0;2995.4878;1855.9539;2999.401;1853.0843;3004.6703;1851.4968;3000.2968;1856.2738;2997.9692;1850.9484;3001.283;1851.6363;3002.4615;1852.7481;2998.5261;1852.7531;2999.3621;1853.8873;3001.6594;1854.2305
5766660.0;2995.524;1855.9311;2999.4015;1853.0954;3004.6703;1851.5215;3000.2794;1856.2702;2997.9519;1851.0127;3001.283;1851.6363;3002.4168;1852.7481;2998.5239;1852.7494;2999.3385;1853.8863;3001.6594;1854.2305
5766680.0;2995.5452;1855.9213;2999.4026;1853.1158;3004.67;1851.5529;3000.262;1856.2691;2997.9266;1851.0806;3001.283;1851.6361;3002.3712;1852.7481;2998.5232;1852.7483;2999.3149;1853.8934;3001.6594;1854.2305
5766700.0;2995.5488;1855.9179;2999.406;1853.1418;3004.6689;1851.5842;3000.2411;1856.2688;2997.8936;1851.1481;3001.283;1851.6352;3002.3288;1852.7481;2998.5231;1852.7481;2999.2963;1853.9069;3001.6593;1854.2303
5766720.0;2995.5336;1855.917;2999.4141;1853.1729;3004.6655;1851.609;3000.2168;1856.2688;2997.8577;1851.2143;3001.283;1851.6322;3002.2915;1852.7481;2998.5231;1852.7481;2999.2846;1853.9223;3001.6586;1854.2294
5766740.0;2995.5033;1855.9168;2999.429;1853.2099;3004.6574;1851.6245;3000.1931;1856.2688;2997.8231;1851.2776;3001.283;1851.6245;3002.258;1852.7481;2998.5231;1852.7481;2999.2789;1853.9315;3001.6566;1854.2264
5766760.0;2995.4669;1855.9168;2999.4503;1853.2498;3004.6425;1851.6322;3000.1743;1856.2688;2997.7909;1851.3354;3001.2832;1851.609;3002.2274;1852.7479;2998.5231;1852.7481;2999.2766;1853.9282;3001.6514;1854.2188
5766780.0;2995.4339;1855.9168;2999.4731;1853.2878;3004.6214;1851.6352;3000.162;1856.2688;2997.7563;1851.3826;3001.2839;1851.5842;3002.2013;1852.7469;2998.5231;1852.7481;2999.2759;1853.9122;3001.6409;1854.2033
5766800.0;2995.4102;1855.9168;2999.4907;1853.3227;3004.5998;1851.6361;3000.154;1856.2691;2997.7083;1851.4138;3001.2861;1851.5527;3002.1819;1852.7436;2998.5229;1852.7481;2999.2758;1853.8873;3001.6242;1854.1785
5766820.0;2995.3964;1855.9168;2999.5;1853.3599;3004.586;1851.6363;3000.1459;1856.2702;2997.6374;1851.4277;3001.2919;1851.5203;3002.17;1852.735;2998.5222;1852.7481;2999.2755;1853.8557;3001.6029;1854.1471
5766840.0;2995.3901;1855.9168;2999.5049;1853.4067;3004.5866;1851.6363;3000.1336;1856.2738;2997.5456;1851.4309;3001.3035;1851.4922;3002.1643;1852.7178;2998.52;1852.7481;2999.2744;1853.8169;3001.5817;1854.1158
5766860.0;2995.3884;1855.9168;2999.5143;1853.4659;3004.6026;1851.6363;3000.1148;1856.2832;2997.4503;1851.4346;3001.3222;1851.4682;3002.162;1852.6903;2998.5142;1852.7481;2999.271;1853.7707;3001.5649;1854.091
5766880.0;2995.3899;1855.9168;2999.5358;1853.5339;3004.6289;1851.6363;3000.0912;1856.3021;2997.3748;1851.4482;3001.3459;1851.4433;3002.1613;1852.6554;2998.5026;1852.7481;2999.2629;1853.7194;3001.5544;1854.0755
5766900.0;2995.3956;1855.9168;2999.5698;1853.6043;3004.6585;1851.6363;3000.0676;1856.3324;2997.3339;1851.4743;3001.3702;1851.4128;3002.1612;1852.6206;2998.4839;1852.7481;2999.2478;1853.6666;3001.5492;1854.0678
5766920.0;2995.4074;1855.9168;2999.6093;1853.6724;3004.685;1851.6363;3000.049;1856.371;2997.3281;1851.5095;3001.3914;1851.377;3002.1612;1852.5931;2998.4603;1852.7481;2999.2264;1853.616;3001.5472;1854.0648
5766940.0;2995.4267;1855.9168;2999.6441;1853.7353;3004.7049;1851.6363;3000.0373;1856.4103;2997.3486;1851.5479;3001.4094;1851.342;3002.1612;1852.5758;2998.4368;1852.7481;2999.2036;1853.573;3001.5466;1854.0637
5766960.0;2995.4525;1855.9168;2999.668;1853.7895;3004.7179;1851.6363;3000.0316;1856.4439;2997.384;1851.5826;3001.428;1851.3143;3002.1612;1852.5673;2998.4181;1852.7481;2999.1874;1853.5452;3001.5465;1854.0625
5766980.0;2995.4819;1855.9168;2999.6821;1853.8308;3004.7278;1851.6363;3000.0293;1856.4714;2997.4251;1851.6088;3001.4507;1851.2959;3002.1612;1852.564;2998.4064;1852.7481;2999.1846;1853.5389;3001.5465;1854.0592
5767000.0;2995.5122;1855.9168;2999.694;1853.8571;3004.7397;1851.6363;3000.0286;1856.498;2997.4652;1851.6258;3001.4775;1851.2837;3002.1612;1852.563;2998.4007;1852.7481;2999.1972;1853.5542;3001.5465;1854.0507
5767020.0;2995.5425;1855.9168;2999.7105;1853.8707;3004.7554;1851.6363;3000.0285;1856.5292;2997.5012;1851.6367;3001.5042;1851.2711;3002.1612;1852.5628;2998.3984;1852.7481;2999.2224;1853.584;3001.5465;1854.0335
5767040.0;2995.572;1855.9168;2999.7322;1853.8762;3004.7716;1851.6365;3000.0285;1856.5651;2997.5338;1851.6482;3001.5267;1851.2511;3002.1612;1852.5628;2998.3977;1852.7483;2999.2543;1853.6172;3001.5465;1854.0059
5767060.0;2995.5985;1855.9168;2999.7554;1853.878;3004.7841;1851.6375;3000.0285;1856.6002;2997.5647;1851.6664;3001.5447;1851.2206;3002.1612;1852.5628;2998.3976;1852.7494;2999.2856;1853.6443;3001.5465;1853.9711
5767080.0;2995.6201;1855.9168;2999.7779;1853.8784;3004.7912;1851.6408;3000.0285;1856.6279;2997.593;1851.6941;3001.5615;1851.1823;3002.1613;1852.5628;2998.3976;1852.7533;2999.3092;1853.6616;3001.5465;1853.9363
5767100.0;2995.6376;1855.9168;2999.8009;1853.8784;3004.7943;1851.6493;3000.0285;1856.646;2997.6154;1851.7285;3001.5808;1851.144;3002.162;1852.5628;2998.3976;1852.7637;2999.3199;1853.6701;3001.5465;1853.9087
5767120.0;2995.6551;1855.9168;2999.8264;1853.8784;3004.7956;1851.6666;3000.0285;1856.6577;2997.6286;1851.7617;3001.6028;1851.1135;3002.1643;1852.5628;2998.3976;1852.7859;2999.3172;1853.6734;3001.5465;1853.8915
5767140.0;2995.676;1855.9168;2999.8526;1853.8784;3004.7966;1851.6941;3000.0285;1856.6697;2997.6323;1851.7847;3001.6242;1851.0935;3002.17;1852.5628;2998.3976;1852.8248;2999.306;1853.6744;3001.5465;1853.883
5767160.0;2995.7005;1855.9171;2999.8749;1853.8784;3004.7988;1851.7289;3000.0285;1856.6898;2997.6297;1851.7915;3001.6409;1851.0808;3002.1817;1852.5628;2998.3977;1852.8805;2999.2932;1853.6746;3001.5465;1853.8797
5767180.0;2995.7253;1855.9195;2999.8901;1853.8788;3004.8046;1851.7638;3000.0285;1856.7243;2997.6273;1851.7826;3001.6514;1851.0687;3002.2004;1852.5628;2998.3984;1852.9474;2999.2838;1853.6746;3001.5463;1853.8786
5767200.0;2995.7475;1855.9274;2999.8986;1853.8805;3004.8162;1851.7913;3000.0285;1856.7762;2997.633;1851.7653;3001.6568;1851.0503;3002.2239;1852.5628;2998.4007;1853.016;2999.279;1853.6746;3001.5456;1853.8784
5767220.0;2995.768;1855.9487;2999.903;1853.8855;3004.8349;1851.8085;3000.0285;1856.8436;2997.6523;1851.7517;3001.6595;1851.0225;3002.2475;1852.5628;2998.4064;1853.0792;2999.278;1853.6746;3001.5431;1853.8784
5767240.0;2995.7912;1855.9943;2999.9075;1853.8971;3004.8588;1851.817;3000.0285;1856.9207;2997.6847;1851.7519;3001.6623;1850.9877;3002.2662;1852.5628;2998.4181;1853.1363;2999.2807;1853.6748;3001.5368;1853.8784
5767260.0;2995.8213;1856.0719;2999.9159;1853.9179;3004.8835;1851.8204;3000.0285;1856.9997;2997.7249;1851.7665;3001.6682;1850.9529;3002.2778;1852.5628;2998.4368;1853.1924;2999.2887;1853.676;3001.5239;1853.8784
5767280.0;2995.859;1856.1771;2999.9311;1853.9455;3004.9061;1851.8214;3000.0285;1857.0731;2997.7667;1851.7871;3001.6799;1850.9253;3002.2836;1852.5628;2998.4605;1853.2526;2999.3039;1853.6796;3001.5034;1853.8784
5767300.0;2995.901;1856.2927;2999.9535;1853.9705;3004.9273;1851.8216;3000.0285;1857.1364;2997.8049;1851.8041;3001.6985;1850.9081;3002.2858;1852.5628;2998.4847;1853.3167;2999.326;1853.689;3001.4773;1853.8784
5767320.0;2995.9431;1856.3988;2999.9797;1853.9807;3004.9515;1851.8216;3000.0285;1857.1887;2997.8344;1851.8133;3001.7223;1850.8994;3002.2865;1852.5628;2998.5056;1853.38;2999.351;1853.7079;3001.4507;1853.8784
5767340.0;2995.983;1856.4852;3000.0052;1853.9705;3004.9823;1851.8218;3000.0285;1857.2303;2997.8486;1851.8145;3001.7465;1850.8952;3002.2867;1852.5628;2998.5231;1853.4373;2999.3731;1853.7382;3001.428;1853.8784
5767360.0;2996.0203;1856.5528;3000.0285;1853.9451;3005.018;1851.8228;3000.0285;1857.2592;2997.8416;1851.8092;3001.7674;1850.8912;3002.2868;1852.5628;2998.5406;1853.4878;2999.3883;1853.7767;3001.4094;1853.8784
5767380.0;2996.0559;1856.6073;3000.0521;1853.9157;3005.0519;1851.8261;3000.0285;1857.2708;2997.8124;1851.7991;3001.7848;1850.8833;3002.2876;1852.5628;2998.5622;1853.5342;2999.3965;1853.8161;3001.3914;1853.8784
5767400.0;2996.0891;1856.6541;3000.0787;1853.8893;3005.0762;1851.8346;3000.0285;1857.2638;2997.7676;1851.7889;3001.8023;1850.8678;3002.29;1852.5628;2998.5889;1853.5777;2999.3999;1853.8497;3001.3702;1853.8784
5767420.0;2996.1185;1856.697;3000.1082;1853.8645;3005.0864;1851.8519;3000.0285;1857.2446;2997.7181;1851.7846;3001.8232;1850.843;3002.2964;1852.5628;2998.619;1853.6157;2999.401;1853.8771;3001.3458;1853.8784
5767440.0;2996.1435;1856.7362;3000.1388;1853.8348;3005.0844;1851.8794;3000.0285;1857.2237;2997.6727;1851.7889;3001.8474;1850.8117;3002.3092;1852.5628;2998.6517;1853.6441;2999.4012;1853.9037;3001.3214;1853.8784
5767460.0;2996.1633;1856.7678;3000.1691;1853.7973;3005.0761;1851.9142;3000.0285;1857.2084;2997.6331;1851.7991;3001.8711;1850.7803;3002.3297;1852.5628;2998.6885;1853.6616;2999.4014;1853.9349;3001.3005;1853.8784
5767480.0;2996.1741;1856.7837;3000.1997;1853.7562;3005.0671;1851.9491;3000.0285;1857.1999;2997.5958;1851.8096;3001.8898;1850.7555;3002.3557;1852.5628;2998.7319;1853.6699;2999.4021;1853.9709;3001.283;1853.8784
5767500.0;2996.1687;1856.7739;3000.2292;1853.7203;3005.0592;1851.9766;3000.0285;1857.1955;2997.557;1851.8166;3001.9015;1850.74;3002.3816;1852.5628;2998.7828;1853.6722;2999.4043;1854.0059;3001.2655;1853.8786
5767520.0;2996.1407;1856.7298;3000.2561;1853.6952;3005.0497;1851.9938;3000.0286;1857.191;2997.5149;1851.8195;3001.9074;1850.7324;3002.4021;1852.563;2998.8398;1853.6699;2999.4101;1854.0335;3001.2439;1853.8797
5767540.0;2996.0915;1856.6502;3000.2808;1853.6807;3005.0338;1852.0023;3000.0293;1857.1823;2997.469;1851.8191;3001.9103;1850.7294;3002.4149;1852.564;2998.9002;1853.6616;2999.4217;1854.0507;3001.2174;1853.883
5767560.0;2996.0314;1856.5464;3000.3075;1853.6714;3005.0073;1852.0057;3000.0316;1857.1651;2997.4195;1851.8149;3001.9132;1850.7285;3002.4213;1852.5673;2998.9621;1853.6445;2999.4404;1854.0592;3001.1879;1853.8915
5767580.0;2995.9748;1856.4411;3000.3411;1853.661;3004.9695;1852.0067;3000.0373;1857.1375;2997.3685;1851.8046;3001.9191;1850.7283;3002.4237;1852.5758;2999.024;1853.618;2999.464;1854.0623;3001.1576;1853.9087
5767600.0;2995.9326;1856.3551;3000.3828;1853.6451;3004.9243;1852.0069;3000.049;1857.1027;2997.319;1851.7875;3001.9308;1850.7285;3002.4245;1852.5931;2999.0847;1853.5863;2999.4875;1854.0623;3001.1273;1853.9363
5767620.0;2995.9079;1856.2949;3000.4283;1853.6229;3004.8779;1852.0069;3000.0676;1857.0679;2997.273;1851.7685;3001.9494;1850.7294;3002.4247;1852.6206;2999.1423;1853.559;2999.506;1854.0588;3001.0978;1853.9711
5767640.0;2995.8979;1856.2524;3000.472;1853.5965;3004.8358;1852.0069;3000.0912;1857.0401;2997.2312;1851.759;3001.973;1850.7324;3002.4247;1852.6557;2999.1958;1853.5455;2999.517;1854.0481;3001.0713;1854.0059
5767660.0;2995.899;1856.2159;3000.5103;1853.5698;3004.799;1852.0069;3000.1148;1857.0219;2997.1936;1851.771;3001.9966;1850.74;3002.4247;1852.6916;2999.2463;1853.5484;2999.5205;1854.0239;3001.0497;1854.0335
5767680.0;2995.9093;1856.1813;3000.5441;1853.5481;3004.7655;1852.0069;3000.1333;1857.0101;2997.1591;1851.8084;3002.0151;1850.7557;3002.4247;1852.7228;2999.2992;1853.5608;2999.517;1853.9785;3001.0321;1854.0507
5767700.0;2995.9277;1856.1544;3000.5755;1853.5374;3004.7332;1852.0069;3000.1443;1856.9982;2997.1254;1851.8635;3002.0261;1850.7816;3002.4247;1852.7494;2999.3621;1853.5732;2999.506;1853.9075;3001.0147;1854.0592
5767720.0;2995.9514;1856.1441;3000.6042;1853.5428;3004.7014;1852.0069;3000.1478;1856.9802;2997.0881;1851.9235;3002.0297;1850.8162;3002.4247;1852.7769;2999.4392;1853.5822;2999.4875;1853.8148;3000.9938;1854.0625
5767740.0;2995.9757;1856.1544;3000.6277;1853.5618;3004.6701;1852.0069;3000.1443;1856.9535;2997.0434;1851.9797;3002.0269;1850.8561;3002.4247;1852.8105;2999.5267;1853.5919;2999.464;1853.714;3000.9694;1854.0635
5767760.0;2995.9964;1856.181;3000.6448;1853.583;3004.6386;1852.0069;3000.1335;1856.9219;2996.9898;1852.0318;3002.0182;1850.8981;3002.4247;1852.85;2999.6141;1853.6077;2999.4404;1853.6227;3000.945;1854.0637
5767780.0;2996.0132;1856.2136;3000.6585;1853.592;3004.6058;1852.0069;3000.1156;1856.8956;2996.9298;1852.083;3002.0054;1850.9411;3002.4247;1852.8895;2999.6905;1853.6286;2999.4217;1853.5533;3000.9241;1854.0639
5767800.0;2996.0283;1856.2438;3000.6768;1853.5814;3004.5719;1852.0069;3000.0943;1856.8853;2996.8705;1852.1342;3001.9935;1850.9836;3002.4248;1852.9232;2999.7509;1853.6489;2999.4101;1853.5062;3000.9067;1854.0648
5767820.0;2996.0435;1856.2701;3000.7094;1853.5564;3004.5374;1852.0069;3000.0765;1856.8956;2996.8195;1852.1837;3001.9886;1851.0214;3002.4254;1852.9506;2999.7974;1853.6641;2999.4044;1853.4718;3000.8892;1854.0678
5767840.0;2996.0561;1856.2976;3000.7622;1853.5288;3004.5033;1852.0069;3000.0696;1856.9219;2996.7799;1852.2313;3001.9935;1851.0499;3002.4274;1852.9772;2999.8339;1853.6753;2999.4029;1853.4398;3000.8684;1854.0755
5767860.0;2996.0611;1856.3312;3000.8317;1853.5079;3004.4718;1852.0069;3000.0773;1856.9535;2996.7482;1852.2771;3002.0054;1851.0673;3002.4326;1853.0084;2999.8622;1853.6877;2999.4044;1853.4063;3000.8441;1854.091
5767880.0;2996.0562;1856.3703;3000.905;1853.4963;3004.4452;1852.0069;3000.0974;1856.9802;2996.7193;1852.32;3002.0183;1851.0758;3002.4431;1853.0441;2999.8824;1853.7077;2999.4101;1853.3746;3000.8204;1854.1158
5767900.0;2996.0443;1856.4077;3000.9678;1853.4913;3004.4236;1852.0069;3000.1245;1856.9982;2996.692;1852.3559;3002.0277;1851.0791;3002.4599;1853.0782;2999.895;1853.7382;2999.4217;1853.3496;3000.8016;1854.1473
5767920.0;2996.0314;1856.4342;3001.0145;1853.4897;3004.4036;1852.0069;3000.1542;1857.0103;2996.6696;1852.3833;3002.0328;1851.0802;3002.4812;1853.1024;2999.903;1853.7765;2999.4404;1853.3331;3000.7892;1854.1797
5767940.0;2996.022;1856.4427;3001.0493;1853.4893;3004.3816;1852.0069;3000.1851;1857.0232;2996.6553;1852.4061;3002.0349;1851.0804;3002.5032;1853.1111;2999.9111;1853.8148;2999.464;1853.3221;3000.7812;1854.2078
5767960.0;2996.0169;1856.4298;3001.0793;1853.4893;3004.3568;1852.0069;3000.2168;1857.0453;2996.6494;1852.4313;3002.0355;1851.0804;3002.5222;1853.1024;2999.9234;1853.8451;2999.4875;1853.3106;3000.7732;1854.2318
5767980.0;2996.0148;1856.3947;3001.1068;1853.4893;3004.3323;1852.0069;3000.2491;1857.0835;2996.6508;1852.4623;3002.0349;1851.0804;3002.5384;1853.0782;2999.9422;1853.8641;2999.5063;1853.2924;3000.7609;1854.2569
5768000.0;2996.0143;1856.3403;3001.1295;1853.4893;3004.3116;1852.0073;3000.2825;1857.1407;2996.6565;1852.4965;3002.0327;1851.0806;3002.5553;1853.0444;2999.9658;1853.8734;2999.5187;1853.2647;3000.7421;1854.2885
5768020.0;2996.0148;1856.2746;3001.1447;1853.4893;3004.2948;1852.0091;3000.3194;1857.2153;2996.6623;1852.5275;3002.0269;1851.0817;3002.576;1853.0098;2999.9893;1853.8771;2999.5267;1853.2299;3000.7184;1854.3275
5768040.0;2996.0171;1856.2093;3001.1531;1853.4893;3004.2785;1852.0146;3000.3626;1857.3014;2996.6629;1852.5527;3002.0151;1851.0854;3002.6003;1852.982;3000.008;1853.8784;2999.5347;1853.1951;3000.6941;1854.371
5768060.0;2996.0228;1856.1546;3001.1576;1853.4893;3004.2595;1852.0278;3000.4129;1857.3921;2996.6552;1852.576;3001.9958;1851.0947;3002.6247;1852.9636;3000.0197;1853.8797;2999.547;1853.1675;3000.6732;1854.416
5768080.0;2996.0348;1856.1141;3001.1621;1853.4893;3004.2376;1852.0525;3000.4676;1857.4814;2996.6413;1852.6047;3001.97;1851.1137;3002.6456;1852.9515;3000.0254;1853.883;2999.5658;1853.1503;3000.6558;1854.4619
5768100.0;2996.0548;1856.0824;3001.1705;1853.4893;3004.2161;1852.0882;3000.5223;1857.5644;2996.6273;1852.6447;3001.9406;1851.144;3002.663;1852.9388;3000.0277;1853.8915;2999.5894;1853.1418;3000.6383;1854.5089
5768120.0;2996.083;1856.0468;3001.186;1853.4897;3004.1985;1852.1278;3000.5725;1857.6372;2996.6196;1852.6969;3001.9102;1851.1825;3002.6804;1852.9188;3000.0284;1853.9087;2999.613;1853.1385;3000.6174;1854.5564
5768140.0;2996.1188;1855.991;3001.2092;1853.4913;3004.1857;1852.1601;3000.6158;1857.6992;2996.6203;1852.7593;3001.8792;1851.2218;3002.7013;1852.8883;3000.0285;1853.9363;2999.6318;1853.1376;3000.593;1854.6039
5768160.0;2996.1633;1855.9016;3001.2379;1853.4963;3004.175;1852.1754;3000.6527;1857.7545;2996.6263;1852.8297;3001.8476;1851.2554;3002.7256;1852.85;3000.0285;1853.9713;2999.6441;1853.1385;3000.5686;1854.6517
5768180.0;2996.2194;1855.7742;3001.2694;1853.5084;3004.1626;1852.1699;3000.6861;1857.8105;2996.6331;1852.9048;3001.816;1851.2829;3002.7493;1852.8117;3000.0285;1854.007;2999.6521;1853.1418;3000.5477;1854.6987
5768200.0;2996.2885;1855.6179;3001.3035;1853.5308;3004.1478;1852.1462;3000.7184;1857.8731;2996.6379;1852.9784;3001.7849;1851.3097;3002.768;1852.7814;3000.0285;1854.0376;2999.6601;1853.1503;3000.5303;1854.7413
5768220.0;2996.368;1855.4505;3001.3427;1853.5635;3004.1344;1852.1133;3000.7501;1857.9425;2996.6402;1853.0421;3001.7538;1851.3418;3002.7796;1852.7624;3000.0285;1854.0624;2999.6725;1853.1675;3000.5127;1854.776
5768240.0;2996.4529;1855.2888;3001.3881;1853.6005;3004.1282;1852.0848;3000.7812;1858.0126;2996.641;1853.09;3001.7223;1851.3807;3002.7854;1852.7529;3000.0286;1854.0865;2999.6913;1853.1951;3000.4912;1854.8036
5768260.0;2996.5377;1855.142;3001.4366;1853.6331;3004.1312;1852.0735;3000.8124;1858.0768;2996.641;1853.123;3001.6905;1851.4234;3002.7876;1852.7482;3000.0293;1854.1146;2999.715;1853.2299;3000.4646;1854.8304
5768280.0;2996.6171;1855.0137;3001.4827;1853.6555;3004.1379;1852.0848;3000.8439;1858.133;2996.6399;1853.1488;3001.6582;1851.4665;3002.7883;1852.7438;3000.0316;1854.1471;2999.7393;1853.2647;3000.4352;1854.8625
5768300.0;2996.6873;1854.9083;3001.5224;1853.6676;3004.1393;1852.1138;3000.8755;1858.1839;2996.6365;1853.1771;3001.6233;1851.5085;3002.7885;1852.735;3000.0373;1854.1797;2999.7602;1853.2923;3000.4049;1854.9015
5768320.0;2996.7497;1854.8338;3001.5565;1853.6726;3004.1291;1852.1485;3000.9067;1858.2324;2996.6284;1853.2128;3001.5835;1851.5484;3002.7886;1852.7178;3000.049;1854.2078;2999.7776;1853.3095;3000.3745;1854.9442
5768340.0;2996.8129;1854.8011;3001.5878;1853.6746;3004.1088;1852.1776;3000.9378;1858.2796;2996.6132;1853.2551;3001.5395;1851.583;3002.7893;1852.6903;3000.0676;1854.2318;2999.7953;1853.318;3000.3451;1854.9872
5768360.0;2996.8875;1854.8186;3001.6188;1853.6768;3004.0852;1852.1964;3000.9694;1858.3257;2996.5911;1853.3002;3001.4959;1851.6088;3002.7915;1852.6554;3000.0912;1854.2567;2999.8173;1853.3213;3000.3186;1855.0292
5768380.0;2996.9769;1854.8843;3001.6515;1853.6824;3004.0654;1852.2057;3001.001;1858.3716;2996.5663;1853.3475;3001.4587;1851.6245;3002.7973;1852.6206;3000.1148;1854.2872;2999.8449;1853.3223;3000.297;1855.0693
5768400.0;2997.0742;1854.9804;3001.6888;1853.6956;3004.0527;1852.2094;3001.0321;1858.4179;2996.5453;1853.3997;3001.4309;1851.6322;3002.809;1852.5929;3000.1335;1854.323;2999.8768;1853.3225;3000.2794;1855.105
5768420.0;2997.1679;1855.0774;3001.7334;1853.7203;3004.0464;1852.2105;3001.0633;1858.4637;2996.5335;1853.457;3001.4109;1851.6352;3002.8276;1852.5747;3000.1451;1854.358;2999.9106;1853.3225;3000.262;1855.1341
5768440.0;2997.2509;1855.1486;3001.7836;1853.7562;3004.0439;1852.2107;3001.0949;1858.508;2996.5335;1853.5137;3001.3946;1851.6361;3002.8511;1852.5632;3000.151;1854.3857;2999.9444;1853.3225;3000.2411;1855.1583
5768460.0;2997.3223;1855.183;3001.8318;1853.7964;3004.0433;1852.2109;3001.1264;1858.5512;2996.5453;1853.5609;3001.3791;1851.6363;3002.8739;1852.5523;3000.154;1854.404;2999.9752;1853.3225;3000.2168;1855.1832
5768480.0;2997.3843;1855.1887;3001.8693;1853.8306;3004.0439;1852.2119;3001.1574;1858.5944;2996.5663;1853.5946;3001.3664;1851.6363;3002.8904;1852.5357;3000.1569;1854.4158;2999.9996;1853.3225;3000.1931;1855.2138
5768500.0;2997.4389;1855.1828;3001.8926;1853.8497;3004.0464;1852.2153;3001.1879;1858.6376;2996.5911;1853.619;3001.3613;1851.6363;3002.8963;1852.5107;3000.1628;1854.4276;3000.0155;1853.3225;3000.1744;1855.2497
5768520.0;2997.4883;1855.1808;3001.9041;1853.8497;3004.0527;1852.2238;3001.2172;1858.6806;2996.6132;1853.6423;3001.3663;1851.6363;3002.8905;1852.4794;3000.1746;1854.4459;3000.0239;1853.3225;3000.1628;1855.2859
5768540.0;2997.5367;1855.1915;3001.9086;1853.8306;3004.0656;1852.241;3001.2431;1858.7239;2996.6284;1853.6715;3001.3782;1851.6363;3002.8748;1852.4481;3000.1939;1854.4736;3000.0279;1853.3225;3000.157;1855.317
5768560.0;2997.5881;1855.2161;3001.91;1853.7964;3004.0861;1852.2685;3001.2624;1858.7663;2996.6365;1853.7099;3001.3909;1851.6363;3002.8541;1852.4233;3000.2198;1854.5085;3000.0313;1853.3225;3000.1548;1855.3436
5768580.0;2997.6418;1855.2499;3001.91;1853.7562;3004.112;1852.3034;3001.2742;1858.8042;2996.6399;1853.7578;3001.3996;1851.6363;3002.8365;1852.4078;3000.2491;1854.5433;3000.0373;1853.3225;3000.1541;1855.3711
5768600.0;2997.692;1855.2845;3001.9092;1853.7203;3004.1382;1852.3382;3001.2801;1858.8326;2996.641;1853.8123;3001.4022;1851.6363;3002.8296;1852.3999;3000.2795;1854.5706;3000.049;1853.3225;3000.154;1855.4047
5768620.0;2997.7323;1855.3121;3001.9069;1853.6956;3004.16;1852.3657;3001.283;1858.85;2996.6415;1853.8668;3001.3972;1851.6363;3002.8373;1852.3959;3000.3105;1854.5868;3000.0676;1853.3225;3000.154;1855.444
5768640.0;2997.7615;1855.3293;3001.9022;1853.6824;3004.1773;1852.383;3001.286;1858.8585;2996.6424;1853.9126;3001.3809;1851.6361;3002.8573;1852.3914;3000.3421;1854.592;3000.0912;1853.3225;3000.154;1855.4826
5768660.0;2997.7847;1855.3374;3001.8951;1853.6768;3004.1952;1852.3915;3001.2919;1858.8619;2996.6449;1853.9403;3001.3467;1851.6352;3002.8844;1852.3816;3000.3737;1854.5868;3000.1148;1853.3225;3000.154;1855.5131
5768680.0;2997.8078;1855.3388;3001.8882;1853.6749;3004.2223;1852.3948;3001.3035;1858.8631;2996.6508;1853.9459;3001.2863;1851.6324;3002.9142;1852.3607;3000.4047;1854.5706;3000.1335;1853.3225;3000.154;1855.533
5768700.0;2997.8329;1855.3335;3001.8852;1853.6734;3004.2649;1852.3958;3001.3222;1858.8644;2996.6612;1853.9331;3001.1909;1851.6256;3002.9451;1852.3238;3000.4352;1854.5433;3000.1451;1853.3225;3000.154;1855.5457
5768720.0;2997.8575;1855.3175;3001.8882;1853.6701;3004.3239;1852.396;3001.3458;1858.8681;2996.6765;1853.9129;3001.0549;1851.6135;3002.9767;1852.2701;3000.4645;1854.5083;3000.1509;1853.3225;3000.154;1855.5579
5768740.0;2997.8782;1855.285;3001.8954;1853.662;3004.3938;1852.396;3001.3693;1858.8774;2996.6958;1853.8955;3000.8835;1851.5984;3003.0082;1852.2049;3000.4903;1854.4724;3000.1531;1853.3225;3000.154;1855.5762
5768760.0;2997.895;1855.2336;3001.9038;1853.6464;3004.4669;1852.396;3001.388;1858.8964;2996.7183;1853.8851;3000.6965;1851.5892;3003.0392;1852.1391;3000.5098;1854.4416;3000.1538;1853.3227;3000.154;1855.604
5768780.0;2997.91;1855.1704;3001.9131;1853.6238;3004.5377;1852.396;3001.3996;1858.9267;2996.7449;1853.8809;3000.5223;1851.5997;3003.0697;1852.0835;3000.5223;1854.4158;3000.154;1853.3236;3000.1541;1855.6388
5768800.0;2997.9244;1855.1119;3001.9269;1853.601;3004.6049;1852.396;3001.4054;1858.9648;2996.7762;1853.8809;3000.382;1851.6409;3003.0992;1852.0445;3000.5303;1854.3901;3000.154;1853.3264;3000.1548;1855.6736
5768820.0;2997.9348;1855.0748;3001.951;1853.5886;3004.6696;1852.396;3001.4077;1859.002;2996.8119;1853.8855;3000.2773;1851.713;3003.1258;1852.0212;3000.5383;1854.3592;3000.154;1853.3332;3000.157;1855.7012
5768840.0;2997.9341;1855.066;3001.9883;1853.5937;3004.7332;1852.3958;3001.4083;1859.0286;2996.8501;1853.8971;3000.1944;1851.8034;3003.1477;1852.0075;3000.5507;1854.3234;3000.154;1853.3457;3000.1628;1855.7184
5768860.0;2997.9175;1855.0782;3002.0344;1853.614;3004.7965;1852.3948;3001.4085;1859.0382;2996.8877;1853.9179;3000.1198;1851.8949;3003.1665;1851.9952;3000.5695;1854.2883;3000.154;1853.3628;3000.1744;1855.7269
5768880.0;2997.887;1855.0956;3002.0781;1853.6399;3004.8599;1852.3915;3001.4083;1859.0284;2996.9211;1853.9451;3000.0497;1851.9759;3003.1869;1851.9768;3000.593;1854.2608;3000.154;1853.3787;3000.1931;1855.7302
5768900.0;2997.8505;1855.1025;3002.1073;1853.6645;3004.9226;1852.383;3001.4077;1859.0007;2996.9475;1853.9683;2999.9893;1852.0445;3003.2143;1851.9491;3000.6166;1854.2436;3000.154;1853.3852;3000.2167;1855.7313
5768920.0;2997.8175;1855.0907;3002.1163;1853.6895;3004.982;1852.3657;3001.4054;1858.96;2996.966;1853.973;2999.9439;1852.1041;3003.2494;1851.9142;3000.6354;1854.2349;3000.154;1853.3787;3000.2403;1855.7315
5768940.0;2997.7939;1855.06;3002.1091;1853.7221;3005.0328;1852.3382;3001.3996;1858.9125;2996.9797;1853.9496;2999.9119;1852.1577;3003.287;1851.8794;3000.6478;1854.2306;3000.154;1853.3628;3000.2589;1855.7315
5768960.0;2997.7808;1855.0138;3002.0991;1853.7691;3005.0679;1852.3034;3001.3878;1858.862;2996.9921;1853.8999;2999.8856;1852.2075;3003.3181;1851.8519;3000.6558;1854.2266;3000.1538;1853.3457;3000.2706;1855.7315
5768980.0;2997.7768;1854.9537;3002.1033;1853.8331;3005.0805;1852.2685;3001.3685;1858.8079;2997.0055;1853.8363;2999.8559;1852.2553;3003.3346;1851.8346;3000.6638;1854.2188;3000.1531;1853.3332;3000.2763;1855.7313
5769000.0;2997.7808;1854.8806;3002.1342;1853.9116;3005.068;1852.241;3001.3427;1858.748;2997.021;1853.7748;2999.8169;1852.3025;3003.3339;1851.8259;3000.6761;1854.2033;3000.1507;1853.3264;3000.2786;1855.7302
5769020.0;2997.7943;1854.7996;3002.1912;1853.9984;3005.0336;1852.2238;3001.3133;1858.6837;2997.0389;1853.7273;2999.7679;1852.3486;3003.3187;1851.8216;3000.6949;1854.1785;3000.1443;1853.3236;3000.2793;1855.7269
5769040.0;2997.82;1854.7224;3002.2574;1854.0819;3004.9852;1852.2153;3001.2829;1858.6201;2997.0586;1853.6981;2999.7117;1852.3928;3003.2927;1851.8172;3000.7184;1854.1471;3000.1304;1853.3227;3000.2794;1855.7184
5769060.0;2997.8598;1854.6601;3002.311;1854.1498;3004.9323;1852.2119;3001.2519;1858.5618;2997.0774;1853.6846;2999.6513;1852.435;3003.2581;1851.8085;3000.7412;1854.1158;3000.106;1853.3225;3000.2794;1855.7012
5769080.0;2997.9143;1854.6143;3002.3399;1854.1959;3004.8836;1852.2107;3001.2203;1858.508;2997.0929;1853.6824;2999.5893;1852.4749;3003.2157;1851.7913;3000.7576;1854.091;3000.0707;1853.3225;3000.2794;1855.6736
5769100.0;2997.9824;1854.5757;3002.3491;1854.2242;3004.8453;1852.2094;3001.1887;1858.4531;2997.1051;1853.6883;2999.5267;1852.5095;3003.1678;1851.7638;3000.7635;1854.0755;3000.0285;1853.3225;3000.2795;1855.6386
5769120.0;2998.062;1854.5317;3002.3518;1854.2461;3004.8197;1852.2057;3001.1577;1858.3924;2997.1162;1853.6993;2999.464;1852.5355;3003.1184;1851.7287;3000.7576;1854.0676;2999.9861;1853.3225;3000.2802;1855.6026
5769140.0;2998.15;1854.4745;3002.3584;1854.2733;3004.8055;1852.1964;3001.1273;1858.3268;2997.1265;1853.7105;2999.4012;1852.5523;3003.0689;1851.693;3000.7412;1854.0636;2999.9502;1853.3225;3000.2825;1855.5714
5769160.0;2998.2427;1854.4041;3002.3711;1854.3117;3004.799;1852.1774;3001.0981;1858.2635;2997.1344;1853.7153;2999.3385;1852.563;3003.0153;1851.6623;3000.7184;1854.0594;2999.9234;1853.3225;3000.2882;1855.5449
5769180.0;2998.3378;1854.3262;3002.3861;1854.3607;3004.7966;1852.1471;3001.0729;1858.2113;2997.1383;1853.711;2999.2758;1852.5735;3002.9482;1851.6364;3000.6949;1854.0507;2999.903;1853.3225;3000.2999;1855.5172
5769200.0;2998.4359;1854.2493;3002.3978;1854.4158;3004.7959;1852.1086;3001.0558;1858.1752;2997.1372;1853.7011;2999.2129;1852.5883;3002.8569;1851.6092;3000.6761;1854.0335;2999.8827;1853.3225;3000.3186;1855.4826
5769220.0;2998.5373;1854.1821;3002.4;1854.4709;3004.7957;1852.0693;3001.0498;1858.1547;2997.1299;1853.6933;2999.1495;1852.6076;3002.7313;1851.5736;3000.6638;1854.0059;2999.8559;1853.3225;3000.3421;1855.4399
5769240.0;2998.638;1854.1312;3002.3897;1854.5199;3004.7957;1852.0356;3001.0557;1858.1449;2997.1147;1853.6938;2999.0845;1852.6252;3002.562;1851.5275;3000.6558;1853.9709;2999.82;1853.3225;3000.3657;1855.3929
5769260.0;2998.7298;1854.1005;3002.3682;1854.5576;3004.7957;1852.0082;3001.0721;1858.1403;2997.0915;1853.7033;2999.016;1852.6324;3002.3415;1851.4779;3000.6478;1853.9349;2999.7776;1853.3225;3000.3842;1855.3452
5769280.0;2998.8034;1854.0922;3002.3416;1854.5817;3004.7957;1851.9816;3001.0949;1858.1356;2997.063;1853.7187;2998.9416;1852.6252;3002.0697;1851.4383;3000.6354;1853.9037;2999.7354;1853.3225;3000.3952;1855.2978
5769300.0;2998.8551;1854.1094;3002.3176;1854.5941;3004.7957;1851.9504;3001.1176;1858.126;2997.0331;1853.7363;2998.8603;1852.6076;3001.7583;1851.4222;3000.6166;1853.8771;2999.7001;1853.3225;3000.3982;1855.2497
5769320.0;2998.8881;1854.1573;3002.3008;1854.5991;3004.7957;1851.9143;3001.134;1858.1071;2997.0041;1853.7562;2998.774;1852.5885;3001.4291;1851.4346;3000.593;1853.8497;2999.6757;1853.3225;3000.3919;1855.1994
5769340.0;2998.9104;1854.2414;3002.2919;1854.6007;3004.7957;1851.8782;3001.1399;1858.0768;2996.9783;1853.7809;2998.6877;1852.5746;3001.1074;1851.4672;3000.5695;1853.8161;2999.6618;1853.3225;3000.3705;1855.141
5769360.0;2998.9281;1854.359;3002.2882;1854.6016;3004.7956;1851.8473;3001.134;1858.0385;2996.9617;1853.8101;2998.6063;1852.5671;3000.816;1851.5044;3000.5508;1853.7765;2999.6552;1853.3227;3000.3221;1855.0609
5769380.0;2998.9414;1854.495;3002.2867;1854.6034;3004.7949;1851.8216;3001.1176;1858.0002;2996.9626;1853.8383;2998.5319;1852.564;3000.5706;1851.5333;3000.5391;1853.737;2999.6521;1853.3236;3000.2279;1854.9402
5769400.0;2998.9466;1854.627;3002.2856;1854.6093;3004.7927;1851.7958;3001.0947;1857.9699;2996.9868;1853.8593;2998.4634;1852.5632;3000.3775;1851.5531;3000.5334;1853.7034;2999.6492;1853.3266;3000.0645;1854.7661
5769420.0;2998.9416;1854.7375;3002.2833;1854.6241;3004.7869;1851.765;3001.0713;1857.9509;2997.0305;1853.8711;2998.3984;1852.564;3000.2326;1851.5737;3000.5311;1853.6759;2999.6433;1853.3343;2999.8089;1854.5429
5769440.0;2998.9297;1854.8223;3002.2785;1854.6538;3004.7752;1851.7291;3001.0526;1857.9416;2997.0813;1853.8762;2998.335;1852.5673;3000.1247;1851.6063;3000.5303;1853.6491;2999.6315;1853.35;2999.4469;1854.2954
5769460.0;2998.9171;1854.8874;3002.2715;1854.7017;3004.7566;1851.6941;3001.041;1857.9379;2997.1243;1853.878;2998.2722;1852.5758;3000.0406;1851.6539;3000.5295;1853.617;2999.6122;1853.3758;2998.9814;1854.0602
5769480.0;2998.9091;1854.9404;3002.2646;1854.7651;3004.7329;1851.6666;3001.0351;1857.9368;2997.1496;1853.8784;2998.2094;1852.5931;2999.9693;1851.7101;3000.526;1853.5775;2999.5862;1853.4105;2998.4356;1853.8735
5769500.0;2998.9086;1854.9866;3002.2616;1854.8346;3004.7086;1851.6493;3001.0321;1857.9366;2997.1551;1853.8784;2998.1467;1852.6206;2999.903;1851.7662;3000.514;1853.5316;2999.5562;1853.4503;2997.8473;1853.7599
5769520.0;2998.9187;1855.0292;3002.2646;1854.8992;3004.6877;1851.6408;3001.0292;1857.9364;2997.1436;1853.878;2998.084;1852.6557;2999.8374;1851.8177;3000.4806;1853.4779;2999.5236;1853.4923;2997.2584;1853.7269
5769540.0;2998.9438;1855.0693;3002.2715;1854.9528;3004.6703;1851.6375;3001.0233;1857.9353;2997.1161;1853.8762;2998.0212;1852.6916;2999.7688;1851.8653;3000.4025;1853.4075;2999.4875;1853.5354;2996.7059;1853.7628
5769560.0;2998.9874;1855.105;3002.2785;1854.9962;3004.6527;1851.6365;3001.0116;1857.932;2997.0686;1853.8707;2997.9585;1852.7228;2999.6944;1851.9097;3000.2478;1853.3078;2999.4464;1853.5781;2996.2176;1853.8422
5769580.0;2999.0486;1855.1343;3002.2833;1855.0348;3004.6311;1851.6363;3000.993;1857.9235;2996.9972;1853.8575;2997.8958;1852.7494;2999.613;1851.9492;2999.9854;1853.1705;2999.4012;1853.617;2995.81;1853.9358
5769600.0;2999.1208;1855.1597;3002.2856;1855.0716;3004.6045;1851.6361;3000.9693;1857.9063;2996.9064;1853.8328;2997.8331;1852.7769;2999.5265;1851.9814;2999.6005;1853.0005;2999.3559;1853.6491;2995.488;1854.02
5769620.0;2999.1956;1855.1884;3002.2861;1855.1046;3004.5743;1851.6352;3000.945;1857.8787;2996.8121;1853.7969;2997.7703;1852.8105;2999.4396;1852.0082;2999.1033;1852.8148;2999.3141;1853.6759;2995.2441;1854.0803
5769640.0;2999.2669;1855.2293;3002.2853;1855.1298;3004.5406;1851.6318;3000.924;1857.8437;2996.733;1853.7558;2997.7076;1852.8498;2999.3559;1852.0356;2998.5258;1852.6345;2999.2758;1853.7034;2995.0628;1854.1108
5769660.0;2999.3324;1855.2873;3002.2819;1855.1457;3004.4991;1851.622;3000.9058;1857.808;2996.6783;1853.7182;2997.6449;1852.8883;2999.2758;1852.0693;2997.911;1852.474;2999.2375;1853.737;2994.9282;1854.1149
5769680.0;2999.3907;1855.3612;3002.2736;1855.155;3004.4388;1851.5991;3000.8862;1857.7775;2996.6434;1853.6885;2997.5822;1852.9186;2999.1956;1852.1086;2997.3032;1852.3373;2999.1956;1853.7763;2994.8301;1854.1028
5769700.0;2999.4404;1855.4438;3002.2577;1855.163;3004.3412;1851.5545;3000.8595;1857.7526;2996.6166;1853.6633;2997.5194;1852.9376;2999.112;1852.1471;2996.7409;1852.2205;2999.1503;1853.8148;2994.7653;1854.0867
5769720.0;2999.4795;1855.5248;3002.2335;1855.1757;3004.18;1851.4807;3000.8233;1857.7283;2996.5887;1853.6353;2997.4567;1852.9471;2999.025;1852.1774;2996.2522;1852.1179;2999.105;1853.8451;2994.7325;1854.0744
5769740.0;2999.509;1855.5912;3002.2034;1855.1973;3003.9271;1851.3753;3000.7796;1857.6992;2996.5563;1853.6009;2997.394;1852.9518;2998.9386;1852.1964;2995.8525;1852.0268;2999.0632;1853.8641;2994.7267;1854.0676
5769760.0;2999.5339;1855.6294;3002.1719;1855.2266;3003.5655;1851.2451;3000.7324;1857.6629;2996.5203;1853.5637;2997.3313;1852.9564;2998.857;1852.2057;2995.5452;1851.9479;2999.0249;1853.8734;2994.7396;1854.0648
5769780.0;2999.5613;1855.6279;3002.1437;1855.2551;3003.1002;1851.106;3000.6836;1857.6197;2996.4807;1853.532;2997.2685;1852.9662;2998.782;1852.2094;2995.3251;1851.8819;2998.9866;1853.8771;2994.7629;1854.0641
5769800.0;2999.5945;1855.5826;3002.1229;1855.2706;3002.5587;1850.9806;3000.6287;1857.5668;2996.4376;1853.5129;2997.2058;1852.9867;2998.7112;1852.2107;2995.1812;1851.8268;2998.9449;1853.8782;2994.7914;1854.0648
5769820.0;2999.6284;1855.5019;3002.1124;1855.2651;3001.9786;1850.8919;3000.5581;1857.4943;2996.3931;1853.5094;2997.1431;1853.0228;2998.6405;1852.2119;2995.0995;1851.7782;2998.9002;1853.8784;2994.8222;1854.0678
5769840.0;2999.6513;1855.4047;3002.1104;1855.2408;3001.3939;1850.8555;3000.4623;1857.3872;2996.3532;1853.5216;2997.0805;1853.075;2998.5654;1852.2153;2995.0646;1851.7337;2998.8572;1853.8784;2994.8529;1854.0755
5769860.0;2999.6537;1855.3134;3002.1104;1855.2065;3000.8279;1850.8745;3000.3367;1857.2324;2996.3261;1853.5471;2997.0184;1853.1383;2998.4839;1852.2238;2995.0617;1851.6953;2998.8211;1853.8784;2994.8817;1854.091
5769880.0;2999.6357;1855.2432;3002.1045;1855.1697;3000.2997;1850.9377;3000.1835;1857.0233;2996.3182;1853.5795;2996.958;1853.2037;2998.3976;1852.241;2995.0766;1851.6668;2998.7945;1853.8786;2994.9064;1854.1158
5769900.0;2999.6068;1855.1984;3002.0896;1855.1327;2999.8237;1851.0267;3000.0075;1856.7592;2996.3302;1853.6085;2996.901;1853.2634;2998.3113;1852.2685;2995.0967;1851.6493;2998.7748;1853.8797;2994.9242;1854.1469
5769920.0;2999.5783;1855.1744;3002.0692;1855.0951;2999.4147;1851.1219;2999.8163;1856.4457;2996.3579;1853.6222;2996.8505;1853.3146;2998.2308;1852.3032;2995.1126;1851.6408;2998.7569;1853.8826;2994.9318;1854.1779
5769940.0;2999.5567;1855.1634;3002.0481;1855.059;2999.0826;1851.2089;2999.6164;1856.0923;2996.3947;1853.614;2996.8085;1853.3589;2998.1593;1852.3376;2995.1193;1851.6375;2998.7366;1853.8896;2994.9287;1854.2022
5769960.0;2999.5428;1855.1591;3002.0284;1855.0293;2998.8274;1851.2802;2999.4195;1855.7234;2996.4346;1853.5856;2996.775;1853.3977;2998.0979;1852.3645;2995.1163;1851.6365;2998.7139;1853.9026;2994.9187;1854.2174
