Time(sentisec);X_A(m);Y_A(m);X_M(m);Y_M(m);X_B(m);Y_B(m);X_C(m);Y_C(m);X_D(m);Y_D(m);X_G(m);Y_G(m);X_H(m);Y_H(m);X_I(m);Y_I(m);X_J(m);Y_J(m);X_L(m);Y_L(m)
2894860.0;2995.1991;1857.6683;2996.2195;1847.5603;2992.8496;1845.3612;2998.9866;1841.5152;2990.9453;1840.1758;2993.1683;1861.2654;3001.386;1847.8811;3002.1328;1841.9449;2996.0632;1850.0398;2994.7961;1849.0391
2894880.0;2995.2005;1857.5127;2996.191;1847.5785;2992.8415;1845.3932;2999.0811;1841.4684;2991.1333;1840.3198;2993.1359;1861.2878;3001.3914;1847.8311;3002.1096;1841.9776;2996.0578;1850.0074;2994.8491;1849.0209
2894900.0;2995.209;1857.3259;2996.1372;1847.6049;2992.8578;1845.3713;2999.1585;1841.4082;2991.3739;1840.3697;2993.1167;1861.3075;3001.3821;1847.8086;3002.0812;1842.0;2996.0475;1849.9693;2994.9446;1848.968
2894920.0;2995.2239;1857.1212;2996.0718;1847.6412;2992.8739;1845.3662;2999.2073;1841.343;2991.6095;1840.3949;2993.1112;1861.3246;3001.3518;1847.814;3002.0507;1842.012;2996.0413;1849.913;2995.0637;1848.8563
2894940.0;2995.2425;1856.9187;2996.0102;1847.6823;2992.8878;1845.378;2999.2252;1841.2781;2991.7996;1840.4413;2993.1145;1861.3332;3001.2954;1847.8401;3002.0192;1842.0174;2996.0395;1849.8397;2995.1802;1848.669
2894960.0;2995.2627;1856.7348;2995.962;1847.7198;2992.9058;1845.3845;2999.2186;1841.2136;2991.9349;1840.5131;2993.1193;1861.3236;3001.2138;1847.8754;3001.9855;1842.0205;2996.0357;1849.7619;2995.2752;1848.4077
2894980.0;2995.2849;1856.5773;2995.9287;1847.7499;2992.9276;1845.3851;2999.1989;1841.1467;2992.0243;1840.5968;2993.1201;1861.2884;3001.1146;1847.9093;3001.9487;1842.0254;2996.0238;1849.6947;2995.3442;1848.0972
2895000.0;2995.3101;1856.4474;2995.905;1847.7768;2992.9515;1845.3765;2999.1751;1841.0734;2992.0806;1840.6823;2993.1132;1861.2296;3001.0084;1847.9367;3001.9092;1842.0362;2996.0025;1849.6453;2995.3929;1847.7789
2895020.0;2995.3365;1856.3468;2995.8822;1847.8098;2992.9702;1845.3665;2999.1465;1840.9926;2992.1147;1840.763;2993.0954;1861.1599;3000.9027;1847.9608;3001.8682;1842.0564;2995.9767;1849.6094;2995.4281;1847.4967
2895040.0;2995.3603;1856.2717;2995.8541;1847.8566;2992.9765;1845.3591;2999.1033;1840.9087;2992.139;1840.8325;2993.0657;1861.0965;3000.8017;1847.9878;3001.8269;1842.0858;2995.955;1849.5769;2995.4551;1847.2783
2895060.0;2995.38;1856.2169;2995.8182;1847.9188;2992.9667;1845.3541;2999.0356;1840.8336;2992.1626;1840.8903;2993.0274;1861.0533;3000.7067;1848.0205;3001.786;1842.1191;2995.9461;1849.5434;2995.4761;1847.1267
2895080.0;2995.3996;1856.1806;2995.7751;1847.9924;2992.94;1845.3474;2998.9458;1840.7793;2992.1882;1840.9442;2992.9891;1861.0333;3000.6188;1848.0529;3001.7466;1842.1485;2995.9522;1849.5156;2995.4919;1847.0258
2895100.0;2995.4263;1856.165;2995.725;1848.0752;2992.8984;1845.3328;2998.8526;1840.7472;2992.2143;1841.0017;2992.9641;1861.0241;3000.5406;1848.0735;3001.7101;1842.1687;2995.9678;1849.506;2995.5024;1846.9524
2895120.0;2995.4647;1856.1679;2995.6665;1848.1718;2992.8473;1845.3029;2998.7821;1840.7237;2992.2387;1841.0618;2992.9644;1861.0051;3000.4762;1848.0735;3001.6775;1842.1795;2995.9803;1849.5226;2995.5057;1846.8931
2895140.0;2995.5119;1856.1755;2995.5958;1848.2922;2992.7964;1845.2501;2998.7529;1840.6877;2992.2618;1841.114;2992.9922;1860.9594;3000.4252;1848.0525;3001.6485;1842.184;2995.9734;1849.5636;2995.4991;1846.8467
2895160.0;2995.558;1856.1662;2995.5102;1848.441;2992.7585;1845.1703;2998.7677;1840.6258;2992.2851;1841.147;2993.0358;1860.8882;3000.378;1848.0192;3001.6233;1842.1855;2995.9308;1849.6209;2995.4735;1846.8215
2895180.0;2995.5919;1856.1224;2995.4142;1848.6064;2992.7425;1845.0635;2998.8129;1840.5407;2992.3075;1841.1613;2993.0749;1860.8101;3000.3189;1847.9844;3001.6047;1842.1858;2995.8405;1849.6873;2995.4131;1846.8292
2895200.0;2995.6071;1856.0376;2995.3199;1848.7631;2992.7493;1844.935;2998.8647;1840.4445;2992.3237;1841.1711;2993.0938;1860.7463;3000.2362;1847.9538;3001.5973;1842.1855;2995.7017;1849.7572;2995.3022;1846.8751
2895220.0;2995.6037;1855.9166;2995.2436;1848.8874;2992.7738;1844.7964;2998.8989;1840.345;2992.3274;1841.1948;2993.0894;1860.7039;3000.1287;1847.9263;3001.603;1842.1844;2995.5265;1849.8252;2995.1385;1846.9521
2895240.0;2995.5872;1855.7699;2995.1945;1848.969;2992.8116;1844.6622;2998.8975;1840.2407;2992.3178;1841.2384;2993.0671;1860.6734;3000.0038;1847.8986;3001.6173;1842.1813;2995.3344;1849.8843;2994.9409;1847.0398
2895260.0;2995.5669;1855.6108;2995.1717;1849.0132;2992.8601;1844.5437;2998.854;1840.1292;2992.3014;1841.289;2993.0324;1860.6419;2999.8744;1847.8684;3001.6313;1842.1747;2995.1455;1849.9312;2994.7402;1847.1154
2895280.0;2995.5532;1855.4523;2995.1663;1849.0328;2992.9183;1844.4429;2998.775;1840.0167;2992.2893;1841.324;2992.9871;1860.6052;2999.7565;1847.8338;3001.6377;1842.1638;2994.9754;1849.968;2994.5599;1847.1659
2895300.0;2995.5546;1855.2955;2995.1695;1849.0398;2992.9861;1844.3534;2998.6771;1839.9174;2992.2916;1841.3279;2992.931;1860.568;2999.6628;1847.7922;3001.6341;1842.1501;2994.8345;1850.0005;2994.4067;1847.1923
2895320.0;2995.574;1855.1277;2995.1803;1849.0417;2993.0628;1844.268;2998.5804;1839.8412;2992.3127;1841.3011;2992.8631;1860.5343;2999.5962;1847.7402;3001.6246;1842.135;2994.7273;1850.0295;2994.2761;1847.2029
2895340.0;2995.6127;1854.9134;2995.2082;1849.042;2993.1474;1844.1848;2998.5018;1839.7861;2992.3493;1841.2528;2992.7843;1860.5045;2999.5475;1847.6769;3001.6167;1842.1175;2994.6531;1850.0438;2994.1611;1847.2042
2895360.0;2995.6743;1854.6012;2995.2685;1849.042;2993.2352;1844.1104;2998.4544;1839.7393;2992.3889;1841.1854;2992.6922;1860.4802;2999.5039;1847.6064;3001.6172;1842.0939;2994.6061;1850.0225;2994.0558;1847.1983
2895380.0;2995.7652;1854.1556;2995.3717;1849.042;2993.3198;1844.0576;2998.4472;1839.6883;2992.4082;1841.0839;2992.5816;1860.4689;2999.4583;1847.5391;3001.6272;1842.063;2994.5796;1849.9445;2993.9531;1847.1803
2895400.0;2995.8839;1853.6072;2995.5154;1849.042;2993.3968;1844.0394;2998.4833;1839.6289;2992.3762;1840.9168;2992.447;1860.4799;2999.4052;1847.4913;3001.6432;1842.0295;2994.5672;1849.8026;2993.8451;1847.1419
2895420.0;2996.0125;1853.0695;2995.6829;1849.0425;2993.4651;1844.0605;2998.5573;1839.5664;2992.264;1840.6521;2992.2888;1860.5136;2999.3351;1847.4802;3001.6619;1842.0021;2994.561;1849.6081;2993.7277;1847.0743
2895440.0;2996.1241;1852.6798;2995.8508;1849.0441;2993.5254;1844.1126;2998.656;1839.511;2992.0593;1840.2749;2992.1174;1860.557;2999.235;1847.5146;3001.6834;1841.988;2994.5515;1849.387;2993.6038;1846.9723
2895460.0;2996.2004;1852.5034;2995.9986;1849.0491;2993.5785;1844.1819;2998.7653;1839.4711;2991.7727;1839.7983;2991.9467;1860.5904;2999.1005;1847.5825;3001.7081;1841.9886;2994.5293;1849.171;2993.4799;1846.8327
2895480.0;2996.2411;1852.4989;2996.1181;1849.0611;2993.6253;1844.2613;2998.8753;1839.4504;2991.4295;1839.253;2991.7844;1860.6004;2998.9439;1847.6492;3001.733;1841.9988;2994.4939;1848.9874;2993.3616;1846.6514
2895500.0;2996.258;1852.5713;2996.212;1849.0835;2993.6663;1844.3539;2998.9828;1839.4487;2991.0561;1838.6711;2991.6274;1860.5873;2998.7874;1847.6728;3001.752;1842.0138;2994.4579;1848.8528;2993.2506;1846.4266
2895520.0;2996.2632;1852.6479;2996.2844;1849.1162;2993.7003;1844.4638;2999.09;1839.4649;2990.6701;1838.0738;2991.4671;1860.5612;2998.6457;1847.6282;3001.7588;1842.0337;2994.441;1848.7701;2993.1451;1846.1654
2895540.0;2996.2635;1852.7087;2996.3321;1849.1536;2993.725;1844.5883;2999.1991;1839.4958;2990.28;1837.4715;2991.2917;1860.5301;2998.5164;1847.5187;3001.7507;1842.0641;2994.461;1848.7317;2993.0421;1845.8838
2895560.0;2996.2601;1852.7738;2996.3441;1849.1883;2993.7379;1844.7212;2999.309;1839.537;2989.8889;1836.868;2991.0923;1860.4948;2998.3841;1847.3643;3001.729;1842.1126;2994.5241;1848.725;2992.9391;1845.6016
2895580.0;2996.252;1852.8658;2996.3135;1849.2171;2993.7376;1844.8595;2999.4149;1839.5845;2989.4978;1836.2645;2990.8706;1860.4521;2998.2327;1847.1865;3001.6977;1842.1836;2994.6221;1848.7345;2992.8375;1845.335
2895600.0;2996.2365;1852.9979;2996.2447;1849.2453;2993.723;1845.0067;2999.5138;1839.6336;2989.1067;1835.661;2990.6452;1860.4009;2998.0597;1847.0022;3001.6622;1842.2753;2994.7339;1848.7426;2992.7457;1845.1011
2895620.0;2996.2133;1853.1681;2996.1492;1849.2818;2993.6933;1845.1676;2999.6056;1839.6763;2988.7156;1835.0575;2990.4504;1860.3426;2997.8823;1846.8274;3001.6274;1842.3809;2994.8324;1848.7294;2992.6771;1844.9193
2895640.0;2996.1849;1853.3685;2996.0344;1849.3313;2993.6463;1845.3493;2999.6925;1839.6998;2988.3244;1834.454;2990.314;1860.2788;2997.7312;1846.6808;3001.5977;1842.4887;2994.8964;1848.6793;2992.6394;1844.8071
2895660.0;2996.1546;1853.5911;2995.9045;1849.3864;2993.5799;1845.557;2999.7773;1839.6953;2987.9333;1833.8505;2990.2377;1860.211;2997.6329;1846.5758;3001.5772;1842.5876;2994.9206;1848.5866;2992.6238;1844.7688
2895680.0;2996.1243;1853.8253;2995.7707;1849.4306;2993.4951;1845.7852;2999.861;1839.6673;2987.5422;1833.247;2990.1987;1860.1444;2997.5911;1846.5142;3001.5687;1842.6698;2994.916;1848.4582;2992.6071;1844.7885
2895700.0;2996.094;1854.0567;2995.6597;1849.4437;2993.4011;1846.0108;2999.9432;1839.6305;2987.1511;1832.6435;2990.1728;1860.0863;2997.5882;1846.4877;3001.5718;1842.7314;2994.9034;1848.3074;2992.5681;1844.8386
2895720.0;2996.0656;1854.2708;2995.6084;1849.4094;2993.3148;1846.2016;3000.0223;1839.6014;2986.76;1832.04;2990.1522;1860.044;2997.6075;1846.4853;3001.5815;1842.7712;2994.9085;1848.1464;2992.5035;1844.8945
2895740.0;2996.0424;1854.4601;2995.6416;1849.3176;2993.2541;1846.3347;3000.0945;1839.5919;2986.3688;1831.4365;2990.1441;1860.0182;2997.649;1846.5007;3001.5902;1842.7898;2994.954;1847.9821;2992.4265;1844.9459
2895760.0;2996.0269;1854.6252;2995.7557;1849.1683;2993.2303;1846.4054;3000.1547;1839.61;2985.9777;1830.833;2990.158;1859.9995;2997.7263;1846.5319;3001.592;1842.7909;2995.0507;1847.8193;2992.349;1844.9935
2895780.0;2996.0188;1854.7702;2995.9194;1848.9763;2993.2466;1846.4203;3000.201;1839.658;2985.5866;1830.2295;2990.1957;1859.9707;2997.8492;1846.5785;3001.5874;1842.7823;2995.1869;1847.6668;2992.2703;1845.0408
2895800.0;2996.0154;1854.898;2996.0927;1848.7699;2993.3011;1846.3896;3000.2368;1839.7294;2985.1955;1829.626;2990.2542;1859.9121;2998.0145;1846.6366;3001.5812;1842.7719;2995.3325;1847.5365;2992.1793;1845.086
2895820.0;2996.0143;1855.0109;2996.2457;1848.5814;2993.3885;1846.3277;3000.2711;1839.8111;2984.8044;1829.0225;2990.328;1859.8093;2998.2114;1846.6973;3001.577;1842.7633;2995.4576;1847.434;2992.0658;1845.1232
2895840.0;2996.014;1855.114;2996.3673;1848.4332;2993.5009;1846.2528;3000.3121;1839.891;2984.4132;1828.419;2990.4065;1859.6556;2998.4298;1846.7487;3001.5746;1842.7544;2995.549;1847.3517;2991.9304;1845.1487
2895860.0;2996.014;1855.2148;2996.4598;1848.3285;2993.6262;1846.1819;3000.3619;1839.9655;2984.0221;1827.8154;2990.4731;1859.4534;2998.662;1846.7813;3001.5733;1842.7394;2995.6124;1847.2756;2991.7832;1845.1651
2895880.0;2996.014;1855.3221;2996.5309;1848.2571;2993.748;1846.1281;3000.4174;1840.0404;2983.631;1827.2119;2990.5061;1859.2102;2998.8995;1846.7924;3001.5765;1842.711;2995.6635;1847.1983;2991.6354;1845.1822
2895900.0;2996.014;1855.443;2996.5883;1848.2067;2993.8529;1846.1003;3000.4752;1840.1248;2983.2399;1826.6084;2990.4895;1858.9327;2999.1282;1846.7854;3001.5904;1842.6652;2995.7167;1847.1244;2991.4968;1845.216
2895920.0;2996.014;1855.5794;2996.6376;1848.1706;2993.9352;1846.1044;3000.532;1840.2233;2982.8488;1826.0049;2990.4287;1858.62;2999.3288;1846.7655;3001.6168;1842.6035;2995.7794;1847.0673;2991.3775;1845.2869
2895940.0;2996.014;1855.7274;2996.6833;1848.1438;2993.9995;1846.138;3000.583;1840.3322;2982.4576;1825.4014;2990.3565;1858.267;2999.4817;1846.7381;3001.6482;1842.5345;2995.8507;1847.0391;2991.2898;1845.4094
2895960.0;2996.014;1855.8809;2996.7294;1848.1189;2994.0553;1846.1897;3000.6187;1840.4427;2982.0665;1824.7979;2990.3213;1857.8787;2999.578;1846.7053;3001.6699;1842.4697;2995.9245;1847.0433;2991.2407;1845.577
2895980.0;2996.014;1856.038;2996.7793;1848.0851;2994.1112;1846.2454;3000.6267;1840.5457;2981.6754;1824.1944;2990.3559;1857.4762;2999.6239;1846.6677;3001.6693;1842.4168;2995.9916;1847.0677;2991.2236;1845.7576
2896000.0;2996.014;1856.2038;2996.8352;1848.0335;2994.172;1846.2976;3000.5988;1840.6357;2981.2843;1823.5909;2990.4522;1857.089;2999.6348;1846.6252;3001.6454;1842.3751;2996.0418;1847.0873;2991.2213;1845.9111
2896020.0;2996.0137;1856.3826;2996.8955;1847.9604;2994.2403;1846.3443;3000.5377;1840.71;2980.8932;1822.9874;2990.567;1856.741;2999.6252;1846.58;3001.6068;1842.3378;2996.0668;1847.0811;2991.2205;1846.0145
2896040.0;2996.0126;1856.5699;2996.9531;1847.87;2994.3174;1846.3822;3000.4568;1840.7684;2980.5021;1822.3839;2990.6542;1856.446;2999.6059;1846.5365;3001.5627;1842.2992;2996.0635;1847.0479;2991.2175;1846.0726
2896060.0;2996.0092;1856.7529;2996.9987;1847.7731;2994.402;1846.4033;3000.3731;1840.813;2980.1109;1821.7804;2990.6927;1856.2063;2999.585;1846.4983;3001.514;1842.2604;2996.0337;1847.002;2991.2124;1846.1066
2896080.0;2996.0011;1856.9229;2997.0264;1847.6823;2994.4905;1846.3979;3000.2975;1840.8461;2979.7198;1821.1769;2990.6912;1856.0128;2999.568;1846.4648;3001.4557;1842.2273;2995.9787;1846.9551;2991.2026;1846.1376
2896100.0;2995.9859;1857.0823;2997.0383;1847.6055;2994.5781;1846.3627;3000.2314;1840.8667;2979.3287;1820.5734;2990.6727;1855.8472;2999.5522;1846.4303;3001.385;1842.2045;2995.8961;1846.9071;2991.1837;1846.1773
2896120.0;2995.9638;1857.2406;2997.0443;1847.5402;2994.6645;1846.2999;3000.172;1840.8704;2978.9376;1819.9699;2990.6531;1855.6893;2999.5222;1846.389;3001.3067;1842.1914;2995.7828;1846.8552;2991.1536;1846.2278
2896140.0;2995.9387;1857.4051;2997.0552;1847.4781;2994.7556;1846.2162;3000.1182;1840.8536;2978.5465;1819.3664;2990.6327;1855.5283;2999.451;1846.3369;3001.2273;1842.183;2995.6423;1846.8061;2991.1138;1846.2874
2896160.0;2995.9166;1857.5745;2997.0774;1847.4134;2994.8591;1846.1182;3000.0691;1840.8169;2978.1553;1818.7629;2990.6003;1855.3659;2999.3026;1846.2691;3001.1485;1842.174;2995.487;1846.7757;2991.0644;1846.3537
2896180.0;2995.9017;1857.7415;2997.1116;1847.3475;2994.9797;1846.0095;3000.0188;1840.7655;2977.7642;1818.1594;2990.5496;1855.2093;2999.0419;1846.1775;3001.0656;1842.1611;2995.3342;1846.777;2991.0023;1846.4245
2896200.0;2995.8947;1857.8968;2997.1563;1847.2863;2995.1157;1845.8881;2999.9537;1840.7076;2977.3731;1817.5559;2990.4884;1855.064;2998.6561;1846.057;3000.9755;1842.1453;2995.2023;1846.8116;2990.9216;1846.4962
2896220.0;2995.8947;1858.032;2997.2087;1847.2329;2995.2634;1845.749;2999.8585;1840.6502;2976.982;1816.9524;2990.4311;1854.93;2998.1759;1845.9201;3000.883;1842.1305;2995.1058;1846.8676;2990.8149;1846.5643
2896240.0;2995.9017;1858.141;2997.2651;1847.1848;2995.4185;1845.5914;2999.7264;1840.6;2976.5909;1816.3488;2990.3832;1854.8049;2997.6732;1845.7974;3000.799;1842.1207;2995.0538;1846.9291;2990.672;1846.6252
2896260.0;2995.9166;1858.2213;2997.3191;1847.1379;2995.5759;1845.4244;2999.5654;1840.5615;2976.1997;1815.7453;2990.335;1854.6891;2997.2274;1845.7181;3000.7318;1842.1152;2995.0459;1846.984;2990.4858;1846.6765
2896280.0;2995.939;1858.274;2997.3656;1847.0905;2995.7283;1845.2608;2999.3956;1840.5358;2975.8086;1815.1418;2990.2666;1854.585;2996.8873;1845.6884;3000.6816;1842.1083;2995.0729;1847.0291;2990.2615;1846.7173
2896300.0;2995.9652;1858.3036;2997.4044;1847.0431;2995.8706;1845.1091;2999.238;1840.5188;2975.4175;1814.5383;2990.1608;1854.4925;2996.6588;1845.6882;3000.6422;1842.0944;2995.1214;1847.068;2990.0231;1846.7502
2896320.0;2995.9907;1858.3162;2997.438;1846.9952;2996.0;1844.9731;2999.1034;1840.5026;2975.0264;1813.9348;2990.0125;1854.4056;2996.5204;1845.6895;3000.6061;1842.0735;2995.1793;1847.1065;2989.8036;1846.7829
2896340.0;2996.014;1858.3162;2997.4676;1846.9457;2996.1151;1844.8602;2998.9895;1840.4791;2974.6409;1813.3175;2989.8336;1854.3143;2996.4422;1845.6753;3000.569;1842.0515;2995.2325;1847.1508;2989.6244;1846.8244
2896360.0;2996.0376;1858.304;2997.4911;1846.895;2996.2149;1844.7805;2998.8884;1840.4439;2974.275;1812.6645;2989.648;1854.2097;2996.3973;1845.6447;3000.5306;1842.0348;2995.2609;1847.2052;2989.4849;1846.8755
2896380.0;2996.0642;1858.276;2997.5065;1846.845;2996.299;1844.7383;2998.7948;1840.397;2973.9668;1811.9322;2989.4821;1854.0853;2996.3645;1845.6048;3000.493;1842.0254;2995.2422;1847.2672;2989.3749;1846.9283
2896400.0;2996.0937;1858.2286;2997.5141;1846.7964;2996.3695;1844.7222;2998.7082;1840.3397;2973.7879;1811.0889;2989.3522;1853.9372;2996.3297;1845.5605;3000.4595;1842.0227;2995.1656;1847.3258;2989.2919;1846.9716
2896420.0;2996.1245;1858.1615;2997.5153;1846.7475;2996.4289;1844.7122;2998.6299;1840.2733;2973.8284;1810.2257;2989.2588;1853.7658;2996.2893;1845.5061;3000.433;1842.0258;2995.0415;1847.3671;2989.2438;1846.9984
2896440.0;2996.156;1858.0794;2997.5096;1846.6983;2996.4787;1844.6914;2998.5586;1840.1986;2974.1424;1809.7253;2989.1874;1853.5786;2996.2459;1845.4282;3000.4133;1842.0362;2994.8926;1847.3837;2989.2377;1847.0067
2896460.0;2996.1896;1857.9889;2997.4933;1846.653;2996.5201;1844.655;2998.4914;1840.1193;2974.6892;1810.2575;2989.1162;1853.3893;2996.2032;1845.3182;3000.3967;1842.0564;2994.7424;1847.3792;2989.2666;1846.9926
2896480.0;2996.2262;1857.8955;2997.4619;1846.616;2996.5542;1844.6073;2998.4254;1840.043;2975.3372;1812.4487;2989.0286;1853.2196;2996.1599;1845.1846;3000.3781;1842.0858;2994.6087;1847.3647;2989.3129;1846.9428
2896500.0;2996.2649;1857.8018;2997.414;1846.5877;2996.5804;1844.5563;2998.36;1839.981;2975.9415;1816.4472;2988.9268;1853.1049;2996.1095;1845.0514;3000.3547;1842.1191;2994.5021;1847.3504;2989.3613;1846.8391
2896520.0;2996.3036;1857.707;2997.3546;1846.5614;2996.5971;1844.5105;2998.2975;1839.9432;2976.4214;1821.8433;2988.8327;1853.0912;2996.0456;1844.9423;3000.3282;1842.1489;2994.4277;1847.3442;2989.4053;1846.6734
2896540.0;2996.3401;1857.6076;2997.2916;1846.5271;2996.6049;1844.4784;2998.2426;1839.9315;2976.7653;1828.052;2988.7733;1853.2135;2995.9675;1844.8665;3000.3027;1842.1707;2994.3831;1847.346;2989.4462;1846.4667
2896560.0;2996.3738;1857.5001;2997.2296;1846.4783;2996.6069;1844.4665;2998.2001;1839.9379;2976.9855;1834.6913;2988.7598;1853.4721;2995.8818;1844.8196;3000.2794;1842.1865;2994.3628;1847.3478;2989.4884;1846.2668
2896580.0;2996.4053;1857.383;2997.1683;1846.4166;2996.6062;1844.4765;2998.1722;1839.9478;2977.0913;1841.5452;2988.783;1853.8322;2995.7993;1844.7909;3000.2558;1842.2035;2994.3623;1847.3382;2989.5371;1846.1211
2896600.0;2996.4361;1857.2583;2997.1047;1846.3479;2996.6025;1844.5042;2998.1569;1839.9477;2977.1043;1848.2819;2988.8272;1854.2522;2995.7313;1844.7688;3000.2292;1842.2292;2994.38;1847.3134;2989.5945;1846.0468
2896620.0;2996.4656;1857.1287;2997.0355;1846.2788;2996.5961;1844.5396;2998.15;1839.9301;2977.0783;1854.3645;2988.8837;1854.708;2995.6837;1844.7439;3000.1997;1842.2677;2994.416;1847.2841;2989.6561;1846.0254
2896640.0;2996.4922;1856.999;2996.959;1846.2146;2996.5924;1844.5718;2998.1475;1839.8958;2977.0763;1859.3034;2988.9508;1855.1959;2995.6545;1844.7117;3000.1691;1842.318;2994.4669;1847.2673;2989.7117;1846.0268
2896660.0;2996.5158;1856.8764;2996.877;1846.1612;2996.5994;1844.5943;2998.1468;1839.8512;2977.1404;1862.9064;2989.028;1855.7186;2995.6357;1844.6734;3000.1385;1842.3753;2994.521;1847.2714;2989.7535;1846.0349
2896680.0;2996.5394;1856.7684;2996.7948;1846.1214;2996.6227;1844.6059;2998.1467;1839.8035;2977.282;1865.2897;2989.1107;1856.2716;2995.6151;1844.6336;3000.1071;1842.4337;2994.5588;1847.2922;2989.782;1846.0549
2896700.0;2996.566;1856.6781;2996.7193;1846.0879;2996.664;1844.6092;2998.1467;1839.7564;2977.4994;1866.6909;2989.192;1856.8423;2995.582;1844.596;3000.0753;1842.4864;2994.5596;1847.3243;2989.804;1846.0981
2896720.0;2996.5955;1856.6019;2996.6528;1846.0438;2996.7223;1844.6059;2998.1467;1839.7105;2977.793;1867.3331;2989.2628;1857.4208;2995.5337;1844.5649;3000.044;1842.5273;2994.5106;1847.3707;2989.8242;1846.1649
2896740.0;2996.6261;1856.5326;2996.5927;1845.976;2996.7954;1844.5938;2998.1467;1839.668;2978.1653;1867.3956;2989.3125;1858.0102;2995.4809;1844.5473;3000.0133;1842.5536;2994.4134;1847.4407;2989.8423;1846.2435
2896760.0;2996.6567;1856.4634;2996.5352;1845.8844;2996.877;1844.5696;2998.1467;1839.6336;2978.6171;1867.0302;2989.3353;1858.6232;2995.4433;1844.5504;2999.9828;1842.5672;2994.2804;1847.5395;2989.8564;1846.3192
2896780.0;2996.6881;1856.3896;2996.4849;1845.7809;2996.959;1844.5314;2998.1467;1839.6107;2979.1421;1866.3694;2989.3369;1859.2639;2995.4351;1844.5758;2999.9532;1842.5732;2994.1267;1847.6621;2989.8671;1846.3842
2896800.0;2996.7199;1856.3092;2996.4601;1845.6815;2997.0352;1844.4812;2998.147;1839.5987;2979.7229;1865.5235;2989.3299;1859.914;2995.4537;1844.6178;2999.9266;1842.5766;2993.9638;1847.7993;2989.8783;1846.4377
2896820.0;2996.7512;1856.2232;2996.4874;1845.5978;2997.103;1844.4239;2998.1481;1839.5936;2980.3282;1864.5823;2989.3216;1860.5383;2995.4852;1844.6668;2999.903;1842.582;2993.7976;1847.9433;2989.8952;1846.4838
2896840.0;2996.7819;1856.1347;2996.5821;1845.5315;2997.1624;1844.3655;2998.1515;1839.592;2980.9191;1863.6136;2989.3063;1861.1068;2995.5161;1844.7131;2999.8794;1842.594;2993.6304;1848.0896;2989.9197;1846.526
2896860.0;2996.8121;1856.047;2996.7291;1845.4736;2997.2133;1844.3128;2998.1596;1839.5912;2981.4649;1862.6665;2989.271;1861.6121;2995.5377;1844.7442;2999.8528;1842.6165;2993.4631;1848.2366;2989.9524;1846.5652
2896880.0;2996.8406;1855.9633;2996.8852;1845.4112;2997.2551;1844.2719;2998.1748;1839.5898;2981.9497;1861.787;2989.2055;1862.0735;2995.5434;1844.7458;2999.823;1842.6495;2993.2958;1848.3836;2989.9949;1846.6
2896900.0;2996.8638;1855.8875;2997.0043;1845.3438;2997.2876;1844.246;2998.1969;1839.5853;2982.3698;1861.0294;2989.1072;1862.5264;2995.5276;1844.7072;2999.7914;1842.6882;2993.1286;1848.5306;2990.0556;1846.6319
2896920.0;2996.8793;1855.8248;2997.063;1845.2864;2997.3105;1844.2346;2998.2219;1839.5745;2982.7244;1860.4426;2988.9818;1863.0039;2995.4911;1844.6341;2999.7573;1842.7258;2992.967;1848.6814;2990.1494;1846.6696
2896940.0;2996.8871;1855.7797;2997.0647;1845.2555;2997.3218;1844.2362;2998.2443;1839.5543;2983.0125;1860.0468;2988.8425;1863.5221;2995.4451;1844.5503;2999.7179;1842.7603;2992.8235;1848.8444;2990.2943;1846.7227
2896960.0;2996.8894;1855.7524;2997.0269;1845.2527;2997.3177;1844.253;2998.2606;1839.5249;2983.2369;1859.8264;2988.7057;1864.0779;2995.4042;1844.4825;2999.6706;1842.7951;2992.7309;1849.042;2990.5037;1846.7899
2896980.0;2996.8871;1855.7389;2996.9678;1845.2613;2997.2966;1844.2899;2998.2722;1839.4916;2983.4084;1859.7435;2988.5817;1864.6588;2995.3791;1844.4423;2999.616;1842.8342;2992.7459;1849.3139;2990.7746;1846.8535
2897000.0;2996.8793;1855.7335;2996.9011;1845.259;2997.2629;1844.3493;2998.284;1839.4622;2983.5479;1859.7529;2988.4696;1865.2584;2995.3705;1844.4221;2999.5569;1842.8774;2992.9314;1849.7221;2991.078;1846.8905
2897020.0;2996.8641;1855.7323;2996.8372;1845.2344;2997.2306;1844.4226;2998.3013;1839.442;2983.6815;1859.8099;2988.3658;1865.8815;2995.3718;1844.4058;2999.4964;1842.9212;2993.3011;1850.3185;2991.362;1846.8922
2897040.0;2996.842;1855.7335;2996.7807;1845.1927;2997.2169;1844.4891;2998.3271;1839.4312;2983.8307;1859.8737;2988.2749;1866.5336;2995.3741;1844.383;2999.4373;1842.9639;2993.7915;1851.164;2991.5737;1846.8689
2897060.0;2996.8172;1855.7385;2996.7331;1845.1466;2997.2318;1844.5255;2998.3606;1839.4267;2983.9999;1859.917;2988.2214;1867.2114;2995.3702;1844.3537;2999.3828;1843.0053;2994.2974;1852.3556;2991.6844;1846.8362
2897080.0;2996.7962;1855.7505;2996.6926;1845.1043;2997.2717;1844.5214;2998.3993;1839.4248;2984.1714;1859.9347;2988.2441;1867.8982;2995.3564;1844.3315;2999.3355;1843.0436;2994.7478;1854.0107;2991.6952;1846.7986
2897100.0;2996.7844;1855.7726;2996.6567;1845.063;2997.32;1844.4884;2998.4409;1839.423;2984.3161;1859.9413;2988.3742;1868.5661;2995.3329;1844.3372;2999.2957;1843.0746;2995.1315;1856.1373;2991.6231;1846.7497
2897120.0;2996.7844;1855.8036;2996.6216;1845.0163;2997.3588;1844.4539;2998.4849;1839.419;2984.413;1859.9565;2988.6041;1869.1826;2995.3033;1844.3857;2999.2609;1843.0952;2995.4545;1858.5032;2991.4793;1846.6863
2897140.0;2996.7962;1855.836;2996.5832;1844.9626;2997.3786;1844.4424;2998.5318;1839.4103;2984.4613;1859.9911;2988.8726;1869.7239;2995.2742;1844.4702;2999.2272;1843.1064;2995.7054;1860.6992;2991.2632;1846.6267
2897160.0;2996.8172;1855.8582;2996.5407;1844.9041;2997.3797;1844.4627;2998.5807;1839.3964;2984.4757;1860.0433;2989.0926;1870.19;2995.2518;1844.5614;2999.1938;1843.1126;2995.8697;1862.3845;2990.9727;1846.6097
2897180.0;2996.8422;1855.8636;2996.4987;1844.844;2997.3665;1844.5096;2998.628;1839.381;2984.4719;1860.1068;2989.208;1870.6054;2995.2396;1844.6283;2999.1635;1843.119;2995.9533;1863.469;2990.6219;1846.6735
2897200.0;2996.8652;1855.8565;2996.4664;1844.7844;2997.344;1844.5722;2998.668;1839.3715;2984.4569;1860.182;2989.2228;1870.9988;2995.2358;1844.6625;2999.1411;1843.1314;2995.9796;1864.083;2990.2452;1846.8264
2897220.0;2996.8827;1855.8514;2996.4513;1844.7258;2997.3179;1844.6384;2998.6981;1839.3737;2984.428;1860.2824;2989.183;1871.38;2995.2335;1844.6785;2999.13;1843.1539;2995.9632;1864.4215;2989.8871;1847.0405
2897240.0;2996.8955;1855.8639;2996.4551;1844.668;2997.293;1844.6993;2998.7202;1839.3861;2984.3799;1860.4278;2989.1378;1871.7398;2995.225;1844.6943;2999.1293;1843.187;2995.906;1864.6334;2989.5858;1847.2751
2897260.0;2996.906;1855.899;2996.472;1844.6116;2997.2719;1844.7497;2998.7381;1839.4016;2984.312;1860.6298;2989.116;1872.0646;2995.2077;1844.7137;2999.134;1843.2257;2995.8011;1864.7892;2989.3626;1847.5081
2897280.0;2996.914;1855.9495;2996.4941;1844.5588;2997.2536;1844.7904;2998.753;1839.4138;2984.2334;1860.8776;2989.1252;1872.3511;2995.1846;1844.7278;2999.1374;1843.2639;2995.6487;1864.9162;2989.2231;1847.7484
2897300.0;2996.9172;1856.0018;2996.5175;1844.5151;2997.2363;1844.8246;2998.7636;1839.4203;2984.1598;1861.1388;2989.1592;1872.6054;2995.1623;1844.726;2999.1338;1843.2996;2995.4515;1865.0117;2989.1569;1848.0189
2897320.0;2996.9143;1856.0466;2996.5439;1844.4875;2997.2204;1844.8547;2998.7686;1839.4218;2984.107;1861.3782;2989.2077;1872.8359;2995.1439;1844.707;2999.1197;1843.3367;2995.2173;1865.0757;2989.1446;1848.3404
2897340.0;2996.9074;1856.0834;2996.5775;1844.4789;2997.2091;1844.8795;2998.768;1839.4188;2984.0843;1861.5802;2989.2689;1873.0428;2995.1277;1844.6786;2999.0951;1843.3788;2994.9614;1865.1183;2989.1667;1848.7222
2897360.0;2996.9003;1856.1187;2996.6189;1844.4813;2997.2062;1844.8946;2998.7608;1839.4107;2984.0921;1861.7532;2989.3524;1873.2106;2995.1088;1844.6525;2999.0622;1843.4245;2994.7159;1865.1549;2989.2079;1849.1599
2897380.0;2996.8956;1856.1576;2996.6634;1844.4795;2997.2132;1844.8944;2998.7459;1839.3982;2984.1235;1861.9088;2989.4695;1873.3074;2995.0845;1844.6393;2999.0246;1843.4679;2994.5265;1865.1964;2989.2573;1849.6279
2897400.0;2996.8933;1856.1998;2996.7039;1844.463;2997.2278;1844.8772;2998.7238;1839.3873;2984.1683;1862.0387;2989.6238;1873.3022;2995.0558;1844.6461;2998.9859;1843.5034;2994.4298;1865.2446;2989.3034;1850.0789
2897420.0;2996.8924;1856.2406;2996.7352;1844.437;2997.2441;1844.8488;2998.6987;1839.3887;2984.2162;1862.1228;2989.8117;1873.191;2995.0256;1844.6793;2998.9482;1843.5284;2994.4257;1865.296;2989.3353;1850.4638
2897440.0;2996.8922;1856.2745;2996.7572;1844.4178;2997.2567;1844.82;2998.6766;1839.411;2984.2578;1862.1629;2990.0257;1873.0084;2994.9952;1844.7429;2998.9112;1843.5433;2994.4767;1865.3492;2989.348;1850.7628
2897460.0;2996.8922;1856.2977;2996.7748;1844.4151;2997.264;1844.7984;2998.6614;1839.4528;2984.2863;1862.1912;2990.2522;1872.81;2994.9649;1844.8331;2998.8716;1843.5528;2994.5381;1865.4094;2989.3436;1850.9918
2897480.0;2996.8922;1856.3071;2996.7948;1844.4252;2997.2671;1844.7853;2998.653;1839.5016;2984.3019;1862.2269;2990.4663;1872.6418;2994.9365;1844.9355;2998.8259;1843.5654;2994.5883;1865.4868;2989.3275;1851.1812
2897500.0;2996.8922;1856.3023;2996.8214;1844.4388;2997.2682;1844.7758;2998.6485;1839.5432;2984.3199;1862.2222;2990.6395;1872.524;2994.9133;1845.029;2998.7753;1843.5877;2994.6329;1865.5885;2989.3042;1851.3507
2897520.0;2996.8922;1856.2861;2996.8549;1844.4501;2997.2682;1844.7633;2998.644;1839.5703;2984.3668;1862.0687;2990.754;1872.4565;2994.8978;1845.0982;2998.7271;1843.6181;2994.6886;1865.7145;2989.2777;1851.5048
2897540.0;2996.8919;1856.2612;2996.8922;1844.4545;2997.2671;1844.7431;2998.6356;1839.584;2984.4651;1861.6717;2990.8093;1872.4322;2994.8897;1845.1402;2998.6895;1843.649;2994.7641;1865.8581;2989.2524;1851.6369
2897560.0;2996.8908;1856.2261;2996.9295;1844.4448;2997.2638;1844.7152;2998.6204;1839.5896;2984.6187;1861.0185;2990.8175;1872.4494;2994.8863;1845.1627;2998.6662;1843.6752;2994.8578;1866.011;2989.2344;1851.7352
2897580.0;2996.8874;1856.1769;2996.9626;1844.4154;2997.2553;1844.6864;2998.5983;1839.5912;2984.8141;1860.1715;2990.7925;1872.5106;2994.8852;1845.1786;2998.6547;1843.6988;2994.9631;1866.168;2989.2269;1851.7762
2897600.0;2996.8793;1856.1117;2996.9881;1844.3685;2997.2396;1844.6678;2998.5733;1839.5916;2985.0329;1859.2158;2990.745;1872.6155;2994.8849;1845.1998;2998.6502;1843.7266;2995.0736;1866.3261;2989.2283;1851.7283
2897620.0;2996.8641;1856.0317;2997.0044;1844.3157;2997.2163;1844.6674;2998.5512;1839.5916;2985.2616;1858.2133;2990.6795;1872.7506;2994.8849;1845.2336;2998.6488;1843.762;2995.186;1866.4846;2989.2341;1851.5639
2897640.0;2996.842;1855.9394;2997.0126;1844.2678;2997.1899;1844.6846;2998.536;1839.5916;2985.4938;1857.1948;2990.5948;1872.8916;2994.8849;1845.2781;2998.6485;1843.8028;2995.2989;1866.643;2989.2425;1851.2713
2897660.0;2996.8169;1855.8354;2997.0143;1844.2273;2997.1686;1844.7088;2998.5278;1839.5916;2985.7268;1856.1725;2990.4893;1873.0158;2994.8849;1845.3244;2998.6485;1843.8432;2995.4118;1866.8014;2989.2566;1850.8559
2897680.0;2996.7948;1855.7208;2997.0098;1844.189;2997.1606;1844.7263;2998.5242;1839.592;2985.9598;1855.1501;2990.3677;1873.1151;2994.8849;1845.3647;2998.6485;1843.8796;2995.5247;1866.9599;2989.283;1850.3381
2897700.0;2996.7796;1855.5971;2996.9952;1844.1463;2997.1682;1844.7274;2998.522;1839.5936;2986.1928;1854.1278;2990.2396;1873.1933;2994.8849;1845.3994;2998.6485;1843.9116;2995.6376;1867.1183;2989.3276;1849.7562
2897720.0;2996.7715;1855.4658;2996.9637;1844.0982;2997.1847;1844.7133;2998.5183;1839.5987;2986.4258;1853.1055;2990.1126;1873.2584;2994.8849;1845.4336;2998.6485;1843.9407;2995.7505;1867.2767;2989.3919;1849.1722
2897740.0;2996.7678;1855.3292;2996.9112;1844.0494;2997.1974;1844.6954;2998.5102;1839.6107;2986.6588;1852.0831;2989.9875;1873.316;2994.8849;1845.4686;2998.6485;1843.9682;2995.8634;1867.4352;2989.4723;1848.6607
2897760.0;2996.7656;1855.1903;2996.842;1844.0083;2997.197;1844.6876;2998.495;1839.6331;2986.8917;1851.0608;2989.8607;1873.367;2994.8852;1845.4991;2998.6482;1843.9944;2995.9764;1867.5936;2989.561;1848.2796
2897780.0;2996.7619;1855.0524;2996.7698;1843.9832;2997.1837;1844.6972;2998.4729;1839.6658;2987.1247;1850.0384;2989.7263;1873.41;2994.8863;1845.5191;2998.6471;1844.0194;2996.0893;1867.752;2989.6499;1848.0437
2897800.0;2996.7538;1854.916;2996.7103;1843.9778;2997.1639;1844.7197;2998.4478;1839.7028;2987.3577;1849.0161;2989.5769;1873.443;2994.89;1845.5257;2998.6437;1844.0457;2996.2003;1867.9072;2989.7344;1847.9288
2897820.0;2996.7383;1854.7825;2996.6718;1843.9879;2997.1425;1844.7446;2998.4257;1839.7354;2987.5907;1847.9938;2989.4053;1873.4622;2994.8992;1845.5187;2998.6353;1844.0777;2996.3042;1868.0528;2989.8175;1847.9007
2897840.0;2996.7151;1854.6589;2996.6522;1844.0015;2997.1197;1844.7633;2998.4102;1839.7579;2987.8237;1846.9714;2989.21;1873.4613;2994.9181;1845.4979;2998.619;1844.1193;2996.3856;1868.1725;2989.909;1847.9399
2897860.0;2996.6867;1854.5569;2996.6443;1844.0064;2997.0942;1844.7737;2998.401;1839.7699;2988.0567;1845.9491;2989.0011;1873.432;2994.9497;1845.4657;2998.5935;1844.171;2996.4129;1868.2405;2990.0167;1848.0398
2897880.0;2996.6565;1854.4861;2996.6418;1843.9951;2997.0681;1844.7782;2998.3942;1839.7749;2988.2896;1844.9267;2988.7949;1873.3661;2994.995;1845.4287;2998.5604;1844.2307;2996.3375;1868.2341;2990.1414;1848.1905
2897900.0;2996.6261;1854.4467;2996.6415;1843.9683;2997.046;1844.7797;2998.385;1839.7765;2988.5226;1843.9044;2988.6108;1873.2553;2995.0515;1845.3964;2998.5231;1844.2952;2996.1087;1868.1607;2990.2813;1848.3771
2897920.0;2996.5955;1854.4326;2996.6424;1843.9322;2997.0319;1844.7801;2998.3695;1839.7769;2988.7556;1842.8821;2988.4675;1873.092;2995.1166;1845.3756;2998.4858;1844.363;2995.7033;1868.0584;2990.4404;1848.5887
2897940.0;2996.566;1854.4374;2996.6446;1843.8939;2997.0272;1844.7801;2998.3474;1839.7769;2988.9886;1841.8597;2988.3802;1872.8713;2995.1849;1845.3686;2998.4526;1844.433;2995.1508;1867.948;2990.6289;1848.8242
2897960.0;2996.5394;1854.4582;2996.6494;1843.8597;2997.0319;1844.7801;2998.3222;1839.7771;2989.2216;1840.8374;2988.3497;1872.6002;2995.2451;1845.3756;2998.4271;1844.5028;2994.5458;1867.772;2990.8545;1849.0842
2897980.0;2996.5158;1854.4918;2996.6562;1843.836;2997.0465;1844.7797;2998.2994;1839.7783;2989.4546;1839.815;2988.3563;1872.3001;2995.2824;1845.3964;2998.4108;1844.5671;2994.042;1867.3873;2991.1149;1849.3607
2898000.0;2996.4925;1854.5325;2996.6617;1843.8308;2997.0709;1844.7778;2998.282;1839.7819;2989.6876;1838.7927;2988.372;1871.9962;2995.2896;1845.4287;2998.4024;1844.62;2993.8088;1866.655;2991.3991;1849.6352
2898020.0;2996.467;1854.5728;2996.6602;1843.8494;2997.1043;1844.7713;2998.2681;1839.7913;2989.9205;1837.7703;2988.3787;1871.7044;2995.2784;1845.466;2998.3993;1844.6605;2993.9514;1865.5596;2991.6924;1849.884
2898040.0;2996.4408;1854.6067;2996.6457;1843.8877;2997.1489;1844.7532;2998.253;1839.8102;2990.1535;1836.748;2988.3747;1871.4324;2995.2722;1845.5002;2998.3993;1844.6932;2994.4387;1864.2599;2991.9801;1850.0842
2898060.0;2996.4184;1854.63;2996.6152;1843.9338;2997.2121;1844.7135;2998.2333;1839.8405;2990.3865;1835.7257;2988.3626;1871.1903;2995.2857;1845.528;2998.4024;1844.7217;2995.1136;1863.0214;2992.2543;1850.2238
2898080.0;2996.4033;1854.6394;2996.5694;1843.9753;2997.3049;1844.642;2998.2094;1839.8788;2990.6195;1834.7033;2988.338;1870.9947;2995.3138;1845.5542;2998.4105;1844.745;2995.792;1862.0665;2992.5167;1850.3083
2898100.0;2996.3951;1854.6346;2996.513;1844.0057;2997.4339;1844.5344;2998.1861;1839.9171;2990.8525;1833.681;2988.2934;1870.858;2995.3412;1845.5903;2998.4257;1844.7581;2996.367;1861.4691;2992.7747;1850.3576
2898120.0;2996.3917;1854.6188;2996.4521;1844.0242;2997.5952;1844.3973;2998.1689;1839.9474;2991.0852;1832.6724;2988.2269;1870.777;2995.3575;1845.6486;2998.4481;1844.757;2996.8278;1861.161;2993.0345;1850.3941
2898140.0;2996.3904;1854.5953;2996.3906;1844.034;2997.7729;1844.2458;2998.162;1839.9664;2991.3165;1831.718;2988.1446;1870.7341;2995.3619;1845.7361;2998.4742;1844.7405;2997.2144;1861.0232;2993.2995;1850.431
2898160.0;2996.389;1854.5651;2996.3297;1844.0399;2997.944;1844.0983;2998.1691;1839.9762;2991.5423;1830.9311;2988.057;1870.7072;2995.3591;1845.8514;2998.5;1844.7109;2997.5665;1860.9602;2993.5753;1850.4705
2898180.0;2996.3856;1854.5288;2996.271;1844.0478;2998.0867;1843.9691;2998.1947;1839.9814;2991.7528;1830.5477;2987.978;1870.6799;2995.3535;1845.9857;2998.5244;1844.673;2997.9058;1860.9229;2993.8695;1850.5096
2898200.0;2996.3774;1854.4908;2996.2194;1844.0657;2998.1899;1843.8669;2998.2428;1839.988;2991.9286;1830.9173;2987.924;1870.6486;2995.3512;1846.1263;2998.5514;1844.6311;2998.242;1860.8925;2994.1868;1850.5517
2898220.0;2996.3623;1854.4594;2996.1807;1844.1013;2998.2557;1843.7967;2998.3131;1840.0018;2992.0419;1832.383;2987.9092;1870.6208;2995.3595;1846.2634;2998.5862;1844.5867;2998.5783;1860.8621;2994.5187;1850.6095
2898240.0;2996.3401;1854.4419;2996.1571;1844.1591;2998.2918;1843.7625;2998.3982;1840.0289;2992.0633;1835.0749;2987.9368;1870.606;2995.3825;1846.3924;2998.6312;1844.5373;2998.9145;1860.8317;2994.8396;1850.6972
2898260.0;2996.3151;1854.4419;2996.1456;1844.2332;2998.3031;1843.7667;2998.4848;1840.0723;2991.9773;1838.7867;2987.9966;1870.6051;2995.417;1846.512;2998.6852;1844.4806;2999.2507;1860.8013;2995.112;1850.8112
2898280.0;2996.293;1854.4594;2996.1411;1844.3099;2998.2904;1843.8057;2998.5621;1840.1284;2991.7937;1843.0418;2988.0709;1870.6115;2995.4549;1846.6213;2998.7454;1844.4153;2999.5869;1860.771;2995.3062;1850.9225
2898300.0;2996.2775;1854.4904;2996.14;1844.3753;2998.2579;1843.8667;2998.6274;1840.1867;2991.5471;1847.2971;2988.1414;1870.624;2995.4894;1846.7192;2998.8104;1844.3397;2999.9231;1860.7406;2995.4227;1850.9929
2898320.0;2996.2683;1854.527;2996.1408;1844.4232;2998.2155;1843.9315;2998.687;1840.2357;2991.2814;1851.1417;2988.1936;1870.6553;2995.5181;1846.805;2998.881;1844.2525;3000.2593;1860.7102;2995.4953;1851.0032
2898340.0;2996.2615;1854.5596;2996.1439;1844.4547;2998.1729;1843.985;2998.7492;1840.2705;2991.0287;1854.3959;2988.2172;1870.725;2995.5435;1846.8812;2998.9589;1844.1554;3000.5955;1860.6798;2995.5694;1850.9621
2898360.0;2996.2523;1854.5821;2996.151;1844.4757;2998.1332;1844.024;2998.8175;1840.2947;2990.8021;1857.0875;2988.2053;1870.8439;2995.569;1846.9509;2999.0435;1844.0552;3000.9318;1860.6494;2995.6726;1850.8905
2898380.0;2996.2368;1854.5937;2996.1628;1844.4968;2998.0931;1844.0568;2998.8918;1840.3161;2990.6026;1859.3396;2988.1542;1871.0045;2995.5988;1847.0157;2999.1304;1843.9636;3001.268;1860.619;2995.8067;1850.8019
2898400.0;2996.2147;1854.597;2996.1767;1844.5313;2998.0476;1844.0968;2998.971;1840.3395;2990.4328;1861.2474;2988.0649;1871.1859;2995.6369;1847.075;2999.2127;1843.8906;3001.6042;1860.5886;2995.9606;1850.6995
2898420.0;2996.1896;1854.5933;2996.1866;1844.5884;2997.9951;1844.1506;2999.0508;1840.3655;2990.2997;1862.8097;2987.9419;1871.3706;2995.6853;1847.1252;2999.285;1843.8387;3001.9404;1860.5582;2996.1266;1850.5803
2898440.0;2996.1673;1854.58;2996.1866;1844.6655;2997.9396;1844.2106;2999.1169;1840.3933;2990.2093;1863.972;2987.792;1871.557;2995.7422;1847.1618;2999.3463;1843.7993;3002.2766;1860.5278;2996.3041;1850.4409
2898460.0;2996.1512;1854.5522;2996.1765;1844.7521;2997.8915;1844.2593;2999.1454;1840.4224;2990.1587;1864.7161;2987.6232;1871.7613;2995.8007;1847.181;2999.3996;1843.7582;3002.6099;1860.4922;2996.4939;1850.2776
2898480.0;2996.1408;1854.5061;2996.1614;1844.8398;2997.8622;1844.2822;2999.1127;1840.455;2990.1369;1865.1008;2987.4462;1872.0044;2995.8473;1847.181;2999.4501;1843.7056;3002.9318;1860.4393;2996.6978;1850.0881
2898500.0;2996.1327;1854.4417;2996.1465;1844.9259;2997.8543;1844.2804;2999.0063;1840.4949;2990.1314;1865.2397;2987.277;1872.292;2995.8636;1847.1618;2999.5009;1843.6414;3003.2204;1860.3475;2996.9234;1849.8735
2898520.0;2996.1245;1854.364;2996.1327;1845.0073;2997.8548;1844.2698;2998.8251;1840.5479;2990.133;1865.243;2987.1339;1872.6022;2995.8355;1847.1248;2999.5522;1843.5721;3003.4329;1860.1795;2997.1861;1849.636
2898540.0;2996.1173;1854.2789;2996.1194;1845.0766;2997.8416;1844.2701;2998.5737;1840.6208;2990.137;1865.1858;2987.0302;1872.8887;2995.7643;1847.0734;2999.6019;1843.5036;3003.5128;1859.9244;2997.4963;1849.3794
2898560.0;2996.1144;1854.1906;2996.1099;1845.1157;2997.7989;1844.2945;2998.2658;1840.7183;2990.1418;1865.1072;2986.9684;1873.1057;2995.6684;1847.011;2999.6485;1843.439;3003.424;1859.6505;2997.8446;1849.1118
2898580.0;2996.1173;1854.0999;2996.1144;1845.0921;2997.7289;1844.3448;2997.934;1840.8413;2990.1466;1865.023;2986.938;1873.2397;2995.5718;1846.9407;2999.6914;1843.3796;3003.1889;1859.5054;2998.2018;1848.8454
2898600.0;2996.1243;1854.0041;2996.1443;1844.9674;2997.6483;1844.4109;2997.6326;1840.9897;2990.1515;1864.9378;2986.9181;1873.3189;2995.4916;1846.8652;2999.7308;1843.3263;3002.8938;1859.6144;2998.5362;1848.5935
2898620.0;2996.1316;1853.8983;2996.201;1844.7262;2997.572;1844.4778;2997.4182;1841.1671;2990.1563;1864.8526;2986.8824;1873.3906;2995.4369;1846.7901;2999.7647;1843.2775;3002.6443;1859.9547;2998.8279;1848.3648
2898640.0;2996.1374;1853.7774;2996.2688;1844.4074;2997.5023;1844.5374;2997.3212;1841.3773;2990.1611;1864.7675;2986.8108;1873.4854;2995.4135;1846.7223;2999.7913;1843.2313;3002.5162;1860.3639;2999.0718;1848.1643
2898660.0;2996.1431;1853.639;2996.3177;1844.098;2997.4282;1844.5939;2997.333;1841.6141;2990.1659;1864.6823;2986.7004;1873.5982;2995.4252;1846.6648;2999.8108;1843.1887;3002.5348;1860.6792;2999.2736;1847.9957
2898680.0;2996.1521;1853.487;2996.3188;1843.8845;2997.3389;1844.6572;2997.4177;1841.8551;2990.1708;1864.5971;2986.5658;1873.699;2995.4709;1846.615;2999.8267;1843.1543;3002.6833;1860.8485;2999.4468;1847.8639
2898700.0;2996.1675;1853.3304;2996.2555;1843.8059;2997.2327;1844.7291;2997.535;1842.0734;2990.1756;1864.512;2986.4222;1873.7605;2995.5414;1846.5668;2999.8441;1843.1318;3002.9136;1860.9165;2999.6094;1847.7695
2898720.0;2996.1894;1853.1813;2996.1235;1843.8444;2997.1243;1844.801;2997.6556;1842.2543;2990.1804;1864.4268;2986.272;1873.7771;2995.6202;1846.5156;2999.8655;1843.1214;3003.16;1860.949;2999.7721;1847.7028
2898740.0;2996.2133;1853.0506;2995.9247;1843.9492;2997.0437;1844.8572;2997.7666;1842.4013;2990.1852;1864.3416;2986.11;1873.7672;2995.6878;1846.461;2999.8899;1843.1219;3003.3589;1860.9798;2999.9317;1847.6458
2898760.0;2996.232;1852.9479;2995.6636;1844.071;2997.0203;1844.8842;2997.8681;1842.5299;2990.1901;1864.2565;2985.9428;1873.7604;2995.7278;1846.4039;2999.9146;1843.1341;3003.4691;1861.0102;3000.0748;1847.5822
2898780.0;2996.2391;1852.881;2995.3483;1844.1851;2997.0636;1844.876;2997.9668;1842.6549;2990.1949;1864.1713;2985.7954;1873.7753;2995.733;1846.347;2999.9361;1843.1616;3003.4749;1861.0369;3000.1902;1847.5068
2898800.0;2996.232;1852.8563;2994.9876;1844.2937;2997.1522;1844.8373;2998.067;1842.784;2990.1997;1864.0861;2985.6902;1873.8087;2995.7074;1846.2926;2999.9499;1843.2079;3003.3789;1861.064;3000.2752;1847.4228
2898820.0;2996.2133;1852.8745;2994.5892;1844.4114;2997.2507;1844.7815;2998.1661;1842.9174;2990.2045;1864.0009;2985.6233;1873.8403;2995.6612;1846.241;2999.9533;1843.2712;3003.1984;1861.1133;3000.3331;1847.3347
2898840.0;2996.1894;1852.9293;2994.1671;1844.5417;2997.3338;1844.725;2998.2608;1843.0525;2990.2094;1863.9158;2985.5669;1873.8517;2995.6044;1846.1886;2999.9485;1843.3448;3002.9679;1861.2094;3000.3681;1847.2443
2898860.0;2996.1675;1853.0101;2993.7488;1844.6715;2997.3933;1844.6789;2998.3548;1843.1885;2990.2142;1863.8306;2985.4968;1873.8324;2995.5432;1846.1306;2999.9416;1843.4199;3002.7341;1861.3558;3000.3825;1847.1499
2898880.0;2996.1523;1853.1087;2993.3687;1844.785;2997.4282;1844.6469;2998.4593;1843.3251;2990.219;1863.7454;2985.4174;1873.7658;2995.4806;1846.0663;2999.9367;1843.4907;3002.5404;1861.5293;3000.3757;1847.0486
2898900.0;2996.1442;1853.2208;2993.0522;1844.8857;2997.4395;1844.6276;2998.5826;1843.4579;2990.2238;1863.6603;2985.3589;1873.6102;2995.4167;1846.0029;2999.9326;1843.5547;3002.4085;1861.6954;3000.3437;1846.9382
2898920.0;2996.1408;1853.3431;2992.8059;1845.0027;2997.4329;1844.6166;2998.7227;1843.5805;2990.2287;1863.5751;2985.3629;1873.3061;2995.3503;1845.9516;2999.9265;1843.6115;3002.3352;1861.8305;3000.2827;1846.8175
2898940.0;2996.1397;1853.4687;2992.6238;1845.1702;2997.4185;1844.6077;2998.8691;1843.6891;2990.2335;1863.4899;2985.4645;1872.808;2995.2786;1845.9183;2999.9185;1843.6621;3002.3023;1861.9315;3000.1971;1846.6853
2898960.0;2996.1397;1853.5877;2992.4983;1845.3993;2997.4063;1844.5946;2999.0132;1843.7874;2990.2383;1863.4048;2985.6767;1872.1291;2995.1982;1845.9013;2999.9112;1843.7088;3002.2905;1862.0083;3000.1062;1846.5347
2898980.0;2996.1408;1853.6901;2992.4257;1845.664;2997.3998;1844.5714;2999.1544;1843.884;2990.2431;1863.3196;2985.9724;1871.3597;2995.1077;1845.895;2999.9064;1843.7539;3002.2872;1862.0724;3000.0406;1846.3557
2899000.0;2996.1442;1853.7694;2992.4054;1845.9191;2997.3987;1844.5374;2999.2977;1843.9865;2990.248;1863.2344;2986.2819;1870.6402;2995.0104;1845.8946;2999.9039;1843.7959;3002.2867;1862.1312;3000.0274;1846.1411
2899020.0;2996.1523;1853.8239;2992.4387;1846.1315;2997.4021;1844.4966;2999.4489;1844.096;2990.2528;1863.1493;2986.5193;1870.0971;2994.913;1845.8996;2999.9022;1843.8302;3002.2867;1862.1885;3000.0744;1845.8925
2899040.0;2996.1675;1853.8571;2992.5241;1846.3023;2997.4081;1844.4563;2999.6099;1844.2062;2990.2576;1863.0641;2986.6264;1869.7883;2994.8228;1845.9133;2999.8997;1843.853;3002.2867;1862.2456;3000.1669;1845.6175
2899060.0;2996.1896;1853.8777;2992.6487;1846.4569;2997.4127;1844.4219;2999.7776;1844.3068;2990.2624;1862.9789;2986.5887;1869.6981;2994.7432;1845.9392;2999.8949;1843.8654;3002.2855;1862.3029;3000.2785;1845.325
2899080.0;2996.2147;1853.8975;2992.7804;1846.6253;2997.4109;1844.3969;2999.9453;1844.3915;2990.2673;1862.8938;2986.4165;1869.7785;2994.6741;1845.9785;2999.8879;1843.8719;3002.2806;1862.3613;3000.385;1845.0259
2899100.0;2996.2365;1853.9279;2992.8715;1846.8291;2997.4012;1844.3816;3000.1057;1844.4618;2990.2721;1862.8086;2986.1261;1869.9877;2994.6133;1846.0266;2999.8809;1843.878;3002.2635;1862.423;3000.4691;1844.7378
2899120.0;2996.2506;1853.9768;2992.8794;1847.0822;2997.3884;1844.3711;3000.2547;1844.5252;2990.2769;1862.7234;2985.7449;1870.2998;2994.5588;1846.0746;2999.878;1843.8892;3002.2173;1862.4927;3000.5189;1844.4828
2899140.0;2996.2554;1854.0464;2992.7904;1847.3894;2997.3818;1844.3556;3000.3918;1844.5899;2990.2817;1862.6383;2985.3242;1870.6869;2994.5077;1846.1145;2999.8807;1843.9094;3002.1205;1862.5786;3000.5281;1844.2765
2899160.0;2996.2506;1854.1325;2992.6295;1847.7366;2997.3882;1844.3258;3000.519;1844.6639;2990.2866;1862.5531;2984.9283;1871.1097;2994.4563;1846.1444;2999.8865;1843.9388;3001.9535;1862.6895;3000.4993;1844.1216
2899180.0;2996.2365;1854.2259;2992.4501;1848.0891;2997.4083;1844.2789;3000.6395;1844.7556;2990.2914;1862.4679;2984.5992;1871.5267;2994.4021;1846.1697;2999.8901;1843.9721;3001.7213;1862.834;3000.4386;1844.0052
2899200.0;2996.2147;1854.3168;2992.3081;1848.4055;2997.4377;1844.2182;3000.7573;1844.8716;2990.2962;1862.3828;2984.3366;1871.9146;2994.3472;1846.1993;2999.8868;1844.0015;3001.4653;1863.0173;3000.3465;1843.9072
2899220.0;2996.1896;1854.3989;2992.2389;1848.6571;2997.4712;1844.1455;3000.8749;1845.0137;2990.301;1862.2976;2984.11;1872.2749;2994.2995;1846.2386;2999.8738;1844.0217;3001.2515;1863.2368;3000.217;1843.8135
2899240.0;2996.1675;1854.4723;2992.2457;1848.8393;2997.5059;1844.0597;3000.989;1845.1763;2990.3059;1862.2124;2983.8849;1872.6237;2994.2688;1846.2869;2999.8526;1844.0325;3001.1307;1863.4756;3000.0502;1843.7245
2899260.0;2996.1523;1854.5411;2992.3065;1848.9643;2997.5439;1843.9575;3001.0891;1845.3503;2990.3107;1862.1273;2983.6428;1872.9753;2994.2627;1846.3365;2999.8278;1844.037;3001.1016;1863.7028;2999.8634;1843.654
2899280.0;2996.1442;1854.6103;2992.3911;1849.0458;2997.5907;1843.8368;3001.1607;1845.5267;2990.3155;1862.0421;2983.3847;1873.3343;2994.2856;1846.3747;2999.8057;1844.0385;3001.1196;1863.8876;2999.6834;1843.6125
2899300.0;2996.1408;1854.6841;2992.4763;1849.0913;2997.6495;1843.6973;3001.1946;1845.6984;2990.3203;1861.9569;2983.1208;1873.6984;2994.3421;1846.3882;2999.7908;1844.0389;3001.1387;1864.0169;2999.5278;1843.5891
2899320.0;2996.1397;1854.7646;2992.5504;1849.1049;2997.7166;1843.5447;3001.1924;1845.8604;2990.3252;1861.8718;2982.8621;1874.0616;2994.4355;1846.373;2999.7837;1844.0389;3001.1419;1864.0993;2999.3967;1843.5537
2899340.0;2996.1394;1854.8506;2992.6108;1849.0953;2997.7814;1843.3913;3001.1655;1846.011;2990.33;1861.7866;2982.6157;1874.4173;2994.5589;1846.3385;2999.7837;1844.0389;3001.1338;1864.1535;2999.2813;1843.4777
2899360.0;2996.1394;1854.9396;2992.6598;1849.0761;2997.8314;1843.2565;3001.1278;1846.1525;2990.3348;1861.7014;2982.3858;1874.7589;2994.6901;1846.301;2999.7908;1844.0389;3001.1229;1864.1951;2999.1748;1843.3585
2899380.0;2996.1394;1855.029;2992.7014;1849.0591;2997.8605;1843.1587;3001.0867;1846.2897;2990.3396;1861.6162;2982.1752;1875.0824;2994.7996;1846.269;2999.8057;1844.0393;3001.1128;1864.2324;2999.0737;1843.2245
2899400.0;2996.1394;1855.1182;2992.741;1849.0487;2997.8708;1843.1064;3001.0397;1846.4287;2990.3442;1861.5313;2981.9834;1875.3881;2994.8675;1846.2382;2999.8275;1844.0405;3001.1025;1864.2685;2998.9747;1843.1166
2899420.0;2996.1394;1855.2077;2992.7873;1849.0445;2997.8709;1843.0936;3000.9781;1846.5764;2990.3478;1861.4499;2981.8075;1875.6801;2994.8939;1846.2011;2999.8512;1844.0439;3001.0933;1864.3046;2998.8727;1843.0577
2899440.0;2996.1394;1855.2971;2992.847;1849.0441;2997.8702;1843.1027;3000.8949;1846.74;2990.3488;1861.3824;2981.6458;1875.9622;2994.8934;1846.1542;2999.8691;1844.0509;3001.0841;1864.3408;2998.7656;1843.04
2899460.0;2996.1394;1855.3851;2992.9127;1849.0467;2997.8734;1843.114;3000.7913;1846.9205;2990.3445;1861.3528;2981.5018;1876.2325;2994.8832;1846.0968;2999.8741;1844.0613;3001.075;1864.377;2998.6553;1843.037
2899480.0;2996.1394;1855.4716;2992.957;1849.0526;2997.8792;1843.1176;3000.6778;1847.1066;2990.3318;1861.4049;2981.386;1876.4786;2994.8752;1846.0281;2999.8631;1844.0719;3001.0658;1864.4131;2998.5447;1843.028
2899500.0;2996.1394;1855.5604;2992.9436;1849.0596;2997.8826;1843.1116;3000.5707;1847.2792;2990.3112;1861.5892;2981.3182;1876.6706;2994.872;1845.9491;2999.8397;1844.0779;3001.0566;1864.4493;2998.433;1843.0111
2899520.0;2996.1394;1855.6585;2992.8516;1849.062;2997.8781;1843.0963;3000.4872;1847.423;2990.2889;1861.9191;2981.3248;1876.7606;2994.8631;1845.8714;2999.8135;1844.0786;3001.0474;1864.4854;2998.3132;1842.9978
2899540.0;2996.1394;1855.7699;2992.6916;1849.0521;2997.8618;1843.07;3000.4428;1847.5362;2990.2752;1862.3329;2981.4279;1876.692;2994.8268;1845.8137;2999.7958;1844.0804;3001.0382;1864.5216;2998.1765;1842.9997
2899560.0;2996.1394;1855.8928;2992.4988;1849.0257;2997.8327;1843.0301;3000.449;1847.6277;2990.2771;1862.7127;2981.6244;1876.4319;2994.7413;1845.7915;2999.7902;1844.0924;3001.0291;1864.5577;2998.0189;1843.0191
2899580.0;2996.1394;1856.0207;2992.3172;1848.9845;2997.7938;1842.9807;3000.5087;1847.7044;2990.2915;1862.9662;2981.8754;1876.0024;2994.6001;1845.8096;2999.7908;1844.1185;3001.0199;1864.5939;2997.8459;1843.0495
2899600.0;2996.1394;1856.1488;2992.1827;1848.9311;2997.7527;1842.9336;3000.6151;1847.7627;2990.3069;1863.0946;2982.123;1875.4757;2994.414;1845.8654;2999.7882;1844.1539;3001.0107;1864.6301;2997.6704;1843.0824
2899620.0;2996.1394;1856.2756;2992.1135;1848.8644;2997.7195;1842.9016;3000.7538;1847.7908;2990.3125;1863.174;2982.328;1874.9303;2994.2007;1845.9592;2999.7765;1844.1908;3001.0015;1864.6662;2997.5088;1843.1131
2899640.0;2996.1394;1856.4007;2992.1065;1848.7841;2997.7011;1842.8911;3000.9095;1847.7802;2990.3046;1863.2899;2982.4952;1874.4043;2993.9761;1846.0938;2999.7551;1844.2261;3000.9923;1864.7024;2997.3725;1843.1428
2899660.0;2996.1394;1856.5222;2992.141;1848.6978;2997.6962;1842.8997;3001.0704;1847.7372;2990.2868;1863.4922;2982.6609;1873.896;2993.7553;1846.2637;2999.7257;1844.2628;3000.9832;1864.7385;2997.2652;1843.1706
2899680.0;2996.1394;1856.6373;2992.191;1848.6218;2997.6957;1842.9231;3001.2279;1847.6842;2990.2671;1863.7895;2982.8596;1873.3993;2993.5559;1846.4445;2999.6905;1844.3037;3000.974;1864.7747;2997.1863;1843.1905
2899700.0;2996.1394;1856.7445;2992.2386;1848.5733;2997.6889;1842.9605;3001.3752;1847.6474;2990.2561;1864.1503;2983.1005;1872.9296;2993.3929;1846.6025;2999.6524;1844.346;3000.9648;1864.8108;2997.1417;1843.1988
2899720.0;2996.1394;1856.8448;2992.28;1848.5606;2997.6709;1843.0131;3001.5064;1847.6433;2990.2637;1864.502;2983.3717;1872.5107;2993.2703;1846.7139;2999.6148;1844.3824;3000.9556;1864.847;2997.1471;1843.2044
2899740.0;2996.1394;1856.942;2992.323;1848.5795;2997.6449;1843.078;3001.6192;1847.6717;2990.2947;1864.7528;2983.6586;1872.1444;2993.1812;1846.7767;2999.5817;1844.4075;3000.9464;1864.8832;2997.2187;1843.2267
2899760.0;2996.1394;1857.039;2992.3802;1848.6185;2997.6191;1843.1474;3001.717;1847.715;2990.3449;1864.8372;2983.9593;1871.7943;2993.1159;1846.8046;2999.5562;1844.4223;3000.9373;1864.9193;2997.3557;1843.2743
2899780.0;2996.1394;1857.1343;2992.4635;1848.6661;2997.6025;1843.2129;3001.811;1847.7473;2990.4042;1864.7465;2984.2852;1871.4016;2993.0684;1846.8131;2999.5399;1844.4328;3000.9281;1864.9555;2997.534;1843.3311
2899800.0;2996.1394;1857.222;2992.578;1848.7193;2997.6005;1843.2708;3001.9163;1847.7485;2990.4642;1864.518;2984.6451;1870.9284;2993.0363;1846.811;2999.5315;1844.4466;3000.9189;1864.9916;2997.7203;1843.3661
2899820.0;2996.1394;1857.294;2992.7229;1848.7831;2997.6126;1843.3245;3002.0437;1847.7166;2990.5211;1864.2046;2985.0293;1870.391;2993.0174;1846.7994;2999.5281;1844.4695;3000.9097;1865.0278;2997.8932;1843.3561
2899840.0;2996.1394;1857.3448;2992.892;1848.8646;2997.6347;1843.3789;3002.1911;1847.6688;2990.5753;1863.8496;2985.4074;1869.8574;2993.0082;1846.7769;2999.527;1844.5017;3000.9006;1865.0639;2998.0519;1843.2968
2899860.0;2996.1394;1857.3737;2993.0787;1848.9688;2997.6634;1843.4369;3002.3443;1847.63;2990.628;1863.4778;2985.7458;1869.4031;2993.005;1846.7439;2999.5264;1844.5371;3000.8914;1865.1001;2998.207;1843.1941
2899880.0;2996.1394;1857.3829;2993.2771;1849.0949;2997.6978;1843.4969;3002.4838;1847.6209;2990.6801;1863.1014;2986.0251;1869.0646;2993.0061;1846.7054;2999.5253;1844.5648;3000.8822;1865.1363;2998.3679;1843.0555
2899900.0;2996.1394;1857.3739;2993.4862;1849.2356;2997.7398;1843.5547;3002.5906;1847.6527;2990.732;1862.7238;2986.2391;1868.8301;2993.0135;1846.6679;2999.5216;1844.5752;3000.873;1865.1724;2998.5384;1842.8867
2899920.0;2996.1394;1857.346;2993.7108;1849.3788;2997.7908;1843.6049;3002.651;1847.7268;2990.7839;1862.3461;2986.3841;1868.6642;2993.0308;1846.6305;2999.5124;1844.5648;3000.8638;1865.2086;2998.7187;1842.6951
2899940.0;2996.1394;1857.2986;2993.9607;1849.5109;2997.8498;1843.6431;3002.6617;1847.8302;2990.8358;1861.9685;2986.4553;1868.5379;2993.0662;1846.5844;2999.4935;1844.5371;3000.8547;1865.2447;2998.9059;1842.4873
2899960.0;2996.1394;1857.2354;2994.2427;1849.6238;2997.9097;1843.6677;3002.6349;1847.9385;2990.8877;1861.5909;2986.4609;1868.437;2993.1223;1846.5115;2999.4619;1844.5022;3000.8455;1865.2809;2999.0923;1842.2677
2899980.0;2996.1394;1857.1669;2994.5544;1849.7173;2997.9585;1843.6818;3002.5953;1848.0251;2990.9396;1861.2132;2986.4329;1868.3548;2993.1978;1846.394;2999.4169;1844.4715;3000.8363;1865.317;2999.2654;1842.0435
2900000.0;2996.1394;1857.1052;2994.8802;1849.7988;2997.9869;1843.6918;3002.569;1848.0758;2990.9915;1860.8356;2986.4196;1868.2808;2993.2945;1846.227;2999.3601;1844.4541;3000.8218;1865.349;2999.4114;1841.8302
2900020.0;2996.1394;1857.0593;2995.1926;1849.8814;2997.9967;1843.7054;3002.574;1848.0933;2991.0434;1860.458;2986.4593;1868.2021;2993.4241;1846.0351;2999.2928;1844.4541;3000.7882;1865.365;2999.5197;1841.6478
2900040.0;2996.1394;1857.0318;2995.4577;1849.9801;2997.9982;1843.7283;3002.6169;1848.0894;2991.0954;1860.0803;2986.5634;1868.1094;2993.5959;1845.8689;2999.2158;1844.4715;3000.6996;1865.335;2999.5871;1841.5064
2900060.0;2996.1394;1857.0196;2995.6495;1850.1059;2998.0009;1843.7613;3002.695;1848.0739;2991.1473;1859.7027;2986.7196;1868.0006;2993.7911;1845.7774;2999.1304;1844.5026;3000.4872;1865.201;2999.6163;1841.3986
2900080.0;2996.1394;1857.0191;2995.7653;1850.2616;2998.0066;1843.7998;3002.8038;1848.0468;2991.1992;1859.3251;2986.9058;1867.8786;2993.9584;1845.7741;2999.0403;1844.5392;3000.0666;1864.8892;2999.6104;1841.3074
2900100.0;2996.1394;1857.0291;2995.8294;1850.4391;2998.0123;1843.8369;3002.9438;1847.9973;2991.2511;1858.9474;2987.1024;1867.7498;2994.0487;1845.8343;2998.9507;1844.5722;2999.3934;1864.3575;2999.5724;1841.2196
2900120.0;2996.1394;1857.0495;2995.8771;1850.6233;2998.0145;1843.8702;3003.1156;1847.9122;2991.303;1858.5698;2987.2927;1867.6242;2994.0498;1845.9208;2998.8655;1844.5961;2998.5203;1863.6438;2999.5032;1841.1312
2900140.0;2996.1394;1857.0772;2995.9324;1850.7971;2998.012;1843.9024;3003.3086;1847.787;2991.3549;1858.1922;2987.4577;1867.514;2993.9865;1846.0086;2998.7866;1844.613;2997.5936;1862.8581;2999.416;1841.0511
2900160.0;2996.1394;1857.1026;2995.9982;1850.9468;2998.0058;1843.9368;3003.4908;1847.6348;2991.4068;1857.8145;2987.5782;1867.4266;2993.8956;1846.09;2998.7139;1844.6305;2996.774;1862.1127;2999.3365;1840.9986
2900180.0;2996.1394;1857.1144;2996.062;1851.0682;2997.9991;1843.9717;3003.6215;1847.487;2991.4587;1857.4369;2987.6452;1867.3594;2993.8069;1846.168;2998.644;1844.6577;2996.1583;1861.4659;2999.2814;1840.9911
2900200.0;2996.1394;1857.1092;2996.1093;1851.1696;2997.9962;1844.0015;3003.6756;1847.3804;2991.5106;1857.0593;2987.6731;1867.2989;2993.736;1846.2419;2998.5699;1844.7018;2995.7637;1860.9313;2999.2288;1841.024
2900220.0;2996.1394;1857.0967;2996.135;1851.2658;2997.9991;1844.0217;3003.6548;1847.3408;2991.5626;1856.6816;2987.699;1867.2219;2993.6857;1846.302;2998.486;1844.7638;2995.5574;1860.5176;2999.1176;1841.0637
2900240.0;2996.1394;1857.0933;2996.1459;1851.3658;2998.0061;1844.0325;3003.5783;1847.3751;2991.6145;1856.3052;2987.7641;1867.097;2993.6391;1846.3233;2998.3922;1844.8406;2995.4897;1860.2254;2998.8969;1841.0727
2900260.0;2996.1394;1857.1108;2996.1563;1851.4646;2998.0131;1844.037;3003.4674;1847.4741;2991.6663;1855.9337;2987.8945;1866.8887;2993.5704;1846.2742;2998.2958;1844.9244;2995.509;1860.0149;2998.5755;1841.0413
2900280.0;2996.1394;1857.1504;2996.1771;1851.549;2998.0179;1844.0385;3003.3423;1847.6144;2991.7181;1855.5771;2988.096;1866.5669;2993.4656;1846.1343;2998.2072;1845.0028;2995.5601;1859.7993;2998.2104;1840.9883
2900300.0;2996.1394;1857.2061;2996.2093;1851.6132;2998.0201;1844.0385;3003.2307;1847.7595;2991.7696;1855.2566;2988.3615;1866.1171;2993.3389;1845.9129;2998.1353;1845.0615;2995.5906;1859.4964;2997.8448;1840.9349
2900320.0;2996.1394;1857.2713;2996.2491;1851.6626;2998.021;1844.037;3003.1699;1847.8628;2991.8206;1855.0032;2988.6796;1865.5455;2993.2208;1845.6487;2998.0828;1845.0926;2995.5626;1859.0921;2997.4558;1840.8809
2900340.0;2996.1394;1857.3409;2996.2963;1851.7061;2998.0212;1844.0325;3003.1909;1847.8819;2991.8708;1854.8477;2989.0377;1864.8772;2993.1295;1845.3885;2998.0444;1845.1023;2995.4689;1858.6507;2996.9554;1840.8061
2900360.0;2996.1394;1857.4089;2996.3564;1851.7466;2998.0212;1844.0217;3003.296;1847.804;2991.9203;1854.803;2989.4216;1864.15;2993.0552;1845.1596;2998.0096;1845.1069;2995.3393;1858.2634;2996.2368;1840.6871
2900380.0;2996.1394;1857.4684;2996.4345;1851.7801;2998.021;1844.0019;3003.4507;1847.6516;2991.969;1854.856;2989.8163;1863.4085;2992.9772;1844.9613;2997.9689;1845.1184;2995.2247;1857.9857;2995.2455;1840.5141
2900400.0;2996.1394;1857.5119;2996.5284;1851.8025;2998.0196;1843.9748;3003.6012;1847.4672;2992.0172;1854.9763;2990.207;1862.6952;2992.8885;1844.7786;2997.9192;1845.1359;2995.1642;1857.8134;2994.0229;1840.2937
2900420.0;2996.1394;1857.5325;2996.6286;1851.8145;2998.0148;1843.9495;3003.7039;1847.2889;2992.0651;1855.1326;2990.5795;1862.0442;2992.8059;1844.5981;2997.8634;1845.1525;2995.1701;1857.7066;2992.7019;1840.0436
2900440.0;2996.1394;1857.5272;2996.7223;1851.8195;2998.0019;1843.9414;3003.7451;1847.1389;2992.113;1855.3039;2990.9221;1861.4806;2992.7594;1844.4124;2997.8062;1845.164;2995.2318;1857.6157;2991.4442;1839.7838
2900460.0;2996.1394;1857.4976;2996.7996;1851.8212;2997.9741;1843.9666;3003.7394;1847.0288;2992.1608;1855.48;2991.2242;1861.0252;2992.7721;1844.2165;2997.753;1845.172;2995.3303;1857.493;2990.3729;1839.5326
2900480.0;2996.1394;1857.4487;2996.8576;1851.8216;2997.925;1844.0323;3003.7128;1846.9625;2992.2086;1855.6573;2991.4863;1860.6922;2992.8523;1844.0012;2997.708;1845.1808;2995.4476;1857.296;2989.5486;1839.3067
2900500.0;2996.1397;1857.3854;2996.9009;1851.822;2997.8534;1844.1297;3003.6844;1846.9328;2992.2564;1855.8347;2991.724;1860.4788;2992.9929;1843.754;2997.673;1845.1921;2995.5644;1857.0107;2988.9847;1839.1212
2900520.0;2996.1408;1857.3083;2996.9359;1851.8236;2997.7656;1844.2353;3003.658;1846.9253;2992.3042;1856.0121;2991.9567;1860.3558;2993.1793;1843.4679;2997.6454;1845.2035;2995.6598;1856.677;2988.6674;1838.9873
2900540.0;2996.1442;1857.215;2996.9658;1851.8286;2997.673;1844.3237;3003.6274;1846.9328;2992.3519;1856.1894;2992.1822;1860.278;2993.3946;1843.1496;2997.6195;1845.2116;2995.7163;1856.3787;2988.5567;1838.9041
2900560.0;2996.1522;1857.1028;2996.989;1851.8411;2997.587;1844.3816;3003.5859;1846.9584;2992.3997;1856.3668;2992.3656;1860.2072;2993.6222;1842.8216;2997.5916;1845.2159;2995.7244;1856.1913;2988.5788;1838.8524
2900580.0;2996.1667;1856.9725;2997.0031;1851.8649;2997.5147;1844.4114;3003.5336;1847.0068;2992.4475;1856.5441;2992.4653;1860.1318;2993.8484;1842.5109;2997.5642;1845.2211;2995.6821;1856.1367;2988.6279;1838.7972
2900600.0;2996.1866;1856.8304;2997.007;1851.9012;2997.4574;1844.4234;3003.4794;1847.0756;2992.4953;1856.7215;2992.472;1860.0628;2994.0632;1842.2365;2997.5451;1845.2329;2995.5935;1856.1806;2988.5883;1838.7029
2900620.0;2996.2059;1856.6856;2996.9999;1851.9459;2997.4108;1844.4271;3003.4335;1847.1541;2992.5431;1856.8989;2992.4152;1860.0162;2994.2621;1842.0023;2997.5404;1845.2527;2995.4685;1856.2672;2988.3739;1838.5547
2900640.0;2996.2166;1856.5453;2996.9811;1851.9901;2997.3675;1844.4276;3003.4014;1847.2334;2992.5909;1857.0762;2992.3357;1859.9962;2994.4441;1841.8017;2997.5474;1845.2776;2995.3239;1856.3526;2987.9646;1838.3693
2900660.0;2996.2142;1856.4126;2996.9522;1852.0237;2997.321;1844.4258;3003.3797;1847.3096;2992.6394;1857.2573;2992.2565;1859.9961;2994.6114;1841.6218;2997.5535;1845.3032;2995.1784;1856.4177;2987.4146;1838.1856
2900680.0;2996.2022;1856.2884;2996.92;1852.041;2997.2713;1844.4203;3003.3572;1847.3858;2992.6919;1857.4465;2992.1805;1860.0097;2994.7652;1841.4568;2997.5403;1845.325;2995.0453;1856.4614;2986.8198;1838.0447
2900700.0;2996.1901;1856.1749;2996.8936;1852.0434;2997.2267;1844.4063;3003.3198;1847.4693;2992.7558;1857.6635;2992.1035;1860.0354;2994.9004;1841.3129;2997.4908;1845.3405;2994.9294;1856.4929;2986.2661;1837.9695
2900720.0;2996.1878;1856.0757;2996.876;1852.0426;2997.1983;1844.3789;3003.2571;1847.5663;2992.8471;1857.9404;2992.0292;1860.0739;2995.0044;1841.2057;2997.3969;1845.3491;2994.8282;1856.521;2985.7993;1837.961
2900740.0;2996.1985;1855.9921;2996.8602;1852.0558;2997.1936;1844.3349;3003.169;1847.674;2992.9878;1858.3256;2991.9655;1860.1242;2995.0661;1841.1448;2997.2626;1845.3529;2994.735;1856.5505;2985.4289;1838.0063
2900760.0;2996.2178;1855.9209;2996.8318;1852.1032;2997.2123;1844.2759;3003.0693;1847.781;2993.1928;1858.8749;2991.9198;1860.1843;2995.0908;1841.1218;2997.1005;1845.3541;2994.641;1856.5819;2985.1462;1838.084
2900780.0;2996.2376;1855.8573;2996.7782;1852.2013;2997.2481;1844.2081;3002.9777;1847.8759;2993.4516;1859.6517;2991.8934;1860.2557;2995.1017;1841.1151;2996.925;1845.3541;2994.5374;1856.6134;2984.9356;1838.1683
2900800.0;2996.2521;1855.7967;2996.6993;1852.3523;2997.2909;1844.1416;3002.905;1847.9566;2993.7248;1860.713;2991.8821;1860.3433;2995.126;1841.1078;2996.7472;1845.3525;2994.4189;1856.6437;2984.7794;1838.2375
2900820.0;2996.2601;1855.7345;2996.611;1852.5367;2997.3309;1844.0875;3002.8464;1848.0319;2993.967;1862.0676;2991.881;1860.452;2995.1788;1841.0961;2996.5714;1845.347;2994.2864;1856.6707;2984.6593;1838.2825
2900840.0;2996.2635;1855.664;2996.5398;1852.7177;2997.3611;1844.0532;3002.7884;1848.1129;2994.1564;1863.6259;2991.8873;1860.5816;2995.2604;1841.0871;2996.3956;1845.3345;2994.1447;1856.6871;2984.5642;1838.3092
2900860.0;2996.2646;1855.5762;2996.5066;1852.8607;2997.3805;1844.0374;3002.7222;1848.2042;2994.3002;1865.2026;2991.8982;1860.7231;2995.3628;1841.095;2996.2067;1845.3099;2993.9974;1856.6783;2984.4973;1838.3307
2900880.0;2996.2649;1855.4665;2996.5149;1852.953;2997.3928;1844.0316;3002.6488;1848.304;2994.4174;1866.5553;2991.9052;1860.8622;2995.4738;1841.1363;2995.9892;1845.2725;2993.8471;1856.631;2984.4807;1838.3591
2900900.0;2996.2649;1855.3359;2996.5525;1853.0014;2997.4055;1844.0246;3002.5735;1848.4076;2994.5215;1867.4403;2991.8931;1860.9868;2995.5803;1841.2207;2995.7346;1845.2261;2993.6993;1856.5451;2984.5474;1838.4
2900920.0;2996.2649;1855.1884;2996.6011;1853.0207;2997.4279;1844.007;3002.5021;1848.5126;2994.6185;1867.6738;2991.8496;1861.0944;2995.6719;1841.3431;2995.45;1845.1729;2993.5646;1856.4381;2984.7201;1838.4509
2900940.0;2996.2649;1855.0252;2996.6451;1853.0238;2997.4667;1843.9737;3002.4426;1848.616;2994.7129;1867.2262;2991.7794;1861.1886;2995.7465;1841.4812;2995.1514;1845.1065;2993.4533;1856.3344;2984.9953;1838.5058
2900960.0;2996.2649;1854.8452;2996.6741;1853.0194;2997.5213;1843.9275;3002.4084;1848.7103;2994.8069;1866.2768;2991.7061;1861.2667;2995.8108;1841.6086;2994.8509;1845.0142;2993.368;1856.2509;2985.3458;1838.5646
2900980.0;2996.2649;1854.6512;2996.6847;1853.012;2997.5824;1843.8794;3002.4156;1848.7832;2994.894;1865.1622;2991.6589;1861.3107;2995.874;1841.7077;2994.5552;1844.8927;2993.3009;1856.1904;2985.7368;1838.6418
2901000.0;2996.2649;1854.4509;2996.6822;1853.0021;2997.6392;1843.8441;3002.4735;1848.8251;2994.9629;1864.1979;2991.6559;1861.2971;2995.9421;1841.7747;2994.2749;1844.7578;2993.2391;1856.1452;2986.1393;1838.7608
2901020.0;2996.2649;1854.2528;2996.6789;1852.9878;2997.6859;1843.8298;3002.5782;1848.8304;2995.005;1863.5401;2991.6986;1861.215;2996.0151;1841.8174;2994.0287;1844.6355;2993.1701;1856.1031;2986.5293;1838.9405
2901040.0;2996.2649;1854.0604;2996.6873;1852.9682;2997.7235;1843.8338;3002.7161;1848.7968;2995.0219;1863.1704;2991.7766;1861.0757;2996.0895;1841.8515;2993.8361;1844.5447;2993.0859;1856.0565;2986.8813;1839.1813
2901060.0;2996.2649;1853.8724;2996.7153;1852.943;2997.7558;1843.8461;3002.874;1848.721;2995.0234;1862.9863;2991.8735;1860.907;2996.1616;1841.8945;2993.7091;1844.4922;2992.9852;1856.008;2987.1674;1839.4626
2901080.0;2996.2649;1853.6866;2996.765;1852.9092;2997.7861;1843.8568;3003.0437;1848.6066;2995.0198;1862.8933;2991.9717;1860.7429;2996.2299;1841.9596;2993.6508;1844.4785;2992.8718;1855.9669;2987.3665;1839.7471
2901100.0;2996.2649;1853.5023;2996.8351;1852.8649;2997.8163;1843.8596;3003.2168;1848.472;2995.0171;1862.8414;2992.0564;1860.613;2996.2951;1842.0512;2993.6575;1844.5034;2992.7519;1855.9408;2987.4747;1839.9935
2901120.0;2996.2649;1853.3204;2996.9216;1852.811;2997.8456;1843.8514;3003.377;1848.352;2995.0166;1862.811;2992.1219;1860.534;2996.359;1842.1625;2993.7221;1844.5683;2992.6315;1855.9311;2987.5064;1840.1752
2901140.0;2996.2649;1853.142;2997.0179;1852.7519;2997.8725;1843.8302;3003.5029;1848.2817;2995.0179;1862.7969;2992.1754;1860.5007;2996.4231;1842.2774;2993.829;1844.6688;2992.5159;1855.9362;2987.483;1840.2914
2901160.0;2996.2649;1852.9688;2997.1155;1852.6927;2997.8974;1843.7984;3003.5804;1848.2744;2995.02;1862.793;2992.2324;1860.4921;2996.4895;1842.3746;2993.9579;1844.7916;2992.4109;1855.9553;2987.425;1840.365
2901180.0;2996.2649;1852.7993;2997.2082;1852.6359;2997.9255;1843.763;3003.6129;1848.3126;2995.0223;1862.7944;2992.3077;1860.4838;2996.562;1842.4356;2994.0861;1844.9164;2992.323;1855.9882;2987.3525;1840.4266
3064820.0;2986.9922;1844.3737;2994.6341;1834.4284;2980.7492;1823.8346;2991.0309;1827.7679;3014.614;1896.5252;2992.899;1847.9861;2991.2455;1815.198;2996.126;1837.4713;2987.2831;1821.2642;2985.9344;1834.4279
3064840.0;2986.216;1842.5138;2994.6836;1834.4511;2980.7463;1823.8363;2989.8074;1825.9198;3014.6164;1896.5293;2993.023;1846.1497;2989.9597;1812.8685;2994.4876;1835.2726;2986.7231;1821.6687;2984.2505;1831.659
3064860.0;2985.2237;1840.681;2994.8423;1834.5359;2980.7434;1823.8381;2988.4589;1824.0596;3014.6188;1896.5334;2993.1515;1844.2094;2988.6301;1810.6805;2992.7923;1833.2428;2985.8357;1821.5081;2982.468;1829.064
3064880.0;2984.0402;1838.8379;2995.2503;1834.7646;2980.7405;1823.8399;2986.9867;1822.2015;3014.6212;1896.5375;2993.1992;1842.221;2987.2358;1808.6517;2991.0136;1831.3055;2984.6413;1820.7424;2980.589;1826.7217
3064900.0;2982.6667;1836.9896;2996.0822;1835.243;2980.7376;1823.8417;2985.3946;1820.3581;3014.6236;1896.5417;2993.1218;1840.1863;2985.7556;1806.7743;2989.1311;1829.4186;2983.2157;1819.5735;2978.6168;1824.6656
3064920.0;2981.0804;1835.1997;2997.4287;1836.0356;2980.7347;1823.8434;2983.69;1818.5469;3014.626;1896.5458;2992.8975;1838.1107;2984.1789;1805.0323;2987.1453;1827.5956;2981.6276;1818.2568;2976.5656;1822.8882
3064940.0;2979.2631;1833.5707;2999.1552;1837.0794;2980.7318;1823.8452;2981.8838;1816.8009;3014.6284;1896.5499;2992.5025;1836.0265;2982.5032;1803.4166;2985.0812;1825.8916;2979.9175;1816.9799;2974.4552;1821.3549
3064960.0;2977.24;1832.1833;3000.8888;1838.1589;2980.729;1823.847;2979.9895;1815.1694;3014.6308;1896.554;2991.9098;1833.9723;2980.7274;1801.945;2982.9686;1824.3632;2978.0978;1815.8283;2972.3027;1820.0322
3064980.0;2975.0892;1831.039;3002.194;1838.9793;2980.7261;1823.8488;2978.0161;1813.7106;3014.6332;1896.5581;2991.1088;1831.976;2978.8466;1800.6774;2980.8185;1823.0343;2976.1696;1814.8278;2970.1137;1818.9167
3065000.0;2972.9134;1830.0511;3002.7937;1839.3004;2980.7246;1823.8464;2975.9648;1812.4792;3014.6356;1896.5623;2990.1117;1830.052;2976.8528;1799.7117;2978.6183;1821.904;2974.1294;1813.9645;2967.8816;1818.0428
3065020.0;2970.791;1829.1075;3002.6635;1839.0329;2980.7503;1823.8356;2973.8342;1811.5175;3014.638;1896.5664;2988.9442;1828.2011;2974.7372;1799.1515;2976.3452;1820.9747;2971.9844;1813.2388;2965.5946;1817.4731
3065040.0;2968.7447;1828.1428;3001.9676;1838.2398;2980.8664;1823.8023;2971.6302;1810.8507;3014.6403;1896.5705;2987.633;1826.4097;2972.5008;1799.0543;2973.9846;1820.2648;2969.748;1812.6941;2963.2455;1817.2756
3065060.0;2966.7498;1827.1547;3000.9334;1837.0566;2981.2213;1823.7259;2969.3744;1810.4912;3014.6427;1896.5746;2986.1963;1824.6614;2970.1673;1799.39;2971.5431;1819.7901;2967.4282;1812.4149;2960.8425;1817.4948
3065080.0;2964.7667;1826.1718;2999.7442;1835.5971;2982.0696;1823.5944;2967.1032;1810.4451;3014.6451;1896.5788;2984.6404;1822.9523;2967.7891;1800.0407;2969.0558;1819.5404;2965.0146;1812.5096;2958.4187;1818.1198
3065100.0;2962.7688;1825.2189;2998.4957;1833.9258;2983.6537;1823.4079;2964.8626;1810.7172;3014.6475;1896.5829;2982.9633;1821.2988;2965.4365;1800.8481;2966.5816;1819.4768;2962.4798;1813.0706;2956.0369;1819.0714
3065120.0;2960.7537;1824.3053;2997.2016;1832.0868;2985.9469;1823.1525;2962.6987;1811.3064;3014.6499;1896.587;2981.1656;1819.7271;2963.1727;1801.6826;2964.1877;1819.5621;2959.7955;1814.1291;2953.7784;1820.2272
3065140.0;2958.736;1823.4331;2995.8356;1830.1317;2988.48;1822.7528;2960.6524;1812.1955;3014.6523;1896.5911;2979.2569;1818.2586;2961.0345;1802.4872;2961.9295;1819.789;2956.9694;1815.6247;2951.7167;1821.4788
3065160.0;2956.7361;1822.606;2994.3757;1828.1157;2990.5221;1822.0809;2958.7576;1813.343;3014.6547;1896.5952;2977.2514;1816.9035;2959.0349;1803.2759;2959.8455;1820.1845;2954.0779;1817.4159;2949.8955;1822.7762
3065180.0;2954.7737;1821.8379;2992.8086;1826.0897;2991.5341;1821.0492;2957.045;1814.6911;3014.6571;1896.5994;2975.1627;1815.6656;2957.1794;1804.0962;2957.9622;1820.7889;2951.2745;1819.3242;2948.3272;1824.123
3065200.0;2952.8645;1821.1572;2991.1178;1824.1094;2991.4414;1819.7106;2955.545;1816.1819;3014.6595;1896.6035;2973.0037;1814.5464;2955.4807;1804.9979;2956.3048;1821.6325;2948.7642;1821.198;2947.007;1825.5386
3065220.0;2951.0318;1820.6094;2989.2791;1822.2402;2990.4885;1818.2641;2954.2868;1817.7744;3014.6619;1896.6076;2970.7918;1813.5471;2953.9617;1806.0147;2954.8996;1822.7238;2946.7503;1822.953;2945.9265;1827.032
3065240.0;2949.3252;1820.2588;2987.2733;1820.5463;2988.9305;1816.9662;2953.291;1819.4468;3014.6643;1896.6117;2968.5485;1812.6723;2952.6502;1807.1649;2953.7692;1824.0515;2945.4029;1824.5865;2945.0786;1828.5968
3065260.0;2947.8274;1820.1821;2985.0981;1819.0669;2986.8978;1816.017;2952.5642;1821.1873;3014.6667;1896.6159;2966.2938;1811.9392;2951.5705;1808.4521;2952.9218;1825.5876;2944.8348;1826.1649;2944.4561;1830.2198
3065280.0;2946.6315;1820.4452;2982.7662;1817.8133;2984.4583;1815.4908;2952.0988;1822.9842;3014.6691;1896.62;2964.0449;1811.386;2950.7384;1809.8653;2952.3461;1827.2889;2945.0663;1827.7855;2944.0501;1831.8859
3065300.0;2945.7956;1821.0679;2980.302;1816.7828;2981.7316;1815.3461;2951.88;1824.8242;3014.6715;1896.6241;2961.8207;1811.068;2950.1585;1811.3826;2952.0138;1829.1022;2945.9802;1829.519;2943.8475;1833.5781
3065320.0;2945.317;1822.0074;2977.7417;1815.9783;2978.8943;1815.4766;2951.8888;1826.6934;3014.6739;1896.6282;2959.6499;1811.0355;2949.8243;1812.9775;2951.8905;1830.9745;2947.3151;1831.3689;2943.8276;1835.2802
3065340.0;2945.1521;1823.1791;2975.132;1815.417;2976.1335;1815.7799;2952.1009;1828.5788;3014.6763;1896.6323;2957.5733;1811.3127;2949.7178;1814.628;2951.9453;1832.865;2948.7504;1833.2761;2943.9622;1836.9813
3065360.0;2945.2587;1824.498;2972.5225;1815.1283;2973.5966;1816.2057;2952.483;1830.468;3014.6787;1896.6365;2955.6393;1811.8891;2949.8111;1816.3208;2952.1558;1834.7514;2950.0385;1835.1676;2944.2204;1838.6789
3065380.0;2945.6157;1825.9065;2969.9557;1815.142;2971.3534;1816.7664;2952.9993;1832.3525;3014.6811;1896.6406;2953.8993;1812.7338;2950.0715;1818.0482;2952.5053;1836.6265;2951.0861;1836.9994;2944.5781;1840.3777
3065400.0;2946.2112;1827.3719;2967.4667;1815.4779;2969.3976;1817.5143;2953.6222;1834.2307;3014.6834;1896.6447;2952.4033;1813.8132;2950.4718;1819.801;2952.9824;1838.4925;2951.9324;1838.7635;2945.0232;1842.0837
3065420.0;2947.0234;1828.8708;2965.0859;1816.1381;2967.6813;1818.4987;2954.3421;1836.1076;3014.6858;1896.6488;2951.1977;1815.097;2950.9973;1821.5639;2953.5823;1840.3551;2952.677;1840.4723;2945.5571;1843.7961
3065440.0;2948.0171;1830.3791;2962.842;1817.1018;2966.1535;1819.7413;2955.1651;1837.9869;3014.6882;1896.653;2950.318;1816.5517;2951.6467;1823.319;2954.3058;1842.2179;2953.4076;1842.1422;2946.1893;1845.5029
3065460.0;2949.1602;1831.8769;2960.7618;1818.3282;2964.7852;1821.2361;2956.1057;1839.8618;3014.6906;1896.6571;2949.7827;1818.1353;2952.4237;1825.0516;2955.1488;1844.077;2954.1701;1843.787;2946.9364;1847.1805
3065480.0;2950.4349;1833.3497;2958.8711;1819.769;2963.576;1822.9576;2957.1775;1841.7106;3014.693;1896.6612;2949.5889;1819.7992;2953.3319;1826.7522;2956.0922;1845.9164;2954.9795;1845.4183;2947.8189;1848.8007
3065500.0;2951.8383;1834.7825;2957.1941;1821.381;2962.5426;1824.8646;2958.391;1843.5003;3014.6954;1896.6653;2949.7155;1821.4978;2954.3736;1828.4128;2957.1051;1847.71;2955.8426;1847.0416;2948.8583;1850.3382
3065520.0;2953.3731;1836.154;2955.7524;1823.1336;2961.703;1826.9035;2959.7512;1845.1967;3014.6978;1896.6695;2950.1294;1823.1945;2955.5542;1830.0211;2958.1666;1849.4304;2956.7793;1848.651;2950.0691;1851.776
3065540.0;2955.0418;1837.4406;2954.561;1825.0052;2961.0684;1829.0161;2961.2578;1846.7733;3014.7002;1896.6736;2950.7912;1824.8666;2956.8835;1831.5592;2959.2807;1851.0592;2957.8208;1850.2284;2951.4522;1853.1028
3065560.0;2956.8432;1838.6264;2953.6276;1826.979;2960.6469;1831.1494;2962.9058;1848.213;3014.7026;1896.6777;2951.6554;1826.5065;2958.3729;1833.0077;2960.4721;1852.5878;2958.9975;1851.7503;2952.9937;1854.3094
3065580.0;2958.7698;1839.706;2952.9529;1829.0378;2960.4565;1833.2557;2964.6894;1849.5025;3014.705;1896.6818;2952.6721;1828.1214;2960.0295;1834.3501;2961.7671;1854.0122;2960.3319;1853.1962;2954.6725;1855.3843
3065600.0;2960.8056;1840.6787;2952.5316;1831.1614;2960.5259;1835.2918;2966.6046;1850.6282;3014.7074;1896.6859;2953.7952;1829.728;2961.8531;1835.5702;2963.185;1855.3258;2961.8409;1854.5497;2956.4699;1856.3132
3065620.0;2962.929;1841.5426;2952.3518;1833.3253;2960.8777;1837.2254;2968.6487;1851.5787;3014.7098;1896.6901;2954.9966;1831.3429;2963.8378;1836.6466;2964.7391;1856.5167;2963.5364;1855.7917;2958.3735;1857.0798
3065640.0;2965.1203;1842.2942;2952.3981;1835.5028;2961.5109;1839.0396;2970.8146;1852.3515;3014.7122;1896.6942;2956.2697;1832.9709;2965.9744;1837.5519;2966.4405;1857.5653;2965.4347;1856.8895;2960.3738;1857.6705
3065660.0;2967.3665;1842.9299;2952.6537;1837.6682;2962.4015;1840.7286;2973.0879;1852.9534;3014.7146;1896.6983;2957.6241;1834.5967;2968.2499;1838.2608;2968.296;1858.4474;2967.5627;1857.7921;2962.4605;1858.0805
3065680.0;2969.6603;1843.447;2953.1066;1839.798;2963.5221;1842.2841;2975.4449;1853.3947;3014.717;1896.7024;2959.0721;1836.1865;2970.6438;1838.7614;2970.3027;1859.1326;2969.951;1858.4419;2964.623;1858.3195
3065700.0;2971.995;1843.8381;2953.7508;1841.8682;2964.8579;1843.6849;2977.8563;1853.6801;3014.7194;1896.7066;2960.6237;1837.6982;2973.1286;1839.0609;2972.4449;1859.5884;2972.6025;1858.7945;2966.853;1858.4077
3065720.0;2974.3594;1844.0877;2954.5899;1843.8498;2966.4064;1844.897;2980.2908;1853.8088;3014.7218;1896.7107;2962.2871;1839.094;2975.6758;1839.1762;2974.6948;1859.7927;2975.4591;1858.8351;2969.143;1858.3645
3065740.0;2976.7365;1844.171;2955.6326;1845.7087;2968.1628;1845.8859;2982.7218;1853.779;3014.7242;1896.7148;2964.0719;1840.3472;2978.2628;1839.1187;2977.0156;1859.7548;2978.4133;1858.5793;2971.4792;1858.1947
3065760.0;2979.1073;1844.0604;2956.8886;1847.4095;2970.1109;1846.6293;2985.1329;1853.5927;3014.7265;1896.7189;2965.9869;1841.4415;2980.8732;1838.8821;2979.3705;1859.5235;2981.3585;1858.0655;2973.8392;1857.887
3065780.0;2981.4558;1843.7357;2958.3606;1848.9221;2972.2225;1847.1286;2987.5201;1853.2529;3014.7289;1896.723;2968.0326;1842.3683;2983.4899;1838.4481;2981.7333;1859.1629;2984.2291;1857.3542;2976.1991;1857.4283
3065800.0;2983.7736;1843.1929;2960.043;1850.2234;2974.4631;1847.4055;2989.888;1852.7605;3014.7313;1896.7272;2970.1963;1843.1221;2986.0895;1837.7999;2984.0974;1858.7106;2986.9984;1856.5172;2978.544;1856.8263
3065820.0;2986.0571;1842.4448;2961.9218;1851.2964;2976.7968;1847.4893;2992.2419;1852.1136;3014.7337;1896.7313;2972.4512;1843.6984;2988.6436;1836.9365;2986.4755;1858.1414;2989.6533;1855.6104;2980.8708;1856.1189
3065840.0;2988.3017;1841.5158;2963.9769;1852.1256;2979.189;1847.4039;2994.5818;1851.3099;3014.7361;1896.7354;2974.7655;1844.0873;2991.1278;1835.8771;2988.8964;1857.3601;2992.1839;1854.6511;2983.185;1855.3618
3065860.0;2990.497;1840.431;2966.1835;1852.6962;2981.6069;1847.1602;2996.9004;1850.3466;3014.7385;1896.7395;2977.1134;1844.2694;2993.5316;1834.6606;2991.3864;1856.2236;2994.5839;1853.6188;2985.4957;1854.6032
3065880.0;2992.6304;1839.205;2968.5135;1852.9951;2984.0172;1846.7589;2999.1851;1849.2199;3014.7409;1896.7437;2979.479;1844.2158;2995.8606;1833.3423;2993.9396;1854.5868;2996.8528;1852.4763;2987.8108;1853.8671
3065900.0;2994.6932;1837.8381;2970.9358;1853.0171;2986.3881;1846.1892;3001.419;1847.923;3014.7433;1896.7478;2981.8504;1843.8977;2998.1302;1831.9845;2996.4953;1852.3793;2998.9835;1851.1777;2990.1318;1853.1586
3065920.0;2996.6845;1836.3272;2973.4172;1852.765;2988.6925;1845.4229;3003.581;1846.4445;3014.7457;1896.7519;2984.2102;1843.2994;3000.351;1830.6399;2998.9548;1849.6666;3000.954;1849.6623;2992.4508;1852.4802
3065940.0;2998.6023;1834.6797;2975.9213;1852.2464;2990.9097;1844.4133;3005.6453;1844.7656;3014.7481;1896.756;2986.5304;1842.4273;3002.5193;1829.3391;3001.2357;1846.6533;3002.7308;1847.8584;2994.752;1851.8379
3065960.0;3000.4339;1832.9181;2978.4085;1851.4637;2993.0219;1843.11;3007.5831;1842.8637;3014.7505;1896.7602;2988.7749;1841.3039;3004.6158;1828.0874;3003.3168;1843.6003;3004.2837;1845.714;2997.017;1851.2372
3065980.0;3002.1497;1831.0587;2980.8382;1850.4099;2995.0115;1841.4838;3009.3638;1840.7216;3014.7529;1896.7643;2990.9068;1839.9529;3006.6142;1826.8719;3005.2304;1840.7111;3005.6015;1843.2289;2999.2278;1850.6735
3066000.0;3003.7086;1829.0905;2983.1724;1849.0723;2996.862;1839.541;3010.957;1838.3371;3014.7553;1896.7684;2992.8933;1838.3865;3008.4894;1825.669;3007.0199;1838.0658;3006.6989;1840.4655;3001.3659;1850.1284
3066020.0;3005.0657;1826.9734;2985.3795;1847.4449;2998.5577;1837.3109;3012.3318;1835.7252;3014.7577;1896.7725;2994.7083;1836.6079;3010.2231;1824.4531;3008.7063;1835.642;3007.6066;1837.5248;3003.4062;1849.582
3066040.0;3006.1803;1824.6622;2987.4334;1845.5356;3000.0792;1834.8261;3013.4583;1832.9144;3014.7601;1896.7766;2996.3309;1834.6236;3011.7987;1823.2055;3010.2827;1833.3813;3008.3488;1834.5063;3005.3127;1849.0358
3066060.0;3007.0193;1822.1395;2989.312;1843.3696;3001.4015;1832.1151;3014.3052;1829.9463;3014.7625;1896.7808;2997.7439;1832.4523;3013.1933;1821.9224;3011.7237;1831.2294;3008.9278;1831.4804;3007.0322;1848.5252
3066080.0;3007.5625;1819.4363;2990.993;1840.9833;3002.5017;1829.2098;3014.8392;1826.8785;3014.7649;1896.7849;2998.9259;1830.1205;3014.3687;1820.6166;3012.9977;1829.1439;3009.3212;1828.4876;3008.4916;1848.1011
3066100.0;3007.8011;1816.6326;2992.4536;1838.4164;3003.372;1826.141;3015.0244;1823.7852;3014.7673;1896.789;2999.8471;1827.6555;3015.2736;1819.3119;3014.0736;1827.0832;3009.4997;1825.5578;3009.609;1847.7868
3066120.0;3007.7309;1813.8414;2993.669;1835.7038;3004.0262;1822.9238;3014.8296;1820.7511;3014.7696;1896.7931;3000.4711;1825.0835;3015.8537;1818.0327;3014.926;1825.0084;3009.4338;1822.7241;3010.3248;1847.5551
3066140.0;3007.3421;1811.181;2994.6146;1832.8748;3004.4904;1819.5451;3014.2399;1817.8544;3014.772;1896.7973;3000.7717;1822.4364;3016.0653;1816.7942;3015.5265;1822.893;3009.0866;1820.022;3010.6403;1847.3504
3066160.0;3006.6207;1808.7458;2995.2645;1829.959;3004.7774;1815.987;3013.2664;1815.1536;3014.7744;1896.8014;3000.7462;1819.7561;3015.8753;1815.5932;3015.8313;1820.729;3008.4181;1817.4896;3010.6286;1847.1294
3066180.0;3005.5641;1806.5863;2995.5956;1826.992;3004.8696;1812.2657;3011.9434;1812.6833;3014.7768;1896.8055;3000.4152;1817.0896;3015.2529;1814.4028;3015.7852;1818.5264;3007.4073;1815.1769;3010.402;1846.8793
3066200.0;3004.1999;1804.7086;2995.5895;1824.0177;3004.7352;1808.4507;3010.3159;1810.4613;3014.7792;1896.8096;2999.8061;1814.4776;3014.1675;1813.1835;3015.3462;1816.3094;3006.0752;1813.148;3010.0636;1846.6078
3066220.0;3002.5831;1803.0963;2995.2357;1821.0843;3004.3589;1804.6464;3008.4245;1808.499;3014.7816;1896.8137;2998.9354;1811.9531;3012.6042;1811.9112;3014.5132;1814.1114;3004.4575;1811.4889;3009.6792;1846.3258
3066240.0;3000.7755;1801.7396;2994.5291;1818.2445;3003.7702;1800.947;3006.3007;1806.8037;3014.784;1896.8179;2997.8055;1809.5502;3010.5945;1810.6171;3013.3225;1811.9711;3002.5534;1810.3164;3009.2803;1846.0395
3066260.0;2998.8182;1800.6543;2993.4675;1815.5586;3003.0384;1797.4071;3003.9719;1805.3816;3014.7864;1896.822;2996.4145;1807.3193;3008.2348;1809.4045;3011.8104;1809.932;3000.3107;1809.7665;3008.8778;1845.7522
3066280.0;2996.7266;1799.8794;2992.0535;1813.0999;3002.24;1794.0509;3001.4741;1804.2433;3014.7888;1896.8261;2994.7663;1805.3368;3005.6726;1808.4275;3009.9809;1808.0409;2997.6973;1809.9261;3008.4752;1845.4649
3066300.0;2994.5052;1799.4612;2990.3048;1810.9481;3001.4304;1790.8898;2998.8562;1803.4123;3014.7912;1896.8302;2992.8777;1803.7052;3003.0693;1807.84;3007.8189;1806.346;2994.7944;1810.7304;3008.0727;1845.1776
3066320.0;2992.1709;1799.4312;2988.266;1809.1738;3000.6326;1787.9242;2996.1785;1802.9217;3014.7936;1896.8344;2990.7819;1802.5329;3000.56;1807.7452;3005.3378;1804.8887;2991.8102;1811.9354;3007.6701;1844.8902
3066340.0;2989.7643;1799.7938;2986.0109;1807.822;2999.8521;1785.1224;2993.5046;1802.8018;3014.796;1896.8385;2988.5347;1801.8944;2998.2331;1808.1715;3002.6118;1803.6917;2988.9833;1813.2261;3007.2676;1844.6029
3066360.0;2987.3487;1800.5203;2983.6309;1806.9071;2999.0857;1782.4387;2990.8938;1803.0622;3014.7984;1896.8426;2986.2171;1801.7939;2996.1261;1809.075;2999.7593;1802.7543;2986.4567;1814.382;3006.865;1844.3156
3066380.0;2984.9998;1801.5557;2981.2172;1806.419;2998.3099;1779.8634;2988.3975;1803.6858;3014.8008;1896.8467;2983.9246;1802.1622;2994.2352;1810.361;2996.8953;1802.0661;2984.2389;1815.3576;3006.4625;1844.0283
3066400.0;2982.7917;1802.831;2978.8502;1806.3347;2997.4245;1777.5375;2986.0576;1804.6306;3014.8032;1896.8509;2981.7468;1802.8942;2992.5276;1811.911;2994.1002;1801.624;2982.2615;1816.2366;3006.0599;1843.741
3066420.0;2980.7822;1804.2814;2976.5974;1806.6259;2996.2002;1775.8418;2983.9058;1805.8403;3014.8056;1896.855;2979.7476;1803.8926;2990.9619;1813.6125;2991.4202;1801.4491;2980.4601;1817.1364;3005.6574;1843.4536
3066440.0;2979.0023;1805.8603;2974.5147;1807.2642;2994.3242;1775.3628;2981.9643;1807.2561;3014.808;1896.8591;2977.9584;1805.0924;2989.5075;1815.382;2988.8859;1801.5887;2978.8143;1818.1459;3005.2548;1843.1663
3066460.0;2977.4581;1807.5436;2972.6466;1808.2188;2991.5695;1776.6465;2980.2469;1808.8273;3014.8104;1896.8632;2976.3848;1806.4594;2988.1561;1817.1736;2986.5256;1802.0983;2977.335;1819.3154;3004.8522;1842.879
3066480.0;2976.1416;1809.319;2971.0251;1809.4557;2988.0168;1779.8642;2978.7577;1810.5152;3014.8127;1896.8673;2975.0188;1807.9758;2986.9176;1818.9719;2984.363;1803.0111;2976.0403;1820.6509;3004.4497;1842.5917
3066500.0;2975.0418;1811.1719;2969.6694;1810.9336;2984.1058;1784.6417;2977.4919;1812.2921;3014.8151;1896.8715;2973.849;1809.6251;2985.8053;1820.7683;2982.4134;1804.3114;2974.9409;1822.1176;3004.0471;1842.3044
3066520.0;2974.1492;1813.0755;2968.5878;1812.6056;2980.4316;1790.2165;2976.4397;1814.1346;3014.8175;1896.8756;2972.8632;1811.3839;2984.8281;1822.5471;2980.681;1805.932;2974.0463;1823.6589;3003.6446;1842.017
3066540.0;2973.4548;1814.9981;2967.7796;1814.4221;2977.4373;1795.7771;2975.5955;1816.021;3014.8199;1896.8797;2972.0465;1813.2227;2983.9902;1824.287;2979.1642;1807.7866;2973.3706;1825.2282;3003.242;1841.7297
3066560.0;2972.9448;1816.914;2967.2376;1816.3361;2975.2444;1800.7481;2974.9637;1817.9297;3014.8223;1896.8838;2971.3803;1815.1114;2983.298;1825.9778;2977.8626;1809.8007;2972.9356;1826.8086;3002.8395;1841.4424
3066580.0;2972.6021;1818.8128;2966.9474;1818.3057;2973.7057;1804.9075;2974.5562;1819.8403;3014.8247;1896.888;2970.8467;1817.026;2982.7614;1827.6299;2976.7761;1811.9235;2972.7629;1828.4081;3002.4369;1841.1551
3066600.0;2972.4102;1820.6973;2966.8894;1820.2959;2972.5778;1808.3381;2974.3803;1821.7358;3014.8271;1896.8921;2970.438;1818.9505;2982.392;1829.2629;2975.9017;1814.1233;2972.8751;1830.0494;3002.0344;1840.8678
3066620.0;2972.3616;1822.5758;2967.04;1822.2791;2971.6701;1811.2544;2974.4305;1823.6038;3014.8295;1896.8962;2970.1604;1820.8734;2982.1999;1830.8864;2975.2333;1816.3782;2973.2905;1831.7634;3001.6318;1840.5804
3066640.0;2972.457;1824.4517;2967.3771;1824.2349;2970.8892;1813.8498;2974.6852;1825.4383;3014.8319;1896.9003;2970.0295;1822.7839;2982.1932;1832.4924;2974.768;1818.6658;2973.9994;1833.579;3001.2293;1840.2931
3066660.0;2972.6971;1826.3198;2967.8818;1826.149;2970.2122;1816.2314;2975.1123;1827.2382;3014.8343;1896.9044;2970.0591;1824.67;2982.3728;1834.0617;2974.5069;1820.9619;2974.9368;1835.4998;3000.8267;1840.0058
3066680.0;2973.0713;1828.1675;2968.5371;1828.0135;2969.6535;1818.4653;2975.6723;1829.0037;3014.8367;1896.9086;2970.2541;1826.5231;2982.7241;1835.5791;2974.4445;1823.2337;2975.9888;1837.4888;3000.4242;1839.7185
3066700.0;2973.5571;1829.9828;2969.3209;1829.8285;2969.2438;1820.6225;2976.3233;1830.7328;3014.8391;1896.9127;2970.6086;1828.3408;2983.2146;1837.0442;2974.5563;1825.4449;2977.0412;1839.4803;3000.0216;1839.4311
3066720.0;2974.1276;1831.7586;2970.2038;1831.604;2969.0246;1822.7824;2977.0262;1832.422;3014.8415;1896.9168;2971.1096;1830.1246;2983.8042;1838.4716;2974.8108;1827.5752;2978.0289;1841.411;2999.6191;1839.1438
3066740.0;2974.7645;1833.4906;2971.1519;1833.3566;2969.024;1824.9963;2977.7525;1834.0709;3014.8439;1896.9209;2971.7407;1831.8743;2984.4591;1839.8828;2975.194;1829.6303;2978.9468;1843.2454;2999.2165;1838.8565
3066760.0;2975.4651;1835.1733;2972.1379;1835.1008;2969.2285;1827.2729;2978.4888;1835.6858;3014.8463;1896.9251;2972.4853;1833.5862;2985.1592;1841.2935;2975.719;1831.6291;2979.8233;1844.9782;2998.8139;1838.5692
3066780.0;2976.2406;1836.801;2973.1477;1836.8391;2969.6261;1829.5625;2979.2354;1837.2779;3014.8487;1896.9292;2973.3311;1835.2524;2985.8948;1842.7061;2976.4086;1833.5801;2980.6906;1846.6268;2998.4114;1838.2819
3066800.0;2977.1066;1838.3707;2974.1805;1838.5608;2970.2773;1831.7664;2980.0002;1838.8583;3014.8511;1896.9333;2974.2723;1836.8609;2986.6642;1844.1127;2977.2663;1835.4702;2981.569;1848.2218;2998.0088;1837.9945
3066820.0;2978.075;1839.8838;2975.2478;1840.2475;2971.3223;1833.77;2980.797;1840.4322;3014.8535;1896.9374;2975.3068;1838.3974;2987.4699;1845.5031;2978.2626;1837.2794;2982.4579;1849.7949;2997.6063;1837.7072
3066840.0;2979.1507;1841.3436;2976.3742;1841.8806;2972.8686;1835.5077;2981.6432;1841.9979;3014.8558;1896.9415;2976.4301;1839.8526;2988.3179;1846.8663;2979.3523;1839.0023;2983.343;1851.3694;2997.2037;1837.4199
3066860.0;2980.3348;1842.7519;2977.5927;1843.4454;2974.8632;1837.0058;2982.5568;1843.5466;3014.8582;1896.9457;2977.6304;1841.2288;2989.2154;1848.1891;2980.4997;1840.6519;2984.2072;1852.9539;2996.8012;1837.1326
3066880.0;2981.6267;1844.1068;2978.9294;1844.9338;2977.0954;1838.3624;2983.5526;1845.0649;3014.8606;1896.9498;2978.8904;1842.5388;2990.1729;1849.4529;2981.6905;1842.2508;2985.0462;1854.5467;2996.3986;1836.8453
3066900.0;2983.0222;1845.4014;2980.3856;1846.3454;2979.3324;1839.6694;2984.6407;1846.536;3014.863;1896.9539;2980.1952;1843.7937;2991.2052;1850.637;2982.9256;1843.8187;2985.8715;1856.1413;2995.9961;1836.5579
3066920.0;2984.5105;1846.6254;2981.9354;1847.6849;2981.4456;1840.9583;2985.8285;1847.9431;3014.8654;1896.958;2981.5375;1844.9935;2992.3313;1851.7223;2984.2076;1845.3672;2986.7105;1857.7234;2995.5935;1836.2706
3066940.0;2986.076;1847.7658;2983.5441;1848.9548;2983.4218;1842.2016;2987.122;1849.271;3014.8678;1896.9622;2982.9173;1846.1306;2993.5682;1852.6951;2985.5375;1846.898;2987.6004;1859.2697;2995.191;1835.9833
3066960.0;2987.7041;1848.8085;2985.1893;1850.1482;2985.3125;1843.3451;2988.5236;1850.5066;3014.8702;1896.9663;2984.338;1847.1984;2994.9266;1853.5464;2986.9183;1848.4037;2988.601;1860.7352;2994.7884;1835.696
3066980.0;2989.386;1849.7388;2986.8657;1851.25;2987.1808;1844.3334;2990.0292;1851.6375;3014.8726;1896.9704;2985.8029;1848.1954;2996.4065;1854.2729;2988.3554;1849.8703;2989.8043;1862.044;2994.3859;1835.4087
3067000.0;2991.1186;1850.5448;2988.5762;1852.2442;2989.0712;1845.132;2991.6288;1852.6512;3014.875;1896.9745;2987.3142;1849.1232;2997.9987;1854.8785;2989.8531;1851.2804;2991.317;1863.096;2993.9833;1835.1213
3067020.0;2992.903;1851.2213;2990.3217;1853.1219;2991.0081;1845.7425;2993.3125;1853.5352;3014.8774;1896.9787;2988.8749;1849.98;2999.6889;1855.3744;2991.4128;1852.6198;2993.2116;1863.7996;2993.5807;1834.834
3067040.0;2994.7434;1851.7722;2992.0977;1853.8812;2992.9931;1846.203;2995.0758;1854.2761;3014.8798;1896.9828;2990.4892;1850.7543;3001.4641;1855.7732;2993.0359;1853.8765;2995.4795;1864.1129;2993.1782;1834.5467
3067060.0;2996.6475;1852.2054;2993.8971;1854.5212;2995.0227;1846.556;2996.9196;1854.8594;3014.8822;1896.9869;2992.1628;1851.4218;3003.3157;1856.0824;2994.7275;1855.0341;2998.0371;1864.0529;2992.7756;1834.2594
3067080.0;2998.6243;1852.5248;2995.7149;1855.0401;2997.0962;1846.82;2998.8458;1855.2722;3014.8846;1896.991;2993.9031;1851.947;3005.2413;1856.3003;2996.4981;1856.0667;3000.7775;1863.6752;2992.3731;1833.9721
3067100.0;3000.679;1852.7234;2997.5532;1855.4356;2999.2168;1846.9854;3000.8533;1855.5062;3014.887;1896.9951;2995.7189;1852.2885;3007.2406;1856.4161;2998.3563;1856.9466;3003.606;1863.06;2991.9705;1833.6847
3067120.0;3002.8081;1852.7804;2999.4228;1855.7097;3001.3899;1847.0337;3002.9369;1855.5609;3014.8894;1896.9993;2997.6165;1852.4095;3009.312;1856.4103;3000.2986;1857.6666;3006.4467;1862.3033;2991.568;1833.3974
3067140.0;3004.9985;1852.6667;3001.3404;1855.8644;3003.6222;1846.9437;3005.0889;1855.4389;3014.8918;1897.0034;2999.5957;1852.2851;3011.4484;1856.2586;3002.3025;1858.2473;3009.2419;1861.4913;2991.1654;1833.1101
3067160.0;3007.229;1852.3565;3003.3226;1855.8945;3005.916;1846.6876;3007.2996;1855.1422;3014.8942;1897.0075;3001.6457;1851.9078;3013.6375;1855.9337;3004.3343;1858.7137;3011.9613;1860.661;2990.7629;1832.8228
3067180.0;3009.4732;1851.8413;3005.3785;1855.7762;3008.2602;1846.2244;3009.5574;1854.6705;3014.8966;1897.0116;3003.7444;1851.2848;3015.8638;1855.411;3006.3659;1859.0658;3014.5972;1859.792;2990.3603;1832.5354
3067200.0;3011.7017;1851.1377;3007.5055;1855.4689;3010.6259;1845.5192;3011.8502;1854.0248;3014.8989;1897.0158;3005.8604;1850.4307;3018.1101;1854.6706;3008.3866;1859.2735;3017.1536;1858.8249;2989.9578;1832.2481
3067220.0;3013.8839;1850.277;3009.6856;1854.9266;3012.968;1844.5643;3014.1654;1853.2078;3014.9013;1897.0199;3007.9576;1849.3614;3020.3555;1853.6971;3010.4011;1859.3035;3019.6258;1857.6908;2989.5552;1831.9608
3067240.0;3015.9896;1849.2858;3011.8844;1854.1153;3015.2365;1843.3863;3016.4899;1852.2227;3014.9037;1897.024;3009.9995;1848.0953;3022.5705;1852.4822;3012.4179;1859.1471;3022.0025;1856.3215;2989.1527;1831.6735
3067260.0;3017.9868;1848.1652;3014.0546;1853.0214;3017.3922;1842.0328;3018.8036;1851.0667;3014.9061;1897.0281;3011.9525;1846.6521;3024.7156;1851.0306;3014.4384;1858.8176;3024.2696;1854.6655;2988.7501;1831.3862
3067280.0;3019.8389;1846.8851;3016.1454;1851.6475;3019.4149;1840.547;3021.0756;1849.7281;3014.9085;1897.0322;3013.7857;1845.0456;3026.7503;1849.3748;3016.4532;1858.322;3026.4088;1852.72;2988.3476;1831.0988
3067300.0;3021.5039;1845.3982;3018.1073;1850.003;3021.2955;1838.9512;3023.2594;1848.1833;3014.9109;1897.0364;3015.4696;1843.2758;3028.6519;1847.5868;3018.4432;1857.6405;3028.3886;1850.5503;2987.945;1830.8115
3067320.0;3022.9404;1843.6665;3019.8962;1848.0978;3023.0215;1837.2376;3025.2936;1846.4021;3014.9133;1897.0405;3016.9746;1841.3319;3030.4279;1845.7726;3020.3825;1856.7213;3030.1585;1848.2664;2987.5424;1830.5242
3067340.0;3024.1144;1841.6832;3021.4706;1845.9428;3024.5674;1835.3712;3027.1076;1844.3552;3014.9157;1897.0446;3018.2757;1839.2103;3032.1083;1844.0401;3022.235;1855.4973;3031.6302;1845.9914;2987.1399;1830.2369
3067360.0;3025.0027;1839.4762;3022.7948;1843.5554;3025.8984;1833.3078;3028.6302;1842.0294;3014.9181;1897.0487;3019.3577;1836.9288;3033.7151;1842.4581;3023.9463;1853.9005;3032.6915;1843.8377;2986.7373;1829.9496
3067380.0;3025.5863;1837.0923;3023.8417;1840.9613;3026.9799;1831.0147;3029.8034;1839.4404;3014.9205;1897.0529;3020.2136;1834.5232;3035.2389;1841.0397;3025.4378;1851.8748;3033.2609;1841.9058;2986.3348;1829.6622
3067400.0;3025.8442;1834.5769;3024.5971;1838.1958;3027.78;1828.4851;3030.5927;1836.6414;3014.9229;1897.057;3020.8377;1832.0326;3036.6344;1839.761;3026.6233;1849.4087;3033.3663;1840.2741;2985.9322;1829.3749
3067420.0;3025.7587;1831.9694;3025.0567;1835.2977;3028.2767;1825.7464;3030.9923;1833.7147;3014.9253;1897.0611;3021.2177;1829.4872;3037.8381;1838.5925;3027.4465;1846.5739;3033.1704;1838.9674;2985.5297;1829.0876
3067440.0;3025.335;1829.3115;3025.2193;1832.3057;3028.4606;1822.8643;3031.0191;1830.7526;3014.9277;1897.0652;3021.3348;1826.9142;3038.7846;1837.5105;3027.903;1843.5179;3032.8768;1837.9369;2985.1271;1828.8003
3067460.0;3024.6161;1826.6563;3025.0851;1829.254;3028.3243;1819.9313;3030.7003;1827.8334;3014.9301;1897.0694;3021.1695;1824.3489;3039.4213;1836.4925;3028.0206;1840.4035;3032.5904;1837.0923;2984.7246;1828.513
3067480.0;3023.6766;1824.0682;3024.6597;1826.1779;3027.8485;1817.0514;3030.0602;1825.0101;3014.9325;1897.0735;3020.705;1821.8407;3039.7162;1835.5152;3027.8148;1837.3363;3032.2612;1836.3393;2984.322;1828.2256
3067500.0;3022.5872;1821.6074;3023.9573;1823.1198;3027.0031;1814.3228;3029.1143;1822.31;3014.9349;1897.0776;3019.932;1819.4428;3039.6642;1834.5629;3027.2716;1834.346;3031.7462;1835.5708;2983.9195;1827.9383
3067520.0;3021.3831;1819.3146;3022.9962;1820.133;3025.7711;1811.8226;3027.8711;1819.7469;3014.9373;1897.0817;3018.8569;1817.1965;3039.2805;1833.6367;3026.3836;1831.4349;3030.9025;1834.6309;2983.5169;1827.651
3067540.0;3020.0553;1817.2082;3021.7881;1817.2714;3024.1744;1809.5869;3026.3367;1817.3309;3014.9397;1897.0858;3017.5051;1815.1216;3038.5893;1832.7545;3025.1825;1828.6259;3029.6455;1833.3385;2983.1144;1827.3637
3067560.0;3018.5728;1815.2954;3020.3342;1814.58;3022.2737;1807.6008;3024.5221;1815.0778;3014.942;1897.09;3015.9172;1813.2187;3037.6046;1831.9387;3023.7194;1825.9653;3027.973;1831.5947;2982.7118;1827.0764
3067580.0;3016.9083;1813.5901;3018.6325;1812.0903;3020.1424;1805.8171;3022.4465;1813.0144;3014.9444;1897.0941;3014.1368;1811.4822;3036.3152;1831.1967;3022.0136;1823.4947;3025.9542;1829.4884;2982.3092;1826.789
3067600.0;3015.0557;1812.1182;3016.6896;1809.829;3017.8429;1804.1994;3020.1392;1811.1785;3014.9468;1897.0982;3012.2006;1809.9139;3034.6895;1830.5163;3020.04;1821.2335;3023.6938;1827.2647;2981.9067;1826.5017
3067620.0;3013.0251;1810.9123;3014.5253;1807.8273;3015.4198;1802.7511;3017.6378;1809.6079;3014.9492;1897.1023;3010.1387;1808.527;3032.7144;1829.8827;3017.7748;1819.1893;3021.2643;1825.1979;2981.5041;1826.2144
3067640.0;3010.828;1810.0055;3012.1741;1806.1219;3012.9096;1801.512;3014.9862;1808.328;3014.9516;1897.1065;3007.9807;1807.3414;3030.4407;1829.3078;3015.2491;1817.3781;3018.6804;1823.4724;2981.1016;1825.9271
3067660.0;3008.4702;1809.4262;3009.6831;1804.7455;3010.3511;1800.5349;3012.2353;1807.3441;3014.954;1897.1106;3005.7618;1806.3754;3027.9842;1828.8357;3012.5536;1815.8286;3015.9396;1822.1638;2980.699;1825.6397
3067680.0;3005.9653;1809.1824;3007.1098;1803.721;3007.7856;1799.8628;3009.4422;1806.6498;3014.9564;1897.1147;3003.5219;1805.6464;3025.4615;1828.5089;3009.8005;1814.5743;3013.0703;1821.2808;2980.2965;1825.3524
3067700.0;3003.3608;1809.2433;3004.5141;1803.0593;3005.2547;1799.5158;3006.6676;1806.2389;3014.9588;1897.1188;3001.2981;1805.1752;3022.9324;1828.3453;3007.0841;1813.6509;3010.1418;1820.8053;2979.8939;1825.0651
3067720.0;3000.744;1809.5432;3001.9479;1802.7651;3002.7965;1799.4898;3003.9681;1806.1124;3014.9612;1897.1229;2999.118;1804.9846;3020.409;1828.3582;3004.461;1813.0967;3007.2258;1820.7065;2979.4914;1824.7778
3067740.0;2998.2151;1810.0205;2999.4518;1802.8356;3000.4418;1799.764;3001.3896;1806.2719;3014.9636;1897.1271;2997.0011;1805.0909;3017.9188;1828.6002;3001.9549;1812.9441;3004.371;1820.946;2979.0888;1824.4905
3067760.0;2995.8511;1810.6522;2997.0585;1803.2575;2998.2125;1800.3132;2998.9645;1806.709;3014.966;1897.1312;2994.9686;1805.4948;3015.5378;1829.1661;2999.5767;1813.1973;3001.609;1821.4842;2978.6863;1824.2031
3067780.0;2993.6946;1811.4547;2994.798;1804.0083;2996.1253;1801.1112;2996.7129;1807.3999;3014.9684;1897.1353;2993.051;1806.1815;3013.363;1830.1415;2997.3394;1813.8178;2998.9827;1822.2818;2978.2837;1823.9158
3067800.0;2991.766;1812.4552;2992.697;1805.0607;2994.1958;1802.1267;2994.6451;1808.3131;3014.9708;1897.1394;2991.2859;1807.1251;3011.4598;1831.5474;2995.2597;1814.7301;2996.5591;1823.2945;2977.8812;1823.6285
3067820.0;2990.0802;1813.6711;2990.7781;1806.3806;2992.4383;1803.3165;2992.7652;1809.4193;3014.9732;1897.1436;2989.7097;1808.2938;3009.844;1833.3293;2993.3475;1815.8465;2994.411;1824.4797;2977.4786;1823.3412
3067840.0;2988.6482;1815.1012;2989.0609;1807.9279;2990.8606;1804.6226;2991.0766;1810.6975;3014.9756;1897.1477;2988.3514;1809.6515;3008.4959;1835.385;2991.6042;1817.0904;2992.587;1825.8159;2977.0761;1823.0588
3067860.0;2987.473;1816.7322;2987.5642;1809.6601;2989.4631;1805.9776;2989.5849;1812.1323;3014.978;1897.1518;2987.2309;1811.1617;3007.3805;1837.5934;2990.0342;1818.4126;2991.0952;1827.3053;2976.6738;1822.7962
3067880.0;2986.5527;1818.5403;2986.3048;1811.538;2988.2414;1807.3237;2988.2994;1813.7094;3014.9804;1897.1559;2986.3594;1812.7897;3006.4602;1839.8375;2988.6568;1819.7985;2989.9065;1828.9407;2976.2742;1822.5946
3067900.0;2985.8867;1820.4884;2985.2923;1813.5281;2987.1914;1808.6346;2987.2284;1815.4108;3014.9828;1897.16;2985.7363;1814.5027;3005.7046;1842.0221;2987.5047;1821.2615;2988.9709;1830.6815;2975.8846;1822.5399
3067920.0;2985.477;1822.5234;2984.5278;1815.5981;2986.3085;1809.925;2986.3774;1817.2143;3014.9852;1897.1642;2985.3445;1816.268;3005.0976;1844.0856;2986.6159;1822.8296;2988.2384;1832.4606;2975.5246;1822.7605
3067940.0;2985.3219;1824.5783;2984.0027;1817.715;2985.5779;1811.2376;2985.7453;1819.0941;3014.9875;1897.1683;2985.1532;1818.0538;3004.6386;1846.0006;2986.0194;1824.5244;2987.6804;1834.2231;2975.2354;1823.3829
3067960.0;2985.4077;1826.5904;2983.7029;1819.8494;2984.975;1812.6178;2985.3237;1821.0259;3014.9899;1897.1724;2985.1265;1819.8374;3004.3327;1847.7624;2985.7182;1826.3412;2987.2978;1835.9474;2975.0822;1824.4591
3067980.0;2985.7125;1828.5218;2983.6113;1821.9799;2984.4815;1814.0934;2985.097;1822.9886;3014.9923;1897.1765;2985.2329;1821.6099;3004.1811;1849.382;2985.6766;1828.2384;2987.1149;1837.6369;2975.1404;1825.9258
3068000.0;2986.2125;1830.3616;2983.7131;1824.0934;2984.1171;1815.6695;2985.0474;1824.9639;3014.9947;1897.1807;2985.4503;1823.3725;3004.1753;1850.8825;2985.828;1830.1529;2987.1613;1839.3032;2975.4657;1827.6349
3068020.0;2986.8881;1832.1147;2983.998;1826.1819;2983.9475;1817.3317;2985.1601;1826.9338;3014.9971;1897.1848;2985.7677;1825.125;3004.3016;1852.2956;2986.1115;1832.0344;2987.4585;1840.955;2976.0719;1829.4271
3068040.0;2987.7186;1833.7943;2984.4596;1828.239;2984.0481;1819.055;2985.4272;1828.8815;3014.9995;1897.1889;2986.1819;1826.8583;3004.5458;1853.6555;2986.5063;1833.8703;2988.0088;1842.5975;2976.9319;1831.1897
3068060.0;2988.6704;1835.42;2985.0897;1830.2599;2984.4527;1820.8166;2985.8448;1830.7944;3015.0019;1897.193;2986.6928;1828.5615;3004.8959;1854.99;2987.0335;1835.6782;2988.7859;1844.2333;2977.9938;1832.8752
3068080.0;2989.6947;1837.0132;2985.8762;1832.2431;2985.134;1822.6039;2986.4092;1832.6651;3015.0043;1897.1972;2987.2977;1830.233;3005.3423;1856.3145;2987.7259;1837.4754;2989.7373;1845.8654;2979.1991;1834.488
3068100.0;2990.7482;1838.5934;2986.8005;1834.1925;2986.0267;1824.4141;2987.1136;1834.4912;3015.0067;1897.2013;2987.9897;1831.8846;3005.8781;1857.6288;2988.5954;1839.2599;2990.7967;1847.4976;2980.4898;1836.0596
3068120.0;2991.8171;1840.1738;2987.8401;1836.1168;2987.0651;1826.2389;2987.9504;1836.2721;3015.0091;1897.2054;2988.7588;1833.5339;3006.4992;1858.9218;2989.6185;1841.0133;2991.9023;1849.1302;2981.8147;1837.626
3068140.0;2992.916;1841.7621;2988.9686;1838.0236;2988.2058;1828.0511;2988.9121;1838.0074;3015.0115;1897.2095;2989.5951;1835.1946;3007.2033;1860.1795;2990.749;1842.7186;2993.0124;1850.7574;2983.1345;1839.2092
3068160.0;2994.0636;1843.3621;2990.1588;1839.9149;2989.426;1829.8116;2989.9903;1839.6954;3015.0139;1897.2136;2990.4883;1836.8702;3007.9845;1861.3916;2991.9417;1844.3724;2994.115;1852.3665;2984.4272;1840.818
3068180.0;2995.2549;1844.9709;2991.3862;1841.7864;2990.7112;1831.4937;2991.1741;1841.3331;3015.0163;1897.2178;2991.427;1838.5541;3008.8316;1862.5498;2993.173;1845.9829;2995.2268;1853.9361;2985.6938;1842.4484
3068200.0;2996.4588;1846.5808;2992.6331;1843.6314;2992.0441;1833.1022;2992.4511;1842.916;3015.0187;1897.2219;2992.3989;1840.2328;3009.7287;1863.6475;2994.4453;1847.5582;2996.3817;1855.4357;2986.9616;1844.0782
3068220.0;2997.6394;1848.1823;2993.8904;1845.444;2993.3985;1834.6679;2993.8083;1844.4422;3015.0211;1897.226;2993.394;1841.8922;3010.6599;1864.6834;2995.7698;1849.096;2997.609;1856.8365;2988.2729;1845.6656
3068240.0;2998.7765;1849.7673;2995.1549;1847.2202;2994.75;1836.2273;2995.2315;1845.916;3015.0235;1897.2301;2994.4091;1843.5241;3011.6118;1865.6649;2997.1476;1850.5815;2998.9136;1858.1304;2989.6597;1847.1675
3068260.0;2999.8718;1851.3313;2996.4247;1848.957;2996.0868;1837.8058;2996.7022;1847.3491;3015.0259;1897.2343;2995.4512;1845.1255;3012.5745;1866.6063;2998.5692;1851.9957;3000.2699;1859.3452;2991.1241;1848.5694
3068280.0;3000.9395;1852.8723;2997.6968;1850.6471;2997.4168;1839.4145;2998.1993;1848.7546;3015.0283;1897.2384;2996.5344;1846.6901;3013.54;1867.5252;3000.023;1853.3268;3001.6347;1860.5275;2992.6387;1849.8966
3068300.0;3001.9968;1854.391;2998.9701;1852.2733;2998.7633;1841.0505;2999.7043;1850.1404;3015.0306;1897.2425;2997.6795;1848.2033;3014.5046;1868.4388;3001.5037;1854.5734;3002.9723;1861.7021;2994.1712;1851.1902
3068320.0;3003.0598;1855.8894;3000.2572;1853.796;3000.1588;1842.6998;3001.2107;1851.5024;3015.033;1897.2466;2998.9138;1849.6359;3015.4714;1869.3613;3003.0131;1855.7409;3004.2794;1862.8431;2995.7095;1852.4718
3068340.0;3004.155;1857.3606;3001.5965;1855.1446;3001.6439;1844.3515;3002.7273;1852.824;3015.0354;1897.2507;3000.267;1850.9393;3016.4514;1870.2977;3004.5621;1856.8248;3005.6004;1863.8832;2997.2683;1853.7286
3068360.0;3005.3277;1858.7772;3003.0497;1856.2248;3003.2652;1846.0089;3004.277;1854.0762;3015.0378;1897.2549;3001.7583;1852.0497;3017.4597;1871.2415;3006.1735;1857.7968;3007.024;1864.7468;2998.8801;1854.9225
3068380.0;3006.6502;1860.0705;3004.6787;1856.9544;3005.0656;1847.6789;3005.8905;1855.2213;3015.0402;1897.259;3003.3851;1852.9104;3018.5129;1872.1753;3007.878;1858.6108;3008.6504;1865.3849;3000.5798;1856.0064
3068400.0;3008.2106;1861.1145;3006.5111;1857.3075;3007.0678;1849.335;3007.5999;1856.2146;3015.0426;1897.2631;3005.1271;1853.5011;3019.6263;1873.0747;3009.7002;1859.2265;3010.5363;1865.7938;3002.3989;1856.9337
3068420.0;3010.0789;1861.7402;3008.5231;1857.3284;3009.2642;1850.9033;3009.4322;1857.0111;3015.045;1897.2672;3006.9645;1853.8472;3020.8164;1873.9019;3011.6467;1859.632;3012.6531;1866.0205;3004.3588;1857.6632
3068440.0;3012.2643;1861.7981;3010.6517;1857.0901;3011.6255;1852.2873;3011.4017;1857.5694;3015.0474;1897.2714;3008.8861;1853.9945;3022.1029;1874.5996;3013.7067;1859.8351;3014.9002;1866.142;3006.4749;1858.1609
3068460.0;3014.7009;1861.2334;3012.8247;1856.6361;3014.1218;1853.4207;3013.5054;1857.8551;3015.0498;1897.2755;3010.8817;1853.9714;3023.5074;1875.0884;3015.8612;1859.8376;3017.1675;1866.2138;3008.7542;1858.397
3068480.0;3017.2758;1860.1143;3014.9836;1855.9537;3016.7378;1854.3046;3015.721;1857.841;3015.0522;1897.2796;3012.9329;1853.7728;3025.0439;1875.2855;3018.0943;1859.6142;3019.3905;1866.2226;3011.1807;1858.3468
3068500.0;3019.8804;1858.5863;3017.0875;1854.9961;3019.4698;1855.0218;3018.0124;1857.5088;3015.0546;1897.2837;3015.0155;1853.3726;3026.7056;1875.1226;3020.3909;1859.1122;3021.5537;1866.0932;3013.6874;1858.0006
3068520.0;3022.4373;1856.7939;3019.1066;1853.7271;3022.3103;1855.7194;3020.3359;1856.8527;3015.057;1897.2879;3017.1043;1852.7451;3028.4552;1874.5533;3022.7274;1858.2729;3023.6529;1865.7367;3016.1484;1857.3729
3068540.0;3024.8899;1854.8324;3021.0166;1852.1549;3025.2368;1856.5647;3022.6439;1855.8759;3015.0594;1897.292;3019.1747;1851.8773;3030.2305;1873.5519;3025.0647;1857.0716;3025.6642;1865.0961;3018.4192;1856.4921
3068560.0;3027.1827;1852.7432;3022.7985;1850.3281;3028.219;1857.699;3024.8831;1854.5813;3015.0618;1897.2961;3021.1947;1850.7614;3031.9525;1872.1191;3027.3529;1855.5596;3027.544;1864.1571;3020.3996;1855.3782
3068580.0;3029.2596;1850.5296;3024.4338;1848.308;3031.1983;1859.1412;3026.9948;1852.9685;3015.0642;1897.3002;3023.12;1849.3878;3033.5338;1870.2936;3029.5475;1853.862;3029.2499;1862.9401;3022.0646;1854.041
3068600.0;3031.0736;1848.1848;3025.8974;1846.1381;3034.0868;1860.7648;3028.9205;1851.0424;3015.0666;1897.3043;3024.8958;1847.7465;3034.8819;1868.1427;3031.6174;1852.1257;3030.7472;1861.4829;3023.4379;1852.4943
3068620.0;3032.602;1845.7099;3027.1573;1843.8373;3036.6766;1862.1055;3030.6109;1848.8294;3015.069;1897.3085;3026.4628;1845.8385;3035.9098;1865.7282;3033.5402;1850.4559;3031.9977;1859.8152;3024.5554;1850.7633
3068640.0;3033.8437;1843.1176;3028.1864;1841.4139;3038.6057;1862.306;3032.0283;1846.3748;3015.0714;1897.3126;3027.7672;1843.6852;3036.5599;1863.089;3035.2969;1848.9009;3032.9446;1857.9111;3025.4439;1848.8733
3068660.0;3034.8066;1840.4189;3028.9731;1838.884;3039.4709;1860.4046;3033.1387;1843.7286;3015.0737;1897.3167;3028.7689;1841.3287;3036.8285;1860.2561;3036.8766;1847.4741;3033.5135;1855.685;3026.1158;1846.8445
3068680.0;3035.4864;1837.6054;3029.5197;1836.2733;3039.1092;1856.0031;3033.9094;1840.9315;3015.0761;1897.3208;3029.4478;1838.824;3036.7636;1857.2817;3038.2896;1846.1707;3033.6395;1853.0488;3026.5714;1844.7028
3068700.0;3035.8585;1834.65;3029.8307;1833.6125;3037.8095;1849.7641;3034.3163;1838.022;3015.0785;1897.325;3029.8049;1836.2298;3036.4372;1854.2428;3039.571;1844.9705;3033.3035;1849.9976;3026.7928;1842.4878
3068720.0;3035.8959;1831.5412;3029.9061;1830.9285;3036.1726;1843.0972;3034.3592;1835.048;3015.0809;1897.3291;3029.8569;1833.6004;3035.9075;1851.2219;3040.768;1843.8405;3032.5567;1846.65;3026.748;1840.2334
3068740.0;3035.6006;1828.3148;3029.7431;1828.2457;3034.7058;1837.2387;3034.063;1832.0715;3015.0833;1897.3332;3029.6248;1830.9771;3035.2002;1848.2763;3041.9205;1842.7487;3031.5157;1843.2089;3026.4003;1837.9455
3068760.0;3035.0155;1825.056;3029.3376;1825.5896;3033.5557;1832.6263;3033.4652;1829.1567;3015.0857;1897.3373;3029.1281;1828.3843;3034.3142;1845.4332;3043.0507;1841.6771;3030.3225;1839.877;3025.7244;1835.6123
3068780.0;3034.2135;1821.8714;3028.6835;1822.9958;3032.5815;1829.0251;3032.5981;1826.359;3015.0881;1897.3414;3028.3843;1825.8344;3033.2392;1842.6994;3044.1577;1840.6254;3029.084;1836.7874;3024.7238;1833.2371
3068800.0;3033.2622;1818.8593;3027.7735;1820.5143;3031.5831;1826.0019;3031.4838;1823.7208;3015.0905;1897.3456;3027.4089;1823.337;3031.9645;1840.0843;3045.2046;1839.6036;3027.8264;1833.983;3023.434;1830.8676
3068820.0;3032.1887;1816.0996;3026.6042;1818.2061;3030.4422;1823.241;3030.1391;1821.2752;3015.0929;1897.3497;3026.2115;1820.9151;3030.4863;1837.6172;3046.1036;1838.6229;3026.4981;1831.4474;3021.9012;1828.5909
3068840.0;3030.9665;1813.6541;3025.1837;1816.1235;3029.139;1820.6127;3028.5814;1819.0464;3015.0953;1897.3538;3024.7928;1818.6143;3028.8096;1835.3422;3046.6823;1837.6615;3025.0208;1829.1556;3020.1479;1826.4996
3068860.0;3029.5352;1811.5673;3023.5339;1814.293;3027.6833;1818.0527;3026.8322;1817.0506;3015.0977;1897.3579;3023.1522;1816.4992;3026.9481;1833.2998;3046.6729;1836.6257;3023.3486;1827.1061;3018.1695;1824.6603
3068880.0;3027.8387;1809.8626;3021.6863;1812.7144;3026.1075;1815.5623;3024.9158;1815.2943;3015.1001;1897.3621;3021.3045;1814.6283;3024.9231;1831.5111;3045.7646;1835.3436;3021.4879;1825.31;3015.9673;1823.1038
3068900.0;3025.8518;1808.5431;3019.6764;1811.3788;3024.4418;1813.1478;3022.8596;1813.7767;3015.1025;1897.3662;3019.2861;1813.0299;3022.7596;1829.9765;3043.7524;1833.6553;3019.4763;1823.7733;3013.5855;1821.8337
3068920.0;3023.5823;1807.5963;3017.5421;1810.2816;3022.7198;1810.8262;3020.6935;1812.4927;3015.1049;1897.3703;3017.1491;1811.6939;3020.4852;1828.6922;3040.6991;1831.5511;3017.3562;1822.4851;3011.1055;1820.8415
3068940.0;3021.0748;1806.9955;3015.326;1809.4197;3020.959;1808.6274;3018.4465;1811.4369;3015.1073;1897.3744;3014.9463;1810.5886;3018.1271;1827.6603;3036.9605;1829.2561;3015.161;1821.4255;3008.6091;1820.1166
3068960.0;3018.4185;1806.6953;3013.0734;1808.7871;3019.1592;1806.5869;3016.1463;1810.6075;3015.1097;1897.3786;3012.7237;1809.6861;3015.7118;1826.8881;3033.0166;1827.1579;3012.92;1820.5762;3006.1467;1819.6526
3068980.0;3015.73;1806.6422;3010.8222;1808.3818;3017.2423;1804.7982;3013.8177;1810.0096;3015.1121;1897.3827;3010.5185;1808.98;3013.2713;1826.38;3029.2544;1825.6332;3010.6649;1819.9227;3003.7354;1819.4498
3069000.0;3013.1133;1806.8026;3008.5961;1808.2156;3015.0193;1803.4822;3011.4848;1809.6524;3015.1145;1897.3868;3008.3601;1808.4943;3010.8478;1826.1314;3025.8729;1824.901;3008.4307;1819.4576;3001.3706;1819.5147
3069020.0;3010.625;1807.1877;3006.4082;1808.3095;3012.2536;1802.9658;3009.1691;1809.5412;3015.1168;1897.3909;3006.2728;1808.2752;3008.4875;1826.125;3022.935;1824.9863;3006.252;1819.1914;2999.0446;1819.8513
3069040.0;3008.2737;1807.845;3004.2722;1808.6747;3008.8634;1803.4936;3006.89;1809.6718;3015.1192;1897.395;3004.2826;1808.3687;3006.2254;1826.3212;3020.4552;1825.7785;3004.154;1819.164;2996.7598;1820.4555
3069060.0;3006.051;1808.8037;3002.2092;1809.3024;3005.1005;1805.0168;3004.6653;1810.0351;3015.1216;1897.3992;3002.4148;1808.794;3004.0732;1826.6439;3018.4268;1827.1156;3002.1503;1819.4349;2994.5347;1821.3122
3069080.0;3003.957;1810.0332;3000.2457;1810.1655;3001.4657;1807.1827;3002.5151;1810.6242;3015.124;1897.4033;3000.6836;1809.5337;3002.0218;1826.9893;3016.7952;1828.8296;3000.2504;1820.0461;2992.4078;1822.4012
3069100.0;3002.0057;1811.4648;2998.4056;1811.2383;2998.3926;1809.562;3000.4635;1811.4366;3015.1264;1897.4074;2999.0866;1810.5452;3000.0584;1827.2721;3015.4463;1830.7583;2998.4681;1820.9878;2990.4291;1823.7006
3069120.0;3000.218;1813.0478;2996.7059;1812.5092;2996.0202;1811.8729;2998.5361;1812.4669;3015.1288;1897.4115;2997.6171;1811.7784;2998.1859;1827.4839;3014.2311;1832.751;2996.822;1822.2025;2988.658;1825.1974
3069140.0;2998.6129;1814.7766;2995.156;1813.9783;2994.2376;1814.0215;2996.7562;1813.7003;3015.1312;1897.4157;2996.2766;1813.1887;2996.43;1827.7101;3013.0258;1834.6976;2995.3304;1823.623;2987.1473;1826.8872
3069160.0;2997.2003;1816.6578;2993.76;1815.6388;2992.8628;1816.0234;2995.1428;1815.1123;3015.1336;1897.4198;2995.0759;1814.7389;2994.83;1828.0797;3011.7747;1836.5477;2994.0073;1825.1989;2985.9186;1828.7592
3069180.0;2995.9753;1818.6596;2992.5181;1817.4653;2991.7582;1817.9352;2993.7095;1816.6754;3015.136;1897.4239;2994.0222;1816.4013;2993.4169;1828.691;3010.4896;1838.3062;2992.8629;1826.8948;2984.9424;1830.769
3069200.0;2994.919;1820.7095;2991.4297;1819.4201;2990.8535;1819.8089;2992.4635;1818.365;3015.1384;1897.428;2993.1151;1818.158;2992.201;1829.5732;3009.2173;1840.0032;2991.901;1828.6747;2984.1424;1832.8319
3069220.0;2994.0098;1822.736;2990.4953;1821.4677;2990.1073;1821.6739;2991.4033;1820.1628;3015.1408;1897.4321;2992.3497;1819.996;2991.1734;1830.6962;3008.0079;1841.6772;2991.1147;1830.4969;2983.4351;1834.858
3069240.0;2993.2365;1824.7042;2989.7167;1823.5834;2989.506;1823.533;2990.5201;1822.0551;3015.1432;1897.4363;2991.7189;1821.899;2990.3213;1832.0032;3006.8982;1843.365;2990.4818;1832.3212;2982.7761;1836.8008
3069260.0;2992.6034;1826.6187;2989.0958;1825.7476;2989.0406;1825.3948;2989.8011;1824.0276;3015.1456;1897.4404;2991.2142;1823.8424;2989.6398;1833.4386;3005.9106;1845.0929;2989.971;1834.1204;2982.1713;1838.6673
3069280.0;2992.1202;1828.4971;2988.6321;1827.942;2988.7046;1827.2845;2989.2359;1826.0621;3015.148;1897.4445;2990.8263;1825.7985;2989.1328;1834.9588;3005.0543;1846.8657;2989.5569;1835.8904;2981.6519;1840.4889
3069300.0;2991.7972;1830.3525;2988.3224;1830.15;2988.5001;1829.2209;2988.8181;1828.1355;3015.1504;1897.4486;2990.5497;1827.7436;2988.8046;1836.535;3004.332;1848.6686;2989.2316;1837.652;2981.25;1842.2943
3069320.0;2991.6495;1832.1959;2988.161;1832.3568;2988.438;1831.1903;2988.546;1830.2236;3015.1528;1897.4528;2990.3852;1829.6615;2988.6522;1838.1479;3003.748;1850.4819;2989.004;1839.4401;2980.9944;1844.1054
3069340.0;2991.6987;1834.0401;2988.1415;1834.5505;2988.5296;1833.1599;2988.4211;1832.3067;3015.1552;1897.4569;2990.3384;1831.5438;2988.6623;1839.7805;3003.3104;1852.293;2988.8909;1841.2801;2980.9128;1845.9357
3069360.0;2991.9613;1835.8929;2988.2591;1836.7207;2988.7812;1835.0978;2988.4498;1834.3729;3015.1576;1897.461;2990.4155;1833.3912;2988.8187;1841.4167;3003.0305;1854.0979;2988.9082;1843.1738;2981.0285;1847.786
3069380.0;2992.4341;1837.7482;2988.514;1838.8588;2989.1981;1836.9805;2988.6417;1836.4163;3015.1599;1897.4651;2990.6198;1835.2116;2989.109;1843.0412;3002.92;1855.893;2989.0745;1845.102;2981.3422;1849.6344
3069400.0;2993.0951;1839.5857;2988.9135;1840.9546;2989.7855;1838.792;2989.0071;1838.4318;3015.1623;1897.4692;2990.9518;1837.0137;2989.5323;1844.6391;3002.9881;1857.6693;2989.4153;1847.0361;2981.8334;1851.4505
3069420.0;2993.9171;1841.3821;2989.4715;1842.9926;2990.5405;1840.5275;2989.5502;1840.4089;3015.1647;1897.4734;2991.4098;1838.7968;2990.1;1846.1932;3003.2401;1859.4111;2989.9644;1848.9474;2982.4773;1853.2116
3069440.0;2994.8791;1843.117;2990.208;1844.9518;2991.4481;1842.1932;2990.2658;1842.3319;3015.1671;1897.4775;2991.9917;1840.5502;2990.8323;1847.6794;3003.6763;1861.1015;2990.7572;1850.8109;2983.2669;1854.9062
3069460.0;2995.968;1844.77;2991.1451;1846.8053;2992.4897;1843.7953;2991.1411;1844.1856;3015.1695;1897.4816;2992.6945;1842.2614;2991.7494;1849.0667;3004.2964;1862.7248;2991.8158;1852.6006;2984.2228;1856.5243
3069480.0;2997.1803;1846.3197;2992.2989;1848.5239;2993.6557;1845.3252;2992.1632;1845.9603;3015.1719;1897.4857;2993.5158;1843.9243;2992.8627;1850.3243;3005.1041;1864.2663;2993.1313;1854.2845;2985.3788;1858.0454
3069500.0;2998.5195;1847.7456;2993.6725;1850.0795;2994.9494;1846.755;2993.3239;1847.6517;3015.1743;1897.4899;2994.4567;1845.5354;2994.1696;1851.4297;3006.107;1865.7076;2994.6592;1855.8301;2986.7583;1859.4417
3069520.0;2999.9832;1849.0337;2995.2527;1851.4526;2996.3781;1848.0511;2994.6207;1849.2521;3015.1767;1897.494;2995.5223;1847.0852;2995.6537;1852.3726;3007.3126;1867.0247;2996.3341;1857.2151;2988.3591;1860.6907
3069540.0;3001.5578;1850.1791;2997.0153;1852.6317;2997.9439;1849.1878;2996.0519;1850.7462;3015.1791;1897.4981;2996.7207;1848.5508;2997.2888;1853.1517;3008.7241;1868.1917;2998.0935;1858.4357;2990.1552;1861.7824
3069560.0;3003.2232;1851.1863;2998.934;1853.6062;2999.6396;1850.157;2997.6165;1852.1121;3015.1815;1897.5022;2998.0575;1849.8996;2999.0448;1853.768;3010.3374;1869.1871;2999.8934;1859.5054;2992.1097;1862.7102
3069580.0;3004.9682;1852.0615;3000.9857;1854.3613;3001.451;1850.9609;2999.3129;1853.3272;3015.1839;1897.5064;2999.5304;1851.0984;3000.893;1854.2217;3012.1384;1869.9987;3001.7063;1860.4452;2994.1847;1863.4563
3069600.0;3006.7958;1852.7956;3003.1483;1854.8823;3003.3612;1851.5938;3001.1402;1854.3675;3015.1863;1897.5105;3001.1279;1852.1175;3002.8104;1854.5101;3014.0998;1870.6217;3003.5101;1861.2737;2996.3462;1863.9811
3069620.0;3008.7159;1853.3449;3005.3964;1855.1641;3005.3507;1852.0269;3003.0941;1855.2052;3015.1887;1897.5146;3002.8329;1852.9302;3004.78;1854.6275;3016.1837;1871.0535;3005.2858;1861.9944;2998.5651;1864.2286
3069640.0;3010.7294;1853.6343;3007.699;1855.2107;3007.3936;1852.2161;3005.1632;1855.8086;3015.1911;1897.5187;3004.6265;1853.5114;3006.788;1854.5629;3018.3512;1871.2907;3007.0219;1862.5866;3000.8177;1864.1424
3069660.0;3012.812;1853.5879;3010.0238;1855.022;3009.4563;1852.1285;3007.3246;1856.1434;3015.1935;1897.5228;3006.4881;1853.837;3008.8191;1854.3003;3020.5717;1871.3344;3008.7176;1863.0082;3003.0801;1863.6884
3069680.0;3014.9117;1853.1695;3012.3397;1854.5847;3011.5021;1851.7644;3009.5444;1856.1774;3015.1959;1897.527;3008.3874;1853.8828;3010.8555;1853.8212;3022.8238;1871.1985;3010.3827;1863.2074;3005.3235;1862.8714
3069700.0;3016.9621;1852.4005;3014.6153;1853.8802;3013.5002;1851.144;3011.7782;1855.884;3015.1983;1897.5311;3010.2771;1853.6209;3012.8771;1853.1114;3025.0928;1870.9118;3012.0367;1863.1242;3007.5129;1861.7323
3069720.0;3018.9027;1851.3478;3016.8147;1852.9031;3015.431;1850.2774;3013.9757;1855.252;3015.2007;1897.5352;3012.0969;1853.0216;3014.8596;1852.1634;3027.3689;1870.5127;3013.7064;1862.6864;3009.6145;1860.3239
3069740.0;3020.6927;1850.0999;3018.8996;1851.6702;3017.2822;1849.1461;3016.0844;1854.2927;3015.203;1897.5393;3013.7914;1852.0676;3016.7726;1850.9744;3029.6476;1870.0401;3015.4092;1861.8268;3011.5994;1858.6828
3069760.0;3022.3163;1848.7504;3020.8343;1850.2117;3019.0326;1847.7183;3018.0557;1853.0348;3015.2054;1897.5435;3015.3311;1850.7686;3018.5762;1849.542;3031.9274;1869.5264;3017.1273;1860.5154;3013.4421;1856.8202
3069780.0;3023.7784;1847.3802;3022.5901;1848.5528;3020.6452;1845.9859;3019.8458;1851.5077;3015.2078;1897.5476;3016.7172;1849.1636;3020.2241;1847.8658;3034.1991;1868.992;3018.7991;1858.7827;3015.1152;1854.7309
3069800.0;3025.0918;1846.0329;3024.1441;1846.7065;3022.0731;1843.9926;3021.4166;1849.7309;3015.2102;1897.5517;3017.9696;1847.3079;3021.6721;1845.9553;3036.4378;1868.442;3020.3451;1856.7197;3016.59;1852.4153
3069820.0;3026.2539;1844.6834;3025.4765;1844.6815;3023.2794;1841.8373;3022.7338;1847.7209;3015.2126;1897.5558;3019.1018;1845.2618;3022.8869;1843.8378;3038.588;1867.8711;3021.7134;1854.4766;3017.8394;1849.8961
3069840.0;3027.2279;1843.236;3026.5718;1842.4919;3024.255;1839.6503;3023.7694;1845.5057;3015.215;1897.5599;3020.1045;1843.0852;3023.8494;1841.5581;3040.5538;1867.2759;3022.9069;1852.2631;3018.8415;1847.2208
3069860.0;3027.9502;1841.5639;3027.4208;1840.1632;3025.0094;1837.5754;3024.5052;1843.1321;3015.2174;1897.5641;3020.9469;1840.8318;3024.5533;1839.1695;3042.2067;1866.6647;3023.9748;1850.3043;3019.5799;1844.4528
3069880.0;3028.3555;1839.5718;3028.0229;1837.7292;3025.5552;1835.7479;3024.9361;1840.6581;3015.2198;1897.5682;3021.5926;1838.5421;3024.9979;1836.7214;3043.4309;1866.0552;3024.9818;1848.7444;3020.0458;1841.6564
3069900.0;3028.4118;1837.2468;3028.3835;1835.2259;3025.9035;1834.2572;3025.0685;1838.1421;3015.2222;1897.5723;3022.0129;1836.2397;3025.1839;1834.2541;3044.1867;1865.4643;3025.9636;1847.5698;3020.2429;1838.8848
3069920.0;3028.1399;1834.6712;3028.5075;1832.6844;3026.0797;1833.0988;3024.9161;1835.6357;3015.2246;1897.5764;3022.1893;1833.9371;3025.1124;1831.7975;3044.5377;1864.8976;3026.9068;1846.6359;3020.1883;1836.1712
3069940.0;3027.6037;1831.9869;3028.3939;1830.1273;3026.1382;1832.1592;3024.4937;1833.1829;3015.227;1897.5806;3022.1083;1831.6469;3024.7877;1829.3728;3044.6141;1864.351;3027.7169;1845.7413;3019.9019;1833.5291
3069960.0;3026.8736;1829.3321;3028.0356;1827.5751;3026.151;1831.2752;3023.8144;1830.822;3015.2294;1897.5847;3021.7628;1829.3861;3024.2196;1826.9934;3044.5447;1863.8162;3028.2106;1844.6954;3019.3954;1830.9598
3069980.0;3025.9825;1826.792;3027.426;1825.0529;3026.1684;1830.3212;3022.8913;1828.5847;3015.2318;1897.5888;3021.1573;1827.1746;3023.4248;1824.6692;3044.4147;1863.2866;3028.1651;1843.3586;3018.6698;1828.4647
3070000.0;3024.9114;1824.3986;3026.5643;1822.593;3026.1917;1829.2517;3021.7439;1826.4903;3015.2342;1897.5929;3020.3103;1825.0311;3022.4219;1822.4148;3044.2653;1862.7587;3027.427;1841.6721;3017.7258;1826.0528
3070020.0;3023.6247;1822.1698;3025.4565;1820.2318;3026.1592;1828.0693;3020.4022;1824.5399;3015.2366;1897.5971;3019.2468;1822.9731;3021.2261;1820.256;3044.1109;1862.2313;3025.9971;1839.676;3016.5723;1823.7424
3070040.0;3022.1136;1820.1432;3024.1106;1818.0033;3025.9405;1826.7713;3018.9067;1822.7169;3015.239;1897.6012;3017.9895;1821.0183;3019.8454;1818.2284;3043.9462;1861.7014;3024.0037;1837.4854;3015.2262;1821.558
3070060.0;3020.3955;1818.3706;3022.5349;1815.94;3025.3512;1825.3486;3017.2975;1820.9993;3015.2414;1897.6053;3016.5544;1819.187;3018.2849;1816.3688;3043.7439;1861.1635;3021.595;1835.249;3013.7044;1819.531
3070080.0;3018.4781;1816.897;3020.7413;1814.0747;3024.2183;1823.839;3015.605;1819.3746;3015.2438;1897.6094;3014.9521;1817.5039;3016.5519;1814.7094;3043.4307;1860.6048;3018.8856;1833.138;3012.0201;1817.6979
3070100.0;3016.3429;1815.7471;3018.7492;1812.4432;3022.467;1822.4023;3013.8437;1817.8488;3015.2461;1897.6135;3013.194;1816.0008;3014.6614;1813.2759;3042.8634;1860.0044;3015.9795;1831.338;3010.184;1816.0945
3070120.0;3013.9768;1814.9233;3016.5889;1811.0826;3020.1638;1821.2985;3012.0171;1816.4479;3015.2485;1897.6177;3011.2965;1814.7119;3012.636;1812.0897;3041.8521;1859.3481;3012.9863;1829.9985;3008.2133;1814.751
3070140.0;3011.4171;1814.4046;3014.3012;1810.0215;3017.4661;1820.754;3010.1257;1815.211;3015.2509;1897.6218;3009.2833;1813.6662;3010.504;1811.1685;3040.2593;1858.6565;3009.9971;1829.1691;3006.1368;1813.6899
3070160.0;3008.753;1814.147;3011.9381;1809.2722;3014.5498;1820.7965;3008.1773;1814.1841;3015.2533;1897.6259;3007.1859;1812.8806;3008.2983;1810.5243;3038.1128;1858.0015;3007.074;1828.798;3003.9925;1812.9306
3070180.0;3006.0882;1814.0993;3009.557;1808.8292;3011.581;1821.2176;3006.1886;1813.4135;3015.2557;1897.63;3005.0404;1812.3623;3006.0574;1810.1654;3035.6136;1857.482;3004.2555;1828.789;3001.8198;1812.49
3070200.0;3003.5078;1814.2238;3007.2133;1808.6789;3008.7171;1821.7043;3004.1839;1812.9395;3015.2581;1897.6342;3002.8858;1812.1177;3003.8243;1810.0986;3033.0107;1857.1721;3001.5865;1829.0708;2999.6549;1812.3788
3070220.0;3001.0653;1814.5023;3004.9548;1808.8087;3006.0798;1822.0341;3002.1935;1812.7916;3015.2605;1897.6383;3000.761;1812.1602;3001.644;1810.3288;3030.4759;1857.1074;2999.1113;1829.6132;2997.5309;1812.5982
3070240.0;2998.7955;1814.9275;3002.8191;1809.2151;3003.7164;1822.1622;3000.2542;1812.9831;3015.2629;1897.6424;2998.7053;1812.5064;2999.5575;1810.8528;3028.0838;1857.3081;2996.8681;1830.4052;2995.4818;1813.1371
3070260.0;2996.7299;1815.4957;3000.834;1809.9047;3001.5942;1822.2151;2998.407;1813.5047;3015.2653;1897.6465;2996.7581;1813.1599;2997.6005;1811.6539;3025.8863;1857.8472;2994.8915;1831.429;2993.5424;1813.9732
3070280.0;2994.9106;1816.2205;2999.0168;1810.8881;2999.6513;1822.4252;2996.6894;1814.3202;3015.2677;1897.6506;2994.9567;1814.0958;2995.8022;1812.7048;3023.9686;1858.8726;2993.2118;1832.6511;2991.7483;1815.0753
3070300.0;2993.4021;1817.1456;2997.3733;1812.1663;2997.8481;1823.0394;2995.1269;1815.372;3015.2701;1897.6548;2993.3328;1815.2635;2994.1899;1813.9718;3022.4386;1860.5531;2991.8375;1834.0276;2990.1338;1816.4082
3070320.0;2992.2843;1818.3231;2995.9014;1813.7161;2996.1838;1824.1974;2993.7346;1816.5993;3015.2725;1897.6589;2991.9103;1816.6057;2992.7882;1815.42;3021.3495;1862.9331;2990.7388;1835.5176;2988.7314;1817.9356
3070340.0;2991.6184;1819.7613;2994.5941;1815.4863;2994.6756;1825.8445;2992.5247;1817.9592;3015.2749;1897.663;2990.7068;1818.0774;2991.6197;1817.0157;3020.6423;1865.8082;2989.8504;1837.0863;2987.569;1819.6197
3070360.0;2991.4042;1821.3892;2993.4467;1817.4099;2993.3302;1827.7611;2991.5146;1819.4343;3015.2773;1897.6671;2989.7379;1819.6516;2990.7042;1818.7284;3020.1521;1868.7588;2989.1058;1838.7041;2986.663;1821.4224
3070380.0;2991.5712;1823.0766;2992.4636;1819.4251;2992.1417;1829.7124;2990.7237;1821.0194;3015.2797;1897.6713;2989.0197;1821.3123;2990.0601;1820.526;3019.6925;1871.3559;2988.4713;1840.3436;2986.0126;1823.3077
3070400.0;2992.0257;1824.7034;2991.6601;1821.4908;2991.095;1831.5171;2990.1672;1822.7052;3015.2821;1897.6754;2988.5664;1823.0437;2989.7023;1822.371;3019.1503;1873.3719;2987.9506;1841.9801;2985.6012;1825.2479
3070420.0;2992.7109;1826.2164;2991.0583;1823.5864;2990.1647;1833.0369;2989.8506;1824.4691;3015.2845;1897.6795;2988.3822;1824.8283;2989.6384;1824.2206;3018.5167;1874.8284;2987.5651;1843.5952;2985.406;1827.2225
3070440.0;2993.624;1827.6317;2990.6798;1825.7013;2989.3412;1834.1443;2989.7733;1826.2819;3015.2869;1897.6836;2988.455;1826.6472;2989.8644;1826.0346;3017.8502;1875.8906;2987.3408;1845.1826;2985.4096;1829.2131
3070460.0;2994.7872;1828.9938;2990.5424;1827.823;2988.6658;1834.7936;2989.9318;1828.1181;3015.2893;1897.6878;2988.7548;1828.4844;2990.3646;1827.7868;3017.2218;1876.7355;2987.3114;1846.7565;2985.6038;1831.2007
3070480.0;2996.2166;1830.3367;2990.6598;1829.9344;2988.2508;1835.1028;2990.3197;1829.9606;3015.2916;1897.6919;2989.2433;1830.3262;2991.1155;1829.4687;3016.6839;1877.4815;2987.5219;1848.3521;2985.9822;1833.1676
3070500.0;2997.9144;1831.6682;2991.0406;1832.0141;2988.2326;1835.3296;2990.9235;1831.7985;3015.294;1897.696;2989.8892;1832.1572;2992.0889;1831.0853;3016.2717;1878.1958;2988.0163;1850.0078;2986.535;1835.1029
3070520.0;2999.8772;1832.9817;2991.683;1834.0376;2988.683;1835.7188;2991.7251;1833.6216;3015.2964;1897.7001;2990.6804;1833.9578;2993.2524;1832.6459;3016.0108;1878.9024;2988.82;1851.734;2987.2499;1836.9994
3070540.0;3002.0939;1834.2672;2992.5752;1835.9802;2989.577;1836.3862;2992.708;1835.4159;3015.2988;1897.7042;2991.6255;1835.7054;2994.5702;1834.1572;3015.9252;1879.6047;2989.9344;1853.4935;2988.1189;1838.846
3070560.0;3004.5312;1835.516;2993.6992;1837.8209;2990.8284;1837.315;2993.862;1837.163;3015.3012;1897.7084;2992.7383;1837.3785;2996.0067;1835.6212;3016.0361;1880.2907;2991.3334;1855.2144;2989.1411;1840.6238
3070580.0;3007.1259;1836.7248;2995.0359;1839.546;2992.3321;1838.4213;2995.1815;1838.8424;3015.3036;1897.7125;2994.024;1838.9618;2997.5334;1837.0379;3016.3567;1880.9447;2992.9558;1856.834;2990.3185;1842.3148
3070600.0;3009.7923;1837.8999;2996.5668;1841.1488;2993.9858;1839.6054;2996.6584;1840.4375;3015.306;1897.7166;2995.4749;1840.4493;2999.1319;1838.4104;3016.8868;1881.5573;2994.7034;1858.3369;2991.6466;1843.9131
3070620.0;3012.4381;1839.0587;2998.2708;1842.6311;2995.6915;1840.7617;2998.2769;1841.9419;3015.3084;1897.7207;2997.0754;1841.845;3000.7922;1839.7466;3017.6093;1882.1335;2996.4619;1859.756;2993.1101;1845.4282
3070640.0;3014.9836;1840.2244;3000.1184;1844.0068;2997.3311;1841.7811;3000.0152;1843.3615;3015.3108;1897.7249;2998.8038;1843.164;3002.5064;1841.056;3018.492;1882.6969;2998.1402;1861.1413;2994.6835;1846.8794
3070660.0;3017.3758;1841.4161;3002.0682;1845.3061;2998.7614;1842.5842;3001.8479;1844.712;3015.3132;1897.729;3000.6304;1844.4294;3004.2628;1842.347;3019.492;1883.2882;2999.7;1862.5257;2996.3353;1848.29
3070680.0;3019.599;1842.6425;3004.0694;1846.5702;2999.8448;1843.1249;3003.7476;1846.014;3015.3156;1897.7331;3002.5188;1845.666;3006.0431;1843.6273;3020.5634;1883.9591;3001.1508;1863.9136;2998.0296;1849.6852
3070700.0;3021.6715;1843.9019;3006.0723;1847.8381;3000.5098;1843.409;3005.6843;1847.2909;3015.318;1897.7372;3004.4318;1846.8953;3007.8216;1844.911;3021.6666;1884.7593;3002.5259;1865.2962;2999.7305;1851.0908
3070720.0;3023.6285;1845.1902;3008.0392;1849.1359;3000.7954;1843.482;3007.6282;1848.5675;3015.3204;1897.7413;3006.3378;1848.1339;3009.5658;1846.2242;3022.7747;1885.7208;3003.8582;1866.6698;3001.3999;1852.534
3070740.0;3025.4971;1846.5098;3009.9453;1850.4756;3000.817;1843.413;3009.5522;1849.8686;3015.3228;1897.7455;3008.2068;1849.3986;3011.2371;1847.6027;3023.8723;1886.8455;3005.1712;1868.0417;3002.9971;1854.0447
3070760.0;3027.2823;1847.8771;3011.7703;1851.8619;3000.6959;1843.2691;3011.4336;1851.2167;3015.3252;1897.7496;3010.0051;1850.7093;3012.7969;1849.08;3024.947;1888.1053;3006.4799;1869.422;3004.4787;1855.6521
3070780.0;3028.959;1849.3216;3013.4831;1853.3024;3000.515;1843.0935;3013.2519;1852.632;3015.3276;1897.7537;3011.6826;1852.0957;3014.2135;1850.6747;3025.9799;1889.4561;3007.7924;1870.8155;3005.8103;1857.3735
3070800.0;3030.4711;1850.8766;3015.0299;1854.8145;3000.3146;1842.9078;3014.986;1854.1323;3015.33;1897.7578;3013.164;1853.5985;3015.469;1852.3852;3026.9435;1890.8574;3009.1073;1872.2211;3006.9792;1859.2055
3070820.0;3031.7381;1852.5689;3016.3385;1856.4225;3000.1093;1842.7193;3016.6098;1855.7312;3015.3324;1897.762;3014.361;1855.2592;3016.556;1854.1973;3027.8062;1892.2838;3010.4122;1873.6381;3007.9962;1861.1262
3070840.0;3032.669;1854.4152;3017.3439;1858.1457;2999.904;1842.5308;3018.0906;1857.4367;3015.3347;1897.7661;3015.2073;1857.0943;3017.4712;1856.0943;3028.538;1893.7252;3011.6671;1875.08;3008.8785;1863.1099
3070860.0;3033.1931;1856.4195;3018.0231;1859.9849;2999.6987;1842.3423;3019.3886;1859.2496;3015.3371;1897.7702;3015.6997;1859.0711;3018.208;1858.0606;3029.1161;1895.182;3012.7956;1876.5844;3009.6313;1865.1383
3070880.0;3033.2946;1858.5638;3018.4069;1861.9187;2999.4934;1842.1538;3020.4625;1861.1625;3015.3395;1897.7743;3015.8988;1861.1156;3018.7561;1860.0786;3029.5208;1896.6546;3013.6654;1878.2146;3010.2446;1867.1959
3070900.0;3033.0231;1860.7995;3018.5558;1863.9098;2999.2881;1841.9653;3021.2771;1863.1579;3015.3419;1897.7784;3015.8847;1863.1499;3019.1049;1862.1264;3029.7275;1898.1297;3014.0952;1880.0363;3010.7025;1869.2615
3070920.0;3032.4641;1863.0577;3018.5205;1865.9164;2999.0828;1841.7768;3021.8118;1865.2081;3015.3443;1897.7826;3015.7078;1865.1249;3019.2482;1864.1788;3029.6999;1899.5667;3013.92;1882.0772;3010.9916;1871.3059
3070940.0;3031.6871;1865.2782;3018.3233;1867.8993;2998.8775;1841.5882;3022.0613;1867.2794;3015.3467;1897.7867;3015.376;1867.0244;3019.1848;1866.2123;3029.3958;1900.9007;3013.1019;1884.2898;3011.1016;1873.2984
3070960.0;3030.7148;1867.428;3017.9655;1869.828;2998.6722;1841.3997;3022.0332;1869.3385;3015.3491;1897.7908;3014.876;1868.8509;3018.9182;1868.2064;3028.7855;1902.0688;3011.7974;1886.5515;3011.0208;1875.2145
3070980.0;3029.5447;1869.4873;3017.4426;1871.6828;2998.4668;1841.2112;3021.7412;1871.356;3015.3515;1897.7949;3014.1959;1870.6115;3018.4526;1870.1414;3027.8688;1903.0391;3010.291;1888.7112;3010.7373;1877.0378
3071000.0;3028.1935;1871.4247;3016.7513;1873.4496;2998.2615;1841.0227;3021.2025;1873.3061;3015.3539;1897.7991;3013.335;1872.307;3017.7908;1871.9947;3026.6763;1903.8182;3008.8212;1890.6466;3010.2447;1878.7581
3071020.0;3026.7074;1873.1937;3015.8853;1875.1123;2998.0562;1840.8342;3020.4358;1875.1644;3015.3563;1897.8032;3012.2982;1873.9266;3016.9333;1873.7385;3025.2565;1904.4357;3007.4616;1892.2965;3009.5474;1880.3707
3071040.0;3025.1412;1874.7571;3014.8368;1876.6484;2997.8509;1840.6457;3019.4608;1876.9071;3015.3587;1897.8073;3011.0936;1875.4408;3015.882;1875.3429;3023.6612;1904.9194;3006.1477;1893.6528;3008.6584;1881.8754
3071060.0;3023.5279;1876.1169;3013.5996;1878.0321;2997.6456;1840.4572;3018.2945;1878.5108;3015.3611;1897.8114;3009.7326;1876.8042;3014.6429;1876.7803;3021.9356;1905.2833;3004.7863;1894.7391;3007.5937;1883.2722
3071080.0;3021.8749;1877.3193;3012.174;1879.2388;2997.4403;1840.2687;3016.9513;1879.9542;3015.3635;1897.8156;3008.2331;1877.9649;3013.2302;1878.0324;3020.1143;1905.5277;3003.3281;1895.5945;3006.3668;1884.5572
3071100.0;3020.1844;1878.4313;3010.5696;1880.2482;2997.235;1840.0802;3015.4428;1881.2182;3015.3659;1897.8197;3006.6218;1878.8804;3011.6644;1879.0923;3018.2236;1905.6488;3001.7735;1896.2521;3004.9914;1885.7228
3071120.0;3018.4636;1879.503;3008.8079;1881.0462;2997.0297;1839.8917;3013.7817;1882.2883;3015.3683;1897.8238;3004.9287;1879.5375;3009.9693;1879.9657;3016.2827;1905.6434;3000.1306;1896.7141;3003.4849;1886.7574
3071140.0;3016.7135;1880.5405;3006.921;1881.6271;2996.8244;1839.7031;3011.9817;1883.1535;3015.3707;1897.8279;3003.1799;1879.9589;3008.1671;1880.6659;3014.3084;1905.5104;2998.401;1896.9429;3001.8687;1887.6424
3071160.0;3014.9218;1881.5118;3004.9452;1881.9932;2996.6191;1839.5146;3010.0583;1883.806;3015.3731;1897.832;3001.3923;1880.1892;3006.2759;1881.2068;3012.313;1905.2469;2996.5804;1896.8772;3000.1628;1888.3491
3071180.0;3013.0709;1882.372;3002.9134;1882.1528;2996.4138;1839.3261;3008.029;1884.2381;3015.3755;1897.8362;2999.5745;1880.2684;3004.308;1881.5964;3010.3044;1904.8486;2994.6698;1896.469;2998.3818;1888.8416
3071200.0;3011.1518;1883.0817;3000.8493;1882.1193;2996.2084;1839.1376;3005.9154;1884.4431;3015.3778;1897.8403;2997.7317;1880.2182;3002.2726;1881.8345;3008.2844;1904.3126;2992.6824;1895.7094;2996.5349;1889.0862
3071220.0;3009.1688;1883.614;2998.7681;1881.9094;2996.0031;1838.9491;3003.7419;1884.4175;3015.3802;1897.8444;2995.8685;1880.0462;3000.1793;1881.9151;3006.2524;1903.6385;2990.643;1894.6304;2994.6296;1889.0638
3071240.0;3007.1314;1883.9519;2996.6775;1881.5412;2995.7978;1838.7606;3001.5353;1884.162;3015.3826;1897.8485;2993.9889;1879.7531;2998.0418;1881.8283;3004.2076;1902.8254;2988.5808;1893.2913;2992.6762;1888.774
3071260.0;3005.0468;1884.0865;2994.5801;1881.0338;2995.5925;1838.5721;2999.321;1883.6791;3015.385;1897.8527;2992.0974;1879.3369;2995.8765;1881.5603;3002.1524;1901.8695;2986.5237;1891.7642;2990.6918;1888.2317
3071280.0;3002.9225;1884.0196;2992.477;1880.4056;2995.3872;1838.3836;2997.1199;1882.9731;3015.3874;1897.8568;2990.2005;1878.7925;2993.702;1881.0945;3000.0914;1900.7672;2984.4895;1890.1231;2988.6985;1887.4582
3071300.0;3000.7672;1883.7587;2990.3728;1879.6687;2995.1819;1838.1951;2994.9472;1882.0529;3015.3898;1897.8609;2988.3107;1878.1145;2991.5387;1880.4155;2998.0309;1899.5209;2982.4833;1888.4314;2986.7156;1886.4719
3071320.0;2998.594;1883.315;2988.2808;1878.8223;2994.9766;1838.0066;2992.8143;1880.9361;3015.3922;1897.865;2986.4461;1877.2972;2989.4102;1879.5141;2995.9783;1898.1413;2980.499;1886.7245;2984.7518;1885.2865
3071340.0;2996.4227;1882.7036;2986.2252;1877.8513;2994.7713;1837.818;2990.7347;1879.6439;3015.3946;1897.8691;2984.626;1876.3329;2987.3432;1878.3898;2993.9414;1896.6447;2978.5266;1884.9985;2982.8038;1883.918
3071360.0;2994.2787;1881.9417;2984.2395;1876.7302;2994.566;1837.6295;2988.7274;1878.1959;3015.397;1897.8733;2982.867;1875.2136;2985.3619;1877.0508;2991.9283;1895.0463;2976.5606;1883.2243;2980.8635;1882.3898
3071380.0;2992.189;1881.05;2982.3596;1875.4331;2994.3607;1837.441;2986.8152;1876.6052;3015.3994;1897.8774;2981.1842;1873.9337;2983.4823;1875.5124;2989.9471;1893.3547;2974.6042;1881.3766;2978.9261;1880.7332
3071400.0;2990.1739;1880.039;2980.6133;1873.9441;2994.1554;1837.2525;2985.0209;1874.8805;3015.4018;1897.8815;2979.5965;1872.4906;2981.7106;1873.7949;2988.0069;1891.5694;2972.6655;1879.4505;2976.9931;1878.9794
3071420.0;2988.2406;1878.8836;2979.0149;1872.2649;2993.95;1837.064;2983.3657;1873.0287;3015.4042;1897.8856;2978.1269;1870.8852;2980.0457;1871.9215;2986.119;1889.6866;2970.7514;1877.4636;2975.0729;1877.1497
3071440.0;2986.387;1877.5194;2977.568;1870.4143;2993.7447;1836.8755;2981.8697;1871.0564;3015.4066;1897.8898;2976.8008;1869.124;2978.4871;1869.9153;2984.2977;1887.7067;2968.8666;1875.4397;2973.1826;1875.2484
3071460.0;2984.615;1875.8785;2976.2734;1868.4182;2993.5394;1836.687;2980.5519;1868.9701;3015.409;1897.8939;2975.6413;1867.2211;2977.0432;1867.7964;2982.5611;1885.6378;2967.0219;1873.3922;2971.3514;1873.2632
3071480.0;2982.9398;1873.9447;2975.1359;1866.2993;2993.3341;1836.4985;2979.4279;1866.7794;3015.4114;1897.898;2974.6731;1865.1936;2975.7375;1865.5775;2980.9318;1883.4899;2965.2427;1871.3122;2969.6205;1871.1728
3071500.0;2981.3888;1871.7866;2974.1664;1864.0742;2993.1288;1836.31;2978.5087;1864.4996;3015.4138;1897.9021;2973.9246;1863.0556;2974.6047;1863.2655;2979.4364;1881.2708;2963.569;1869.1713;2968.0394;1868.959
3071520.0;2979.9951;1869.5269;2973.3808;1861.7554;2992.9235;1836.1215;2977.7979;1862.1515;3015.4162;1897.9063;2973.4256;1860.819;2973.681;1860.8673;2978.1054;1878.9865;2962.0483;1866.9379;2966.6591;1866.6155
3071540.0;2978.8011;1867.2674;2972.7957;1859.3575;2992.7182;1835.933;2977.2937;1859.7567;3015.4186;1897.9104;2973.1983;1858.5037;2972.9918;1858.396;2976.9677;1876.6415;2960.7299;1864.593;2965.5267;1864.151
3071560.0;2977.8659;1865.0333;2972.4227;1856.9001;2992.5129;1835.7444;2976.9892;1857.3333;3015.4209;1897.9145;2973.2476;1856.142;2972.5504;1855.8718;2976.0472;1874.2368;2959.6583;1862.1344;2964.6787;1861.5868
3071580.0;2977.2499;1862.7772;2972.2652;1854.4074;2992.3076;1835.5559;2976.8763;1854.8966;3015.4233;1897.9186;2973.5573;1853.7736;2972.3599;1853.3189;2975.3578;1871.7712;2958.8692;1859.5755;2964.1385;1858.9538
3071600.0;2976.9831;1860.4428;2972.3213;1851.9043;2992.1023;1835.3674;2976.9492;1852.4625;3015.4257;1897.9227;2974.0933;1851.4311;2972.4192;1850.7605;2974.9044;1869.2513;2958.3879;1856.9439;2963.9175;1856.2877
3071620.0;2977.0461;1858.0242;2972.5873;1849.4125;2991.8996;1835.1746;2977.2071;1850.0461;3015.4281;1897.9269;2974.8164;1849.1315;2972.7241;1848.2171;2974.685;1866.7001;2958.2311;1854.2789;2964.0208;1853.6237
3071640.0;2977.3971;1855.5599;2973.0624;1846.9499;2991.7076;1834.9647;2977.6531;1847.6587;3015.4305;1897.931;2975.6967;1846.8772;2973.2671;1845.7055;2974.6963;1864.1536;2958.4126;1851.623;2964.4507;1850.9907
3071660.0;2978.0133;1853.0898;2973.7506;1844.5298;2991.5485;1834.703;2978.2906;1845.3049;3015.4329;1897.9351;2976.718;1844.6639;2974.0359;1843.2401;2974.9367;1861.6478;2958.9435;1849.013;2965.2051;1848.4103
3071680.0;2978.9031;1850.6305;2974.6593;1842.1632;2991.4702;1834.3178;2979.1186;1842.9864;3015.4353;1897.9392;2977.8754;1842.4881;2975.0148;1840.8328;2975.4094;1859.2075;2959.8234;1846.4746;2966.2723;1845.899
3071700.0;2980.0812;1848.1932;2975.7968;1839.8599;2991.5466;1833.7048;2980.1311;1840.7069;3015.4377;1897.9434;2979.1677;1840.3517;2976.1852;1838.4946;2976.1202;1856.8441;2961.034;1844.0297;2967.6296;1843.474
3071720.0;2981.537;1845.8155;2977.1686;1837.6337;2991.8593;1832.7692;2981.3191;1838.474;3015.4401;1897.9475;2980.5945;1838.2642;2977.5303;1836.2355;2977.077;1854.5608;2962.5364;1841.7032;2969.2492;1841.156
3071740.0;2983.2232;1843.559;2978.7724;1835.5025;2992.4654;1831.485;2982.6731;1836.2972;3015.4425;1897.9516;2982.1558;1836.2442;2979.0352;1834.0638;2978.2859;1852.3587;2964.2798;1839.5191;2971.108;1838.9694
3071760.0;2985.0696;1841.4746;2980.5936;1833.4851;2993.3761;1829.924;2984.1843;1834.1849;3015.4449;1897.9557;2983.8501;1834.3168;2980.689;1831.9882;2979.7527;1850.2447;2966.2112;1837.4856;2973.1882;1836.9343
3071780.0;2987.0064;1839.5737;2982.6037;1831.5959;2994.5628;1828.2226;2985.8449;1832.1466;3015.4476;1897.9635;2985.6716;1832.5075;2982.4854;1830.0197;2981.4878;1848.2326;2968.2806;1835.5887;2975.4706;1835.0569
3071800.0;2988.9901;1837.8347;2984.7673;1829.8453;2995.9772;1826.5157;2987.6466;1830.1961;3015.4513;1897.9851;2987.6112;1830.8373;2984.4237;1828.1774;2983.5027;1846.3412;2970.4456;1833.8114;2977.9247;1833.3278
3071820.0;2991.0162;1836.2329;2987.0535;1828.2436;2997.5706;1824.8959;2989.5813;1828.3543;3015.4581;1898.0474;2989.6573;1829.3206;2986.5049;1826.4897;2985.7862;1844.5891;2972.6816;1832.1603;2980.5093;1831.7318
3071840.0;2993.1091;1834.7641;2989.4413;1826.8068;2999.3069;1823.4099;2991.641;1826.6464;3015.4718;1898.2027;2991.7965;1827.9643;2988.7251;1824.9919;2988.2771;1842.9948;2974.9903;1830.6688;2983.1832;1830.2617
3071860.0;2995.2977;1833.447;2991.9143;1825.5591;3001.1661;1822.0832;2993.8166;1825.0993;3015.4964;1898.5184;2994.0134;1826.7682;2991.0699;1823.7209;2990.8699;1841.577;2977.3962;1829.3735;2985.9148;1828.926
3071880.0;2997.5972;1832.3085;2994.4532;1824.5309;3003.139;1820.944;2996.0971;1823.7387;3015.5327;1899.0367;2996.2917;1825.7262;2993.5157;1822.7061;2993.465;1840.3568;2979.9307;1828.2904;2988.6832;1827.7444
3071900.0;3000.0059;1831.3713;2997.0319;1823.7528;3005.2187;1820.0249;2998.468;1822.5919;3015.5729;1899.7236;2998.619;1824.8372;2996.0319;1821.9626;2996.016;1839.3558;2982.6105;1827.4115;2991.4741;1826.7414
3071920.0;3002.5096;1830.6404;2999.6199;1823.2506;3007.3935;1819.3558;3000.9109;1821.6883;3015.6006;1900.4581;3000.9869;1824.1146;2998.5836;1821.4892;2998.5302;1838.59;2985.4244;1826.7175;2994.2764;1825.9395
3071940.0;3005.0822;1830.096;3002.1857;1823.0399;3009.6451;1818.9547;3003.4012;1821.0595;3015.598;1901.0871;3003.3868;1823.5855;3001.135;1821.2767;3001.0275;1838.0631;2988.3348;1826.1915;2997.08;1825.3597
3071960.0;3007.6868;1829.6981;3004.6999;1823.1262;3011.9483;1818.833;3005.9077;1820.7333;3015.5556;1901.5017;3005.8029;1823.2802;3003.6552;1821.318;3003.5074;1837.7659;2991.2881;1825.8239;2999.8722;1825.0259
3071980.0;3010.2844;1829.4168;3007.1396;1823.5031;3014.2659;1819.0088;3008.3927;1820.7263;3015.4762;1901.669;3008.2071;1823.2266;3006.1202;1821.6123;3005.9427;1837.6895;2994.2329;1825.6139;3002.6343;1824.9676
3072000.0;3012.8476;1829.2599;3009.4897;1824.1533;3016.5473;1819.5109;3010.8149;1821.039;3015.367;1901.5997;3010.5579;1823.4542;3008.5118;1822.1594;3008.2993;1837.8391;2997.1292;1825.5634;3005.3418;1825.2127
3072020.0;3015.3644;1829.2634;3011.7395;1825.0548;3018.737;1820.3614;3013.1337;1821.6587;3015.2292;1901.2981;3012.8065;1823.9918;3010.8088;1822.9551;3010.5473;1838.2387;2999.9527;1825.6657;3007.9668;1825.7773
3072040.0;3017.8347;1829.4537;3013.8773;1826.1892;3020.7859;1821.5544;3015.314;1822.5658;3015.056;1900.7492;3014.9059;1824.856;3012.9848;1823.9917;3012.6597;1838.9243;3002.6931;1825.8981;3010.4795;1826.6633
3072060.0;3020.2564;1829.8173;3015.8831;1827.5472;3022.6604;1823.0516;3017.3278;1823.7422;3014.8413;1899.9504;3016.8191;1826.0382;3015.0064;1825.2592;3014.6081;1839.9242;3005.3466;1826.2248;3012.8443;1827.8633
3072080.0;3022.6151;1830.3079;3017.7287;1829.1249;3024.3382;1824.7994;3019.1532;1825.1714;3014.5868;1898.9409;3018.5192;1827.5134;3016.8373;1826.7446;3016.362;1841.2389;3007.9051;1826.6098;3015.0203;1829.3603
3072100.0;3024.8763;1830.8811;3019.3799;1830.9114;3025.7988;1826.7544;3020.7718;1826.8362;3014.2977;1897.7927;3019.9861;1829.2531;3018.4416;1828.428;3017.8992;1842.8199;3010.3486;1827.0253;3016.9669;1831.1211
3072120.0;3026.9871;1831.5124;3020.804;1832.8821;3027.0217;1828.8864;3022.1703;1828.7121;3013.9767;1896.5742;3021.2064;1831.2231;3019.7904;1830.2814;3019.2189;1844.5702;3012.6486;1827.4555;3018.6487;1833.0954
3072140.0;3028.8918;1832.193;3021.9755;1834.9974;3027.9957;1831.165;3023.3433;1830.7682;3013.6207;1895.3168;3022.1758;1833.371;3020.8687;1832.271;3020.345;1846.3679;3014.7761;1827.904;3020.0352;1835.2296
3072160.0;3030.5447;1832.9194;3022.8817;1837.2115;3028.7268;1833.5511;3024.295;1832.9685;3013.2259;1894.0161;3022.8956;1835.6267;3021.6781;1834.3614;3021.3155;1848.1043;3016.7093;1828.3966;3021.1037;1837.4786
3072180.0;3031.9175;1833.685;3023.5216;1839.4807;3029.2331;1836.0024;3025.0354;1835.2763;3012.7916;1892.6543;3023.3655;1837.9196;3022.2319;1836.5207;3022.162;1849.7149;3018.4404;1828.9663;3021.8477;1839.806
3072200.0;3032.9846;1834.484;3023.8999;1841.7693;3029.5261;1838.4849;3025.5744;1837.6548;3012.3206;1891.222;3023.5779;1840.1931;3022.5459;1838.7217;3022.8944;1851.1874;3019.9882;1829.6226;3022.2793;1842.176
3072220.0;3033.6989;1835.3263;3024.0187;1844.0469;3029.5959;1840.9755;3025.9168;1840.0684;3011.8175;1889.7244;3023.5217;1842.4075;3022.6306;1840.9392;3023.4971;1852.5374;3021.3927;1830.3358;3022.4197;1844.5506
3072240.0;3033.9949;1836.2364;3023.8725;1846.2852;3029.4152;1843.4519;3026.062;1842.4829;3011.2865;1888.1711;3023.1888;1844.533;3022.4918;1843.1458;3023.9327;1853.7782;3022.6858;1831.0545;3022.2869;1846.894
3072260.0;3033.815;1837.2432;3023.4531;1848.4573;3028.9576;1845.8863;3026.0052;1844.8687;3010.7312;1886.567;3022.5802;1846.5459;3022.1332;1845.3116;3024.1454;1854.9226;3023.8691;1831.7379;3021.8942;1849.1766
3072280.0;3033.1383;1838.3678;3022.7608;1850.5408;3028.2122;1848.245;3025.7431;1847.2036;3010.1544;1884.91;3021.7077;1848.4293;3021.5614;1847.4083;3024.0756;1855.9989;3024.9359;1832.3677;3021.258;1851.3772
3072300.0;3031.9803;1839.6269;3021.8102;1852.5192;3027.1868;1850.4938;3025.2773;1849.472;3009.5564;1883.1868;3020.5931;1850.1726;3020.7852;1849.4125;3023.6896;1857.0504;3025.8907;1832.9512;3020.3992;1853.482
3072320.0;3030.3791;1841.0438;3020.6288;1854.3807;3025.9014;1852.6015;3024.6163;1851.6616;3008.9311;1881.3683;3019.2649;1851.7742;3019.8155;1851.3057;3022.9935;1858.1088;3026.7428;1833.5209;3019.342;1855.4803
3072340.0;3028.392;1842.6413;3019.2489;1856.1145;3024.3838;1854.5392;3023.7707;1853.7579;3008.2557;1879.395;3017.7529;1853.2384;3018.6628;1853.073;3022.0142;1859.1704;3027.3862;1834.1661;3018.11;1857.361
3072360.0;3026.1123;1844.4057;3017.7004;1857.7099;3022.6672;1856.2812;3022.7491;1855.7438;3007.4876;1877.1664;3016.0857;1854.5712;3017.3406;1854.7019;3020.7682;1860.2101;3027.5127;1835.0499;3016.7259;1859.1094
3072380.0;3023.671;1846.2569;3016.0071;1859.1561;3020.7888;1857.8102;3021.5563;1857.6021;3006.577;1874.5835;3014.2915;1855.7736;3015.8671;1856.1791;3019.2623;1861.2095;3026.6932;1836.3613;3015.208;1860.7107
3072400.0;3021.2119;1848.0546;3014.1888;1860.4439;3018.7866;1859.1217;3020.1996;1859.3171;3005.5061;1871.6632;3012.3982;1856.8417;3014.2644;1857.4897;3017.5274;1862.167;3024.6486;1838.191;3013.5711;1862.1524
3072420.0;3018.8522;1849.6523;3012.2629;1861.5688;3016.6989;1860.2255;3018.6947;1860.8714;3004.3318;1868.6396;3010.4334;1857.7709;3012.5542;1858.6205;3015.6347;1863.0868;3021.4992;1840.4217;3011.8282;1863.4261
3072440.0;3016.6417;1850.9605;3010.2457;1862.5344;3014.5585;1861.1409;3017.066;1862.2477;3003.1865;1865.9179;3008.4226;1858.5622;3010.7529;1859.5649;3013.6693;1863.9661;3017.7268;1842.7515;3009.9948;1864.5271
3072460.0;3014.5566;1851.9729;3008.1511;1863.3505;3012.3879;1861.8894;3015.3383;1863.4332;3002.219;1863.8539;3006.3869;1859.2241;3008.8726;1860.3282;3011.6866;1864.7898;3013.861;1844.8553;3008.0878;1865.4576
3072480.0;3012.5325;1852.7447;3005.9916;1864.0316;3010.1987;1862.4913;3013.5314;1864.4248;3001.5182;1862.5566;3004.3411;1859.7699;3006.9256;1860.9284;3009.6996;1865.5398;3010.2076;1846.5433;3006.1228;1866.2304
3072500.0;3010.5066;1853.3588;3003.7822;1864.5976;3007.9954;1862.9648;3011.6591;1865.2274;3001.0836;1861.8872;3002.2923;1860.2116;3004.9267;1861.3946;3007.6963;1866.2038;3006.8237;1847.8038;3004.1118;1866.8702
3072520.0;3008.4453;1853.9013;3001.5418;1865.0742;3005.782;1863.3269;3009.7336;1865.851;3000.8552;1861.6226;3000.2411;1860.5557;3002.8929;1861.7623;3005.6635;1866.7839;3003.6557;1848.7432;3002.0628;1867.4087
3072540.0;3006.3398;1854.4462;2999.2898;1865.4921;3003.5648;1863.5957;3007.7668;1866.3133;3000.7635;1861.5974;2998.1865;1860.7999;3000.84;1862.0655;3003.5985;1867.2995;3000.6576;1849.505;2999.9823;1867.8789
3072560.0;3004.1967;1855.0371;2997.0424;1865.8843;3001.3491;1863.7954;3005.7687;1866.6458;3000.7558;1861.7313;2996.1313;1860.9405;2998.7803;1862.3314;3001.5069;1867.7832;2997.8252;1850.2068;2997.8787;1868.3108
3072580.0;3002.0327;1855.6816;2994.8122;1866.2826;2999.1349;1863.9579;3003.744;1866.8939;3000.7942;1861.9742;2994.0831;1860.9804;2996.7211;1862.5797;2999.3996;1868.2699;2995.1589;1850.9221;2995.7619;1868.7306
3072600.0;2999.8721;1856.3629;2992.6077;1866.7139;2996.9187;1864.1158;3001.6944;1867.1106;3000.8485;1862.2664;2992.0516;1860.9315;2994.6643;1862.825;2997.2889;1868.7862;2992.66;1851.6767;2993.6423;1869.1556
3072620.0;2997.7361;1857.0609;2990.4313;1867.1958;2994.7001;1864.2927;2999.6217;1867.3455;3000.8969;1862.5489;2990.0434;1860.8053;2992.6061;1863.0764;2995.1846;1869.3428;2990.3087;1852.4732;2991.5278;1869.5938
3072640.0;2995.6341;1857.7606;2988.2771;1867.7323;2992.4835;1864.5006;2997.5288;1867.6353;3000.9302;1862.7844;2988.0595;1860.5991;2990.5404;1863.3387;2993.0923;1869.9348;2988.0687;1853.3084;2989.4223;1870.0444
3072660.0;2993.5639;1858.4496;2986.133;1868.3136;2990.2707;1864.7422;2995.4158;1867.9954;3000.9482;1862.9659;2986.0977;1860.2942;2988.4629;1863.6142;2991.0135;1870.5479;2985.8986;1854.1783;2987.326;1870.504
3072680.0;2991.5149;1859.1169;2983.9878;1868.92;2988.0533;1865.0138;2993.2785;1868.4187;3000.9507;1863.1011;2984.1564;1859.8649;2986.3739;1863.9075;2988.9465;1871.1651;2983.7612;1855.0746;2985.2377;1870.9709
3072700.0;2989.4738;1859.7574;2981.8331;1869.5272;2985.8132;1865.3076;2991.1094;1868.8783;3000.9322;1863.2017;2982.241;1859.2862;2984.2746;1864.2263;2986.887;1871.7735;2981.6292;1855.9826;2983.1569;1871.4464
3072720.0;2987.4272;1860.3718;2979.6611;1870.1116;2983.5318;1865.6145;2988.902;1869.3364;3000.8864;1863.2867;2980.3679;1858.5372;2982.1637;1864.578;2984.8281;1872.3661;2979.4886;1856.8801;2981.0828;1871.9325
3072740.0;2985.3631;1860.9599;2977.461;1870.6449;2981.197;1865.926;2986.653;1869.7515;3000.8125;1863.379;2978.565;1857.6009;2980.0367;1864.958;2982.7623;1872.9409;2977.3401;1857.7422;2979.0116;1872.4205
3072760.0;2983.2735;1861.5133;2975.2196;1871.0806;2978.805;1866.2336;2984.3633;1870.0863;3000.7209;1863.4949;2976.8695;1856.4687;2977.8895;1865.3426;2980.685;1873.4961;2975.1954;1858.5516;2976.9353;1872.8798
3072780.0;2981.1541;1862.0089;2972.9274;1871.3501;2976.3595;1866.5262;2982.038;1870.3095;3000.6324;1863.6327;2975.3233;1855.1422;2975.721;1865.6793;2978.5966;1874.0254;2973.0686;1859.3069;2974.8462;1873.244
3072800.0;2979.0033;1862.4036;2970.5884;1871.3813;2973.874;1866.7797;2979.6866;1870.3959;3000.5727;1863.7809;2973.9686;1853.6324;2973.5332;1865.8818;2976.4998;1874.5142;2970.9686;1860.0185;2972.7426;1873.4072
3072820.0;2976.8258;1862.6209;2968.2272;1871.1293;2971.3719;1866.9513;2977.3219;1870.3222;3000.5598;1863.9289;2972.8468;1851.9525;2971.3309;1865.8424;2974.396;1874.9433;2968.8972;1860.6982;2970.6372;1873.2427
3072840.0;2974.638;1862.5463;2965.888;1870.5891;2968.8893;1866.9504;2974.9588;1870.0655;3000.5954;1864.0687;2971.9976;1850.1155;2969.1267;1865.4692;2972.2873;1875.2859;2966.8496;1861.35;2968.5564;1872.6482
3072860.0;2972.4777;1862.0462;2963.6215;1869.7801;2966.4783;1866.6239;2972.6155;1869.6044;3000.6644;1864.1862;2971.4575;1848.1352;2966.9458;1864.7328;2970.1805;1875.5035;2964.8168;1861.9639;2966.5344;1871.5983
3072880.0;2970.4061;1861.0198;2961.4725;1868.7224;2964.2012;1865.7943;2970.3143;1868.9227;3000.7442;1864.251;2971.2528;1846.0306;2964.826;1863.6775;2968.0961;1875.5173;2962.7913;1862.5109;2964.6023;1870.1609
3072900.0;2968.5007;1859.4401;2959.4765;1867.4282;2962.1108;1864.363;2968.085;1868.009;3000.8141;1864.2186;2971.3895;1843.8332;2962.8127;1862.3792;2966.0725;1875.1869;2960.7795;1862.9266;2962.7831;1868.4573
3072920.0;2966.8377;1857.3602;2957.666;1865.9014;2960.2276;1862.4044;2965.9641;1866.8532;3000.8602;1864.0473;2971.8534;1841.5884;2960.9519;1860.8905;2964.1694;1874.3161;2958.8147;1863.0992;2961.0938;1866.5961
3072940.0;2965.4699;1854.8831;2956.0757;1864.1402;2958.5415;1860.1346;2963.9954;1865.4429;3000.8749;1863.7257;2972.621;1839.3523;2959.2888;1859.2218;2962.4628;1872.7277;2956.9643;1862.8806;2959.5522;1864.6319
3072960.0;2964.4132;1852.131;2954.7399;1862.1467;2957.0409;1857.769;2962.2252;1863.7658;3000.856;1863.2859;2973.6723;1837.1835;2957.8676;1857.363;2961.0248;1870.3818;2955.3182;1862.1367;2958.1794;1862.5697
3072980.0;2963.6495;1849.2334;2953.6833;1859.9381;2955.7373;1855.4078;2960.6972;1861.8176;3000.8061;1862.7841;2974.9938;1835.1355;2956.7264;1855.3118;2959.9036;1867.4305;2953.9538;1860.8193;2956.9971;1860.3943
3073000.0;2963.1498;1846.3027;2952.9167;1857.5517;2954.6586;1853.0434;2959.4457;1859.6116;3000.7333;1862.2689;2976.5716;1833.2527;2955.8924;1853.0865;2959.1147;1864.1492;2952.901;1859.0031;2956.0225;1858.0971
3073020.0;2962.902;1843.3945;2952.4409;1855.0351;2953.8267;1850.6361;2958.493;1857.1843;3000.6501;1861.7702;2978.3823;1831.5729;2955.3771;1850.7224;2958.6461;1860.7955;2952.1368;1856.8498;2955.2672;1855.6805
3073040.0;2962.9187;1840.5028;2952.2521;1852.4344;2953.2473;1848.1683;2957.8476;1854.5929;3000.5713;1861.3139;2980.3863;1830.1372;2955.1786;1848.2674;2958.4688;1857.5233;2951.6155;1854.5252;2954.7402;1853.1554
3073060.0;2963.2102;1837.6033;2952.3444;1849.7904;2952.9149;1845.6506;2957.5055;1851.9065;3000.5114;1860.9292;2982.5282;1828.9941;2955.2885;1845.7728;2958.5412;1854.3976;2951.3072;1852.1372;2954.4556;1850.5383
3073080.0;2963.7523;1834.7119;2952.7091;1847.1377;2952.8258;1843.1016;2957.452;1849.1929;3000.4796;1860.6333;2984.7452;1828.1896;2955.6977;1843.282;2958.8226;1851.4399;2951.2074;1849.7313;2954.4313;1847.8537
3073100.0;2964.4838;1831.8898;2953.3335;1844.5055;2952.9842;1840.5481;2957.6681;1846.5067;3000.4758;1860.4141;2986.9813;1827.7435;2956.3955;1840.8268;2959.2888;1848.6465;2951.3218;1847.3255;2954.6844;1845.1388
3073120.0;2965.3502;1829.1987;2954.2028;1841.9173;2953.4039;1838.0179;2958.1365;1843.8836;3000.4924;1860.2394;2989.1941;1827.635;2957.3649;1838.4286;2959.9499;1845.9811;2951.644;1844.9423;2955.2235;1842.4417
3073140.0;2966.3478;1826.6576;2955.3018;1839.3957;2954.1026;1835.5383;2958.8455;1841.3421;3000.521;1860.0838;2991.3498;1827.8157;2958.581;1836.1052;2960.8466;1843.3967;2952.1438;1842.6135;2956.0475;1839.8111
3073160.0;2967.5145;1824.2512;2956.6143;1836.9626;2955.0884;1833.1316;2959.7869;1838.8911;3000.5578;1859.946;2993.4133;1828.2335;2960.0113;1833.8743;2962.0247;1840.8605;2952.7747;1840.3662;2957.1423;1837.2853
3073180.0;2968.8836;1821.9607;2958.1219;1834.637;2956.3488;1830.8127;2960.9528;1836.5367;3000.6041;1859.8434;2995.3486;1828.8453;2961.6211;1831.7542;2963.5025;1838.3799;2953.5033;1838.2065;2958.4807;1834.8869
3073200.0;2970.4495;1819.7856;2959.804;1832.4287;2957.8505;1828.5941;2962.331;1834.288;3000.6616;1859.7916;2997.1219;1829.6195;2963.377;1829.7632;2965.2592;1836.0025;2954.3387;1836.1158;2960.0249;1832.6278
3073220.0;2972.1742;1817.7381;2961.637;1830.3421;2959.5512;1826.4889;2963.9066;1832.1599;3000.7286;1859.7911;2998.6965;1830.5452;2965.2509;1827.9168;2967.2545;1833.7904;2955.3389;1834.0642;2961.736;1830.5182
3073240.0;2974.0221;1815.8219;2963.5968;1828.3849;2961.41;1824.5133;2965.6603;1830.1717;3000.8008;1859.8259;3000.0197;1831.6419;2967.2218;1826.227;2969.4477;1831.7863;2956.574;1832.0362;2963.5816;1828.5722
3073260.0;2975.9739;1814.0197;2965.6611;1826.5752;2963.3955;1822.6882;2967.5696;1828.3457;3000.8723;1859.8697;3001.0287;1832.9445;2969.2743;1824.7022;2971.7948;1829.9896;2958.0746;1830.052;2965.5347;1826.8068
3073280.0;2978.0201;1812.2939;2967.8126;1824.9387;2965.4872;1821.0377;2969.6099;1826.7036;3000.9388;1859.8951;3001.6825;1834.4654;2971.3996;1823.3487;2974.2376;1828.3693;2959.8134;1828.1668;2967.5726;1825.2341
3073300.0;2980.1498;1810.6018;2970.0409;1823.4982;2967.6758;1819.59;2971.7584;1825.2667;3001.0007;1859.8836;3001.9964;1836.1616;2973.5939;1822.1698;2976.7167;1826.8955;2961.7276;1826.4512;2969.6783;1823.8589
3073320.0;2982.3452;1808.9166;2972.3391;1822.2686;2969.9583;1818.3749;2973.9972;1824.0539;3001.0633;1859.8268;3002.0441;1837.9423;2975.8571;1821.1637;2979.1942;1825.5658;2963.7611;1824.9637;2971.8411;1822.6819
3073340.0;2984.5796;1807.2426;2974.6987;1821.2585;2972.3287;1817.4202;2976.3118;1823.0783;3001.1298;1859.72;3001.9249;1839.7104;2978.187;1820.3257;2981.6503;1824.4057;2965.8913;1823.7334;2974.0549;1821.7072
3073360.0;2986.8256;1805.6103;2977.1044;1820.4747;2974.7711;1816.7423;2978.6849;1822.3439;3001.1923;1859.5594;3001.7246;1841.4051;2980.5739;1819.6535;2984.0679;1823.4537;2968.1222;1822.7606;2976.3144;1820.9433
3073380.0;2989.0596;1804.0576;2979.5355;1819.9225;2977.257;1816.3354;2981.0943;1821.847;3001.2313;1859.3451;3001.4972;1843.0121;2982.9991;1819.1547;2986.4244;1822.746;2970.4593;1822.0287;2978.616;1820.3941
3073400.0;2991.2657;1802.6114;2981.9705;1819.6035;2979.7492;1816.1691;2983.5142;1821.5787;3001.2277;1859.0935;3001.2683;1844.5461;2985.4358;1818.846;2988.7009;1822.3016;2972.8926;1821.5164;2980.9552;1820.0485
3073420.0;2993.4351;1801.2827;2984.3899;1819.5139;2982.2131;1816.2088;2985.9205;1821.5275;3001.1796;1858.84;3001.0476;1846.0285;2987.8535;1818.7429;2990.8911;1822.1181;2975.3986;1821.2035;2983.3224;1819.8852
3073440.0;2995.5598;1800.0716;2986.7746;1819.6479;2984.6251;1816.4422;2988.292;1821.6798;3001.1046;1858.6249;3000.8372;1847.4748;2990.2223;1818.8509;2992.9987;1822.1755;2977.9491;1821.0683;2985.7009;1819.8847
3073460.0;2997.629;1798.9741;2989.1024;1819.9998;2986.9728;1816.8831;2990.6064;1822.0223;3001.0289;1858.4775;3000.6374;1848.8957;2992.5167;1819.1656;2995.0337;1822.4451;2980.5163;1821.0821;2988.0691;1820.0398
3073480.0;2999.6237;1797.9947;2991.3477;1820.5637;2989.2463;1817.5512;2992.8384;1822.5451;3000.9661;1858.3981;3000.4497;1850.2947;2994.7175;1819.6827;2997.0058;1822.8985;2983.0673;1821.2158;2990.4033;1820.3563
3073500.0;3001.5139;1797.1557;2993.4863;1821.3315;2991.429;1818.4479;2994.9617;1823.2452;3000.9051;1858.3576;3000.2806;1851.6606;2996.8124;1820.4025;2998.9177;1823.5139;2985.5664;1821.4541;2992.6784;1820.8463
3073520.0;3003.2589;1796.5029;2995.5007;1822.2914;2993.4977;1819.5528;2996.9532;1824.1231;3000.8179;1858.3142;3000.1453;1852.9552;2998.7927;1821.3252;3000.7578;1824.2855;2987.9843;1821.8113;2994.8703;1821.5221
3073540.0;3004.8136;1796.0962;2997.3794;1823.4285;2995.4316;1820.8369;2998.7939;1825.1773;3000.6828;1858.2431;3000.0678;1854.1064;3000.6456;1822.4443;3002.5016;1825.2269;2990.3039;1822.3266;2996.9568;1822.3941
3073560.0;3006.1437;1795.9827;2999.1114;1824.7304;2997.2178;1822.2728;3000.4697;1826.3972;3000.5059;1858.1549;3000.0739;1855.0276;3002.3511;1823.7467;3004.1185;1826.3598;2992.5129;1823.0449;2998.9169;1823.4697
3073580.0;3007.2304;1796.1781;3000.6812;1826.1869;2998.8511;1823.8394;3001.9721;1827.7636;3000.3194;1858.0852;3000.174;1855.6584;3003.8852;1825.2181;3005.583;1827.6875;2994.5899;1824.0003;3000.7252;1824.7527
3073600.0;3008.0598;1796.6738;3002.0691;1827.7897;3000.3281;1825.5233;3003.3008;1829.2519;3000.1597;1858.063;3000.3462;1855.9997;3005.2277;1826.8451;3006.885;1829.1789;2996.4996;1825.2101;3002.3526;1826.2394
3073620.0;3008.6058;1797.4625;3003.258;1829.5282;3001.6433;1827.317;3004.4622;1830.8381;3000.0479;1858.0897;3000.5379;1856.1113;3006.365;1828.6134;3008.0297;1830.7792;2998.196;1826.6719;3003.771;1827.9176
3073640.0;3008.8348;1798.5495;3004.2402;1831.3876;3002.7917;1829.2145;3005.4664;1832.502;2999.9883;1858.1456;3000.6914;1856.0749;3007.2901;1830.5042;3009.0284;1832.4416;2999.6304;1828.3574;3004.9571;1829.7684
3073660.0;3008.7427;1799.9209;3005.0193;1833.3495;3003.7723;1831.2059;3006.3222;1834.2304;2999.9796;1858.2096;3000.7759;1855.9615;3008.0022;1832.496;3009.8871;1834.1493;3000.7727;1830.2103;3005.8963;1831.7689
3073680.0;3008.3888;1801.5051;3005.6088;1835.3942;3004.587;1833.2752;3007.0341;1836.0169;3000.0205;1858.275;3000.7966;1855.824;3008.5081;1834.5677;3010.6033;1835.9117;3001.6354;1832.1465;3006.5887;1833.8902
3073700.0;3007.8831;1803.1781;3006.027;1837.5029;3005.237;1835.4018;3007.5986;1837.8611;3000.1053;1858.351;3000.7796;1855.6973;3008.8199;1836.6983;3011.1688;1837.7451;3002.2864;1834.0615;3007.0526;1836.0996
3073720.0;3007.3318;1804.8173;3006.2906;1839.6579;3005.7191;1837.5643;3008.0058;1839.7627;3000.2162;1858.4468;3000.751;1855.5941;3008.9518;1838.866;3011.5727;1839.6564;3002.8302;1835.8543;3007.3224;1838.3648
3073740.0;3006.7871;1806.3565;3006.4096;1841.8433;3006.0244;1839.7447;3008.2443;1841.7164;3000.3287;1858.561;3000.7287;1855.5068;3008.9161;1841.0486;3011.806;1841.6349;3003.3665;1837.4606;3007.4361;1840.6607
3073760.0;3006.2367;1807.8049;3006.3856;1844.0432;3006.1411;1841.9296;3008.3076;1843.7085;3000.4246;1858.6794;3000.7238;1855.4177;3008.7232;1843.2266;3011.8662;1843.6576;3003.9603;1838.8723;3007.4227;1842.9708
3073780.0;3005.6377;1809.219;3006.2122;1846.2415;3006.0581;1844.1068;3008.193;1845.7198;3000.5012;1858.7852;3000.7374;1855.3194;3008.3824;1845.3875;3011.7613;1845.698;3004.6401;1840.1241;3007.298;1845.2831
3073800.0;3004.9588;1810.6607;3005.8815;1848.422;3005.7675;1846.26;3007.9001;1847.7291;3000.5662;1858.8655;3000.7588;1855.2213;3007.9036;1847.5237;3011.5071;1847.7363;3005.41;1841.2639;3007.0669;1847.5865
3073820.0;3004.1919;1812.18;3005.3883;1850.5698;3005.2672;1848.3696;3007.4292;1849.7155;3000.6284;1858.9109;3000.7688;1855.1396;3007.2971;1849.6275;3011.1138;1849.7626;3006.248;1842.3333;3006.7265;1849.8697
3073840.0;3003.3412;1813.8088;3004.7348;1852.676;3004.5624;1850.4206;3006.784;1851.659;3000.6927;1858.9175;3000.7524;1855.0838;3006.576;1851.6895;3010.576;1851.7723;3007.0994;1843.3635;3006.2697;1852.12
3073860.0;3002.4063;1815.5565;3003.9313;1854.7372;3003.6704;1852.4088;3005.9749;1853.5434;3000.7614;1858.8903;3000.709;1855.0496;3005.7579;1853.7021;3009.8782;1853.7596;3007.8569;1844.3691;3005.69;1854.3241
3073880.0;3001.3803;1817.3966;3002.9958;1856.7534;3002.6241;1854.3385;3005.02;1855.3608;3000.8345;1858.8425;3000.6506;1855.0264;3004.8669;1855.6651;3009.0151;1855.7115;3008.3577;1845.3409;3004.9877;1856.4695
3073900.0;3000.2608;1819.2603;3001.9532;1858.7241;3001.4665;1856.216;3003.9429;1857.1133;3000.9076;1858.7862;3000.5904;1855.0052;3003.9283;1857.5846;3008.0057;1857.6093;3008.4227;1846.243;3004.1719;1858.5474
3073920.0;2999.0502;1821.066;3000.8306;1860.6486;3000.2377;1858.0423;3002.7702;1858.8082;3000.9706;1858.7258;3000.5348;1854.9797;3002.9599;1859.465;3006.8885;1859.4385;3007.9404;1847.0234;3003.258;1860.5557
3073940.0;2997.7485;1822.7636;2999.6486;1862.5265;2998.9649;1859.811;3001.5258;1860.4515;3001.0134;1858.6625;3000.4826;1854.9431;3001.9656;1861.3019;3005.6993;1861.1994;3006.9502;1847.6363;3002.2621;1862.501
3073960.0;2996.3533;1824.3548;2998.4172;1864.3564;2997.6608;1861.5132;3000.2269;1862.0433;3001.0315;1858.5986;3000.4306;1854.8872;3000.937;1863.0851;3004.4549;1862.9025;3005.6384;1848.0642;3001.1974;1864.3943
3073980.0;2994.8713;1825.8757;2997.1371;1866.1339;2996.3301;1863.1439;2998.8808;1863.5804;3001.0283;1858.5363;3000.378;1854.805;2999.862;1864.8078;3003.1542;1864.5546;3004.2356;1848.3315;3000.0729;1866.2446
3074000.0;2993.3283;1827.3646;2995.8069;1867.8517;2994.9742;1864.7071;2997.4871;1865.0613;3001.0099;1858.4722;3000.3251;1854.6933;2998.7322;1866.4717;3001.786;1866.1457;3002.9051;1848.5001;2998.8944;1868.0516
3074020.0;2991.7632;1828.8471;2994.4255;1869.5011;2993.5919;1866.2148;2996.0446;1866.4893;3000.982;1858.3987;3000.271;1854.5513;2997.5461;1868.0851;3000.3351;1867.6492;3001.7045;1848.6444;2997.6658;1869.8041
3074040.0;2990.2127;1830.3351;2992.9952;1871.075;2992.18;1867.6848;2994.5579;1867.8724;3000.9471;1858.3109;3000.214;1854.3798;2996.3058;1869.6552;2998.7902;1869.0387;3000.6192;1848.8185;2996.3919;1871.4852
3074060.0;2988.699;1831.8298;2991.5222;1872.5743;2990.7359;1869.1369;2993.0395;1869.2224;3000.9042;1858.208;3000.154;1854.1804;2995.0142;1871.182;2997.1551;1870.311;2999.6081;1849.0368;2995.0766;1873.0797
3074080.0;2987.2316;1833.3186;2990.0194;1874.0109;2989.2641;1870.5881;2991.5082;1870.5544;3000.8491;1858.0896;3000.0936;1853.9561;2993.6726;1872.6597;2995.4604;1871.4998;2998.6336;1849.2806;2993.7203;1874.5833
3074100.0;2985.8108;1834.7868;2988.5042;1875.4064;2987.7777;1872.0484;2989.9863;1871.8852;3000.7782;1857.9539;3000.0353;1853.7138;2992.2821;1874.0816;2993.7561;1872.6651;2997.6691;1849.5124;2992.3176;1876.0049
3074120.0;2984.4318;1836.2297;2986.9975;1876.7847;2986.298;1873.5217;2988.4977;1873.2317;3000.6947;1857.8044;2999.9741;1853.4646;2990.8433;1875.4448;2992.0887;1873.865;2996.7046;1849.7042;2990.8628;1877.3648
3074140.0;2983.0871;1837.659;2985.523;1878.1671;2984.8497;1875.0112;2987.0647;1874.608;3000.6103;1857.6534;2999.9001;1853.222;2989.3599;1876.7525;2990.4809;1875.1313;2995.7576;1849.8091;2989.3571;1878.6841
3074160.0;2981.7665;1839.0983;2984.1065;1879.572;2983.4675;1876.5291;2985.7034;1876.0243;3000.5388;1857.512;2999.795;1852.998;2987.8406;1878.0137;2988.9323;1876.4673;2994.8721;1849.7423;2987.8152;1879.9793
3074180.0;2980.4598;1840.5714;2982.7735;1881.0161;2982.2019;1878.1012;2984.421;1877.4871;3000.4904;1857.3801;2999.6365;1852.8044;2986.3028;1879.2461;2987.433;1877.8604;2994.0966;1849.4092;2986.2631;1881.2623
3074200.0;2979.1585;1842.0901;2981.5457;1882.5137;2981.1101;1879.7609;2983.2168;1879.0015;3000.4686;1857.2507;2999.4091;1852.6556;2984.7718;1880.473;2985.9749;1879.2941;2993.4436;1848.8041;2984.7391;1882.5511
3074220.0;2977.8586;1843.6474;2980.441;1884.076;2980.227;1881.53;2982.089;1880.5731;3000.4696;1857.1264;2999.121;1852.5697;2983.2816;1881.7214;2984.5564;1880.7549;2992.8685;1848.0803;2983.2923;1883.8787
3074240.0;2976.5613;1845.2236;2979.4748;1885.7087;2979.5415;1883.4024;2981.0411;1882.2081;3000.4832;1857.0247;2998.8082;1852.5602;2981.8736;1883.0218;2983.1809;1882.2345;2992.2952;1847.4793;2981.9765;1885.2906
3074260.0;2975.2729;1846.8033;2978.6601;1887.4107;2979.0082;1885.3444;2980.0838;1883.911;3000.4961;1856.9635;2998.5139;1852.6221;2980.592;1884.4102;2981.8558;1883.7324;2991.67;1847.1682;2980.8325;1886.826
3074280.0;2974.004;1848.3907;2978.0066;1889.1755;2978.5886;1887.3148;2979.2321;1885.6829;3000.495;1856.9441;2998.2581;1852.727;2979.474;1885.9204;2980.5953;1885.2572;2990.9885;1847.1564;2979.8684;1888.497
3074300.0;2972.7693;1850.0046;2977.5185;1890.9954;2978.2799;1889.2852;2978.501;1887.5218;3000.47;1856.9534;2998.0299;1852.8346;2978.5408;1887.5666;2979.422;1886.8231;2990.279;1847.3527;2979.0597;1890.2838
3074320.0;2971.5851;1851.664;2977.1942;1892.8646;2978.1076;1891.2461;2977.902;1889.4232;3000.4164;1856.9765;2997.8077;1852.9132;2977.7957;1889.3344;2978.381;1888.4512;2989.5784;1847.669;2978.3741;1892.1514
3074340.0;2970.4754;1853.3768;2977.0281;1894.7797;2978.0972;1893.1998;2977.4428;1891.3803;3000.3367;1857.0024;2997.5806;1852.9531;2977.2334;1891.1912;2977.5558;1890.1736;2988.9228;1848.0668;2977.7962;1894.0687
3074360.0;2969.4799;1855.1381;2977.0156;1896.7328;2978.2551;1895.1511;2977.1279;1893.3837;3000.2417;1857.0222;2997.3558;1852.9633;2976.8516;1893.1043;2977.0707;1892.0357;2988.3604;1848.5745;2977.3336;1896.0152
3074380.0;2968.6817;1856.9395;2977.1542;1898.707;2978.567;1897.101;2976.9615;1895.4238;3000.1461;1857.0299;2997.1515;1852.959;2976.6562;1895.0463;2977.0519;1894.0802;2987.9665;1849.29;2977.0082;1897.9777
3074400.0;2968.2355;1858.779;2977.4457;1900.6762;2979.0135;1899.045;2976.9472;1897.4919;3000.0638;1857.0259;2996.98;1852.95;2976.6593;1896.9888;2977.5574;1896.3147;2987.8319;1850.3811;2976.8454;1899.9463
3074420.0;2968.3498;1860.6657;2977.894;1902.6101;2979.5789;1900.9722;2977.0873;1899.578;3000.0052;1857.0158;2996.8419;1852.9401;2976.8751;1898.8989;2978.5307;1898.6859;2988.0314;1852.0001;2976.8672;1901.9108
3074440.0;2969.2001;1862.6101;2978.5037;1904.4812;2980.2585;1902.8671;2977.3812;1901.6673;2999.9755;1857.0047;2996.7235;1852.9346;2977.3171;1900.7431;2979.8225;1901.0855;2988.5851;1854.1722;2977.092;1903.8585
3074460.0;2970.8144;1864.5989;2979.2814;1906.2666;2981.0562;1904.7112;2977.8291;1903.7384;2999.9729;1856.9967;2996.6031;1852.9506;2977.997;1902.4925;2981.263;1903.3921;2989.4516;1856.7492;2977.5321;1905.7705
3074480.0;2973.0347;1866.575;2980.2377;1907.9452;2981.9803;1906.4845;2978.4353;1905.7663;2999.9892;1856.9987;2996.4588;1853.0159;2978.9233;1904.122;2982.7322;1905.5118;2990.5587;1859.4853;2978.1954;1907.6228
3074500.0;2975.6061;1868.4503;2981.3837;1909.4953;2983.0426;1908.1644;2979.211;1907.7256;3000.0147;1857.0209;2996.2772;1853.1501;2980.0964;1905.6078;2984.1917;1907.3947;2991.8425;1862.1612;2979.0868;1909.3895
3074520.0;2978.308;1870.1411;2982.7209;1910.8958;2984.2584;1909.7268;2980.1702;1909.5936;3000.0426;1857.0686;2996.0629;1853.3431;2981.5041;1906.927;2985.6729;1909.0213;2993.2624;1864.6517;2980.207;1911.0432
3074540.0;2981.0139;1871.601;2984.2346;1912.1294;2985.6438;1911.1462;2981.3251;1911.3475;3000.0692;1857.1362;2995.838;1853.5545;2983.1234;1908.0584;2987.2373;1910.3862;2994.7936;1866.9117;2981.5505;1912.5552
3074560.0;2983.6639;1872.8251;2985.8973;1913.1799;2987.2072;1912.3974;2982.6809;1912.9629;3000.0895;1857.2107;2995.6279;1853.7404;2984.9251;1908.9825;2988.931;1911.4926;2996.4184;1868.9316;2983.1018;1913.9
3074580.0;2986.2182;1873.8279;2987.6825;1914.0274;2988.9391;1913.4583;2984.235;1914.4118;3000.0983;1857.2788;2995.4425;1853.8804;2986.8796;1909.683;2990.7534;1912.3535;2998.1225;1870.7038;2984.8352;1915.0572
3074600.0;2988.6454;1874.6208;2989.5719;1914.6473;2990.81;1914.3072;2985.9785;1915.6625;3000.0947;1857.3297;2995.2736;1853.9793;2988.958;1910.1481;2992.6668;1912.9886;2999.8989;1872.225;2986.7206;1916.0111
3074620.0;2990.9448;1875.2089;2991.5531;1915.0159;2992.7809;1914.9217;2987.8989;1916.6772;3000.0869;1857.3512;2995.1074;1854.0526;2991.1341;1910.3726;2994.6272;1913.4156;3001.7451;1873.4972;2988.7307;1916.7444
3074640.0;2993.1487;1875.6002;2993.6126;1915.1174;2994.8185;1915.2754;2989.9797;1917.4156;3000.0891;1857.3265;2994.9377;1854.1118;2993.3823;1910.3588;2996.6111;1913.6475;3003.659;1874.5252;2990.8427;1917.2332
3074660.0;2995.3047;1875.8127;2995.7326;1914.9449;2996.9035;1915.3405;2992.1957;1917.8405;3000.1125;1857.2409;2994.7667;1854.1617;2995.6768;1910.1132;2998.6199;1913.6877;3005.6347;1875.308;2993.0343;1917.4479
3074680.0;2997.453;1875.8714;2997.8936;1914.4979;2999.0248;1915.0944;2994.5089;1917.9261;3000.1558;1857.0947;2994.6004;1854.2028;2997.9888;1909.6402;3000.6666;1913.5246;3007.66;1875.8326;2995.2796;1917.3635
3074700.0;2999.6133;1875.8037;3000.0753;1913.7794;3001.1692;1914.5241;2996.8685;1917.6582;3000.2049;1856.9098;2994.4461;1854.2336;3000.2882;1908.939;3002.7588;1913.1288;3009.7164;1876.0876;2997.5503;1916.9709
3074720.0;3001.7846;1875.6348;3002.2578;1912.794;3003.3157;1913.6268;2999.217;1917.0303;3000.2426;1856.722;2994.312;1854.2505;3002.5473;1908.0106;3004.8911;1912.4631;3011.7783;1876.0786;2999.8172;1916.2792
3074740.0;3003.9523;1875.3794;3004.4202;1911.5475;3005.4368;1912.4073;3001.4994;1916.039;3000.2579;1856.5577;2994.2008;1854.2485;3004.7433;1906.8674;3007.0421;1911.5021;3013.8141;1875.8309;3002.0524;1915.3044
3074760.0;3006.0937;1875.0333;3006.5427;1910.0504;3007.5006;1910.8817;3003.6712;1914.6895;3000.2474;1856.4161;2994.1049;1854.225;3006.858;1905.533;3009.1771;1910.2416;3015.7899;1875.377;3004.2295;1914.0568
3074780.0;3008.1871;1874.5821;3008.6077;1908.3207;3009.4758;1909.0827;3005.7041;1913.0041;3000.2107;1856.2764;2994.0093;1854.1842;3008.8746;1904.0297;3011.2546;1908.6945;3017.6756;1874.7395;3006.3279;1912.5431
3074800.0;3010.2157;1874.0226;3010.5983;1906.3808;3011.3356;1907.0569;3007.5864;1911.0274;3000.1498;1856.1181;2993.9022;1854.1354;3010.7745;1902.3679;3013.2328;1906.8806;3019.4518;1873.926;3008.3332;1910.7727
3074820.0;3012.1743;1873.3842;3012.4965;1904.2526;3013.0608;1904.8522;3009.3198;1908.8141;3000.0737;1855.9405;2993.783;1854.087;3012.536;1900.5476;3015.0776;1904.8277;3021.1093;1872.9318;3010.2332;1908.7549
3074840.0;3014.0757;1872.7288;3014.2842;1901.9535;3014.6423;1902.5052;3010.9138;1906.4133;2999.9956;1855.7612;2993.661;1854.041;3014.1375;1898.5676;3016.765;1902.5709;3022.6428;1871.7484;3012.0123;1906.4971
3074860.0;3015.9498;1872.1385;3015.9452;1899.5;3016.0784;1900.0384;3012.3808;1903.8567;2999.9289;1855.603;2993.5481;1853.9963;3015.5637;1896.432;3018.2817;1900.1462;3024.0401;1870.3732;3013.6519;1904.0113
3074880.0;3017.8307;1871.6923;3017.4665;1896.911;3017.3742;1897.4658;3013.7323;1901.1626;2999.8811;1855.483;2993.4529;1853.9544;3016.8106;1894.1481;3019.6211;1897.5837;3025.2811;1868.8195;3015.1365;1901.3251
3074900.0;3019.7363;1871.4345;3018.8365;1894.2066;3018.5377;1894.8007;3014.9761;1898.3453;2999.8565;1855.4086;2993.3789;1853.9203;3017.8864;1891.7243;3020.779;1894.9064;3026.3445;1867.1068;3016.4585;1898.4803
3074920.0;3021.6567;1871.3525;3020.0443;1891.4048;3019.5737;1892.0542;3016.1151;1895.4242;2999.8549;1855.3764;2993.3272;1853.8975;3018.8078;1889.1715;3021.75;1892.1357;3027.2169;1865.2437;3017.616;1895.5185
3074940.0;3023.559;1871.3868;3021.0826;1888.5191;3020.4809;1889.2342;3017.1452;1892.4217;2999.8687;1855.3734;2993.2967;1853.885;3019.5946;1886.5035;3022.5289;1889.2933;3027.8988;1863.2236;3018.6077;1892.4697
3074960.0;3025.4019;1871.464;3021.9502;1885.5632;3021.2545;1886.3468;3018.0575;1889.3607;2999.8853;1855.3831;2993.2835;1853.8782;3020.2663;1883.7372;3023.1134;1886.3994;3028.4073;1861.0387;3019.4325;1889.3554
3074980.0;3027.1431;1871.5382;3022.6516;1882.5559;3021.8906;1883.3996;3018.8403;1886.2615;2999.8941;1855.3918;2993.2801;1853.8711;3020.8389;1880.8897;3023.5091;1883.4674;3028.7716;1858.6967;3020.0924;1886.1946
3075000.0;3028.7405;1871.6128;3023.1959;1879.5207;3022.3873;1880.4061;3019.4855;1883.1435;2999.8918;1855.3935;2993.2765;1853.8575;3021.3232;1877.9796;3023.734;1880.507;3029.0229;1856.2209;3020.5949;1883.0052
3075020.0;3030.1512;1871.7371;3023.5956;1876.4804;3022.744;1877.3868;3019.9932;1880.0256;2999.8806;1855.3894;2993.2658;1853.8328;3021.7228;1875.029;3023.8124;1877.5271;3029.1841;1853.6417;3020.9499;1879.8039
3075040.0;3031.3416;1871.9756;3023.8646;1873.4504;3022.963;1874.3654;3020.375;1876.9252;2999.8663;1855.3871;2993.2459;1853.7973;3022.0344;1872.0631;3023.7648;1874.5413;3029.2708;1851.0004;3021.1655;1876.609
3075060.0;3032.2965;1872.3693;3024.0144;1870.4415;3023.0534;1871.3632;3020.6491;1873.8561;2999.8562;1855.3939;2993.219;1853.7584;3022.2502;1869.1075;3023.5997;1871.5707;3029.2932;1848.3522;3021.2464;1873.4475
3075080.0;3033.0231;1872.911;3024.051;1867.4644;3023.0268;1868.395;3020.8363;1870.8282;2999.8556;1855.4084;2993.1899;1853.7301;3022.363;1866.1854;3023.3162;1868.6426;3029.2515;1845.7501;3021.1963;1870.3553
3075100.0;3033.5506;1873.5535;3023.9755;1864.5348;3022.8887;1865.4708;3020.9533;1867.8499;2999.8644;1855.4207;2993.1651;1853.7259;3022.3678;1863.3163;3022.9143;1865.785;3029.117;1843.2226;3021.0206;1867.3643
3075120.0;3033.9239;1874.2375;3023.7844;1861.6734;3022.6329;1862.6004;3021.0114;1864.9302;2999.8749;1855.4194;2993.1548;1853.7589;3022.2621;1860.5148;3022.4014;1863.0203;3028.8329;1840.7734;3020.729;1864.4903
3075140.0;3034.1907;1874.9151;3023.4719;1858.9036;3022.2452;1859.7962;3021.013;1862.0802;2999.8792;1855.4034;2993.1716;1853.8389;3022.0433;1857.7906;3021.7905;1860.3601;3028.3436;1838.3975;3020.3352;1861.7328
3075160.0;3034.3807;1875.5632;3023.0298;1856.2459;3021.7118;1857.074;3020.9521;1859.3109;2999.8732;1855.3829;2993.2265;1853.9652;3021.707;1855.1534;3021.0953;1857.8062;3027.6386;1836.0981;3019.8533;1859.0834
3075180.0;3034.4922;1876.1813;3022.4481;1853.7149;3021.0249;1854.4527;3020.8136;1856.6293;2999.861;1855.3708;2993.3221;1854.1184;3021.2466;1852.6174;3020.3252;1855.3547;3026.7671;1833.8857;3019.2929;1856.5362
3075200.0;3034.5088;1876.7794;3021.7179;1851.3186;3020.1852;1851.9546;3020.577;1854.0385;2999.8536;1855.378;2993.4497;1854.2646;3020.6554;1850.2006;3019.4856;1853.0001;3025.7987;1831.7775;3018.6564;1854.0909
3075220.0;3034.4168;1877.3663;3020.8343;1849.0612;3019.1998;1849.6028;3020.2202;1851.5408;2999.8633;1855.4113;2993.5926;1854.3756;3019.9293;1847.9149;3018.5789;1850.7384;3024.7635;1829.8055;3017.9403;1851.7528
3075240.0;3034.2083;1877.9449;3019.803;1846.9382;3018.0792;1847.414;3019.725;1849.1404;2999.8957;1855.4729;2993.7353;1854.4483;3019.0686;1845.7597;3017.6056;1848.5683;3023.6335;1828.018;3017.1397;1849.5303
3075260.0;3033.8675;1878.5123;3018.6453;1844.9299;3016.8355;1845.3922;3019.0816;1846.8418;2999.9458;1855.5578;2993.8703;1854.4997;3018.0777;1843.7229;3016.5625;1846.4922;3022.3555;1826.46;3016.2488;1847.4328
3075280.0;3033.3718;1879.0576;3017.3947;1843.0045;3015.4826;1843.5255;3018.2882;1844.646;3000.0018;1855.6532;2993.9951;1854.548;3016.9645;1841.7866;3015.4421;1844.5141;3020.8988;1825.1464;3015.2593;1845.4658
3075300.0;3032.706;1879.5636;3016.0818;1841.1347;3014.0376;1841.7904;3017.3484;1842.5494;3000.0529;1855.7432;2994.11;1854.6026;3015.738;1839.9314;3014.2324;1842.6366;3019.2723;1824.0493;3014.1565;1843.6298
3075320.0;3031.8813;1880.0173;3014.7202;1839.3132;3012.5176;1840.1603;3016.2675;1840.5445;3000.0928;1855.8158;2994.2148;1854.6674;3014.4062;1838.1377;3012.9207;1840.8575;3017.5119;1823.1068;3012.9227;1841.9186
3075340.0;3030.9366;1880.4242;3013.3047;1837.5525;3010.9343;1838.6114;3015.0511;1838.6236;3000.1181;1855.866;2994.3109;1854.7438;3012.9714;1836.3923;3011.499;1839.1712;3015.6556;1822.2479;3011.5451;1840.3195
3075360.0;3029.9147;1880.8111;3011.8224;1835.8718;3009.2903;1837.1244;3013.7041;1836.7806;3000.1262;1855.8952;2994.402;1854.831;3011.4299;1834.6926;3009.9653;1837.5748;3013.7317;1821.4132;3010.0227;1838.8142
3075380.0;3028.8353;1881.2099;3010.2629;1834.2857;3007.5815;1835.6867;3012.2287;1835.0152;3000.1163;1855.9097;2994.4927;1854.9218;3009.7729;1833.0514;3008.3223;1836.0719;3011.7572;1820.5689;3008.3645;1837.3862
3075400.0;3027.6743;1881.6247;3008.6196;1832.8029;3005.7991;1834.2989;3010.6238;1833.3344;3000.0897;1855.917;2994.5849;1855.0082;3007.993;1831.4944;3006.5734;1834.6733;3009.7424;1819.7132;3006.5837;1836.0264
3075420.0;3026.366;1882.0102;3006.887;1831.4323;3003.9326;1832.9799;3008.8871;1831.7549;3000.052;1855.9247;2994.677;1855.0853;3006.0886;1830.0563;3004.7241;1833.3915;3007.6965;1818.8702;3004.6907;1834.7391
3075440.0;3024.814;1882.2335;3005.059;1830.1902;3001.9725;1831.763;3007.0193;1830.3004;3000.0123;1855.9418;2994.7655;1855.1528;3004.0652;1828.7756;3002.7823;1832.2385;3005.622;1818.0812;3002.6907;1833.5423
3075460.0;3022.9092;1882.0367;3003.1298;1829.1061;2999.916;1830.6823;3005.0257;1829.0014;2999.9824;1855.9774;2994.8487;1855.2122;3001.9334;1827.6874;3000.758;1831.2274;3003.51;1817.3931;3000.5863;1832.4664
3075480.0;3020.5729;1881.0946;3001.099;1828.2177;2997.77;1829.7623;3002.9188;1827.8918;2999.9721;1856.0398;2994.9267;1855.2637;2999.7061;1826.8176;2998.6604;1830.3743;3001.344;1816.8458;2998.3834;1831.5469
3075500.0;3017.8152;1879.2154;2998.9755;1827.5624;2995.549;1829.0146;3000.7188;1827.0056;2999.9827;1856.131;2994.9995;1855.3067;2997.3986;1826.1773;2996.4971;1829.6956;2999.1124;1816.4601;2996.0981;1830.8176
3075520.0;3014.7626;1876.5614;2996.7803;1827.1685;2993.27;1828.4429;2998.455;1826.3685;3000.0056;1856.2447;2995.0648;1855.3439;2995.0334;1825.7643;2994.2775;1829.2048;2996.8189;1816.238;2993.7573;1830.3038
3075540.0;3011.6155;1873.6484;2994.5439;1827.051;2990.9505;1828.0542;2996.164;1825.9943;3000.0277;1856.367;2995.1196;1855.3809;2992.6418;1825.5695;2992.0166;1828.9122;2994.4781;1816.1756;2991.393;1830.0214
3075560.0;3008.5554;1871.0589;2992.3007;1827.2113;2988.6089;1827.865;2993.8866;1825.8837;3000.0411;1856.481;2995.1605;1855.4219;2990.2649;1825.5858;2989.737;1828.8287;2992.1083;1816.279;2989.0361;1829.9766
3075580.0;3005.6825;1869.1335;2990.085;1827.6391;2986.2654;1827.8964;2991.665;1826.0318;3000.0478;1856.5737;2995.1825;1855.4646;2987.949;1825.8106;2987.4684;1828.9664;2989.7245;1816.563;2986.7147;1830.1658
3075600.0;3003.0255;1867.9078;2987.9309;1828.3179;2983.9422;1828.1592;2989.5427;1826.4357;3000.0557;1856.6428;2995.1771;1855.503;2985.7439;1826.2418;2985.2429;1829.3343;2987.3429;1817.0344;2984.4553;1830.5747
3075620.0;3000.5801;1867.249;2985.872;1829.2282;2981.6662;1828.6458;2987.5644;1827.0976;3000.071;1856.6952;2995.1387;1855.5343;2983.7003;1826.8745;2983.0903;1829.933;2984.9883;1817.6823;2982.2823;1831.1831
3075640.0;2998.3271;1866.9957;2983.9376;1830.345;2979.4704;1829.3381;2985.7772;1828.0191;3000.0931;1856.7391;2995.0697;1855.5641;2981.87;1827.7014;2981.0369;1830.7516;2982.7031;1818.4864;2980.2184;1831.971
3075660.0;2996.2381;1867.0156;2982.1488;1831.6314;2977.3958;1830.2223;2984.2259;1829.1914;3000.1171;1856.7789;2994.9801;1855.6024;2980.2991;1828.7146;2979.1062;1831.7669;2980.5499;1819.4362;2978.2862;1832.9241
3075680.0;2994.2866;1867.2074;2980.5153;1833.0432;2975.4895;1831.2929;2982.9451;1830.587;3000.1368;1856.8166;2994.8796;1855.6539;2979.0211;1829.9042;2977.3219;1832.9483;2978.6019;1820.538;2976.5094;1834.0324
3075700.0;2992.4631;1867.5067;2979.0376;1834.5372;2973.8013;1832.5439;2981.9464;1832.1626;3000.1474;1856.8541;2994.7721;1855.7099;2978.051;1831.2533;2975.7075;1834.2665;2976.9212;1821.8021;2974.9115;1835.285
3075720.0;2990.7814;1867.8818;2977.7112;1836.0791;2972.3788;1833.9603;2981.2142;1833.8685;3000.1452;1856.8924;2994.6592;1855.7499;2977.383;1832.7356;2974.2864;1835.7004;2975.5411;1823.2284;2973.513;1836.6654
3075740.0;2989.2682;1868.3092;2976.5349;1837.6463;2971.257;1835.5169;2980.7129;1835.6607;3000.1293;1856.9263;2994.5431;1855.7528;2976.9944;1834.3174;2973.0807;1837.2364;2974.4655;1824.8015;2972.3308;1838.1535
3075760.0;2987.9565;1868.7656;2975.5195;1839.2302;2970.4466;1837.1833;2980.403;1837.503;3000.1054;1856.9448;2994.4219;1855.7082;2976.853;1835.9654;2972.1101;1838.8598;2973.6844;1826.4976;2971.3799;1839.7287
3075780.0;2986.8828;1869.2322;2974.6907;1840.8337;2969.9292;1838.9258;2980.2534;1839.3671;3000.085;1856.9387;2994.2832;1855.6187;2976.9243;1837.6509;2971.389;1840.5474;2973.1882;1828.288;2970.6711;1841.3739
3075800.0;2986.0803;1869.6972;2974.0811;1842.4622;2969.6684;1840.7116;2980.2467;1841.2302;3000.079;1856.9087;2994.0992;1855.4967;2977.1754;1839.3519;2970.9295;1842.2685;2972.9705;1830.1392;2970.2097;1843.0698
3075820.0;2985.5704;1870.1532;2973.718;1844.1101;2969.633;1842.5112;2980.3774;1843.0754;3000.0916;1856.8675;2993.8289;1855.3609;2977.5734;1841.0533;2970.7455;1843.9877;2973.0239;1832.0099;2969.9971;1844.7878
3075840.0;2985.3587;1870.5914;2973.6143;1845.7552;2969.8125;1844.3026;2980.6501;1844.8885;3000.1197;1856.8334;2993.4331;1855.233;2978.0859;1842.7495;2970.8522;1845.6702;2973.3362;1833.856;2970.0343;1846.4858
3075860.0;2985.436;1870.9982;2973.7687;1847.3672;2970.2165;1846.0677;2981.077;1846.6563;3000.157;1856.8185;2992.8956;1855.1332;2978.6834;1844.4439;2971.2563;1847.2841;2973.8896;1835.6385;2970.3251;1848.1167
3075880.0;2985.7854;1871.3554;2974.1716;1848.9196;2970.8576;1847.7871;2981.6744;1848.3651;3000.1994;1856.8257;2992.2411;1855.0736;2979.3457;1846.1446;2971.9463;1848.8052;2974.6603;1837.3351;2970.8697;1849.6434
3075900.0;2986.3866;1871.6406;2974.8114;1850.394;2971.7397;1849.4357;2982.4562;1850.0007;3000.2455;1856.8545;2991.5306;1855.0541;2980.0655;1847.8524;2972.8928;1850.218;2975.6188;1838.9409;2971.6598;1851.0493
3075920.0;2987.2191;1871.8241;2975.6791;1851.7776;2972.8593;1850.9839;2983.4274;1851.5476;3000.2932;1856.9059;2990.8337;1855.064;2980.8495;1849.5523;2974.0613;1851.5111;2976.7291;1840.4579;2972.6779;1852.3345
3075940.0;2988.2622;1871.8662;2976.7665;1853.0595;2974.2095;1852.4023;2984.5792;1852.9912;3000.3385;1856.9793;2990.2033;1855.0858;2981.7162;1851.2102;2975.4254;1852.6739;2977.9533;1841.8807;2973.9038;1853.5063
3075960.0;2989.496;1871.7251;2978.0612;1854.232;2975.7798;1853.6649;2985.8935;1854.3205;3000.3749;1857.0676;2989.6648;1855.1004;2982.6892;1852.782;2976.9704;1853.6973;2979.2614;1843.1947;2975.3177;1854.5703
3075980.0;2990.8954;1871.3887;2979.544;1855.2934;2977.5522;1854.7517;2987.3493;1855.5295;3000.3978;1857.158;2989.2192;1855.0932;2983.7897;1854.2258;2978.6855;1854.5776;2980.6496;1844.3828;2976.8996;1855.528
3076000.0;2992.4248;1870.8968;2981.1902;1856.2475;2979.5018;1855.6498;2988.9308;1856.6098;3000.4083;1857.2388;2988.8554;1855.0563;2985.03;1855.5133;2980.5548;1855.3151;2982.1496;1845.4292;2978.6269;1856.377
3076020.0;2994.0405;1870.3242;2982.9749;1857.0982;2981.5998;1856.3556;2990.6276;1857.543;3000.4124;1857.3031;2988.568;1854.9886;2986.415;1856.6272;2982.5546;1855.9083;2983.8136;1846.3129;2980.4791;1857.1118
3076040.0;2995.7064;1869.7318;2984.8766;1857.8409;2983.8169;1856.8733;2992.4331;1858.3003;3000.417;1857.3477;2988.3669;1854.893;2987.9455;1857.5527;2984.6582;1856.3537;2985.6816;1847.0043;2982.4457;1857.7224
3076060.0;2997.4067;1869.1324;2986.8802;1858.4591;2986.1218;1857.2111;2994.3391;1858.8507;3000.4242;1857.3714;2988.2707;1854.7743;2989.6193;1858.2652;2986.8423;1856.6498;2987.7542;1847.4725;2984.526;1858.1953
3076080.0;2999.1444;1868.5031;2988.9758;1858.9287;2988.4829;1857.3753;2996.3337;1859.1691;3000.4295;1857.376;2988.2864;1854.6387;2991.4282;1858.7273;2989.0899;1856.8018;2989.9907;1847.7001;2986.7196;1858.5133
3076100.0;3000.927;1867.8175;2991.1547;1859.227;2990.8748;1857.3676;2998.4004;1859.2383;3000.4239;1857.3637;2988.3904;1854.4929;2993.3558;1858.8974;2991.3899;1856.815;2992.3317;1847.696;2989.0172;1858.6579
3076120.0;3002.7571;1867.0612;2993.4048;1859.3373;2993.2818;1857.1878;3000.5181;1859.0461;3000.4015;1857.3378;2988.5365;1854.3426;2995.3782;1858.7476;2993.7334;1856.686;2994.7244;1847.4937;2991.3993;1858.6124
3076140.0;3004.631;1866.2325;2995.7089;1859.2515;2995.6932;1856.8364;3002.6614;1858.5842;3000.3655;1857.2988;2988.6791;1854.1917;2997.4697;1858.2794;2996.1096;1856.3998;2997.1316;1847.1347;2993.8432;1858.3646
3076160.0;3006.5411;1865.3313;2998.0482;1858.9696;2998.0951;1856.3132;3004.801;1857.8499;3000.3258;1857.2432;2988.7951;1854.0426;2999.6041;1857.5257;2998.5065;1855.938;2999.5282;1846.6451;2996.3259;1857.9085
3076180.0;3008.4755;1864.341;3000.4036;1858.4993;3000.4663;1855.6166;3006.9046;1856.8494;3000.2893;1857.167;2988.8861;1853.8971;3001.7542;1856.5338;3000.9101;1855.289;3001.8919;1846.0222;2998.8232;1857.2434
3076200.0;3010.4175;1863.223;3002.7568;1857.8482;3002.7833;1854.7424;3008.938;1855.596;3000.2541;1857.0711;2988.9638;1853.7582;3003.8888;1855.3417;3003.3041;1854.4487;3004.1995;1845.2444;3001.3054;1856.3708
3076220.0;3012.3476;1861.939;3005.0878;1857.0153;3005.0257;1853.6848;3010.8675;1854.1068;3000.2129;1856.9643;2989.0387;1853.6275;3005.9732;1853.9665;3005.6677;1853.4163;3006.4301;1844.2877;3003.7387;1855.2917
3076240.0;3014.2454;1860.4829;3007.374;1855.9885;3007.1768;1852.4396;3012.6625;1852.3989;3000.1587;1856.8573;2989.1142;1853.505;3007.9718;1852.4091;3007.9746;1852.1895;3008.5644;1843.142;3006.0877;1854.0068
3076260.0;3016.0905;1858.8921;3009.5905;1854.7536;3009.2218;1851.006;3014.2991;1850.4909;3000.0895;1856.7568;2989.1893;1853.3901;3009.8518;1850.6665;3010.1949;1850.7651;3010.583;1841.8142;3008.3211;1852.5183
3076280.0;3017.8588;1857.2165;3011.7133;1853.3034;3011.1492;1849.3924;3015.759;1848.4035;3000.0083;1856.6667;2989.2616;1853.2806;3011.5832;1848.7437;3012.2981;1849.1417;3012.4658;1840.3182;3010.4138;1850.8328
3076300.0;3019.5196;1855.4807;3013.7205;1851.6448;3012.9521;1847.62;3017.0284;1846.1611;2999.9213;1856.5933;2989.33;1853.1732;3013.1388;1846.6555;3014.2541;1847.3209;3014.1987;1838.6617;3012.3482;1848.9656
3076320.0;3021.0371;1853.6784;3015.5946;1849.7955;3014.6274;1845.7158;3018.0949;1843.7928;2999.8359;1856.5442;2989.3952;1853.0653;3014.4963;1844.4294;3016.0353;1845.3118;3015.7818;1836.84;3014.1091;1846.9408
3076340.0;3022.3741;1851.7898;3017.3222;1847.7816;3016.1704;1843.7006;3018.9477;1841.3319;2999.756;1856.5209;2989.4577;1852.9605;3015.6417;1842.1023;3017.6172;1843.1291;3017.2274;1834.8476;3015.6776;1844.7859
3076360.0;3023.4966;1849.7995;3018.8922;1845.6327;3017.5689;1841.5831;3019.5795;1838.8132;2999.682;1856.517;2989.516;1852.8686;3016.5696;1839.713;3018.9785;1840.7933;3018.5462;1832.6916;3017.0273;1842.5247
3076380.0;3024.3771;1847.6976;3020.2919;1843.3734;3018.8026;1839.3664;3019.9896;1836.2717;2999.6145;1856.523;2989.5641;1852.8057;3017.2806;1837.2938;3020.1025;1838.3312;3019.733;1830.3934;3018.1284;1840.174
3076400.0;3024.9991;1845.4774;3021.5027;1841.0152;3019.8439;1837.0572;3020.1817;1833.7402;2999.5586;1856.5382;2989.5906;1852.7918;3017.778;1834.8656;3020.9769;1835.7767;3020.7664;1827.9765;3018.9574;1837.7474
3076420.0;3025.3624;1843.1417;3022.5025;1838.557;3020.6605;1834.6708;3020.1614;1831.2488;2999.5242;1856.5728;2989.5833;1852.846;3018.0679;1832.4424;3021.5922;1833.1664;3021.6191;1825.4617;3019.5051;1835.2628
3076440.0;3025.4821;1840.712;3023.2707;1835.9976;3021.2216;1832.2281;3019.931;1828.823;2999.5171;1856.6377;2989.5387;1852.9712;3018.1575;1830.0375;3021.9396;1830.5335;3022.2663;1822.8757;3019.7739;1832.7463
3076460.0;3025.3703;1838.2285;3023.7913;1833.351;3021.5033;1829.7516;3019.4887;1826.4829;2999.5315;1856.7301;2989.4697;1853.1399;3018.0522;1827.6675;3022.0101;1827.9063;3022.6868;1820.2627;3019.7689;1830.229
3076480.0;3025.0157;1835.7436;3024.0497;1830.6528;3021.4945;1827.2658;3018.8303;1824.2457;2999.5505;1856.8313;2989.3992;1853.3058;3017.7506;1825.3506;3021.7956;1825.3131;3022.8594;1817.6864;3019.4919;1827.742
3076500.0;3024.3887;1833.3197;3024.0247;1827.9605;3021.1973;1824.7976;3017.9554;1822.1279;2999.5578;1856.9196;2989.3452;1853.4357;3017.2436;1823.1085;3021.2915;1822.7852;3022.7631;1815.2174;3018.9451;1825.3116
3076520.0;3023.4755;1831.0304;3023.6906;1825.3464;3020.6218;1822.3788;3016.871;1820.1479;2999.5466;1856.9859;2989.3104;1853.531;3016.5191;1820.9685;3020.4972;1820.3558;3022.3815;1812.9165;3018.1376;1822.9601
3076540.0;3022.3079;1828.9501;3023.0285;1822.889;3019.7803;1820.0487;3015.5944;1818.3243;2999.5203;1857.0361;2989.287;1853.6161;3015.5686;1818.967;3019.4187;1818.0585;3021.7084;1810.8323;3017.0897;1820.7083
3076560.0;3020.9446;1827.135;3022.04;1820.6601;3018.6864;1817.8524;3014.1495;1816.6774;2999.4863;1857.0795;2989.2655;1853.7134;3014.3941;1817.1495;3018.0716;1815.9294;3020.7519;1809.003;3015.8259;1818.5812
3076580.0;3019.4274;1825.6179;3020.752;1818.7115;3017.356;1815.8393;3012.5641;1815.229;2999.4509;1857.1184;2989.241;1853.8328;3013.0092;1815.5676;3016.4815;1814.0056;3019.5274;1807.4706;3014.3684;1816.6156
3076600.0;3017.764;1824.4142;3019.214;1817.0655;3015.809;1814.062;3010.8671;1814.0054;2999.4164;1857.1464;2989.2113;1853.9774;3011.4367;1814.2739;3014.6822;1812.3234;3018.0483;1806.2807;3012.7303;1814.8638
3076620.0;3015.9535;1823.5347;3017.4862;1815.7199;3014.0714;1812.5756;3009.0869;1813.0356;2999.3813;1857.1548;2989.1803;1854.1527;3009.707;1813.3124;3012.7114;1810.9193;3016.333;1805.4683;3010.9192;1813.3905
3076640.0;3014.0175;1822.9871;3015.6272;1814.6645;3012.1738;1811.434;3007.2493;1812.3473;2999.3412;1857.1375;2989.1628;1854.3622;3007.8587;1812.71;3010.6083;1809.8341;3014.4228;1805.0302;3008.9465;1812.2576
3076660.0;3012.005;1822.7666;3013.6866;1813.8952;3010.1567;1810.6795;3005.3772;1811.9606;2999.2928;1857.0915;2989.1791;1854.5983;3005.9399;1812.4709;3008.4138;1809.112;3012.3944;1804.9117;3006.8408;1811.5087
3076680.0;3009.9737;1822.8486;3011.7053;1813.4179;3008.0752;1810.3305;3003.4923;1811.8845;2999.2346;1857.0168;2989.2365;1854.8406;3004.0048;1812.5774;3006.1712;1808.7861;3010.3423;1805.0265;3004.6544;1811.1604
3076700.0;3007.9797;1823.192;3009.7209;1813.2358;3005.9963;1810.3763;3001.6189;1812.115;2999.166;1856.9156;2989.3144;1855.0636;3002.1064;1812.9946;3003.926;1808.8627;3008.3424;1805.3031;3002.4575;1811.2059
3076720.0;3006.0768;1823.7497;3007.7708;1813.3413;3003.9849;1810.7794;2999.7853;1812.6349;2999.0857;1856.7929;2989.3738;1855.2518;3000.2922;1813.6789;3001.7233;1809.3167;3006.4323;1805.7193;3000.3224;1811.6213
3076740.0;3004.3122;1824.4812;3005.8867;1813.7183;3002.0894;1811.4856;2998.0211;1813.4138;2998.9926;1856.6564;2989.3863;1855.4072;2998.603;1814.5857;2999.6054;1810.1024;3004.6224;1806.2974;2998.3073;1812.3693
3076760.0;3002.7181;1825.3526;3004.0917;1814.3486;3000.3373;1812.4405;2996.3542;1814.413;2998.8879;1856.5131;2989.3518;1855.5431;2997.0772;1815.6764;2997.6132;1811.1657;3002.919;1807.0656;2996.4491;1813.4016
3076780.0;3001.3083;1826.3322;3002.4022;1815.2126;2998.7413;1813.6044;2994.8079;1815.5921;2998.7764;1856.3659;2989.2898;1855.6732;2995.7513;1816.9228;2995.7871;1812.454;3001.343;1808.0209;2994.7661;1814.6661
3076800.0;3000.0767;1827.3938;3000.8334;1816.2872;2997.3073;1814.9554;2993.4022;1816.9182;2998.6629;1856.2106;2989.2205;1855.8069;2994.6584;1818.2999;2994.1666;1813.9215;2999.9299;1809.1239;2993.2676;1816.1171
3076820.0;2999.0072;1828.5199;2999.4016;1817.5442;2996.0365;1816.4752;2992.1553;1818.3674;2998.5493;1856.0397;2989.1552;1855.9493;2993.8214;1819.7821;2992.7833;1815.5295;2998.7157;1810.3379;2991.9607;1817.7191
3076840.0;2998.0826;1829.6948;2998.1209;1818.9498;2994.9282;1818.1345;2991.0835;1819.922;2998.4339;1855.8474;2989.0984;1856.1017;2993.245;1821.3385;2991.6553;1817.245;2997.7272;1811.6544;2990.8528;1819.4392
3076860.0;2997.2864;1830.8975;2997.0009;1820.4661;2993.9811;1819.889;2990.1976;1821.5637;2998.3144;1855.6369;2989.0536;1856.2624;2992.9135;1822.9353;2990.7845;1819.0341;2996.9798;1813.083;2989.9488;1821.2393
3076880.0;2996.6032;1832.0977;2996.0477;1822.0547;2993.1936;1821.6892;2989.5011;1823.2727;2998.1946;1855.424;2989.0234;1856.4287;2992.7963;1824.5406;2990.1579;1820.8609;2996.4807;1814.6179;2989.25;1823.0773
3076900.0;2996.0144;1833.2645;2995.2658;1823.6808;2992.5645;1823.4921;2988.9911;1825.0273;2998.0845;1855.2348;2989.0093;1856.5974;2992.858;1826.132;2989.7532;1822.693;2996.2332;1816.2238;2988.755;1824.9165
3076920.0;2995.4985;1834.3773;2994.6592;1825.3178;2992.0947;1825.2707;2988.6624;1826.804;2997.9951;1855.0942;2989.0127;1856.7613;2993.065;1827.7032;2989.5462;1824.5059;2996.2398;1817.8472;2988.4626;1826.7312
3076940.0;2995.0345;1835.4304;2994.229;1826.9468;2991.7905;1827.0169;2988.5107;1828.577;2997.9317;1855.0122;2989.0356;1856.9096;2993.3867;1829.264;2989.5196;1826.2863;2996.5001;1819.437;2988.372;1828.5055
3076960.0;2994.6033;1836.4331;2993.9741;1828.5579;2991.6613;1828.7345;2988.5333;1830.321;2997.8929;1854.9779;2989.0793;1857.0376;2993.7966;1830.8293;2989.6645;1828.0286;2997.0047;1820.9559;2988.4809;1830.2294
3076980.0;2994.1901;1837.4027;2993.8928;1830.1496;2991.7126;1830.4265;2988.7272;1832.0163;2997.8724;1854.9666;2989.1391;1857.1571;2994.2714;1832.4057;2989.9748;1829.7325;2997.7252;1822.386;2988.7811;1831.8976
3077000.0;2993.785;1838.355;2993.9836;1831.726;2991.9403;1832.0882;2989.0879;1833.6542;2997.8611;1854.9522;2989.2026;1857.2898;2994.7915;1833.9867;2990.4383;1831.3996;2998.613;1823.7294;2989.2598;1833.5081
3077020.0;2993.3832;1839.3002;2994.2445;1833.2904;2992.3301;1833.7129;2989.6067;1835.2379;2997.8475;1854.9146;2989.2533;1857.4506;2995.3416;1835.5581;2991.0326;1833.0316;2999.6111;1825.0065;2989.9007;1835.0624
3077040.0;2992.9822;1840.2433;2994.6724;1834.8428;2992.8586;1835.3005;2990.2677;1836.7789;2997.8218;1854.8413;2989.2792;1857.6355;2995.9139;1837.1084;2991.7303;1834.6314;3000.6729;1826.2512;2990.6847;1836.5639
3077060.0;2992.5814;1841.1857;2995.2613;1836.3805;2993.4955;1836.8564;2991.0478;1838.2916;2997.7792;1854.73;2989.2785;1857.8301;2996.5067;1838.635;2992.5065;1836.2063;3001.7775;1827.51;2991.5942;1838.0165
3077080.0;2992.1807;1842.1282;2995.9995;1837.9033;2994.2088;1838.3881;2991.9194;1839.7896;2997.7199;1854.5893;2989.2555;1858.0234;2997.1217;1840.1428;2993.3422;1837.7686;3002.9297;1828.8296;2992.6161;1839.4241
3077100.0;2991.7799;1843.0707;2996.8683;1839.4174;2994.975;1839.9022;2992.8531;1841.2853;2997.647;1854.4369;2989.2116;1858.2104;2997.7584;1841.6421;2994.2213;1839.3321;3004.1412;1830.2413;2993.7361;1840.7935
3077120.0;2991.3792;1844.0131;2997.8429;1840.9353;2995.7879;1841.4067;2993.8188;1842.7908;2997.5658;1854.2919;2989.1432;1858.388;2998.4137;1843.1451;2995.1245;1840.9077;3005.4112;1831.7505;2994.9278;1842.1391
3077140.0;2990.9784;1844.9556;2998.8956;1842.4732;2996.6538;1842.9111;2994.7856;1844.3186;2997.4852;1854.1709;2989.05;1858.5518;2999.0844;1844.6629;2996.0296;1842.5023;3006.7212;1833.3418;2996.1484;1843.4803
3077160.0;2990.5777;1845.8981;2999.9986;1844.0458;2997.5751;1844.4239;2995.7244;1845.8796;2997.4171;1854.0856;2988.9451;1858.695;2999.7692;1846.2032;2996.9137;1844.1211;3008.0432;1834.9932;2997.3541;1844.8326
3077180.0;2990.1769;1846.8405;3001.1251;1845.6612;2998.5358;1845.9533;2996.6103;1847.4807;2997.3709;1854.041;2988.8523;1858.8093;3000.4653;1847.7703;2997.7588;1845.7709;3009.3484;1836.6797;2998.5223;1846.2011
3077200.0;2989.7762;1847.783;3002.2527;1847.3179;2999.5047;1847.5064;2997.4235;1849.1237;2997.3478;1854.0319;2988.7899;1858.8862;3001.1643;1849.3672;2998.5545;1847.4593;3010.6127;1838.3723;2999.6518;1847.5878
3077220.0;2989.3754;1848.7255;3003.3619;1849.0065;3000.4526;1849.0876;2998.1491;1850.8057;2997.3387;1854.0422;2988.7594;1858.9245;3001.8461;1851.0027;2999.2939;1849.1917;3011.8231;1840.041;3000.7434;1849.0008
3077240.0;2988.9747;1849.668;3004.4334;1850.7179;3001.3595;1850.6995;2998.7756;1852.5209;2997.3307;1854.052;2988.75;1858.9368;3002.4766;1852.6937;2999.9632;1850.9676;3012.9806;1841.6672;3001.7747;1850.4616
3077260.0;2988.5739;1850.6104;3005.4386;1852.4532;3002.2074;1852.3466;2999.2955;1854.2635;2997.3152;1854.0479;2988.7498;1858.9446;3003.0135;1854.4588;3000.5309;1852.7794;3014.097;1843.2509;3002.6913;1852.0034
3077280.0;2988.1732;1851.5529;3006.3333;1854.2254;3002.9539;1854.0386;2999.7005;1856.0285;2997.2917;1854.0264;2988.7539;1858.9637;3003.4195;1856.3028;3000.9517;1854.6149;3015.1841;1844.8077;3003.4199;1853.664
3077300.0;2987.7724;1852.4954;3007.0561;1856.0517;3003.5179;1855.7872;2999.9784;1857.8103;2997.264;1853.9921;2988.7635;1858.9969;3003.674;1858.2042;3001.1832;1856.4616;3016.2454;1846.3572;3003.9021;1855.4665
3077320.0;2987.3716;1853.4378;3007.5391;1857.9407;3003.7961;1857.5996;3000.1105;1859.6;2997.2384;1853.9536;2988.7828;1859.0389;3003.7727;1860.1211;3001.2029;1858.3088;3017.2769;1847.9129;3004.1241;1857.3981
3077340.0;2986.9709;1854.3803;3007.7286;1859.8819;3003.7147;1859.4699;3000.0749;1861.3842;2997.2197;1853.9203;2988.8165;1859.0901;3003.7148;1862.0143;3001.0091;1860.1466;3018.269;1849.4827;3004.1188;1859.4089
3077360.0;2986.5701;1855.3228;3007.6056;1861.8434;3003.2776;1861.373;2999.8519;1863.1477;2997.2093;1853.8975;2988.8671;1859.1591;3003.4934;1863.8625;3000.611;1861.9619;3019.209;1851.0751;3003.933;1861.4371
3077380.0;2986.1694;1856.2652;3007.1933;1863.7808;3002.5629;1863.2682;2999.4308;1864.8774;2997.203;1853.8855;2988.9314;1859.2546;3003.0955;1865.6589;3000.0207;1863.7365;3020.0604;1852.7124;3003.592;1863.4364
3077400.0;2985.7686;1857.2077;3006.5463;1865.6556;3001.6683;1865.1147;2998.8125;1866.5643;2997.1933;1853.8809;2988.9991;1859.3735;3002.5088;1867.3944;2999.2513;1865.4505;3020.7523;1854.4317;3003.0934;1865.3821
3077420.0;2985.3679;1858.1502;3005.7243;1867.4501;3000.6573;1866.8855;2998.0111;1868.2018;2997.1753;1853.8805;2989.0562;1859.5029;3001.7248;1869.0484;2998.3205;1867.093;3021.1347;1856.2939;3002.4232;1867.2597
3077440.0;2984.9671;1859.0926;3004.7716;1869.1667;2999.5496;1868.5703;2997.0517;1869.7844;2997.1471;1853.8834;2989.0925;1859.631;3000.7429;1870.5927;2997.2533;1868.6707;3020.9495;1858.3717;3001.5733;1869.0568
3077460.0;2984.5664;1860.0351;3003.7083;1870.8124;2998.3399;1870.1661;2995.9659;1871.3085;2997.1066;1853.8909;2989.1066;1859.7565;2999.5708;1872.0037;2996.0793;1870.2045;3019.8797;1860.7056;3000.5469;1870.7632
3077480.0;2984.1656;1860.9776;3002.5363;1872.3841;2997.0189;1871.6676;2994.7836;1872.7752;2997.0496;1853.9029;2989.1031;1859.8871;2998.2244;1873.2667;2994.827;1871.7124;3017.7172;1863.2363;2999.3534;1872.3736
3077500.0;2983.7649;1861.9201;3001.247;1873.8643;2995.585;1873.0645;2993.5266;1874.1895;2996.9746;1853.9181;2989.0874;1860.0303;2996.7227;1874.3745;2993.513;1873.1923;3014.5523;1865.77;2998.0051;1873.8792
3077520.0;2983.3641;1862.8625;2999.8308;1875.226;2994.0406;1874.3454;2992.2042;1875.5556;2996.8902;1853.9349;2989.0633;1860.1881;2995.084;1875.32;2992.1354;1874.6191;3010.7833;1868.0431;2996.5142;1875.2654
3077540.0;2982.9597;1863.8031;2998.2799;1876.4405;2992.391;1875.5026;2990.8163;1876.8748;2996.8137;1853.9544;2989.0343;1860.3555;2993.3271;1876.0982;2990.6764;1875.9557;3006.9029;1869.851;2994.8883;1876.5097
3077560.0;2982.5406;1864.7362;2996.5909;1877.482;2990.64;1876.5364;2989.3585;1878.1451;2996.7624;1853.9814;2989.0038;1860.5244;2991.4744;1876.717;2989.1128;1877.1698;3003.2529;1871.1338;2993.1293;1877.5837
3077580.0;2982.0757;1865.6453;2994.7656;1878.3324;2988.7912;1877.4553;2987.8269;1879.3626;2996.7415;1854.0188;2988.9734;1860.6876;2989.5518;1877.2031;2987.4292;1878.2441;2999.9461;1871.9626;2991.2331;1878.4583
3077600.0;2981.5001;1866.4962;2992.8134;1878.983;2986.8511;1878.2726;2986.2189;1880.5182;2996.7427;1854.065;2988.9429;1860.8422;2987.5843;1877.5975;2985.6271;1879.1767;2996.944;1872.4672;2989.1983;1879.1144
3077620.0;2980.7149;1867.2354;2990.7537;1879.4339;2984.8297;1879.0011;2984.5331;1881.5979;2996.7521;1854.1151;2988.9137;1860.9943;2985.5912;1877.9396;2983.7227;1879.9754;2994.1613;1872.772;2987.0352;1879.5602
3077640.0;2979.6182;1867.8059;2988.614;1879.6895;2982.7375;1879.6472;2982.7688;1882.586;2996.7602;1854.1644;2988.8882;1861.1536;2983.5832;1878.2562;2981.7372;1880.6486;2991.5286;1872.9664;2984.771;1879.8365
3077660.0;2978.1565;1868.1771;2986.4218;1879.7555;2980.584;1880.209;2980.9261;1883.4703;2996.7645;1854.2114;2988.8672;1861.3271;2981.5636;1878.5597;2979.6873;1881.2011;2988.9935;1873.1051;2982.4413;1880.0022
3077680.0;2976.3555;1868.365;2984.1998;1879.6363;2978.3774;1880.6777;2979.0056;1884.2424;2996.7662;1854.259;2988.8484;1861.5112;2979.5304;1878.8515;2977.5803;1881.6335;2986.5224;1873.2014;2980.0777;1880.1104
3077700.0;2974.3006;1868.424;2981.9634;1879.3383;2976.1241;1881.0435;2977.0084;1884.8962;2996.7668;1854.3114;2988.8275;1861.6915;2977.4781;1879.1229;2975.418;1881.9426;2984.0819;1873.2335;2977.7004;1880.195
3077720.0;2972.0882;1868.4186;2979.721;1878.8763;2973.8299;1881.3016;2974.9377;1885.4277;2996.7675;1854.3701;2988.8;1861.8507;2975.398;1879.3538;2973.2034;1882.1228;2981.6339;1873.1618;2975.3186;1880.2721
3077740.0;2969.7906;1868.3989;2977.4742;1878.2777;2971.5015;1881.4519;2972.8015;1885.8396;2996.7698;1854.4318;2988.7624;1861.9765;2973.2776;1879.5157;2970.944;1882.171;2979.1454;1872.9585;2972.9357;1880.3473
3077760.0;2967.449;1868.3949;2975.2181;1877.5829;2969.1474;1881.4972;2970.6119;1886.1446;2996.7755;1854.4894;2988.7131;1862.0662;2971.1041;1879.5807;2968.65;1882.0917;2976.6013;1872.636;2970.5529;1880.4225
3077780.0;2965.0835;1868.4142;2972.9442;1876.8379;2966.7769;1881.4415;2968.3828;1886.3636;2996.7875;1854.5358;2988.6546;1862.1211;2968.8716;1879.5331;2966.3306;1881.8966;2974.0074;1872.2489;2968.17;1880.4977
3077800.0;2962.7037;1868.4394;2970.6438;1876.0839;2964.3984;1881.2911;2966.1255;1886.5175;2996.8075;1854.566;2988.5922;1862.1388;2966.5859;1879.3728;2963.9946;1881.5978;2971.3809;1871.8683;2965.7871;1880.5729
3077820.0;2960.3158;1868.4282;2968.3089;1875.353;2962.0175;1881.0525;2963.8475;1886.6186;2996.8356;1854.5759;2988.5301;1862.1092;2964.2648;1879.11;2961.655;1881.1971;2968.7391;1871.5462;2963.4042;1880.6481
3077840.0;2957.9302;1868.326;2965.9334;1874.664;2959.6392;1880.7268;2961.5534;1886.6621;2996.8704;1854.5587;2988.4697;1862.0244;2961.9322;1878.7554;2959.3314;1880.6835;2966.0917;1871.2873;2961.0202;1880.7133
3077860.0;2955.5614;1868.0831;2963.5178;1874.0154;2957.2702;1880.3037;2959.2482;1886.6252;2996.9113;1854.5011;2988.4134;1861.8915;2959.6111;1878.3108;2957.047;1880.0382;2963.4404;1871.0512;2958.6334;1880.7431
3077880.0;2953.2237;1867.6621;2961.0747;1873.3809;2954.9212;1879.7614;2956.9392;1886.4706;2996.9571;1854.3858;2988.3667;1861.7364;2957.319;1877.7656;2954.8218;1879.2407;2960.784;1870.7849;2956.2396;1880.6681
3077900.0;2950.9291;1867.0325;2958.6275;1872.7131;2952.6073;1879.0696;2954.6362;1886.1597;2997.0036;1854.2017;2988.3341;1861.5909;2955.0676;1877.0987;2952.6671;1878.2712;2958.124;1870.4561;2953.8346;1880.3538
3077920.0;2948.688;1866.163;2956.2029;1871.9565;2950.3471;1878.1948;2952.3529;1885.6626;2997.0434;1853.9581;2988.3111;1861.4784;2952.8679;1876.28;2950.5859;1877.1129;2955.469;1870.0611;2951.4223;1879.6227
3077940.0;2946.5141;1865.0247;2953.8254;1871.0613;2948.1612;1877.1093;2950.1064;1884.96;2997.0742;1853.6907;2988.285;1861.4095;2950.7335;1875.2756;2948.579;1875.7566;2952.8357;1869.6028;2949.027;1878.3429
3077960.0;2944.4252;1863.6061;2951.5182;1869.9922;2946.0709;1875.7975;2947.9169;1884.0355;2997.1043;1853.4504;2988.2448;1861.3818;2948.6832;1874.0538;2946.6521;1874.2028;2950.2475;1869.0672;2946.6981;1876.5281
3077980.0;2942.441;1861.925;2949.3052;1868.7311;2944.0999;1874.2569;2945.8055;1882.87;2997.1475;1853.278;2988.1891;1861.3784;2946.7418;1872.5915;2944.8191;1872.4616;2947.7282;1868.4193;2944.4956;1874.3415
3078000.0;2940.5796;1860.0226;2947.2074;1867.2762;2942.2736;1872.4956;2943.7949;1881.4448;2997.2101;1853.186;2988.1237;1861.3723;2944.9379;1870.8792;2943.0977;1870.5484;2945.2996;1867.6129;2942.4673;1871.9842
3078020.0;2938.857;1857.9463;2945.2409;1865.6344;2940.6176;1870.5267;2941.9079;1879.7517;2997.2862;1853.1595;2988.0536;1861.3394;2943.301;1868.9222;2941.5029;1868.4813;2942.9822;1866.6035;2940.6348;1869.5818
3078040.0;2937.2851;1855.7359;2943.4191;1863.8137;2939.1515;1868.3682;2940.1658;1877.7967;2997.3649;1853.1746;2987.9792;1861.2741;2941.8541;1866.7395;2940.0449;1866.2778;2940.7991;1865.3561;2938.999;1867.1621
3078060.0;2935.8689;1853.4199;2941.7578;1861.8211;2937.8842;1866.0411;2938.5849;1875.6;2997.4408;1853.2121;2987.8992;1861.1858;2940.6065;1864.3622;2938.7306;1863.9542;2938.776;1863.8496;2937.552;1864.7058
3078080.0;2934.6004;1851.0243;2940.2752;1859.6666;2936.8146;1863.568;2937.1742;1873.1904;2997.5168;1853.2611;2987.8132;1861.0832;2939.552;1861.829;2937.5651;1861.5249;2936.9386;1862.0825;2936.2869;1862.192
3078100.0;2933.4614;1848.5763;2938.9869;1857.3665;2935.9347;1860.9704;2935.9329;1870.6031;2997.5984;1853.318;2987.722;1860.9671;2938.6755;1859.1795;2936.5482;1859.001;2935.3082;1860.0731;2935.2023;1859.6126
3078120.0;2932.4386;1846.0949;2937.9012;1854.9399;2935.2334;1858.2695;2934.8514;1867.875;2997.6899;1853.3865;2987.6304;1860.8383;2937.9616;1856.45;2935.6744;1856.388;2933.894;1857.8609;2934.2993;1856.9608
3078140.0;2931.542;1843.5802;2937.0169;1852.4042;2934.6973;1855.4857;2933.915;1865.0408;2997.7925;1853.4761;2987.5434;1860.7045;2937.4015;1853.6678;2934.9369;1853.6861;2932.6837;1855.5073;2933.5817;1854.2354
3078160.0;2930.8075;1841.0137;2936.3246;1849.7718;2934.3123;1852.6404;2933.111;1862.1285;2997.9049;1853.5971;2987.4666;1860.5767;2936.993;1850.8488;2934.3357;1850.8991;2931.6356;1853.0971;2933.0526;1851.4413
3078180.0;2930.2761;1838.3795;2935.8124;1847.0533;2934.0663;1849.7548;2932.4327;1859.1595;2998.0246;1853.7541;2987.4048;1860.4589;2936.736;1847.9994;2933.8786;1848.0396;2930.6785;1850.7325;2932.7108;1848.59
3078200.0;2929.9689;1835.6857;2935.4729;1844.2627;2933.9534;1846.8477;2931.8833;1856.1489;2998.1492;1853.9439;2987.3632;1860.3484;2936.6302;1845.1243;2933.5791;1845.1286;2929.7242;1848.5127;2932.5489;1845.6977
3078220.0;2929.8785;1832.9651;2935.3128;1841.4225;2933.9765;1843.9319;2931.4741;1853.1073;2998.2786;1854.1566;2987.3437;1860.2424;2936.6759;1842.2334;2933.4528;1842.1907;2928.6934;1846.5065;2932.5549;1842.7794
3078240.0;2929.9834;1830.2594;2935.3516;1838.5645;2934.1494;1841.0123;2931.2253;1850.0419;2998.4161;1854.3815;2987.3406;1860.1409;2936.8765;1839.3417;2933.5174;1839.2472;2927.5535;1844.7262;2932.7215;1839.8501
3078260.0;2930.2673;1827.6037;2935.6159;1835.7247;2934.4938;1838.0894;2931.1604;1846.96;2998.567;1854.6106;2987.3397;1860.0457;2937.2409;1836.4654;2933.7927;1836.3148;2926.3387;1843.133;2933.0557;1836.9277
3078280.0;2930.7336;1825.0192;2936.1289;1832.9364;2935.0348;1835.1688;2931.3031;1843.8734;2998.7348;1854.8405;2987.3256;1859.9613;2937.782;1833.619;2934.2974;1833.4058;2925.1592;1841.6562;2933.5784;1834.035
3078300.0;2931.4054;1822.5158;2936.9064;1830.2265;2935.7952;1832.2653;2931.6722;1840.8018;2998.917;1855.0691;2987.2872;1859.8944;2938.5135;1830.8167;2935.0447;1830.5302;2924.1867;1840.1931;2934.3138;1831.194
3078320.0;2932.3172;1820.0989;2937.9561;1827.6171;2936.789;1829.4018;2932.2835;1837.7723;2999.1032;1855.2925;2987.2227;1859.8569;2939.4496;1828.0742;2936.0404;1827.7015;2923.6143;1838.589;2935.279;1828.4214
3078340.0;2933.5077;1817.7778;2939.2748;1825.127;2938.018;1826.6018;2933.1515;1834.8159;2999.2804;1855.5064;2987.1401;1859.8658;2940.6023;1825.4084;2937.285;1824.9397;2923.5799;1836.6492;2936.4783;1825.7292
3078360.0;2935.0101;1815.5701;2940.8452;1822.7695;2939.4733;1823.8849;2934.2895;1831.965;2999.4412;1855.7092;2987.0543;1859.9413;2941.9761;1822.8367;2938.7761;1822.2701;2924.0941;1834.2345;2937.9042;1823.1293
3078380.0;2936.8372;1813.495;2942.6359;1820.5465;2941.1415;1821.2683;2935.7052;1829.2514;2999.5895;1855.9029;2986.9767;1860.0935;2943.5625;1820.3738;2940.5036;1819.7162;2925.0402;1831.369;2939.5411;1820.6326
3078400.0;2938.9579;1811.5636;2944.6084;1818.4498;2943.0107;1818.7713;2937.3956;1826.7053;2999.7384;1856.0914;2986.9083;1860.303;2945.3412;1818.0311;2942.446;1817.2939;2926.2569;1828.245;2941.369;1818.248
3078420.0;2941.2882;1809.7705;2946.7281;1816.4697;2945.0707;1816.4173;2939.3438;1824.3523;2999.9014;1856.2775;2986.8402;1860.5175;2947.2876;1815.8209;2944.5723;1815.0115;2927.6286;1825.1057;2943.3694;1815.9824
3078440.0;2943.7195;1808.0995;2948.9706;1814.6054;2947.3085;1814.2327;2941.5217;1822.2129;3000.0837;1856.4624;2986.7647;1860.6764;2949.3809;1813.7588;2946.8522;1812.8763;2929.1099;1822.1281;2945.5297;1813.8439
3078460.0;2946.1654;1806.5379;2951.3216;1812.869;2949.7062;1812.2427;2943.894;1820.3018;3000.2796;1856.6466;2986.6813;1860.7451;2951.6043;1811.8648;2949.2637;1810.8998;2930.7055;1819.3933;2947.8424;1811.8447
3078480.0;2948.5908;1805.088;2953.7707;1811.2819;2952.2406;1810.4668;2946.4257;1818.6287;3000.4761;1856.8305;2986.5943;1860.7263;2953.942;1810.1593;2951.7912;1809.0948;2932.4521;1816.9277;2950.3001;1809.999
3078500.0;2951.0044;1803.7656;2956.3074;1809.8677;2954.8847;1808.9168;2949.0832;1817.1968;3000.6608;1857.015;2986.5046;1860.6422;2956.378;1808.6639;2954.4197;1807.4693;2934.3992;1814.752;2952.8877;1808.3236
3078520.0;2953.4282;1802.5869;2958.9158;1808.6461;2957.6101;1807.5983;2951.8343;1816.0035;3000.83;1857.1999;2986.4069;1860.5122;2958.8943;1807.403;2957.1295;1806.0258;2936.6013;1812.9058;2955.5775;1806.84
3078540.0;2955.8757;1801.5644;2961.5745;1807.6304;2960.3884;1806.5168;2954.645;1815.04;3000.9915;1857.3826;2986.2942;1860.3476;2961.4714;1806.4016;2959.8974;1804.7692;2939.0792;1811.4509;2958.3303;1805.5777
3078560.0;2958.3532;1800.7151;2964.2567;1806.8308;2963.1919;1805.6822;2957.4828;1814.2956;3001.1598;1857.5575;2986.1644;1860.1608;2964.0869;1805.6736;2962.6991;1803.711;2941.8251;1810.4581;2961.103;1804.5727
3078580.0;2960.8639;1800.0652;2966.935;1806.2556;2965.9931;1805.1068;2960.3188;1813.7582;3001.3455;1857.716;2986.0229;1859.9695;2966.7134;1805.2138;2965.5109;1802.8669;2944.8324;1809.9695;2963.8548;1803.8585
3078600.0;2963.4042;1799.6327;2969.5847;1805.9116;2968.7621;1804.7977;2963.1307;1813.4153;3001.5475;1857.8474;2985.8791;1859.7912;2969.3206;1805.0006;2968.31;1802.2474;2948.1147;1809.9637;2966.5499;1803.4582
3078620.0;2965.9572;1799.4082;2972.1844;1805.8032;2971.4696;1804.7453;2965.9024;1813.2518;3001.7541;1857.9421;2985.7398;1859.6339;2971.8783;1805.0099;2971.075;1801.8544;2951.6666;1810.3381;2969.1597;1803.3771
3078640.0;2968.4936;1799.3633;2974.7136;1805.9322;2974.093;1804.9193;2968.6228;1813.2529;3001.9525;1857.9965;2985.6069;1859.4973;2974.3601;1805.2244;2973.7867;1801.6849;2955.3946;1810.9257;2971.6625;1803.6017
3078660.0;2970.9829;1799.4835;2977.152;1806.2942;2976.621;1805.2782;2971.2847;1813.4051;3002.1364;1858.016;2985.4788;1859.3788;2976.7441;1805.6333;2976.4273;1801.7347;2959.1064;1811.5355;2974.0455;1804.0982
3078680.0;2973.4029;1799.7887;2979.4844;1806.8736;2979.0495;1805.7865;2973.8824;1813.6982;3002.3073;1858.0091;2985.3524;1859.2803;2979.0121;1806.2261;2978.9789;1801.9966;2962.5977;1812.0094;2976.3029;1804.82
3078700.0;2975.7384;1800.3061;2981.7058;1807.6406;2981.3758;1806.425;2976.4098;1814.1212;3002.4687;1857.9797;2985.2246;1859.2106;2981.1512;1806.9917;2981.4248;1802.4571;2965.7622;1812.2701;2978.4345;1805.7205
3078720.0;2977.979;1801.0296;2983.8224;1808.5597;2983.5953;1807.1849;2978.859;1814.6618;3002.6223;1857.9281;2985.0909;1859.1783;2983.1558;1807.9173;2983.7535;1803.0981;2968.6188;1812.3324;2980.4442;1806.7656
3078740.0;2980.1166;1801.9084;2985.8446;1809.5988;2985.7045;1808.0583;2981.2217;1815.3069;3002.7678;1857.8612;2984.9445;1859.18;2985.0302;1808.986;2985.9613;1803.905;2971.2579;1812.2683;2982.3405;1807.9331
3078760.0;2982.1435;1802.8801;2987.778;1810.7364;2987.707;1809.0348;2983.4914;1816.048;3002.9059;1857.797;2984.7769;1859.1973;2986.787;1810.1729;2988.0505;1804.8697;2973.7761;1812.1577;2984.1371;1809.2033
3078780.0;2984.0498;1803.916;2989.6191;1811.9611;2989.6132;1810.1055;2985.6635;1816.881;3003.0392;1857.7539;2984.5831;1859.2049;2988.4438;1811.4486;2990.0244;1805.9848;2976.2355;1812.0507;2985.8491;1810.5554
3078800.0;2985.8254;1805.0307;2991.3567;1813.2681;2991.4357;1811.266;2987.7329;1817.8035;3003.172;1857.737;2984.3668;1859.1884;2990.0192;1812.7887;2991.884;1807.237;2978.6677;1811.9692;2987.4869;1811.9713
3078820.0;2987.467;1806.2539;2992.9775;1814.6543;2993.184;1812.514;2989.6932;1818.8111;3003.3076;1857.7372;2984.1417;1859.154;2991.5288;1814.1807;2993.6286;1808.6087;2981.0793;1811.9202;2989.0542;1813.4412
3078840.0;2988.9815;1807.5969;2994.4701;1816.1157;2994.8608;1813.8459;2991.5386;1819.8986;3003.4461;1857.7421;2983.9234;1859.1188;2992.9831;1815.6223;2995.2581;1810.0851;2983.4678;1811.9097;2990.5541;1814.9614
3078860.0;2990.3812;1809.0493;2995.8275;1817.6483;2996.4623;1815.2573;2993.2675;1821.0619;3003.5836;1857.7441;2983.7243;1859.0999;2994.3864;1817.1148;2996.7754;1811.6591;2985.8293;1811.945;2991.9956;1816.5269
3078880.0;2991.6787;1810.5927;2997.0506;1819.2515;2997.9805;1816.745;2994.8811;1822.2989;3003.7138;1857.7407;2983.5527;1859.1091;2995.7407;1818.6557;2998.1873;1813.3275;2988.1588;1812.0349;2993.396;1818.1263
3078900.0;2992.8877;1812.2086;2998.1504;1820.926;2999.4067;1818.3079;2996.383;1823.6077;3003.8329;1857.7323;2983.4147;1859.1508;2997.0469;1820.239;2999.5045;1815.0855;2990.4471;1812.1907;2994.7747;1819.7448
3078920.0;2994.0229;1813.8795;2999.1469;1822.6685;3000.7352;1819.9437;2997.7771;1824.9865;3003.9412;1857.7228;2983.3109;1859.2153;2998.3075;1821.8559;3000.74;1816.9241;2992.6759;1812.4316;2996.1446;1821.3707
3078940.0;2995.0929;1815.5985;3000.0631;1824.4685;3001.9633;1821.6461;2999.0694;1826.4333;3004.0411;1857.7213;2983.2338;1859.2763;2999.5256;1823.4971;3001.9053;1818.8333;2994.7997;1812.796;2997.5035;1823.0022
3078960.0;2996.0953;1817.3764;3000.9181;1826.3131;3003.0893;1823.4038;3000.2673;1827.9463;3004.1329;1857.7356;2983.1721;1859.3052;3000.7047;1825.1562;3003.0066;1820.8048;2996.7229;1813.3539;2998.8322;1824.6455
3078980.0;2997.0239;1819.2288;3001.7251;1828.1912;3004.1105;1825.2054;3001.3781;1829.5219;3004.2162;1857.7659;2983.1238;1859.2898;3001.848;1826.8316;3004.0449;1822.8308;2998.3052;1814.2068;3000.088;1826.3127
3079000.0;2997.8806;1821.1554;3002.4912;1830.0955;3005.0245;1827.0417;3002.4065;1831.1552;3004.2913;1857.8051;2983.1034;1859.2404;3002.9581;1828.5264;3005.0186;1824.9018;2999.4024;1815.4704;3001.2083;1828.0199
3079020.0;2998.6812;1823.129;3003.2186;1832.0198;3005.8332;1828.9055;3003.3558;1832.841;3004.3597;1857.8484;2983.1358;1859.1777;3004.0358;1830.2456;3005.9274;1827.0056;2999.9359;1817.2322;3002.1311;1829.7818
3079040.0;2999.448;1825.1093;3003.9051;1833.959;3006.5461;1830.7902;3004.2293;1834.5746;3004.4207;1857.8999;2983.2419;1859.1253;3005.0757;1831.9932;3006.7729;1829.1305;2999.9431;1819.5019;3002.8328;1831.5997
3079060.0;3000.1981;1827.0634;3004.5456;1835.9106;3007.1788;1832.6891;3005.0325;1836.3508;3004.4713;1857.9693;2983.4318;1859.1054;3006.0618;1833.7704;3007.5573;1831.2693;2999.5854;1822.1773;3003.3544;1833.4526
3079080.0;3000.9329;1828.9814;3005.135;1837.876;3007.7499;1834.5963;3005.7707;1838.1626;3004.5085;1858.0612;2983.7086;1859.1348;3006.967;1835.5746;3008.281;1833.4203;2999.0995;1825.0659;3003.7802;1835.3074
3079100.0;3001.6339;1830.8794;3005.671;1839.858;3008.2811;1836.5062;3006.4467;1840.0023;3004.5333;1858.1774;2984.0789;1859.2145;3007.7611;1837.4001;3008.9384;1835.5837;2998.705;1827.9633;3004.1831;1837.1444
3079120.0;3002.2677;1832.7858;3006.152;1841.8567;3008.7975;1838.4136;3007.0539;1841.8634;3004.5513;1858.3238;2984.5531;1859.3209;3008.4236;1839.2376;3009.5137;1837.7552;2998.5177;1830.7387;3004.5841;1838.9705
3079140.0;3002.7923;1834.7228;3006.5727;1843.8651;3009.3239;1840.3154;3007.5737;1843.7401;3004.568;1858.5083;2985.1385;1859.4158;3008.9505;1841.0785;3009.9827;1839.9247;2998.5304;1833.3579;3004.9579;1840.8065
3079160.0;3003.167;1836.6957;3006.9147;1845.87;3009.8689;1842.2093;3007.9753;1845.6256;3004.5842;1858.7244;2985.8329;1859.4703;3009.3497;1842.919;3010.3222;1842.0806;2998.6581;1835.8454;3005.2617;1842.6647
3079180.0;3003.3584;1838.6971;3007.136;1847.8567;3010.4147;1844.0915;3008.2213;1847.5108;3004.5931;1858.9359;2986.6251;1859.492;3009.6292;1844.7621;3010.5218;1844.2155;2998.7972;1838.2405;3005.4562;1844.5395
3079200.0;3003.3417;1840.7129;3007.1729;1849.8129;3010.9057;1845.9505;3008.2756;1849.3851;3004.5837;1859.0901;2987.4926;1859.5047;3009.7889;1846.6165;3010.5852;1846.3279;2998.8588;1840.5759;3005.5095;1846.4149
3079220.0;3003.1004;1842.7275;3006.9627;1851.731;3011.2479;1847.7703;3008.1132;1851.2381;3004.5472;1859.1501;2988.4112;1859.504;3009.8183;1848.4909;3010.5194;1848.4186;2998.7772;1842.8751;3005.3912;1848.2759
3079240.0;3002.6253;1844.7235;3006.4763;1853.6065;3011.3307;1849.5419;3007.725;1853.0596;3004.4816;1859.114;2989.3421;1859.3777;3009.7001;1850.3895;3010.3243;1850.4888;2998.5098;1845.1461;3005.0761;1850.1098
3079260.0;3001.9172;1846.6807;3005.7342;1855.4362;3011.0773;1851.2753;3007.1184;1854.8411;3004.3908;1859.005;2990.2437;1858.8512;3009.4163;1852.3107;3009.9939;1852.5389;2998.0413;1847.3736;3004.5479;1851.9019
3079280.0;3000.991;1848.5768;3004.7875;1857.2165;3010.4923;1852.9984;3006.3109;1856.5769;3004.2818;1858.8513;2991.1019;1857.5403;3008.9542;1854.2453;3009.5231;1854.5689;2997.3748;1849.5256;3003.8045;1853.6367
3079300.0;2999.8756;1850.393;3003.6852;1858.9427;3009.6568;1854.7408;3005.3241;1858.2647;3004.1604;1858.6705;2991.9789;1855.1313;3008.31;1856.1751;3008.9127;1856.5777;2996.5265;1851.5685;3002.8569;1855.3037
3079320.0;2998.6104;1852.123;3002.4548;1860.6085;3008.6662;1856.5153;3004.1787;1859.9016;3004.0293;1858.4662;2993.0148;1851.5878;3007.4867;1858.0753;3008.1684;1858.5632;2995.5254;1853.4873;3001.7251;1856.9047
3079340.0;2997.2399;1853.7782;3001.1056;1862.207;3007.5723;1858.3105;3002.8953;1861.4814;3003.8887;1858.2366;2994.3523;1847.2003;3006.4909;1859.9205;3007.2949;1860.5197;2994.4146;1855.295;3000.4359;1858.4531
3079360.0;2995.8059;1855.3817;2999.6439;1863.7335;3006.3784;1860.1001;3001.4941;1862.9983;3003.7387;1857.981;2996.049;1842.4244;3005.332;1861.692;3006.2934;1862.4363;2993.2391;1857.0271;2999.0206;1859.9665
3079380.0;2994.3402;1856.9572;2998.0846;1865.1888;3005.0695;1861.8548;2999.9959;1864.4535;3003.5814;1857.7079;2998.0569;1837.6944;3004.0245;1863.3816;3005.1618;1864.2953;2992.0252;1858.7147;2997.5116;1861.4611
3079400.0;2992.8618;1858.5208;2996.4525;1866.5824;3003.6364;1863.5521;2998.4214;1865.8588;3003.4206;1857.4314;3000.2647;1833.3575;3002.5905;1864.9881;3003.8984;1866.0763;2990.7686;1860.3581;2995.9364;1862.9484
3079420.0;2991.3796;1860.0806;2994.7784;1867.9316;3002.0836;1865.1815;2996.7929;1867.2324;3003.2614;1857.1614;3002.5362;1829.6825;3001.0576;1866.5144;3002.5075;1867.761;2989.4519;1861.9249;2994.3186;1864.4363
3079440.0;2989.8963;1861.6393;2993.0929;1869.2577;3000.4252;1866.7442;2995.1361;1868.5924;3003.1102;1856.8976;3004.7359;1826.8441;2999.4536;1867.9677;3001.0011;1869.3377;2988.0666;1863.3768;2992.6834;1865.9325
3079460.0;2988.413;1863.1981;2991.423;1870.5828;2998.6886;1868.2533;2993.4804;1869.9534;3002.9734;1856.6274;3006.7703;1824.8823;2997.8048;1869.3612;2999.399;1870.8059;2986.6219;1864.7035;2991.0669;1867.4481
3079480.0;2986.9297;1864.7568;2989.7965;1871.9293;2996.9127;1869.7305;2991.8566;1871.3302;3002.8528;1856.331;3008.6176;1823.6858;2996.1393;1870.715;2997.7286;1872.183;2985.1394;1865.9369;2989.5199;1868.9997
3079500.0;2985.4464;1866.3155;2988.2454;1873.3193;2995.1438;1871.2034;2990.295;1872.7414;3002.7436;1855.996;3010.3192;1823.0701;2994.495;1872.0563;2996.027;1873.5048;2983.6489;1867.1372;2988.1034;1870.6065
3079520.0;2983.9631;1867.8742;2986.8053;1874.7728;2993.4307;1872.7004;2988.8251;1874.2058;3002.6373;1855.6326;3011.9104;1822.8892;2992.9188;1873.4155;2994.3423;1874.8193;2982.1833;1868.3647;2986.8761;1872.2843
3079540.0;2982.4806;1869.4336;2985.5128;1876.3039;2991.8209;1874.244;2987.4762;1875.7373;3002.528;1855.2744;3013.3872;1823.1299;2991.4604;1874.8235;2992.7283;1876.1715;2980.769;1869.6585;2985.878;1874.0364
3079560.0;2981.0014;1870.9955;2984.4004;1877.919;2990.3612;1875.8462;2986.2748;1877.3427;3002.4162;1854.959;3014.7224;1823.9322;2990.1634;1876.3077;2991.2364;1877.5922;2979.4157;1871.0297;2985.1229;1875.8483
3079580.0;2979.533;1872.5654;2983.4944;1879.6155;2989.0959;1877.5092;2985.2423;1879.0242;3002.3059;1854.7065;3015.909;1825.5072;2989.0612;1877.8847;2989.9095;1879.0947;2978.1243;1872.4703;2984.6037;1877.6896
3079600.0;2978.0998;1874.1561;2982.8126;1881.384;2988.0648;1879.229;2984.3927;1880.7812;3002.2009;1854.5145;3016.9644;1827.9897;2988.1774;1879.556;2988.782;1880.6792;2976.9067;1873.9673;2984.3069;1879.5259
3079620.0;2976.7517;1875.7888;2982.3643;1883.2103;2987.2991;1880.9973;2983.7337;1882.6074;3002.1017;1854.3685;3017.8901;1831.3349;2987.5283;1881.307;2987.8855;1882.3371;2975.8214;1875.516;2984.2254;1881.332
3079640.0;2975.5845;1877.4921;2982.1519;1885.0798;2986.8189;1882.8017;2983.2689;1884.4881;3002.0063;1854.2519;3018.6468;1835.3191;2987.1251;1883.1145;2987.2519;1884.056;2974.9955;1877.1264;2984.3599;1883.0978
3079660.0;2974.752;1879.2943;2982.1727;1886.9784;2986.6322;1884.626;2983.0012;1886.4039;3001.9137;1854.1517;3019.179;1839.6688;2986.9763;1884.9557;2986.9116;1885.8192;2974.6086;1878.8187;2984.7153;1884.8229
3079680.0;2974.4444;1881.2112;2982.4203;1888.8918;2986.7361;1886.452;2982.934;1888.3367;3001.8247;1854.0591;3019.4584;1844.19;2987.0876;1886.8125;2986.8835;1887.6054;2974.821;1880.6016;2985.2928;1886.5079
3079700.0;2974.808;1883.2248;2982.8866;1890.8039;2987.12;1888.26;2983.071;1890.2717;3001.7414;1853.9696;3019.4917;1848.7799;2987.4593;1888.6679;2987.1663;1889.3871;2975.6852;1882.4586;2986.0891;1888.1492
3079720.0;2975.8411;1885.271;2983.5647;1892.6962;2987.77;1890.03;2983.4163;1892.1948;3001.6626;1853.8834;3019.2831;1853.3448;2988.0843;1890.5026;2987.741;1891.1337;2977.1096;1884.3523;2987.0951;1889.7395
3079740.0;2977.3731;1887.2503;2984.4482;1894.5474;2988.6713;1891.7441;2983.9757;1894.0876;3001.5843;1853.8029;3018.8113;1857.7318;2988.9501;1892.2921;2988.5834;1892.8157;2978.9056;1886.242;2988.2954;1891.2685
3079760.0;2979.1648;1889.0655;2985.5278;1896.335;2989.8085;1893.3848;2984.7563;1895.926;3001.5026;1853.7292;3018.0537;1861.7699;2990.0403;1894.0056;2989.6728;1894.4087;2980.8715;1888.0906;2989.6678;1892.7225
3079780.0;2981.0389;1890.6599;2986.7881;1898.0382;2991.1653;1894.9341;2985.7636;1897.6819;3001.4168;1853.6594;3017.0178;1865.3447;2991.3371;1895.6108;2990.9931;1895.8942;2982.8607;1889.8562;2991.1862;1894.0895
3079800.0;2982.9251;1892.0264;2988.21;1899.6409;2992.7219;1896.373;2986.9951;1899.3262;3001.3288;1853.5892;3015.7393;1868.4041;2992.8227;1897.0802;2992.5277;1897.2602;2984.8154;1891.4903;2992.827;1895.3634
3079820.0;2984.817;1893.1918;2989.7761;1901.1323;2994.4546;1897.6856;2988.4379;1900.8349;3001.2411;1853.5187;3014.2604;1870.9167;2994.481;1898.3973;2994.2551;1898.501;2986.7691;1892.9503;2994.5728;1896.543
3079840.0;2986.7257;1894.1852;2991.4736;1902.501;2996.3368;1898.8624;2990.0705;1902.1966;3001.156;1853.4563;3012.6208;1872.8593;2996.2964;1899.5538;2996.148;1899.613;2988.8117;1894.2109;2996.4125;1897.6229
3079860.0;2988.674;1895.0098;2993.2926;1903.7316;2998.341;1899.8963;2991.8702;1903.4151;3001.0777;1853.4158;3010.8643;1874.2463;2998.2522;1900.5419;2998.1744;1900.5869;2991.028;1895.266;2998.3388;1898.5848
3079880.0;2990.7049;1895.6379;2995.2226;1904.8059;3000.4409;1900.7782;2993.8161;1904.5035;3001.0121;1853.4086;3009.0364;1875.1559;3000.3302;1901.3484;3000.303;1901.4018;2993.4335;1896.1276;3000.3435;1899.3978
3079900.0;2992.8522;1896.0371;2997.2549;1905.7057;3002.6127;1901.4939;2995.8898;1905.4671;3000.9636;1853.4387;3007.1741;1875.7149;3002.5104;1901.9516;3002.5068;1902.029;2995.9643;1896.8192;3002.416;1900.0289
3079920.0;2995.1094;1896.1997;2999.382;1906.4138;3004.8347;1902.0269;2998.0732;1906.2919;3000.9325;1853.5016;3005.2985;1876.0437;3004.7703;1902.3248;3004.7625;1902.4398;2998.5233;1897.3595;3004.5424;1900.4544
3079940.0;2997.4294;1896.1463;3001.5946;1906.9125;3007.0884;1902.36;3000.3484;1906.9455;3000.9138;1853.5876;3003.4202;1876.2072;3007.0832;1902.4478;3007.0493;1902.6119;3001.0451;1897.7428;3006.7073;1900.6651
3079960.0;2999.7585;1895.898;3003.877;1907.1858;3009.3572;1902.4775;3002.6962;1907.3903;3000.8995;1853.6882;3001.5459;1876.1987;3009.4201;1902.3176;3009.3464;1902.5342;3003.5192;1897.9354;3008.8968;1900.6605
3079980.0;3002.0669;1895.453;3006.2074;1907.2235;3011.6234;1902.3648;3005.0942;1907.5948;3000.8809;1853.7974;2999.6849;1875.9661;3011.7535;1901.9505;3011.6358;1902.2064;3005.9592;1897.8994;3011.0917;1900.4419
3080000.0;3004.3393;1894.8014;3008.561;1907.0237;3013.8668;1902.0096;3007.5149;1907.5386;3000.85;1853.9098;2997.8523;1875.4617;3014.0598;1901.3646;3013.9028;1901.637;3008.3628;1897.6163;3013.2597;1900.0065
3080020.0;3006.5543;1893.9577;3010.9154;1906.5881;3016.0673;1901.4047;3009.9273;1907.2095;3000.8029;1854.0163;2996.0679;1874.6701;3016.3185;1900.5633;3016.1348;1900.8391;3010.701;1897.0918;3015.3341;1899.3464
3080040.0;3008.6805;1892.9729;3013.2502;1905.9145;3018.2083;1900.5529;3012.3008;1906.6;3000.7421;1854.1049;2994.3495;1873.6057;3018.5101;1899.5356;3018.3199;1899.8313;3012.9352;1896.3444;3017.1948;1898.4513
3080060.0;3010.6931;1891.9247;3015.5466;1904.9976;3020.2795;1899.4665;3014.6074;1905.705;3000.6763;1854.1667;2992.712;1872.2935;3020.6163;1898.276;3020.448;1898.6396;3015.0332;1895.397;3018.6766;1897.32
3080080.0;3012.5905;1890.8936;3017.7865;1903.8373;3022.2737;1898.1634;3016.8223;1904.5243;3000.6172;1854.2001;2991.1709;1870.7589;3022.6218;1896.799;3022.5117;1897.2957;3016.9791;1894.2692;3019.6269;1895.9727
3080100.0;3014.3929;1889.9464;3019.9524;1902.4482;3024.1815;1896.6625;3018.9237;1903.0678;3000.5727;1854.2087;2989.7482;1869.0249;3024.5156;1895.1373;3024.5028;1895.8231;3018.7741;1892.9717;3019.989;1894.4561
3080120.0;3016.1291;1889.1281;3022.0271;1900.8563;3025.9869;1894.9852;3020.8949;1901.3602;3000.5427;1854.1968;2988.4695;1867.1157;3026.2901;1893.3241;3026.4064;1894.2262;3020.4319;1891.5055;3019.8397;1892.8295
3080140.0;3017.824;1888.4554;3023.9923;1899.0886;3027.67;1893.1612;3022.7255;1899.4379;3000.5189;1854.1674;2987.3554;1865.0561;3027.9372;1891.3806;3028.2011;1892.494;3021.9624;1889.8675;3019.3424;1891.1454
3080160.0;3019.4939;1887.9127;3025.8282;1897.1633;3029.2145;1891.2291;3024.4115;1897.342;3000.4911;1854.1259;2986.4132;1862.8699;3029.4459;1889.3165;3029.8617;1890.6155;3023.3572;1888.0625;3018.6601;1889.4372
3080180.0;3021.1452;1887.465;3027.515;1895.092;3030.6103;1889.2231;3025.9528;1895.1076;3000.4531;1854.0852;2985.6372;1860.5797;3030.8026;1887.1393;3031.3659;1888.5921;3024.5895;1886.1005;3017.9011;1887.7211
3080200.0;3022.7732;1887.0778;3029.0358;1892.8853;3031.8497;1887.1612;3027.3479;1892.761;3000.4081;1854.0649;2985.0183;1858.2076;3031.9924;1884.8613;3032.6947;1886.4394;3025.6288;1883.9894;3017.1173;1886.0029
3080220.0;3024.3575;1886.7361;3030.3786;1890.5556;3032.9215;1885.039;3028.5884;1890.3206;3000.3674;1854.084;2984.5566;1855.7751;3033.0025;1882.5008;3033.8308;1884.1792;3026.4548;1881.7345;3016.3273;1884.2846
3080240.0;3025.8644;1886.4465;3031.5363;1888.1167;3033.8092;1882.8395;3029.6612;1887.8049;3000.344;1854.1494;2984.2652;1853.2985;3033.8246;1880.076;3034.7561;1881.8329;3027.0633;1879.3413;3015.5372;1882.5663
3080260.0;3027.2592;1886.2242;3032.5045;1885.5825;3034.4985;1880.5502;3030.5547;1885.2358;3000.3451;1854.2504;2984.1587;1850.7877;3034.4557;1877.6024;3035.454;1879.4183;3027.467;1876.8247;3014.7472;1880.848
3080280.0;3028.5242;1886.0763;3033.279;1882.9687;3034.9829;1878.1737;3031.2664;1882.6379;3000.3688;1854.3626;2984.2401;1848.2488;3034.8968;1875.0934;3035.9153;1876.9551;3027.6972;1874.2171;3013.9572;1879.1297
3080300.0;3029.666;1885.9941;3033.8552;1880.2957;3035.2664;1875.728;3031.8018;1880.0331;3000.4067;1854.4599;2984.5019;1845.6896;3035.1502;1872.5655;3036.1403;1874.4711;3027.7967;1871.5746;3013.1672;1877.4114
3080320.0;3030.703;1885.9568;3034.2286;1877.5873;3035.3598;1873.2377;3032.1694;1877.4367;3000.4482;1854.5251;2984.9389;1843.1249;3035.2165;1870.0395;3036.1353;1872.0009;3027.8021;1868.9636;3012.3772;1875.6931
3080340.0;3031.6401;1885.9198;3034.3941;1874.8671;3035.2757;1870.7267;3032.3749;1874.8585;3000.4854;1854.5534;2985.5547;1840.5775;3035.0956;1867.5382;3035.9061;1869.5757;3027.7204;1866.4315;3011.5872;1873.9748
3080360.0;3032.4611;1885.8037;3034.3407;1872.1548;3035.0244;1868.2155;3032.4203;1872.3063;3000.5156;1854.5489;2986.3538;1838.0767;3034.7869;1865.0803;3035.458;1867.2154;3027.525;1863.9849;3010.7971;1872.2565
3080380.0;3033.1089;1885.4329;3034.0508;1869.468;3034.6094;1865.7219;3032.3031;1869.7881;3000.542;1854.5194;2987.3318;1835.6519;3034.2893;1862.6769;3034.8005;1864.9267;3027.1741;1861.6052;3010.0071;1870.5381
3080400.0;3033.4572;1884.49;3033.5076;1866.8286;3034.0245;1863.2633;3032.0158;1867.3118;3000.5712;1854.4728;2988.4716;1833.3214;3033.5996;1860.3343;3033.9459;1862.7091;3026.6372;1859.2815;3009.2171;1868.8198
3080420.0;3033.3107;1882.5717;3032.7062;1864.2644;3033.2553;1860.8573;3031.5454;1864.8852;3000.6107;1854.4132;2989.7506;1831.0865;3032.7114;1858.0579;3032.9026;1860.5614;3025.9007;1857.0275;3008.4271;1867.1015
3080440.0;3032.4816;1879.3976;3031.6561;1861.806;3032.2854;1858.523;3030.8771;1862.518;3000.6695;1854.3367;2991.1478;1828.9354;3031.6203;1855.8567;3031.6703;1858.4879;3024.957;1854.8711;3007.6371;1865.3832
3080460.0;3030.9164;1875.0423;3030.3708;1859.4784;3031.1039;1856.2804;3029.999;1860.2229;3000.7583;1854.2348;2992.6486;1826.8579;3030.3291;1853.7442;3030.2465;1856.4992;3023.7957;1852.8353;3006.8471;1863.6649
3080480.0;3028.7508;1869.9681;3028.8621;1857.2938;3029.7107;1854.1501;3028.909;1858.0142;3000.8818;1854.1039;2994.2486;1824.8549;3028.8501;1851.7352;3028.6357;1854.6093;3022.414;1850.9249;3006.057;1861.9466
3080500.0;3026.2281;1864.7925;3027.1434;1855.2484;3028.1174;1852.1504;3027.6146;1855.9029;3001.0291;1853.953;2995.9512;1822.9386;3027.2024;1849.8406;3026.8546;1852.8322;3020.8378;1849.1244;3005.267;1860.2283
3080520.0;3023.5734;1860.0087;3025.2364;1853.3265;3026.3457;1850.2907;3026.1308;1853.894;3001.1728;1853.8033;2997.7644;1821.1245;3025.4068;1848.0655;3024.9282;1851.1782;3019.1251;1847.4048;3004.477;1858.51
3080540.0;3020.9298;1855.8668;3023.1714;1851.5097;3024.4233;1848.5665;3024.4757;1851.9863;3001.2854;1853.6773;2999.6945;1819.4287;3023.4836;1846.4074;3022.8846;1849.6509;3017.3404;1845.7388;3003.687;1856.7917
3080560.0;3018.3636;1852.4172;3020.9816;1849.7833;3022.3806;1846.9582;3022.6689;1850.176;3001.3555;1853.5875;3001.7426;1817.8719;3021.4536;1844.8565;3020.7525;1848.2426;3015.5231;1844.1125;3002.897;1855.0734
3080580.0;3015.8941;1849.5972;3018.701;1848.1378;3020.2476;1845.4382;3020.7333;1848.4592;3001.3903;1853.533;3003.9026;1816.4846;3019.3405;1843.3967;3018.561;1846.9322;3013.6784;1842.5251;3002.107;1853.3551
3080600.0;3013.5193;1847.3015;3016.3658;1846.5657;3018.0536;1843.9792;3018.6956;1846.8308;3001.4052;1853.5042;3006.1639;1815.3035;3017.1712;1842.0091;3016.338;1845.6894;3011.7939;1840.9772;3001.3169;1851.6368
3080620.0;3011.2234;1845.4112;3014.0121;1845.0606;3015.8243;1842.5598;3016.5839;1845.2848;3001.4136;1853.4881;3008.5139;1814.3653;3014.9726;1840.6752;3014.1047;1844.4832;3009.8617;1839.4612;3000.5269;1849.9185
3080640.0;3008.9879;1843.829;3011.6664;1843.6216;3013.58;1841.1641;3014.4242;1843.815;3001.4254;1853.4732;3010.9357;1813.6998;3012.7662;1839.3776;3011.8724;1843.2908;3007.8863;1837.9604;2999.7369;1848.2002
3080660.0;3006.7804;1842.4961;3009.342;1842.2568;3011.3344;1839.7796;3012.2357;1842.4184;3001.4473;1853.4509;3013.4027;1813.3302;3010.5635;1838.1022;3009.6438;1842.1013;3005.8784;1836.4611;2998.9469;1846.4819
3080680.0;3004.545;1841.4119;3007.0419;1840.982;3009.0958;1838.3999;3010.0328;1841.0967;3001.4823;1853.4176;3015.8739;1813.2741;3008.367;1836.8467;3007.419;1840.9234;3003.8453;1834.9673;2998.1569;1844.7636
3080700.0;3002.2095;1840.6326;3004.7669;1839.8152;3006.8684;1837.0331;3007.8268;1839.8553;3001.5273;1853.3736;3018.2956;1813.5443;3006.1758;1835.6257;3005.2008;1839.7867;3001.7865;1833.5177;2997.3669;1843.0452
3080720.0;2999.7192;1840.2306;3002.5184;1838.7717;3004.6538;1835.7065;3005.6267;1838.701;3001.5751;1853.3197;3020.6087;1814.149;3003.9916;1834.4786;3002.9975;1838.7454;2999.6976;1832.1829;2996.5741;1841.3312
3080740.0;2997.0772;1840.2315;3000.2963;1837.8637;3002.4538;1834.4733;3003.4365;1837.6427;3001.6188;1853.2521;3022.7532;1815.0925;3001.8229;1833.4761;3000.8201;1837.8738;2997.5823;1831.0446;2995.771;1839.6342
3080760.0;2994.356;1840.5879;2998.0997;1837.1042;3000.2737;1833.4146;3001.2544;1836.6927;3001.6559;1853.1627;3024.6706;1816.3768;2999.6848;1832.7159;2998.679;1837.2468;2995.4604;1830.1688;2994.9368;1837.9909
3080780.0;2991.6587;1841.2112;2995.931;1836.5081;2998.1226;1832.6312;2999.077;1835.872;3001.6877;1853.0432;3026.3086;1817.9975;2997.5936;1832.2913;2996.5793;1836.9071;2993.3639;1829.5897;2994.0293;1836.4784
3080800.0;2989.0658;1842.0227;2993.7973;1836.0925;2996.0093;1832.2083;2996.906;1835.2112;3001.7143;1852.8876;3027.6297;1819.9333;2995.562;1832.2449;2994.5168;1836.8389;2991.3243;1829.3192;2992.9896;1835.2162
3080820.0;2986.611;1842.9715;2991.7089;1835.8786;2993.9407;1832.1706;2994.7516;1834.7496;3001.732;1852.6906;3028.6162;1822.132;2993.5989;1832.5498;2992.4811;1836.9831;2989.3641;1829.3617;2991.768;1834.3325
3080840.0;2984.2939;1844.0245;2989.6766;1835.8913;2991.9262;1832.4706;2992.6312;1834.5279;3001.736;1852.4463;3029.2698;1824.5092;2991.7144;1833.1395;2990.4655;1837.2839;2987.4953;1829.7126;2990.359;1833.9044
3080860.0;2982.1042;1845.1495;2987.7098;1836.152;2989.9837;1833.0301;2990.5668;1834.5789;3001.7251;1852.1546;3029.6047;1826.9676;2989.9242;1833.9542;2988.4788;1837.723;2985.7202;1830.3496;2988.8155;1833.9235
3080880.0;2980.0336;1846.3084;2985.8168;1836.6641;2988.1417;1833.7922;2988.5812;1834.9188;3001.7038;1851.831;3029.6411;1829.4237;2988.2445;1834.959;2986.5469;1838.3128;2984.0323;1831.2317;2987.2243;1834.3146
3080900.0;2978.0761;1847.4636;2984.0052;1837.4076;2986.434;1834.7395;2986.699;1835.5461;3001.6787;1851.5065;3029.4006;1831.8247;2986.6869;1836.1343;2984.707;1839.0715;2982.4238;1832.3151;2985.6713;1834.9894
3080920.0;2976.2282;1848.5904;2982.2873;1838.3528;2984.893;1835.8764;2984.9451;1836.4456;3001.6536;1851.2107;3028.9023;1834.1463;2985.2572;1837.4608;2983.0004;1840.0099;2980.8954;1833.5659;2984.2223;1835.888
3080940.0;2974.4915;1849.6925;2980.6885;1839.4806;2983.5441;1837.206;2983.3444;1837.5949;3001.628;1850.9563;3028.1622;1836.38;2983.9607;1838.9158;2981.4658;1841.1267;2979.4619;1834.9547;2982.9234;1836.9854
3080960.0;2972.8763;1850.8045;2979.2466;1840.7879;2982.4032;1838.7181;2981.9185;1838.9671;3001.6009;1850.7373;3027.1961;1838.5191;2982.805;1840.4767;2980.135;1842.412;2978.143;1836.4401;2981.8055;1838.2753
3080980.0;2971.402;1851.9737;2978.0007;1842.2749;2981.4764;1840.3902;2980.684;1840.5307;3001.5723;1850.54;3026.0237;1840.5524;2981.8009;1842.1227;2979.0293;1843.8454;2976.9563;1837.9705;2980.8868;1839.7476
3081000.0;2970.092;1853.2344;2976.9778;1843.9329;2980.7645;1842.1899;2979.6527;1842.2494;3001.5422;1850.3544;3024.6697;1842.4695;2980.9615;1843.8371;2978.1589;1845.4016;2975.9189;1839.5051;2980.1728;1841.3807
3081020.0;2968.9675;1854.5969;2976.1865;1845.7422;2980.2663;1844.0852;2978.8357;1844.0858;3001.5105;1850.1784;3023.1585;1844.266;2980.3025;1845.606;2977.5271;1847.0573;2975.056;1841.0337;2979.6624;1843.1431
3081040.0;2968.0429;1856.0509;2975.6206;1847.676;2979.9788;1846.051;2978.2457;1846.0058;3001.4772;1850.0152;3021.5064;1845.9393;2979.8402;1847.4178;2977.1325;1848.7906;2974.4026;1842.5768;2979.3506;1845.0032
3081060.0;2967.3239;1857.5789;2975.266;1849.7027;2979.8946;1848.0691;2977.8967;1847.9812;3001.4435;1849.8692;3019.717;1847.474;2979.5881;1849.2624;2976.9692;1850.5798;2973.9929;1844.1617;2979.2299;1846.9347
3081080.0;2966.8101;1859.1654;2975.1041;1851.7866;2980.0012;1850.1239;2977.7991;1849.9887;3001.4107;1849.7431;3017.7865;1848.8407;2979.552;1851.1305;2977.0291;1852.4026;2973.8512;1845.8066;2979.2887;1848.9156
3081100.0;2966.5008;1860.7986;2975.1137;1853.8926;2980.2834;1852.1985;2977.9559;1852.0075;3001.3791;1849.6368;3015.7171;1850.0143;2979.7302;1853.0115;2977.3048;1854.2415;2973.9829;1847.5192;2979.5103;1850.9274
3081120.0;2966.3998;1862.4674;2975.2765;1855.9943;2980.7262;1854.2755;2978.3581;1854.0165;3001.349;1849.5494;3013.5267;1850.9965;2980.1132;1854.8906;2977.7896;1856.0842;2974.3695;1849.2991;2979.8731;1852.955
3081140.0;2966.5116;1864.1584;2975.583;1858.0749;2981.3136;1856.3394;2978.9854;1855.9942;3001.3223;1849.4786;3011.2467;1851.8182;2980.6868;1856.7498;2978.4729;1857.9222;2974.9685;1851.1404;2980.3529;1854.9879
3081160.0;2966.8277;1865.8562;2976.0335;1860.1263;2982.0254;1858.3803;2979.8071;1857.9228;3001.3006;1849.4204;3008.9121;1852.5189;2981.4349;1858.5729;2979.3353;1859.7473;2975.7265;1853.0297;2980.9282;1857.0173
3081180.0;2967.3184;1867.5489;2976.6314;1862.1438;2982.8385;1860.3964;2980.7872;1859.795;3001.283;1849.3692;3006.5506;1853.1254;2982.3419;1860.3497;2980.3483;1861.5511;2976.598;1854.9455;2981.5864;1859.033
3081200.0;2967.936;1869.2309;2977.3736;1864.1227;2983.7311;1862.3899;2981.8906;1861.617;3001.2655;1849.3209;3004.1825;1853.6472;2983.3907;1862.0746;2981.4784;1863.327;2977.5542;1856.8589;2982.3268;1861.0207
3081220.0;2968.6357;1870.9018;2978.249;1866.0574;2984.6854;1864.3577;2983.0879;1863.4023;3001.2439;1849.2747;3001.8226;1854.0877;2984.5597;1863.7459;2982.6913;1865.0709;2978.5825;1858.7417;2983.1553;1862.9624
3081240.0;2969.3944;1872.5599;2979.2437;1867.9399;2985.6856;1866.2931;2984.3574;1865.1626;3001.2174;1849.2321;2999.4821;1854.4594;2985.8205;1865.365;2983.9545;1866.7808;2979.6804;1860.5781;2984.0753;1864.8402
3081260.0;2970.2119;1874.1966;2980.3455;1869.7626;2986.7159;1868.1946;2985.6821;1866.9016;3001.1879;1849.1956;2997.1659;1854.7872;2987.1423;1866.9374;2985.2392;1868.4586;2980.8462;1862.3692;2985.0813;1866.6414
3081280.0;2971.0935;1875.7961;2981.54;1871.526;2987.7606;1870.0737;2987.0453;1868.6162;3001.1576;1849.1687;2994.8741;1855.1047;2988.4977;1868.4716;2986.5201;1870.111;2982.0694;1864.1245;2986.1551;1868.3624
3081300.0;2972.0331;1877.342;2982.8021;1873.244;2988.8076;1871.9471;2988.4283;1870.3021;3001.1274;1849.1563;2992.6069;1855.4451;2989.8673;1869.9773;2987.7764;1871.7512;2983.3287;1865.8582;2987.2693;1870.0112
3081320.0;2973.0098;1878.8273;2984.0961;1874.9417;2989.8488;1873.8234;2989.8098;1871.9603;3001.0988;1849.159;2990.3703;1855.8367;2991.2364;1871.4623;2988.9939;1873.396;2984.6006;1867.5961;2988.3929;1871.6087
3081340.0;2974.0007;1880.259;2985.3857;1876.6425;2990.8787;1875.6998;2991.1675;1873.6;3001.0759;1849.1725;2988.1776;1856.3055;2992.5904;1872.9305;2990.1609;1875.0614;2985.8687;1869.3753;2989.5017;1873.1847
3081360.0;2974.9918;1881.6539;2986.6475;1878.3573;2991.8913;1877.5705;2992.4791;1875.2357;3001.0657;1849.1961;2986.0457;1856.8779;2993.9059;1874.3836;2991.2641;1876.7587;2987.1249;1871.2259;2990.5815;1874.7705
3081380.0;2975.9788;1883.0291;2987.8692;1880.0839;2992.8782;1879.4342;2993.7227;1876.8828;3001.0768;1849.2401;2983.9937;1857.5801;2995.1483;1875.8293;2992.284;1878.4935;2988.3593;1873.1452;2991.6231;1876.3917
3081400.0;2976.9629;1884.396;2989.039;1881.8173;2993.8262;1881.2958;2994.8777;1878.5539;3001.1185;1849.3165;2982.0413;1858.4322;2996.2735;1877.2867;2993.2018;1880.2654;2989.5559;1875.0999;2992.6106;1878.0649
3081420.0;2977.9458;1885.7603;2990.1274;1883.5599;2994.7176;1883.1622;2995.9262;1880.2595;3001.1982;1849.4188;2980.2078;1859.4437;2997.2366;1878.7842;2994.01;1882.0701;2990.6883;1877.0648;2993.5192;1879.7991
3081440.0;2978.928;1887.1239;2991.0802;1885.321;2995.5205;1885.0409;2996.8534;1882.0098;3001.3143;1849.5199;2978.5159;1860.6128;2998.0024;1880.3443;2994.7152;1883.9007;2991.7125;1879.0611;2994.3217;1881.5983
3081460.0;2979.9102;1888.4875;2991.8234;1887.1112;2996.1841;1886.9392;2997.6458;1883.8125;3001.4507;1849.5984;2976.9911;1861.9289;2998.5495;1881.9713;2995.3271;1885.7508;2992.569;1881.1481;2994.9941;1883.4635
3081480.0;2980.8924;1889.8511;2992.2872;1888.9349;2996.6459;1888.8619;2998.289;1885.6705;3001.5803;1849.662;2975.6567;1863.3758;2998.8666;1883.6497;2995.8442;1887.6177;2993.2038;1883.3716;2995.512;1885.3937
3081500.0;2981.8747;1891.2147;2992.4363;1890.7877;2996.8595;1890.8064;2998.7662;1887.5805;3001.6793;1849.7395;2974.5221;1864.9358;2998.947;1885.3531;2996.2499;1889.5031;2993.5963;1885.7128;2995.8477;1887.3854
3081520.0;2982.8569;1892.5783;2992.2886;1892.6559;2996.8243;1892.7626;2999.0599;1889.5339;3001.74;1849.8519;2973.5781;1866.594;2998.7886;1887.0551;2996.5178;1891.408;2993.7682;1888.0874;2995.973;1889.4274
3081540.0;2983.8244;1893.9385;2991.9025;1894.517;2996.588;1894.718;2999.1548;1891.5185;3001.7702;1850.0;2972.8025;1868.3394;2998.3974;1888.7367;2996.6195;1893.3288;2993.7581;1890.3937;2995.8682;1891.4973
3081560.0;2984.7375;1895.288;2991.3416;1896.3444;2996.2132;1896.665;2999.0406;1893.5193;3001.7838;1850.1709;2972.1734;1870.1627;2997.7887;1890.3891;2996.5314;1895.2542;2993.5864;1892.5628;2995.5258;1893.5625
3081580.0;2985.4899;1896.6073;2990.6418;1898.1153;2995.739;1898.6001;2998.7123;1895.5182;3001.793;1850.3516;2971.6755;1872.0515;2996.9827;1892.011;2996.2362;1897.1664;2993.2434;1894.5741;2994.9486;1895.59
3081600.0;2985.8722;1897.8629;2989.8079;1899.8176;2995.1664;1900.5151;2998.1704;1897.494;3001.8053;1850.5333;2971.2968;1873.9914;2996.0001;1893.6028;2995.7253;1899.0442;2992.7036;1896.4386;2994.1436;1897.5538
3081620.0;2985.6059;1899.0195;2988.8325;1901.4493;2994.4702;1902.3911;2997.4186;1899.4224;3001.824;1850.7094;2971.0175;1875.9669;2994.8619;1895.1636;2994.9988;1900.8642;2991.9455;1898.1723;2993.1174;1899.4369
3081640.0;2984.4854;1900.0711;2987.717;1903.0119;2993.6205;1904.2036;2996.4637;1901.2775;3001.8476;1850.8753;2970.8007;1877.9639;2993.5906;1896.6905;2994.0629;1902.6017;2990.9563;1899.7777;2991.876;1901.2296
3081660.0;2982.5498;1901.0614;2986.4741;1904.5041;2992.5971;1905.932;2995.3134;1903.0336;3001.8713;1851.0288;2970.5929;1879.9689;2992.2092;1898.1813;2992.9288;1904.2328;2989.7294;1901.2489;2990.4304;1902.9268
3081680.0;2980.1071;1902.0634;2985.1181;1905.92;2991.3912;1907.5623;2993.9773;1904.6703;3001.8906;1851.1697;2970.3369;1881.969;2990.7353;1899.6358;2991.611;1905.7363;2988.278;1902.5947;2988.8017;1904.526
3081700.0;2977.5546;1903.1294;2983.6574;1907.2505;2990.0072;1909.0846;2992.4678;1906.1766;3001.9045;1851.2995;2969.9883;1883.9494;2989.179;1901.0559;2990.1272;1907.0994;2986.6533;1903.8573;2987.0234;1906.0263
3081720.0;2975.1608;1904.2598;2982.0957;1908.4857;2988.4588;1910.4883;2990.8038;1907.551;3001.9161;1851.4193;2969.5245;1885.8911;2987.544;1902.4407;2988.498;1908.3218;2984.9367;1905.1023;2985.1353;1907.4278
3081740.0;2972.9894;1905.4169;2980.4363;1909.6156;2986.7669;1911.7607;2989.0109;1908.7966;3001.9302;1851.5293;2968.9371;1887.7748;2985.8312;1903.7833;2986.7449;1909.414;2983.1998;1906.3808;2983.1744;1908.7321
3081760.0;2970.9726;1906.5548;2978.6836;1910.6325;2984.9542;1912.8879;2987.1188;1909.9155;3001.951;1851.6294;2968.2204;1889.5883;2984.041;1905.0711;2984.8893;1910.3897;2981.469;1907.6994;2981.1672;1909.942
3081780.0;2969.0176;1907.6387;2976.8409;1911.5325;2983.0404;1913.8596;2985.1541;1910.9088;3001.9792;1851.7192;2967.364;1891.3299;2982.1754;1906.2888;2982.9497;1911.2595;2979.7269;1909.0229;2979.1276;1911.0598
3081800.0;2967.0607;1908.6469;2974.911;1912.3167;2981.0391;1914.6779;2983.135;1911.7807;3002.0143;1851.7957;2966.3551;1892.9993;2980.2394;1907.4235;2980.9409;1912.0309;2977.9414;1910.2993;2977.0586;1912.0876
3081820.0;2965.0567;1909.564;2972.8983;1912.9891;2978.961;1915.3651;2981.0694;1912.5413;3002.0562;1851.8539;2965.1808;1894.5839;2978.239;1908.4646;2978.8741;1912.7101;2976.0865;1911.4817;2974.958;1913.0271
3081840.0;2962.9782;1910.3835;2970.8098;1913.5539;2976.8151;1915.9585;2978.9592;1913.2051;3002.1052;1851.8915;2963.8326;1896.0589;2976.1764;1909.4005;2976.7594;1913.3026;2974.1488;1912.5381;2972.8207;1913.8769
3081860.0;2960.8136;1911.1044;2968.6535;1914.0133;2974.6103;1916.4935;2976.8045;1913.7849;3002.158;1851.9143;2962.3113;1897.3898;2974.0499;1910.2175;2974.6049;1913.8127;2972.1256;1913.4529;2970.6414;1914.6331
3081880.0;2958.5715;1911.7269;2966.4386;1914.3668;2972.3522;1916.9864;2974.6075;1914.2891;3002.2067;1851.936;2960.6317;1898.5409;2971.8589;1910.9042;2972.4149;1914.2439;2970.0215;1914.2188;2968.4149;1915.2934
3081900.0;2956.2741;1912.2465;2964.1771;1914.6115;2970.0423;1917.4293;2972.3714;1914.722;3002.2424;1851.9681;2958.817;1899.4819;2969.6096;1911.4581;2970.1892;1914.5971;2967.8447;1914.8331;2966.136;1915.8627
3081920.0;2953.9449;1912.6528;2961.8857;1914.7457;2967.68;1917.7986;2970.1;1915.088;3002.2602;1852.0101;2956.8887;1900.2012;2967.3156;1911.8886;2967.9256;1914.8679;2965.6032;1915.2948;2963.8036;1916.3513
3081940.0;2951.6009;1912.9279;2959.5828;1914.7705;2965.2685;1918.0662;2967.7954;1915.3901;3002.2599;1852.0498;2954.8598;1900.7135;2964.9922;1912.2099;2965.6232;1915.0475;2963.3041;1915.6089;2961.4236;1916.7672
3081960.0;2949.2533;1913.0517;2957.2826;1914.6923;2962.8161;1918.2076;2965.459;1915.6271;3002.245;1852.073;2952.7392;1901.0474;2962.6499;1912.4333;2963.2851;1915.1283;2960.9569;1915.7901;2959.0075;1917.1063
3081980.0;2946.9073;1913.0069;2954.9904;1914.5165;2960.3334;1918.2079;2963.0915;1915.79;3002.2204;1852.0762;2950.5421;1901.219;2960.2926;1912.5643;2960.9164;1915.1081;2958.5723;1915.8554;2956.5699;1917.3504
3082000.0;2944.5654;1912.7836;2952.7068;1914.2379;2957.8287;1918.0634;2960.6943;1915.8635;3002.1907;1852.0693;2948.2955;1901.2171;2957.9203;1912.6021;2958.5243;1914.986;2956.1564;1915.8049;2954.1254;1917.4721
3082020.0;2942.235;1912.3766;2950.4353;1913.8367;2955.3083;1917.7784;2958.2712;1915.8289;3002.1581;1852.0683;2946.0327;1901.013;2955.5342;1912.5369;2956.1159;1914.7541;2953.7063;1915.6034;2951.6875;1917.4427
3082040.0;2939.9308;1911.7726;2948.188;1913.2817;2952.7799;1917.355;2955.8306;1915.6654;3002.1221;1852.0835;2943.785;1900.5797;2953.1411;1912.345;2953.6967;1914.3937;2951.2139;1915.1764;2949.2664;1917.2381
3082060.0;2937.6741;1910.9461;2945.9839;1912.5413;2950.2526;1916.7828;2953.3875;1915.3456;3002.0811;1852.1136;2941.5763;1899.9028;2950.7511;1911.9872;2951.2731;1913.8737;2948.6789;1914.4398;2946.8692;1916.8366
3082080.0;2935.4871;1909.8723;2943.8437;1911.59;2947.7352;1916.0347;2950.9622;1914.8353;3002.0366;1852.148;2939.4235;1898.9797;2948.3771;1911.419;2948.8568;1913.1556;2946.1161;1913.3269;2944.5033;1916.2152
3082100.0;2933.388;1908.5426;2941.7866;1910.4075;2945.2367;1915.0729;2948.5786;1914.0976;3001.9937;1852.1752;2937.3403;1897.8136;2946.0351;1910.6051;2946.468;1912.2012;2943.5484;1911.79;2942.1826;1915.3487
3082120.0;2931.3894;1906.9732;2939.8294;1908.977;2942.77;1913.8603;2946.2618;1913.102;3001.9583;1852.1874;2935.3413;1896.4131;2943.7447;1909.5311;2944.1341;1910.9839;2940.9969;1909.8021;2939.9291;1914.2147
3082140.0;2929.4955;1905.2067;2937.9855;1907.29;2940.3555;1912.3724;2944.0383;1911.8279;3001.9339;1852.1798;2933.4422;1894.7907;2941.5291;1908.2017;2941.8855;1909.4929;2938.4838;1907.3883;2937.7682;1912.8023
3082160.0;2927.7056;1903.2977;2936.2643;1905.3547;2938.0215;1910.6037;2941.9344;1910.2656;3001.92;1852.1483;2931.6598;1892.9614;2939.411;1906.6308;2939.7514;1907.7319;2936.0435;1904.6665;2935.722;1911.115
3082180.0;2926.0233;1901.2855;2934.6706;1903.1971;2935.8015;1908.567;2939.9729;1908.4177;3001.9135;1852.0906;2930.0113;1890.9397;2937.4114;1904.8311;2937.7589;1905.7174;2933.7236;1901.8279;2933.8055;1909.1693
3082200.0;2924.4639;1899.1676;2933.2072;1900.8492;2933.7288;1906.2883;2938.1695;1906.3016;3001.9111;1852.0094;2928.5172;1888.74;2935.5499;1902.8117;2935.931;1903.4773;2931.5657;1899.042;2932.0287;1906.9872
3082220.0;2923.0491;1896.9046;2931.8768;1898.3377;2931.8276;1903.7985;2936.5325;1903.9488;3001.9104;1851.9149;2927.2017;1886.3777;2933.8425;1900.5807;2934.2839;1901.0468;2929.5851;1896.3726;2930.3996;1904.5886
3082240.0;2921.7894;1894.4687;2930.6845;1895.6835;2930.1075;1901.1273;2935.0652;1901.3995;3001.9103;1851.8248;2926.0882;1883.8681;2932.2993;1898.1504;2932.8292;1898.4607;2927.7739;1893.7855;2928.9252;1901.9881
3082260.0;2920.673;1891.8836;2929.638;1892.9112;2928.5641;1898.3023;2933.7672;1898.6923;3001.9103;1851.7582;2925.1954;1881.2282;2930.9242;1895.5377;2931.5736;1895.7461;2926.121;1891.2132;2927.6105;1899.1998
3082280.0;2919.6761;1889.2115;2928.7456;1890.0509;2927.1895;1895.3505;2932.6343;1895.8602;3001.9103;1851.7245;2924.5334;1878.4742;2929.7189;1892.7654;2930.5182;1892.9227;2924.6296;1888.6046;2926.4574;1896.2462
3082300.0;2918.785;1886.5067;2928.0131;1887.1308;2925.9822;1892.2981;2931.6606;1892.9298;3001.91;1851.7129;2924.1034;1875.6239;2928.6885;1889.8632;2929.6548;1890.0068;2923.3178;1885.9359;2925.4639;1893.1611
3082320.0;2918.0058;1883.7876;2927.4442;1884.169;2924.952;1889.1688;2930.841;1889.9239;3001.9089;1851.6975;2923.8997;1872.6983;2927.8417;1886.8656;2928.9664;1887.0153;2922.2063;1883.1988;2924.6261;1889.9836
3082340.0;2917.3578;1881.0487;2927.0421;1881.1765;2924.1171;1885.9849;2930.1754;1886.8601;3001.9055;1851.6592;2923.9153;1869.7232;2927.19;1883.8057;2928.4349;1883.9658;2921.3078;1880.396;2923.9432;1886.7461
3082360.0;2916.8675;1878.2829;2926.8127;1878.1613;2923.498;1882.7688;2929.6673;1883.7523;3001.8974;1851.6015;2924.1454;1866.7298;2926.7435;1880.7112;2928.0499;1880.8745;2920.6256;1877.5408;2923.4226;1883.4721
3082380.0;2916.5693;1875.4851;2926.765;1875.1306;2923.1093;1879.5421;2929.3238;1880.6141;3001.8822;1851.5433;2924.5827;1863.75;2926.5088;1877.6019;2927.8138;1877.7548;2920.16;1874.6494;2923.0819;1880.1805
3082400.0;2916.505;1872.6462;2926.9081;1872.0919;2922.9587;1876.3207;2929.152;1877.4626;3001.8601;1851.499;2925.2128;1860.8083;2926.4858;1874.4923;2927.738;1874.6179;2919.9134;1871.7337;2922.945;1876.8886
3082420.0;2916.7063;1869.7618;2927.249;1869.054;2923.0503;1873.1107;2929.16;1874.3165;3001.835;1851.4677;2926.0155;1857.9191;2926.6692;1871.3905;2927.837;1871.4736;2919.889;1868.7985;2923.032;1873.6121
3082440.0;2917.1758;1866.8412;2927.791;1866.0294;2923.3884;1869.9143;2929.3552;1871.1898;3001.8128;1851.4376;2926.9736;1855.0914;2927.05;1868.2994;2928.1231;1868.3315;2920.0829;1865.8464;2923.352;1870.3613
3082460.0;2917.8835;1863.9095;2928.5308;1863.0321;2923.9724;1866.7363;2929.7434;1868.0893;3001.7969;1851.3967;2928.0758;1852.3359;2927.6173;1865.2192;2928.6054;1865.2047;2920.4799;1862.8844;2923.9014;1867.1429
3082480.0;2918.7756;1860.9971;2929.4564;1860.0732;2924.7896;1863.5845;2930.3253;1865.0171;3001.7865;1851.3386;2929.3149;1849.6665;2928.3604;1862.152;2929.2899;1862.11;2921.0607;1859.9238;2924.6691;1863.9627
3082500.0;2919.7913;1858.1294;2930.5471;1857.1576;2925.8115;1860.4638;2931.096;1861.9758;3001.7774;1851.263;2930.6857;1847.096;2929.2674;1859.1047;2930.1752;1859.0646;2921.8134;1856.9726;2925.6402;1860.8293
3082520.0;2920.8805;1855.3228;2931.7747;1854.2852;2926.9994;1857.3728;2932.0446;1858.9721;3001.7648;1851.1722;2932.1844;1844.6275;2930.3248;1856.0881;2931.2472;1856.0787;2922.7362;1854.0312;2926.7942;1857.7516
3082540.0;2922.0195;1852.5817;2933.1111;1851.4561;2928.3152;1854.3069;2933.1548;1856.016;3001.7465;1851.0657;2933.805;1842.2556;2931.5172;1853.1157;2932.4781;1853.152;2923.8288;1851.0991;2928.1017;1854.7363
3082560.0;2923.2134;1849.9023;2934.5358;1848.676;2929.7306;1851.2648;2934.4072;1853.1181;3001.7252;1850.936;2935.5354;1839.9716;2932.8298;1850.1992;2933.8348;1850.2768;2925.0837;1848.1834;2929.5308;1851.7853
3082580.0;2924.4815;1847.2792;2936.0383;1845.9573;2931.231;1848.2534;2935.7837;1850.2872;3001.7074;1850.7672;2937.3592;1837.7701;2934.2524;1847.3454;2935.2897;1847.4459;2926.4883;1845.3015;2931.0555;1848.8992
3082600.0;2925.8462;1844.7155;2937.6177;1843.3126;2932.8137;1845.2858;2937.2716;1847.5304;3001.7004;1850.5437;2939.2602;1835.6484;2935.7792;1844.5557;2936.827;1844.6573;2928.0357;1842.479;2932.6633;1846.0832
3082620.0;2927.3343;1842.2259;2939.2775;1840.749;2934.4816;1842.3757;2938.8651;1844.8562;3001.7074;1850.2677;2941.2268;1833.604;2937.4057;1841.8287;2938.4428;1841.9182;2929.7322;1839.7419;2934.3533;1843.3491
3082640.0;2928.9802;1839.8357;2941.0211;1838.2676;2936.2383;1839.5335;2940.5612;1842.2741;3001.7252;1849.9707;2943.2513;1831.6355;2939.1252;1839.1636;2940.1408;1839.2455;2931.5889;1837.1093;2936.1311;1840.7122
3082660.0;2930.8155;1837.5721;2942.8477;1835.8682;2938.0841;1836.7673;2942.3569;1839.7937;3001.746;1849.7027;2945.3279;1829.7454;2940.9293;1836.562;2941.9286;1836.6616;2933.6089;1834.584;2938.0011;1838.1836
3082680.0;2932.8476;1835.455;2944.7537;1833.5543;2940.0175;1834.0861;2944.2466;1837.4221;3001.762;1849.5025;2947.4517;1827.9394;2942.8125;1834.0277;2943.812;1834.1847;2935.7793;1832.1525;2939.9653;1835.7673
3082700.0;2935.0508;1833.488;2946.7349;1831.3312;2942.0366;1831.4987;2946.2253;1835.1645;3001.7677;1849.3769;2949.6182;1826.2278;2944.7758;1831.5657;2945.7915;1831.8202;2938.0762;1829.7934;2942.0218;1833.4623
3082720.0;2937.3769;1831.6549;2948.7916;1829.2031;2944.1435;1829.0129;2948.2905;1833.0242;3001.7599;1849.3084;2951.8247;1824.6273;2946.8262;1829.1845;2947.8605;1829.5611;2940.4769;1827.4901;2944.1678;1831.2684
3082740.0;2939.7781;1829.9231;2950.9281;1827.1725;2946.3427;1826.6355;2950.4421;1831.0034;3001.7378;1849.2775;2954.0704;1823.1579;2948.972;1826.8973;2950.0078;1827.3962;2942.9668;1825.2387;2946.3983;1829.19
3082760.0;2942.221;1828.2549;2953.148;1825.244;2948.6385;1824.3762;2952.6789;1829.1034;3001.705;1849.2734;2956.3537;1821.8351;2951.2162;1824.7193;2952.2226;1825.3201;2945.54;1823.049;2948.7058;1827.2348
3082780.0;2944.689;1826.6223;2955.4504;1823.4268;2951.0313;1822.2476;2954.9971;1827.3265;3001.6691;1849.2898;2958.6674;1820.6638;2953.5542;1822.6637;2954.4971;1823.3364;2948.1944;1820.939;2951.0812;1825.4094
3082800.0;2947.1773;1825.0175;2957.8268;1821.7302;2953.5177;1820.262;2957.3885;1825.6745;3001.6374;1849.3175;2961.0001;1819.6423;2955.9741;1820.7381;2956.8261;1821.4567;2950.9267;1818.9306;2953.516;1823.717
3082820.0;2949.6868;1823.4502;2960.2651;1820.1568;2956.0919;1818.4281;2959.8422;1824.147;3001.6109;1849.3434;2963.3424;1818.7699;2958.4631;1818.9467;2959.2056;1819.6981;2953.7292;1817.045;2956.003;1822.1564
3082840.0;2952.2217;1821.9391;2962.7544;1818.7013;2958.7436;1816.752;2962.3465;1822.7407;3001.5839;1849.3566;2965.6954;1818.0409;2961.01;1817.2948;2961.6324;1818.0817;2956.5884;1815.3028;2958.5355;1820.7215
3082860.0;2954.7864;1820.5044;2965.2873;1817.3568;2961.4573;1815.2391;2964.8897;1821.4545;3001.5482;1849.3548;2968.0692;1817.4376;2963.6059;1815.7916;2964.1021;1816.6299;2959.4877;1813.7232;2961.1066;1819.403
3082880.0;2957.3852;1819.1661;2967.8579;1816.1232;2964.2119;1813.8956;2967.4603;1820.2906;3001.4958;1849.346;2970.4733;1816.936;2966.2412;1814.4492;2966.607;1815.3596;2962.4132;1812.3193;2963.708;1818.1936
3082900.0;2960.0194;1817.9399;2970.4603;1815.0094;2966.986;1812.7283;2970.0453;1819.2523;3001.4218;1849.3431;2972.9065;1816.5225;2968.9029;1813.2797;2969.1358;1814.2771;2965.3568;1811.0957;2966.3294;1817.0928
3082920.0;2962.6838;1816.8326;2973.0878;1814.0291;2969.7618;1811.7437;2972.6309;1818.3384;3001.3276;1849.3555;2975.3542;1816.2038;2971.5763;1812.2913;2971.676;1813.3751;2968.3118;1810.0508;2968.9586;1816.1063
3082940.0;2965.3659;1815.8378;2975.7326;1813.1947;2972.5269;1810.9471;2975.2036;1817.5458;3001.2204;1849.3846;2977.7943;1815.9997;2974.2476;1811.4877;2974.2163;1812.6378;2971.2683;1809.1844;2971.5844;1815.2412
3082960.0;2968.0486;1814.9448;2978.3852;1812.5159;2975.2741;1810.3407;2977.7526;1816.8763;3001.1077;1849.4297;2980.2042;1815.931;2976.906;1810.8692;2976.7451;1812.0516;2974.2107;1808.5027;2974.2025;1814.4992
3082980.0;2970.7144;1814.1538;2981.0324;1812.0052;2977.9972;1809.9234;2980.2686;1816.3431;3000.9905;1849.4942;2982.5653;1816.0142;2979.543;1810.4331;2979.2496;1811.6147;2977.1228;1808.0189;2976.8138;1813.8771
3083000.0;2973.3485;1813.4831;2983.6568;1811.68;2980.6872;1809.6936;2982.7409;1815.9685;3000.8624;1849.5872;2984.8623;1816.2638;2982.1484;1810.1771;2981.7172;1811.3389;2979.9886;1807.7483;2979.4149;1813.3757
3083020.0;2975.938;1812.9652;2986.2383;1811.5558;2983.3279;1809.6539;2985.1553;1815.7756;3000.7143;1849.7198;2987.0789;1816.6924;2984.7074;1810.103;2984.1364;1811.242;2982.7922;1807.7057;2981.9862;1813.0131
3083040.0;2978.4705;1812.636;2988.7555;1811.6369;2985.8959;1809.8124;2987.4944;1815.7823;3000.5406;1849.901;2989.1937;1817.3071;2987.2001;1810.218;2986.4946;1811.3382;2985.5162;1807.9043;2984.4916;1812.8288
3083060.0;2980.9323;1812.526;2991.1903;1811.916;2988.3636;1810.18;2989.7402;1815.9999;3000.3402;1850.1335;2991.1819;1818.1099;2989.6032;1810.5313;2988.7744;1811.6326;2988.1432;1808.3502;2986.8932;1812.8654
3083080.0;2983.311;1812.6516;2993.5265;1812.3862;2990.7021;1810.7679;2991.8769;1816.4326;3000.1169;1850.4091;2993.0214;1819.0991;2991.893;1811.0454;2990.954;1812.1247;2990.6551;1809.0387;2989.1678;1813.1461
3083100.0;2985.5963;1813.0059;2995.7442;1813.0537;2992.8848;1811.5836;2993.8889;1817.0769;2999.883;1850.7061;2994.6953;1820.2679;2994.0467;1811.7524;2993.0114;1812.8128;2993.0326;1809.9494;2991.3118;1813.6632
3083120.0;2987.7842;1813.5484;2997.8162;1813.9349;2994.8917;1812.6246;2995.761;1817.9208;2999.6604;1850.9944;2996.1895;1821.6022;2996.0427;1812.6397;2994.9277;1813.6953;2995.2577;1811.0525;2993.3294;1814.3909
3083140.0;2989.8813;1814.2058;2999.7128;1815.0398;2996.7156;1813.8723;2997.4795;1818.9486;2999.4738;1851.2462;2997.4919;1823.079;2997.8644;1813.6966;2996.6865;1814.7675;2997.3172;1812.3187;2995.2181;1815.3058
3083160.0;2991.9125;1814.8809;3001.4131;1816.3588;2998.3582;1815.2961;2999.0354;1820.1442;2999.3373;1851.4481;2998.5975;1824.6684;2999.5031;1814.9127;2998.2714;1816.0194;2999.2051;1813.7267;2996.9634;1816.3982
3083180.0;2993.9219;1815.4732;3002.9114;1817.8631;2999.822;1816.8648;3000.4243;1821.4917;2999.2443;1851.604;2999.5146;1826.3362;3000.9613;1816.2721;2999.6637;1817.4359;3000.9201;1815.2603;2998.5462;1817.6654
3083200.0;2995.9558;1815.9128;3004.2128;1819.5176;3001.1054;1818.5552;3001.646;1822.9733;2999.1738;1851.7289;3000.2616;1828.0486;3002.2497;1817.7505;3000.8451;1818.9976;3002.461;1816.9008;2999.9544;1819.0978
3083220.0;2998.0355;1816.1862;3005.3287;1821.2911;3002.2096;1820.3504;3002.7028;1824.5705;2999.1076;1851.8367;3000.8576;1829.7774;3003.3803;1819.3219;3001.8058;1820.6814;3003.8266;1818.6266;3001.1856;1820.6686
3083240.0;3000.1424;1816.3373;3006.2744;1823.1575;3003.1474;1822.2351;3003.598;1826.2656;2999.0402;1851.9355;3001.3177;1831.5043;3004.3603;1820.9684;3002.5517;1822.4599;3005.0181;1820.4178;3002.2426;1822.3362
3083260.0;3002.2187;1816.448;3007.0664;1825.0959;3003.9406;1824.1934;3004.3325;1828.0422;2998.9761;1852.029;3001.6557;1833.2166;3005.1901;1822.684;3003.1015;1824.305;3006.0414;1822.2613;3003.1126;1824.0449
3083280.0;3004.1848;1816.61;3007.7143;1827.0913;3004.6092;1826.2103;3004.9036;1829.883;2998.9196;1852.1196;3001.8886;1834.9018;3005.8675;1824.4699;3003.4774;1826.1927;3006.9065;1824.1498;3003.7446;1825.7204
3083300.0;3005.9679;1816.8966;3008.2156;1829.1321;3005.162;1828.2723;3005.3068;1831.7702;2998.8691;1852.2096;3002.0376;1836.5459;3006.3915;1826.3259;3003.6949;1828.1062;3007.6226;1826.0797;3004.0471;1827.2706
3083320.0;3007.5381;1817.3346;3008.5569;1831.2096;3005.5975;1830.3686;3005.5423;1833.6866;2998.8193;1852.2998;3002.1248;1838.1365;3006.7652;1828.2445;3003.7628;1830.0364;3008.1954;1828.0508;3003.9289;1828.6112
3083340.0;3008.9227;1817.9003;3008.7245;1833.3173;3005.9084;1832.4914;3005.6173;1835.6171;2998.766;1852.3899;3002.1757;1839.6673;3006.9955;1830.2121;3003.6862;1831.9819;3008.6273;1830.0637;3003.3634;1829.7033
3083360.0;3010.1798;1818.5503;3008.7158;1835.4514;3006.089;1834.6325;3005.5455;1837.5485;2998.7084;1852.4794;3002.2217;1841.1406;3007.0935;1832.2138;3003.4707;1833.9435;3008.9183;1832.1191;3002.4178;1830.5725
3083380.0;3011.3469;1819.2648;3008.5443;1837.6079;3006.1434;1836.7783;3005.3421;1839.4693;2998.6482;1852.5685;3002.3105;1842.5655;3007.073;1834.237;3003.1257;1835.9191;3009.067;1834.2179;3001.218;1831.2874
3083400.0;3012.4184;1820.0594;3008.2368;1839.7791;3006.0902;1838.9123;3005.0233;1841.3699;2998.5875;1852.6567;3002.5042;1843.9563;3006.9483;1836.2742;3002.6701;1837.8991;3009.0713;1836.3653;2999.8851;1831.9193
3083420.0;3013.3685;1820.9605;3007.8235;1841.9538;3005.9601;1841.0236;3004.6092;1843.2446;2998.528;1852.7405;3002.8587;1845.3326;3006.7339;1838.3229;3002.1342;1839.8661;3008.932;1838.5705;2998.4975;1832.5165
3083440.0;3014.1824;1821.9746;3007.3284;1844.125;3005.784;1843.1144;3004.1266;1845.095;2998.4714;1852.8132;3003.3863;1846.721;3006.4431;1840.3831;3001.5572;1841.7984;3008.656;1840.8376;2997.0924;1833.1025
3083460.0;3014.8671;1823.0804;3006.7672;1846.2942;3005.5853;1845.1958;3003.6076;1846.9315;2998.4197;1852.8664;3004.0343;1848.1533;3006.0866;1842.4521;3000.9782;1843.672;3008.2584;1843.1573;2995.683;1833.6856
3083480.0;3015.4478;1824.2389;3006.1513;1848.469;3005.3752;1847.2789;3003.0858;1848.7726;2998.3759;1852.8929;3004.7086;1849.6588;3005.6692;1844.5204;3000.4288;1845.4616;3007.7599;1845.509;2994.2737;1834.2687
3083500.0;3015.9564;1825.4108;3005.4939;1850.655;3005.1549;1849.3678;3002.5907;1850.6375;2998.3452;1852.8903;3005.3246;1851.2533;3005.1871;1846.5723;2999.9277;1847.1442;3007.1852;1847.8748;2992.8643;1834.8518
3083520.0;3016.416;1826.5772;3004.8101;1852.8497;3004.9157;1851.4599;3002.1422;1852.5377;2998.3329;1852.8629;3005.8364;1852.9356;3004.6287;1848.5916;2999.4817;1848.7026;3006.5599;1850.2471;2991.455;1835.4349
3083540.0;3016.8176;1827.7503;3004.1124;1855.0469;3004.6389;1853.5477;3001.741;1854.4707;2998.3409;1852.8202;3006.2264;1854.6904;3003.9816;1850.5676;2999.091;1850.1264;3005.9048;1852.6234;2990.0456;1836.018
3083560.0;3017.116;1828.9636;3003.4043;1857.2401;3004.2907;1855.617;3001.3653;1856.4221;2998.3655;1852.7695;3006.4814;1856.4949;3003.2416;1852.499;2998.7582;1851.4069;3005.2288;1854.9918;2988.6363;1836.6011
3083580.0;3017.2569;1830.2422;3002.6768;1859.4227;3003.8194;1857.6439;3000.9755;1858.3717;2998.4004;1852.7111;3006.5807;1858.3265;3002.4189;1854.3932;2998.4906;1852.5344;3004.5238;1857.3241;2987.2269;1837.1843
3083600.0;3017.2123;1831.5801;3001.9072;1861.5779;3003.1633;1859.5966;3000.5272;1860.2988;2998.4402;1852.6372;3006.4982;1860.1666;3001.5321;1856.2599;2998.2979;1853.5003;3003.7672;1859.5836;2985.8176;1837.7674
3083620.0;3016.9889;1832.9491;3001.0605;1863.6724;3002.274;1861.4432;2999.9805;1862.181;2998.4832;1852.538;3006.2123;1861.9991;3000.5948;1858.1021;2998.186;1854.3065;3002.9294;1861.7374;2984.4082;1838.3505
3083640.0;3016.6104;1834.3192;3000.0928;1865.6575;3001.1475;1863.1604;2999.3048;1863.9941;2998.5306;1852.4077;3005.708;1863.8037;2999.6054;1859.913;2998.1581;1854.9662;3001.9822;1863.7611;2982.9989;1838.9336
3083660.0;3016.085;1835.6768;2998.9625;1867.4818;2999.8303;1864.7384;2998.4771;1865.714;2998.5873;1852.2485;3004.9816;1865.5509;2998.5464;1861.6748;2998.2167;1855.4984;3000.9033;1865.6352;2981.5895;1839.5167
3083680.0;3015.3924;1837.0195;2997.6459;1869.1104;2998.3924;1866.1739;2997.4803;1867.3182;2998.6606;1852.0728;3004.0386;1867.2046;2997.3941;1863.3622;2998.363;1855.9196;2999.6766;1867.3419;2980.1802;1840.0998
3083700.0;3014.4594;1838.3662;2996.1459;1870.535;2996.8863;1867.4626;2996.3033;1868.7854;2998.7552;1851.8989;3002.8915;1868.7331;2996.1284;1864.9419;2998.5911;1856.2443;2998.2921;1868.8622;2978.7708;1840.6829
3083720.0;3013.1539;1839.7646;2994.4876;1871.7676;2995.3277;1868.5953;2994.9426;1870.0954;2998.8675;1851.7435;3001.5587;1870.116;2994.737;1866.374;2998.8852;1856.4941;2996.7452;1870.1751;2977.3615;1841.266
3083740.0;3011.3284;1841.2819;2992.7025;1872.8254;2993.7043;1869.5611;2993.4056;1871.2349;2998.9854;1851.6159;3000.0623;1871.3406;2993.2149;1867.6206;2999.2216;1856.6999;2995.0368;1871.2621;2975.9521;1841.8491
3083760.0;3008.9092;1842.9522;2990.8134;1873.7205;2991.9961;1870.3553;2991.7106;1872.2045;2999.096;1851.5209;2998.4248;1872.3906;2991.561;1868.6603;2999.5707;1856.8893;2993.174;1872.1159;2974.5428;1842.4323
3083780.0;3005.9677;1844.7212;2988.8314;1874.4609;2990.1902;1870.9869;2989.8825;1873.0194;2999.1945;1851.4606;2996.6639;1873.2411;2989.7767;1869.4971;2999.8971;1857.0689;2991.1711;1872.7534;2973.1334;1843.0154
3083800.0;3002.6838;1846.46;2986.7615;1875.057;2988.282;1871.4801;2987.9465;1873.7015;2999.2838;1851.4321;2994.7927;1873.8634;2987.8656;1870.1557;3000.1656;1857.2224;2989.0497;1873.2178;2971.7241;1843.5985
3083820.0;2999.2427;1848.0474;2984.6107;1875.5241;2986.2742;1871.8711;2985.9219;1874.268;2999.3673;1851.4225;2992.8245;1874.2373;2985.8352;1870.668;3000.3555;1857.3326;2986.8358;1873.5695;2970.3147;1844.1816
3083840.0;2995.7759;1849.4406;2982.388;1875.8808;2984.1752;1872.2022;2983.8196;1874.727;2999.4458;1851.4128;2990.7759;1874.3598;2983.6986;1871.0613;3000.4698;1857.3987;2984.5556;1873.869;2968.9054;1844.7647
3083860.0;2992.3733;1850.6682;2980.1014;1876.1464;2981.9978;1872.5125;2981.6432;1875.0787;2999.5187;1851.3879;2988.6676;1874.2415;2981.4736;1871.3579;3000.5279;1857.4341;2982.2292;1874.1615;2967.496;1845.3478
3083880.0;2989.103;1851.7759;2977.7557;1876.3386;2979.757;1872.8288;2979.3937;1875.3208;2999.5865;1851.344;2986.5209;1873.8954;2979.1776;1871.5763;3000.5486;1857.4499;2979.8637;1874.4646;2966.0867;1845.9309
3083900.0;2985.9938;1852.7914;2975.358;1876.473;2977.4659;1873.1591;2977.0739;1875.4512;2999.6513;1851.289;2984.3558;1873.3315;2976.8235;1871.7277;3000.5416;1857.4483;2977.4545;1874.7661;2964.6773;1846.514
3083920.0;2983.0202;1853.7142;2972.9203;1876.5617;2975.1335;1873.4883;2974.6938;1875.4707;2999.7146;1851.2363;2982.1893;1872.5621;2974.4192;1871.8133;3000.5112;1857.4279;2974.9935;1875.0317;2963.268;1847.0972
3083940.0;2980.1142;1854.5242;2970.456;1876.6112;2972.7653;1873.7843;2972.27;1875.3819;2999.7768;1851.1945;2980.0354;1871.6111;2971.9708;1871.8218;3000.4633;1857.3898;2972.479;1875.217;2961.8587;1847.6803
3083960.0;2977.2155;1855.1769;2967.972;1876.62;2970.3623;1873.9908;2969.8229;1875.187;2999.8374;1851.1611;2977.9099;1870.5103;2969.4866;1871.7349;3000.405;1857.3375;2969.919;1875.2806;2960.4493;1848.2634
3083980.0;2974.3003;1855.6142;2965.4696;1876.5689;2967.9231;1874.0214;2967.3715;1874.8813;2999.8949;1851.1276;2975.836;1869.2864;2966.9797;1871.5305;3000.3419;1857.2749;2967.326;1875.1888;2959.04;1848.8465
3084000.0;2971.3851;1855.7836;2962.9541;1876.412;2965.4521;1873.7697;2964.9306;1874.4522;2999.9477;1851.0906;2973.8444;1867.9492;2964.4691;1871.1833;3000.2749;1857.2096;2964.7158;1874.9163;2957.6306;1849.4296
3084020.0;2968.5132;1855.6542;2960.4443;1876.0723;2962.9668;1873.1521;2962.5126;1873.8824;2999.9962;1851.0564;2971.9671;1866.4921;2961.9792;1870.6632;3000.2004;1857.1534;2962.1089;1874.4432;2956.2213;1850.0127
3084040.0;2965.7304;1855.2181;2957.9727;1875.459;2960.5001;1872.159;2960.13;1873.1558;3000.0446;1851.0314;2970.2291;1864.9019;2959.5365;1869.9386;3000.1137;1857.1167;2959.5322;1873.7509;2954.8119;1850.5958
3084060.0;2963.0732;1854.4852;2955.577;1874.5035;2958.0905;1870.8585;2957.7965;1872.2563;3000.0999;1851.0108;2968.6469;1863.1712;2957.1686;1868.9836;3000.0142;1857.1002;2957.015;1872.8197;2953.4026;1851.1789
3084080.0;2960.5651;1853.484;2953.2876;1873.1947;2955.7715;1869.3421;2955.5276;1871.1661;3000.1687;1850.9797;2967.2291;1861.3022;2954.9046;1867.785;2999.9098;1857.0929;2954.5877;1871.6294;2951.9932;1851.762
3084100.0;2958.2242;1852.2584;2951.1238;1871.5827;2953.5689;1867.6637;2953.3406;1869.8631;3000.2536;1850.9256;2965.981;1859.3029;2952.7763;1866.3423;2999.8152;1857.0799;2952.2829;1870.164;2950.5839;1852.3452
3084120.0;2956.0683;1850.8529;2949.0951;1869.7448;2951.5044;1865.8266;2951.2578;1868.3224;3000.3512;1850.8472;2964.9078;1857.1843;2950.8166;1864.6608;2999.7433;1857.0533;2950.1361;1868.4178;2949.1745;1852.9283
3084140.0;2954.1189;1849.2843;2947.2094;1867.7382;2949.5987;1863.8113;2949.3059;1866.5213;3000.4526;1850.7532;2964.0171;1854.959;2949.0573;1862.7484;2999.6994;1857.0144;2948.1822;1866.3979;2947.7652;1853.5114
3084160.0;2952.4008;1847.5233;2945.4784;1865.5779;2947.8696;1861.6078;2947.5136;1864.4483;3000.5473;1850.6556;2963.317;1852.642;2947.5256;1860.6163;2999.6818;1856.9692;2946.4502;1864.1241;2946.3759;1854.0238
3084180.0;2950.9389;1845.5134;2943.9192;1863.2537;2946.331;1859.2274;2945.9055;1862.1155;3000.6274;1850.5647;2962.8136;1850.2484;2946.243;1858.2823;2999.6845;1856.924;2944.9613;1861.6247;2945.0447;1854.3336
3084200.0;2949.7459;1843.2174;2942.5497;1860.7608;2944.9937;1856.6889;2944.4988;1859.5617;3000.6906;1850.4886;2962.5068;1847.791;2945.2211;1855.7714;2999.6989;1856.8846;2943.7296;1858.9339;2943.8737;1854.0868
3084220.0;2948.8087;1840.6561;2941.3853;1858.1126;2943.8687;1854.0129;2943.3027;1856.8379;3000.7383;1850.4331;2962.3889;1845.2823;2944.4604;1853.1119;2999.7148;1856.8554;2942.7646;1856.0883;2943.0291;1852.7125
3084240.0;2948.0831;1837.9085;2940.4376;1855.3362;2942.9664;1851.2186;2942.3226;1853.9882;3000.7747;1850.4018;2962.4466;1842.7381;2943.9481;1850.3323;2999.7211;1856.8378;2942.0723;1853.1242;2942.661;1849.7165
3084260.0;2947.5039;1835.0742;2939.7168;1852.4608;2942.2941;1848.3305;2941.5635;1851.0406;3000.8027;1850.3968;2962.6638;1840.1777;2943.6648;1847.4602;2999.7131;1856.8293;2941.6536;1850.0723;2942.7408;1845.2585
3084280.0;2947.0074;1832.2372;2939.2313;1849.5134;2941.8528;1845.3788;2941.0317;1848.0154;3000.823;1850.4187;2963.0262;1837.6201;2943.5916;1844.5232;2999.6931;1856.8264;2941.5011;1846.9562;2942.9934;1840.3942
3084300.0;2946.5547;1829.4532;2938.9895;1846.5192;2941.6404;1842.3928;2940.7335;1844.9342;3000.8347;1850.4627;2963.524;1835.081;2943.7179;1841.5498;2999.6676;1856.8266;2941.5959;1843.7908;2943.0765;1836.4567
3084320.0;2946.1416;1826.7556;2938.9982;1843.5026;2941.6568;1839.3933;2940.6729;1841.8225;3000.8375;1850.5173;2964.1543;1832.5728;2944.0421;1838.5679;2999.6428;1856.8294;2941.9118;1840.5891;2942.8715;1834.0437
3084340.0;2945.7903;1824.1628;2939.2636;1840.4883;2941.9071;1836.3941;2940.8493;1838.7062;3000.8322;1850.5666;2964.9203;1830.1094;2944.5677;1835.6011;2999.6244;1856.8345;2942.4235;1837.3706;2942.5797;1832.6939
3084360.0;2945.5272;1821.6842;2939.7892;1837.5027;2942.3963;1833.4116;2941.2563;1835.61;3000.8173;1850.6006;2965.8311;1827.7096;2945.2958;1832.6671;2999.6195;1856.8388;2943.1152;1834.1683;2942.5458;1831.4964
3084380.0;2945.3674;1819.3209;2940.5744;1834.5738;2943.1225;1830.4698;2941.8832;1832.5574;3000.7884;1850.6183;2966.8993;1825.3965;2946.2229;1829.779;2999.6345;1856.8332;2943.9817;1831.0238;2943.0262;1829.8345
3084400.0;2945.3182;1817.0678;2941.6117;1831.7294;2944.0775;1827.5982;2942.7206;1829.5708;3000.7432;1850.6216;2968.1375;1823.1934;2947.3405;1826.949;2999.6684;1856.8053;2945.0237;1827.9759;2944.0938;1827.6012
3084420.0;2945.3906;1814.9121;2942.8866;1828.9936;2945.253;1824.8248;2943.7634;1826.6707;3000.6869;1850.6076;2969.5556;1821.1229;2948.6394;1824.1912;2999.7119;1856.7492;2946.2426;1825.0519;2945.6637;1825.0026
3084440.0;2945.5957;1812.8361;2944.3793;1826.3841;2946.6465;1822.1714;2945.013;1823.8768;3000.6311;1850.5695;2971.1582;1819.2087;2950.1107;1821.5213;2999.7518;1856.6726;2947.6367;1822.2711;2947.5826;1822.2528
3084460.0;2945.9271;1810.82;2946.0676;1823.9123;2948.2558;1819.6508;2946.4729;1821.2099;3000.5863;1850.5027;2972.9421;1817.4758;2951.7456;1818.9544;2999.7775;1856.5939;2949.2015;1819.6503;2949.6864;1819.5362
3084480.0;2946.3437;1808.8448;2947.9283;1821.5855;2950.0712;1817.2705;2948.1425;1818.6919;3000.5568;1850.4082;2974.8925;1815.9463;2953.5337;1816.5041;2999.7836;1856.5282;2950.931;1817.2045;2951.8708;1816.9466
3084500.0;2946.7786;1806.8941;2949.9386;1819.4112;2952.0716;1815.0366;2950.0126;1816.3404;3000.5408;1850.2916;2976.9825;1814.6356;2955.4646;1814.1856;2999.7702;1856.4763;2952.8194;1814.943;2954.102;1814.5275
3084520.0;2947.1687;1804.957;2952.076;1817.3976;2954.2292;1812.956;2952.0651;1814.1658;3000.5338;1850.1614;2979.1775;1813.5552;2957.5289;1812.0171;2999.744;1856.427;2954.8636;1812.8692;2956.3934;1812.2983
3084540.0;2947.4848;1803.03;2954.3205;1815.5523;2956.5196;1811.0328;2954.2768;1812.1706;3000.532;1850.0274;2981.4418;1812.7166;2959.7202;1810.0209;2999.7166;1856.3657;2957.0615;1810.9824;2958.7678;1810.2814
3084560.0;2947.741;1801.1141;2956.6568;1813.8793;2958.9303;1809.266;2956.6236;1810.3585;3000.5338;1849.9002;2983.7401;1812.1331;2962.0323;1808.2181;2999.7013;1856.2831;2959.4072;1809.2823;2961.2368;1808.4983
3084580.0;2947.9925;1799.2149;2959.0756;1812.3792;2961.4652;1807.6539;2959.0828;1808.742;3000.5405;1849.7932;2986.0342;1811.8163;2964.4568;1806.6303;2999.7071;1856.1764;2961.8872;1807.7745;2963.7993;1806.9672
3084600.0;2948.3218;1797.3459;2961.5723;1811.0524;2964.1358;1806.2067;2961.6358;1807.3476;3000.5556;1849.7254;2988.2824;1811.774;2966.9806;1805.2825;2999.7355;1856.0491;2964.4814;1806.4745;2966.4466;1805.7016
3084620.0;2948.8415;1795.5467;2964.1459;1809.9033;2966.9472;1804.9564;2964.2694;1806.2109;3000.5824;1849.7208;2990.4435;1812.0074;2969.5851;1804.211;2999.7787;1855.9089;2967.1668;1805.4056;2969.1662;1804.7172
3084640.0;2949.7089;1793.9;2966.798;1808.9429;2969.885;1803.9571;2966.9775;1805.3665;3000.6211;1849.7944;2992.4862;1812.5069;2972.246;1803.4602;2999.8235;1855.7669;2969.9204;1804.592;2971.9413;1804.0303
3084660.0;2951.1118;1792.5269;2969.5313;1808.1878;2972.9153;1803.2706;2969.7572;1804.8339;3000.6668;1849.9381;2994.3973;1813.2449;2974.9343;1803.0696;2999.8564;1855.6327;2972.7185;1804.0546;2974.7446;1803.6568
3084680.0;2953.1974;1791.5461;2972.3402;1807.6624;2975.9933;1802.9439;2972.6;1804.6122;3000.7102;1850.1197;2996.1833;1814.1785;2977.6175;1803.057;2999.8694;1855.5102;2975.5339;1803.8155;2977.5376;1803.6092
3084700.0;2955.9659;1791.0077;2975.1978;1807.4033;2979.0744;1802.9943;2975.4835;1804.6865;3000.7429;1850.2985;2997.8603;1815.266;2980.2595;1803.4144;2999.86;1855.3978;2978.3381;1803.899;2980.2755;1803.8981
3084720.0;2959.2334;1790.851;2978.0476;1807.4595;2982.1136;1803.4184;2978.3669;1805.0452;3000.7605;1850.4472;2999.4393;1816.4875;2982.8219;1804.1131;2999.8304;1855.2915;2981.1036;1804.323;2982.9138;1804.5284
3084740.0;2962.7116;1790.9196;2980.8125;1807.8775;2985.053;1804.2151;2981.1957;1805.6895;3000.7627;1850.562;3000.9183;1817.8455;2985.2653;1805.1169;2999.7862;1855.1927;2983.8032;1805.0881;2985.4124;1805.4924
3084760.0;2966.1365;1791.0228;2983.4161;1808.6757;2987.8102;1805.401;2983.9081;1806.629;3000.7512;1850.6533;3002.2904;1819.3465;2987.5502;1806.389;2999.7342;1855.1087;2986.403;1806.1802;2987.738;1806.7661
3084780.0;2969.3418;1791.004;2985.8039;1809.8265;2990.2916;1806.9918;2986.4432;1807.8654;3000.7283;1850.7286;3003.5561;1820.9823;2989.6393;1807.8944;2999.6778;1855.0591;2988.8551;1807.5813;2989.8645;1808.3167
3084800.0;2972.2595;1790.7824;2987.949;1811.2643;2992.4306;1808.9602;2988.7477;1809.3849;3000.6965;1850.784;3004.7247;1822.7291;2991.5029;1809.5975;2999.6137;1855.0739;2991.1013;1809.274;2991.7728;1810.1101
3084820.0;2974.8925;1790.3604;2989.8424;1812.92;2994.2182;1811.2147;2990.7824;1811.1593;3000.6557;1850.8064;3005.8052;1824.5603;2993.1246;1811.4613;2999.537;1855.1772;2993.0875;1811.2341;2993.4462;1812.1132
3084840.0;2977.2863;1789.8029;2991.4766;1814.7515;2995.6977;1813.6277;2992.5263;1813.1559;3000.6013;1850.7833;3006.7944;1826.4606;2994.5041;1813.4491;2999.4515;1855.3589;2994.781;1813.4197;2994.8692;1814.2901
3084860.0;2979.5012;1789.2112;2992.8415;1816.748;2996.9219;1816.1009;2993.9796;1815.343;3000.5265;1850.7117;3007.6682;1828.4304;2995.6531;1815.5318;2999.3738;1855.5612;2996.1748;1815.7765;2996.0312;1816.6046
3084880.0;2981.5781;1788.6901;2993.9283;1818.9073;2997.9109;1818.6073;2995.1596;1817.6906;3000.4311;1850.6013;3008.3824;1830.4826;2996.5883;1817.6918;2999.3233;1855.7091;2997.2808;1818.254;2996.9349;1819.0235
3084900.0;2983.521;1788.3349;2994.7376;1821.2083;2998.6477;1821.1748;2996.0926;1820.1661;3000.3257;1850.4725;3008.8832;1832.6286;2997.3264;1819.9236;2999.3079;1855.7612;2998.1194;1820.8178;2997.5976;1821.5198
3084920.0;2985.3034;1788.228;2995.2799;1823.6075;2999.1064;1823.8331;2996.802;1822.7334;3000.2267;1850.3461;3009.1264;1834.8653;2997.883;1822.2247;2999.3198;1855.7313;2998.7136;1823.4482;2998.0466;1824.0714
3084940.0;2986.8889;1788.4348;2995.5694;1826.0533;2999.287;1826.5664;2997.3019;1825.354;3000.1453;1850.2372;3009.0932;1837.1676;2998.274;1824.5871;2999.3421;1855.6624;2999.0834;1826.1269;2998.3084;1826.6608
3084960.0;2988.2607;1788.9884;2995.6213;1828.5031;2999.2263;1829.3129;2997.5989;1827.9915;3000.0831;1850.1558;3008.7946;1839.4956;2998.5127;1826.9952;2999.3594;1855.5891;2999.242;1828.8314;2998.4043;1829.2738
3084980.0;2989.4402;1789.8704;2995.454;1830.93;2998.9809;1832.0007;2997.7009;1830.615;3000.0363;1850.1123;3008.2633;1841.8072;2998.604;1829.4313;2999.3642;1855.5219;2999.1952;1831.5362;2998.3516;1831.8973
3085000.0;2990.4835;1791.0106;2995.0896;1833.323;2998.6017;1834.5875;2997.6225;1833.2016;3000.0015;1850.117;3007.5409;1844.0709;2998.5426;1831.8807;2999.359;1855.4546;2998.9517;1834.2205;2998.1689;1834.5165
3085020.0;2991.4466;1792.3269;2994.5544;1835.6834;2998.1215;1837.0714;2997.3855;1835.7373;2999.9769;1850.1737;3006.6651;1846.2701;2998.3186;1834.332;2999.3527;1855.3826;2998.5339;1836.8728;2997.8761;1837.1178
3085040.0;2992.3517;1793.769;2993.8769;1838.0197;2997.5586;1839.4779;2997.013;1838.2175;2999.9605;1850.2739;3005.6634;1848.4;2997.932;1836.7757;2999.3535;1855.3054;2997.9811;1839.4883;2997.4923;1839.6931
3085060.0;2993.1857;1795.3283;2993.0861;1840.3419;2996.9288;1841.8402;2996.5262;1840.6412;2999.9518;1850.4004;3004.553;1850.4638;2997.4001;1839.2054;2999.3626;1855.2253;2997.3414;1842.0663;2997.0313;1842.2417
3085080.0;2993.9279;1797.0022;2992.2102;1842.6564;2996.2519;1844.1873;2995.9446;1843.0053;2999.9537;1850.5388;3003.3458;1852.4714;2996.7561;1841.6177;2999.3729;1855.1397;2996.6588;1844.6053;2996.5025;1844.769
3085100.0;2994.5736;1798.7553;2991.2772;1844.9656;2995.5459;1846.5403;2995.2888;1845.3035;2999.9696;1850.6834;3002.0539;1854.4352;2996.0384;1844.0113;2999.3751;1855.0393;2995.9638;1847.1037;2995.912;1847.2808
3085120.0;2995.1321;1800.524;2990.3144;1847.2691;2994.8209;1848.9092;2994.5795;1847.5324;3000.0007;1850.8364;3000.6898;1856.3655;2995.281;1846.3849;2999.3619;1854.9143;2995.27;1849.5633;2995.2665;1849.7793
3085140.0;2995.6075;1802.2601;2989.3475;1849.566;2994.0766;1851.2951;2993.8372;1849.6998;3000.0459;1851.0;2999.266;1858.2684;2994.5058;1848.7383;2999.3289;1854.7607;2994.5751;1851.9903;2994.5736;1852.2623
3085160.0;2995.9908;1803.958;2988.3955;1851.8561;2993.3084;1853.6947;2993.0792;1851.825;3000.1038;1851.1732;2997.7957;1860.1487;2993.7234;1851.074;2999.2735;1854.5817;2993.8681;1854.3901;2993.8418;1854.7257
3085180.0;2996.2687;1805.6429;2987.4684;1854.1403;2992.5132;1856.1054;2992.3174;1853.9312;3000.1729;1851.3495;2996.2941;1862.0136;2992.9372;1853.3958;2999.1933;1854.3846;2993.1381;1856.7627;2993.0776;1857.167
3085200.0;2996.432;1807.344;2986.568;1856.4201;2991.6938;1858.5277;2991.5538;1856.036;3000.2485;1851.5168;2994.7766;1863.8719;2992.1464;1855.7044;2999.0877;1854.1802;2992.3818;1859.105;2992.2862;1859.586
3085220.0;2996.4801;1809.079;2985.6901;1858.6991;2990.8572;1860.9638;2990.7816;1858.1477;3000.3246;1851.6633;2993.254;1865.7312;2991.3485;1857.9959;2998.9602;1853.9808;2991.6053;1861.4184;2991.4737;1861.9829
3085240.0;2996.415;1810.865;2984.8276;1860.985;2990.0129;1863.4144;2989.9902;1860.2664;3000.3969;1851.7826;2991.7337;1867.598;2990.5395;1860.2637;2998.8199;1853.7969;2990.8198;1863.7139;2990.649;1864.3572
3085260.0;2996.2312;1812.7405;2983.9734;1863.286;2989.1677;1865.8723;2989.1739;1862.3896;3000.4646;1851.8753;2990.2261;1869.4766;2989.7178;1862.5019;2998.6784;1853.6309;2990.0339;1866.0074;2989.8212;1866.708
3085280.0;2995.9055;1814.7695;2983.1226;1865.6043;2988.3207;1868.3211;2988.3344;1864.5135;3000.5295;1851.9479;2988.7557;1871.3695;2988.8855;1864.7088;2998.5453;1853.479;2989.2499;1868.3112;2988.9958;1869.0353
3085300.0;2995.393;1817.0262;2982.271;1867.9335;2987.4641;1870.7359;2987.4798;1866.6342;3000.5929;1852.0093;2987.3624;1873.2778;2988.0478;1866.8889;2998.4259;1853.3384;2988.4647;1870.629;2988.1733;1871.3386
3085320.0;2994.636;1819.566;2981.4134;1870.2633;2986.5899;1873.0931;2986.6191;1868.7476;3000.6558;1852.0693;2986.0884;1875.2037;2987.2108;1869.0524;2998.3215;1853.2125;2987.6737;1872.9566;2987.3514;1873.6148
3085340.0;2993.5934;1822.3999;2980.5459;1872.589;2985.6991;1875.3833;2985.7571;1870.8525;3000.7184;1852.1345;2984.9538;1877.1515;2986.381;1871.2113;2998.2302;1853.1089;2986.8754;1875.2842;2986.5303;1875.8609
3085360.0;2992.2562;1825.5109;2979.6701;1874.9144;2984.8073;1877.6202;2984.8946;1872.9532;3000.7804;1852.2048;2983.9419;1879.1235;2985.5664;1873.3745;2998.1467;1853.0317;2986.078;1877.6011;2985.7177;1878.0772
3085380.0;2990.6584;1828.8771;2978.7995;1877.245;2983.9423;1879.8368;2984.0314;1875.0598;3000.8409;1852.2736;2983.0084;1881.1164;2984.7754;1875.5446;2998.0636;1852.9781;2985.3012;1879.8972;2984.9361;1880.2691
3085400.0;2988.8781;1832.474;2977.9598;1879.5799;2983.137;1882.0656;2983.1753;1877.1824;3000.8978;1852.3333;2982.1232;1883.1227;2984.0166;1877.7192;2997.9741;1852.9414;2984.5776;1882.1599;2984.2247;1882.4429
3085420.0;2987.041;1836.2409;2977.1884;1881.9116;2982.421;1884.3204;2982.3474;1879.3254;3000.949;1852.38;2981.3039;1885.14;2983.3042;1879.8947;2997.8764;1852.9172;2983.9424;1884.3751;2983.6316;1884.6002
3085440.0;2985.3091;1840.059;2976.5309;1884.2305;2981.8155;1886.5918;2981.5818;1881.4853;3000.9938;1852.4124;2980.6105;1887.1744;2982.6643;1882.0696;2997.7753;1852.904;2983.4228;1886.5318;2983.1939;1886.7384
3085460.0;2983.8357;1843.7813;2976.0344;1886.5284;2981.3342;1888.859;2980.9184;1883.6546;3001.0354;1852.4307;2980.1012;1889.2349;2982.1366;1884.2405;2997.6826;1852.9027;2983.0319;1888.6336;2982.9193;1888.856
3085480.0;2982.7059;1847.303;2975.731;1888.7991;2980.9898;1891.1005;2980.3957;1885.827;3001.0809;1852.4399;2979.789;1891.3198;2981.7624;1886.3998;2997.6144;1852.9153;2982.7745;1890.7023;2982.7856;1890.9556
3085500.0;2981.9242;1850.5925;2975.6227;1891.0377;2980.7976;1893.2996;2980.0455;1887.9992;3001.1386;1852.4561;2979.6394;1893.4135;2981.5707;1888.5361;2997.5835;1852.9443;2982.657;1892.7664;2982.7623;1893.0407
3085520.0;2981.4481;1853.6702;2975.6817;1893.2418;2980.7699;1895.4475;2979.8919;1890.1657;3001.2131;1852.5024;2979.6096;1895.495;2981.57;1890.6379;2997.5902;1852.9875;2982.6901;1894.842;2982.8343;1895.1092
3085540.0;2981.2345;1856.5693;2975.8728;1895.4113;2980.9103;1897.5436;2979.9507;1892.3142;3001.3028;1852.5938;2979.6817;1897.5469;2981.755;1892.6961;2997.6186;1853.031;2982.8812;1896.9252;2983.0086;1897.1533
3085560.0;2981.2562;1859.3188;2976.1809;1897.5449;2981.2174;1899.5931;2980.2327;1894.4262;3001.4006;1852.7241;2979.868;1899.5575;2982.1181;1894.7039;2997.6466;1853.0551;2983.2254;1898.9974;2983.3036;1899.1631
3085580.0;2981.4964;1861.9423;2976.6213;1899.6348;2981.6953;1901.5992;2980.7434;1896.481;3001.4985;1852.8722;2980.1939;1901.5179;2982.656;1896.656;2997.6611;1853.0505;2983.7079;1901.0383;2983.737;1901.1295
3085600.0;2981.9363;1864.4624;2977.2263;1901.6646;2982.3582;1903.559;2981.484;1898.4602;3001.5913;1853.0179;2980.6828;1903.4184;2983.3664;1898.5501;2997.6645;1853.0246;2984.3179;1903.035;2984.3194;1903.0444
3085620.0;2982.5608;1866.8905;2978.0266;1903.6103;2983.2193;1905.4645;2982.4493;1900.3496;3001.6776;1853.1516;2981.3504;1905.2475;2984.2445;1900.3868;2997.6681;1852.9944;2985.0596;1904.977;2985.0554;1904.8982
3085640.0;2983.3591;1869.2272;2979.0398;1905.4461;2984.2751;1907.3045;2983.6285;1902.139;3001.7581;1853.2719;2982.2079;1906.9896;2985.282;1902.1675;2997.6817;1852.9717;2985.9515;1906.8518;2985.9446;1906.6794
3085660.0;2984.3262;1871.4616;2980.2712;1907.1493;2985.503;1909.0653;2985.0052;1903.8243;3001.8333;1853.3788;2983.2617;1908.6251;2986.471;1903.8907;2997.7094;1852.9589;2987.0127;1908.6436;2986.9845;1908.3746
3085680.0;2985.4579;1873.5773;2981.7181;1908.7044;2986.875;1910.728;2986.5586;1905.4085;3001.9032;1853.471;2984.5149;1910.1333;2987.8065;1905.5495;2997.7488;1852.9517;2988.2527;1910.3361;2988.1724;1909.9685
3085700.0;2986.7474;1875.5552;2983.3713;1910.1034;2988.374;1912.2709;2988.2642;1906.9004;3001.9676;1853.5464;2985.9648;1911.4958;2989.2847;1907.1313;2997.7938;1852.9442;2989.668;1911.9161;2989.5077;1911.442
3085720.0;2988.1826;1877.3784;2985.2145;1911.3447;2989.9977;1913.6717;2990.0954;1908.3101;3002.0262;1853.6028;2987.6015;1912.6989;2990.9004;1908.617;2997.8363;1852.9277;2991.2478;1913.3707;2990.9897;1912.7726
3085740.0;2989.7468;1879.0319;2987.2246;1912.4305;2991.7494;1914.9082;2992.0258;1909.645;3002.078;1853.6394;2989.408;1913.7327;2992.6458;1909.9825;2997.8703;1852.8931;2992.9787;1914.6895;2992.6143;1913.9376
3085760.0;2991.42;1880.504;2989.3747;1913.3669;2993.627;1915.9612;2994.0325;1910.9083;3002.1227;1853.6584;2991.3593;1914.5926;2994.5122;1911.2039;2997.8905;1852.8298;2994.8461;1915.8661;2994.3705;1914.9209
3085780.0;2993.1821;1881.7868;2991.6366;1914.1646;2995.6197;1916.8171;2996.0976;1912.0996;3002.1632;1853.6628;2993.4254;1915.282;2996.4917;1912.266;2997.8893;1852.729;2996.8339;1916.8966;2996.2423;1915.7162
3085800.0;2995.0148;1882.8798;2993.9826;1914.837;2997.7093;1917.4752;2998.2109;1913.212;3002.205;1853.6543;2995.5739;1915.8156;2998.5769;1913.1624;2997.8573;1852.5881;2998.9247;1917.7732;2998.2114;1916.3275
3085820.0;2996.9017;1883.7911;2996.3886;1915.3905;2999.8712;1917.9473;3000.3694;1914.2293;3002.2524;1853.6329;2997.7765;1916.2167;3000.7577;1913.8923;2997.7921;1852.4164;3001.1017;1918.4821;3000.2591;1916.7616
3085840.0;2998.8253;1884.5345;2998.8358;1915.818;3002.0792;1918.2438;3002.5764;1915.1251;3002.3047;1853.6005;3000.0123;1916.5057;3003.0181;1914.4538;2997.7073;1852.2371;3003.3492;1919.0071;3002.3661;1917.0231
3085860.0;3000.7676;1885.1221;3001.3105;1916.0989;3004.3143;1918.3619;3004.8369;1915.8693;3002.3567;1853.5635;3002.2663;1916.6906;3005.3352;1914.84;2997.627;1852.0785;3005.6524;1919.334;3004.5121;1917.1132
3085880.0;3002.7127;1885.5609;3003.8026;1916.2082;3006.5676;1918.2884;3007.152;1916.436;3002.4035;1853.5308;3004.5257;1916.7652;3007.6831;1915.0386;2997.5697;1851.9604;3007.9968;1919.451;3006.6767;1917.0337
3085900.0;3004.6531;1885.856;3006.3042;1916.1262;3008.8333;1918.0175;3009.5154;1916.8089;3002.4435;1853.5084;3006.778;1916.7185;3010.0375;1915.0356;2997.538;1851.8862;3010.3647;1919.3509;3008.8396;1916.7871
3085920.0;3006.5912;1886.0187;3008.8088;1915.8473;3011.1007;1917.5629;3011.9143;1916.9813;3002.4782;1853.4963;3009.012;1916.542;3012.3783;1914.8208;2997.5236;1851.8472;3012.7362;1919.0367;3010.9793;1916.3723
3085940.0;3008.5342;1886.068;3011.3097;1915.3814;3013.3549;1916.9514;3014.3326;1916.9542;3002.5103;1853.4913;3011.2191;1916.2277;3014.6882;1914.3918;2997.5158;1851.8303;3015.092;1918.5256;3013.073;1915.7794
3085960.0;3010.4866;1886.0235;3013.7959;1914.7491;3015.5832;1916.2072;3016.7545;1916.7339;3002.5427;1853.4897;3013.3934;1915.7602;3016.9522;1913.7532;2997.5065;1851.8261;3017.42;1917.8466;3015.0999;1914.9954
3085980.0;3012.4446;1885.8954;3016.2492;1913.9726;3017.7759;1915.3409;3019.1658;1916.3299;3002.579;1853.4893;3015.5302;1915.1181;3019.157;1912.9155;2997.4916;1851.8317;3019.7157;1917.0312;3017.0463;1914.0186
3086000.0;3014.3963;1885.6811;3018.6443;1913.0664;3019.9224;1914.3501;3021.5534;1915.7509;3002.6229;1853.4895;3017.6225;1914.2851;3021.2926;1911.8962;2997.4709;1851.8508;3021.9772;1916.1039;3018.9097;1912.8687
3086020.0;3016.3253;1885.368;3020.9544;1912.0326;3022.0094;1913.2272;3023.9048;1915.0025;3002.676;1853.4905;3019.6601;1913.2616;3023.3528;1910.7181;2997.4506;1851.8933;3024.1988;1915.0805;3020.6981;1911.5812
3086040.0;3018.2148;1884.9394;3023.157;1910.8614;3024.024;1911.97;3026.2065;1914.0875;3002.7364;1853.4938;3021.6312;1912.0634;3025.3341;1909.4021;2997.4414;1851.9693;3026.3689;1913.9673;3022.4219;1910.1796
3086060.0;3020.0494;1884.3731;3025.2367;1909.5362;3025.9569;1910.5788;3028.4432;1913.0075;3002.8004;1853.5024;3023.5245;1910.7106;3027.2322;1907.9617;2997.4542;1852.0824;3028.4678;1912.758;3024.0841;1908.6515
3086080.0;3021.8142;1883.6397;3027.1838;1908.0433;3027.8001;1909.0448;3030.5972;1911.7612;3002.8637;1853.5196;3025.329;1909.2116;3029.0392;1906.402;2997.4955;1852.2272;3030.4709;1911.4323;3025.6781;1906.9572
3086100.0;3023.493;1882.7043;3028.9927;1906.3783;3029.5435;1907.3424;3032.6484;1910.3424;3002.9241;1853.5471;3027.0324;1907.5612;3030.7428;1904.7234;2997.5652;1852.3913;3032.3527;1909.959;3027.1959;1905.0703
3086120.0;3025.0686;1881.5388;3030.6602;1904.5434;3031.1746;1905.4393;3034.5715;1908.7397;3002.981;1853.582;3028.6186;1905.7495;3032.3294;1902.9261;2997.6557;1852.5614;3034.0909;1908.3023;3028.6374;1903.0162
3086140.0;3026.5245;1880.1337;3032.1834;1902.5434;3032.6827;1903.3217;3036.3382;1906.9419;3003.0336;1853.6168;3030.0702;1903.7742;3033.7885;1901.0089;2997.7563;1852.7266;3035.6655;1906.4287;3030.008;1900.8568
3086160.0;3027.845;1878.5033;3033.5572;1900.386;3034.0605;1901.0061;3037.9206;1904.9425;3003.0793;1853.6443;3031.3736;1901.6434;3035.1141;1898.9686;2997.8582;1852.8789;3037.0578;1904.3168;3031.3084;1898.6414
3086180.0;3029.014;1876.6762;3034.7782;1898.0848;3035.3034;1898.5318;3039.2959;1902.7433;3003.1135;1853.6616;3032.5256;1899.3684;3036.3033;1896.8021;2997.958;1853.0125;3038.2508;1901.9686;3032.5284;1896.3747
3086200.0;3030.0186;1874.6817;3035.8462;1895.6571;3036.4086;1895.9396;3040.4502;1900.3546;3003.1324;1853.6701;3033.5313;1896.9575;3037.3533;1894.5119;2998.0573;1853.1233;3039.2361;1899.416;3033.6515;1894.0326
3086220.0;3030.8562;1872.5432;3036.7641;1893.119;3037.376;1893.2565;3041.3815;1897.7953;3003.1349;1853.6734;3034.398;1894.4175;3038.2582;1892.1087;2998.1584;1853.2079;3040.0169;1896.714;3034.6615;1891.5967
3086240.0;3031.5383;1870.2801;3037.5309;1890.4808;3038.2073;1890.4918;3042.1036;1895.0939;3003.1238;1853.6746;3035.1285;1891.7584;3039.0097;1889.6103;2998.2605;1853.2653;3040.6073;1893.9248;3035.5439;1889.068
3086260.0;3032.0811;1867.9126;3038.1377;1887.7489;3038.9008;1887.6437;3042.6462;1892.2877;3003.106;1853.676;3035.7221;1888.9971;3039.5988;1887.0349;2998.3604;1853.2993;3041.0267;1891.1027;3036.286;1886.4588
3086280.0;3032.494;1865.4624;3038.5716;1884.931;3039.4497;1884.7114;3043.0476;1889.4148;3003.0911;1853.6796;3036.1784;1886.1534;3040.0198;1884.3977;2998.4554;1853.3177;3041.2933;1888.2805;3036.8763;1883.7794
3086300.0;3032.772;1862.946;3038.8243;1882.0405;3039.8435;1881.7031;3043.3414;1886.5046;3003.0871;1853.689;3036.4984;1883.244;3040.2705;1881.7087;2998.5419;1853.3316;3041.42;1885.4621;3037.3083;1881.0385
3086320.0;3032.8981;1860.3722;3038.8977;1879.0983;3040.0743;1878.637;3043.5435;1883.5701;3003.0953;1853.7079;3036.6847;1880.2801;3040.352;1878.9721;2998.6124;1853.3517;3041.4137;1882.6264;3037.5807;1878.2403
3086340.0;3032.8488;1857.7464;3038.8015;1876.1267;3040.1392;1875.5367;3043.6508;1880.6104;3003.1089;1853.7382;3036.7392;1877.2716;3040.2691;1876.1869;2998.6561;1853.3844;3041.2755;1879.7441;3037.6948;1875.385
3086360.0;3032.6031;1855.0778;3038.5443;1873.1422;3040.0398;1872.4268;3043.6482;1877.6209;3003.1171;1853.7765;3036.6653;1874.2321;3040.0322;1873.3522;2998.6685;1853.429;3041.003;1876.7963;3037.6531;1872.4732
3086380.0;3032.1496;1852.3844;3038.1324;1870.1549;3039.7807;1869.3285;3043.5205;1874.6024;3003.1129;1853.8148;3036.4683;1871.181;3039.6547;1870.4735;2998.6599;1853.4786;3040.5942;1873.7833;3037.4576;1869.5118
3086400.0;3031.4892;1849.6912;3037.5739;1867.1728;3039.3657;1866.257;3043.2562;1871.5623;3003.0972;1853.8449;3036.1546;1868.1408;3039.1472;1867.5651;2998.6513;1853.5266;3040.0535;1870.7222;3037.1104;1866.5168
3086420.0;3030.6322;1847.0248;3036.8834;1864.207;3038.7976;1863.2202;3042.849;1868.5103;3003.0763;1853.8627;3035.7298;1865.1303;3038.5136;1864.6474;2998.6587;1853.571;3039.3941;1867.6331;3036.6118;1863.5094
3086440.0;3029.5951;1844.406;3036.0769;1861.2686;3038.081;1860.2193;3042.2949;1865.4556;3003.0568;1853.8684;3035.1969;1862.1598;3037.752;1861.7405;2998.6833;1853.6143;3038.6314;1864.5303;3035.9579;1860.5102
3086460.0;3028.401;1841.846;3035.165;1858.3637;3037.2265;1857.2541;3041.593;1862.4064;3003.0408;1853.863;3034.5551;1859.2305;3036.8565;1858.8601;2998.715;1853.6593;3037.773;1861.422;3035.1408;1857.5395
3086480.0;3027.0816;1839.3453;3034.1465;1855.4929;3036.2476;1854.3254;3040.7456;1859.3726;3003.0267;1853.8463;3033.7969;1856.3403;3035.8206;1856.016;2998.7433;1853.7099;3036.8102;1858.3192;3034.1536;1854.6153
3086500.0;3025.6712;1836.8974;3033.0101;1852.6566;3035.1507;1851.437;3039.7569;1856.3648;3003.014;1853.8198;3032.9049;1853.493;3034.6371;1853.2137;2998.7647;1853.7704;3035.7171;1855.2395;3032.9945;1851.7494
3086520.0;3024.1979;1834.493;3031.7389;1849.8588;3033.9288;1848.5955;3038.6298;1853.3939;3003.0049;1853.7909;3031.85;1850.7024;3033.3011;1850.4562;2998.7835;1853.8431;3034.4564;1852.2059;3031.6669;1848.947
3086540.0;3022.6712;1832.1258;3030.3152;1847.1096;3032.5652;1845.8117;3037.3635;1850.4705;3003.0036;1853.7711;3030.5963;1847.9907;3031.8083;1847.7473;2998.8071;1853.9261;3032.9903;1849.2435;3030.1739;1846.2134
3086560.0;3021.0764;1829.7997;3028.726;1844.4258;3031.0407;1843.1029;3035.951;1847.6063;3003.0108;1853.7701;3029.1141;1845.3838;3030.155;1845.0935;2998.8432;1854.0151;3031.2906;1846.3813;3028.5139;1843.5595
3086580.0;3019.374;1827.5368;3026.9624;1841.8293;3029.3378;1840.492;3034.3813;1844.8146;3003.0236;1853.7874;3027.3903;1842.9088;3028.3359;1842.5076;2998.8964;1854.1073;3029.3446;1843.6511;3026.6801;1841.0013
3086600.0;3017.5121;1825.3762;3025.0168;1839.3443;3027.4397;1838.0037;3032.6421;1842.1094;3003.0385;1853.8137;3025.4314;1840.5899;3026.3448;1840.0094;2998.9676;1854.203;3027.1557;1841.0833;3024.6643;1838.5569
3086620.0;3015.443;1823.3634;3022.8823;1836.9925;3025.3334;1835.6616;3030.7246;1839.5026;3003.0536;1853.8412;3023.2579;1838.4442;3024.1753;1837.6278;2999.0546;1854.3013;3024.7412;1838.7033;3022.4617;1836.2479
3086640.0;3013.1401;1821.5373;3020.5571;1834.7893;3023.0138;1833.4889;3028.6248;1837.0034;3003.0683;1853.8722;3020.8976;1836.4777;3021.8235;1835.4008;2999.1517;1854.3966;3022.1291;1836.5334;3020.0757;1834.1036
3086660.0;3010.6035;1819.9262;3018.0482;1832.743;3020.4869;1831.5111;3026.3443;1834.6225;3003.0816;1853.9155;3018.3814;1834.6905;3019.2908;1833.3733;2999.2514;1854.4787;3019.355;1834.5956;3017.5181;1832.1605
3086680.0;3007.8605;1818.5465;3015.3713;1830.8573;3017.7684;1829.7537;3023.8905;1832.3789;3003.0918;1853.9771;3015.7403;1833.083;3016.5867;1831.5929;2999.3474;1854.5387;3016.4588;1832.9103;3014.8076;1830.452
3086700.0;3004.9608;1817.404;3012.548;1829.1385;3014.8837;1828.2362;3021.2776;1830.2996;3003.0968;1854.0547;3013.0037;1831.6623;3013.7296;1830.0995;2999.4374;1854.5746;3013.48;1831.4908;3011.9677;1828.9976
3086720.0;3001.9648;1816.4967;3009.6043;1827.6053;3011.8673;1826.9689;3018.5253;1828.4149;3003.0947;1854.1401;3010.1982;1830.4409;3010.7478;1828.9162;2999.5219;1854.592;3010.4532;1830.3389;3009.0287;1827.801
3086740.0;2998.9269;1815.8238;3006.5708;1826.288;3008.7647;1825.954;3015.6557;1826.7526;3003.0849;1854.2225;3007.3495;1829.4316;3007.6782;1828.0475;2999.6019;1854.5987;3007.4062;1829.4471;3006.0277;1826.8618
3086760.0;2995.8839;1815.3899;3003.4818;1825.2159;3005.628;1825.1895;3012.6897;1825.3444;3003.07;1854.288;3004.4861;1828.6479;3004.5642;1827.4843;2999.6789;1854.6009;3004.3592;1828.8053;3003.0065;1826.1892
3086780.0;2992.8575;1815.2044;3000.3724;1824.4016;3002.5101;1824.6699;3009.6464;1824.2318;3003.0543;1854.3231;3001.6397;1828.1102;3001.4515;1827.2143;2999.756;1854.6025;3001.3278;1828.4081;3000.0038;1825.8005
3086800.0;2989.8649;1815.2758;2997.2762;1823.8362;2999.4574;1824.3891;3006.5476;1823.4664;3003.0402;1854.3215;2998.8409;1827.8523;2998.3835;1827.2261;2999.8379;1854.6061;2998.3286;1828.2578;2997.0503;1825.7109
3086820.0;2986.9264;1815.6134;2994.2237;1823.5005;2996.5052;1824.3469;3003.4224;1823.0959;3003.028;1854.2873;2996.1127;1827.9144;2995.4014;1827.5125;2999.9271;1854.6155;2995.3868;1828.3663;2994.1718;1825.9288
3086840.0;2984.0666;1816.2257;2991.2435;1823.3787;2993.6767;1824.5548;3000.3112;1823.1505;3003.0187;1854.234;2993.4713;1828.3209;2992.5455;1828.0718;3000.0223;1854.6348;2992.5406;1828.7553;2991.3951;1826.4587
3086860.0;2981.3144;1817.1157;2988.363;1823.4686;2990.985;1825.0344;2997.2655;1823.6354;3003.0181;1854.1774;2990.9347;1829.0613;2989.856;1828.9074;3000.1198;1854.6668;2989.8367;1829.4498;2988.7536;1827.3016
3086880.0;2978.7039;1818.2721;2985.5977;1823.7767;2988.4408;1825.805;2994.344;1824.5384;3003.0329;1854.1311;2988.5311;1830.0935;2987.3699;1830.0163;3000.2192;1854.7109;2987.3172;1830.4631;2986.2872;1828.4455
3086900.0;2976.2748;1819.6692;2982.9454;1824.3172;2986.0584;1826.8721;2991.6051;1825.8368;3003.0654;1854.1035;2986.2957;1831.3638;2985.1192;1831.3814;3000.3238;1854.7643;2985.0118;1831.7823;2984.0389;1829.8581
3086920.0;2974.0674;1821.2714;2980.3968;1825.1149;2983.8601;1828.2207;2989.0951;1827.4971;3003.1111;1854.0989;2984.2614;1832.8255;2983.1299;1832.9706;3000.442;1854.8265;2982.9402;1833.3682;2982.0503;1831.4891
3086940.0;2972.1165;1823.0392;2977.9711;1826.2308;2981.874;1829.8176;2986.8406;1829.468;3003.1635;1854.1172;2982.4536;1834.4441;2981.4218;1834.7429;3000.5819;1854.9014;2981.1218;1835.1705;2980.3568;1833.2825
3086960.0;2970.4456;1824.9334;2975.7482;1827.7718;2980.1299;1831.6178;2984.848;1831.6815;3003.2196;1854.1529;2980.8897;1836.1934;2980.0057;1836.6559;3000.7461;1854.9922;2979.5815;1837.1424;2978.9796;1835.1866
3086980.0;2969.0673;1826.921;2973.8583;1829.856;2978.6544;1833.5728;2983.1151;1834.0634;3003.2799;1854.1923;2979.584;1838.0534;2978.884;1838.6696;3000.9244;1855.096;2978.347;1839.2476;2977.9222;1837.1652
3087000.0;2967.9828;1828.9799;2972.4214;1832.5347;2977.4692;1835.6433;2981.6472;1836.5518;3003.3444;1854.2172;2978.5525;1840.0086;2978.0544;1840.7499;3001.0919;1855.2035;2977.4428;1841.4527;2977.1737;1839.2008
3087020.0;2967.1843;1831.0984;2971.483;1835.7295;2976.595;1837.8073;2980.4659;1839.1022;3003.4096;1854.2138;2977.8128;1842.046;2977.515;1842.8705;3001.2201;1855.3041;2976.8842;1843.7185;2976.7194;1841.2848
3087040.0;2966.658;1833.2674;2970.9934;1839.2389;2976.0494;1840.0548;2979.6025;1841.6836;3003.4707;1854.1791;2977.3782;1844.1515;2977.263;1845.0104;3001.2939;1855.3927;2976.6724;1845.9996;2976.5475;1843.4041
3087060.0;2966.3936;1835.4726;2970.844;1842.8169;2975.8414;1842.3734;2979.0815;1844.2665;3003.5252;1854.1181;2977.2479;1846.3037;2977.2904;1847.1495;3001.3202;1855.4699;2976.7938;1848.2521;2976.6473;1845.5329
3087080.0;2966.3902;1837.691;2970.9285;1846.2607;2975.9648;1844.7371;2978.9093;1846.8201;3003.5759;1854.0369;2977.4046;1848.4732;2977.5784;1849.2656;3001.3207;1855.5381;2977.2221;1850.4436;2977.0027;1847.6412
3087100.0;2966.6565;1839.8943;2971.1837;1849.456;2976.3967;1847.1094;2979.0726;1849.3127;3003.6268;1853.9402;2977.8224;1850.6244;2978.1011;1851.3372;3001.3153;1855.5982;2977.923;1852.5566;2977.5911;1849.7085
3087120.0;2967.2003;1842.0528;2971.5956;1852.3655;2977.1061;1849.4563;2979.5446;1851.7173;3003.6791;1853.8325;2978.4751;1852.7211;2978.8313;1853.3447;3001.3125;1855.6475;2978.8585;1854.585;2978.3881;1851.727
3087140.0;2968.0203;1844.1366;2972.1846;1854.9979;2978.0631;1851.7527;2980.2908;1854.0092;3003.73;1853.721;2979.3387;1854.7339;2979.7471;1855.2716;3001.3104;1855.6807;2979.989;1856.5307;2979.3743;1853.6959
3087160.0;2969.0969;1846.1187;2972.9829;1857.3784;2979.246;1853.9756;2981.2752;1856.1638;3003.7757;1853.6145;2980.3898;1856.6441;2980.8312;1857.1049;3001.3057;1855.6924;2981.2762;1858.4017;2980.536;1855.6146
3087180.0;2970.3949;1847.9778;2974.0228;1859.5408;2980.6399;1856.0968;2982.4678;1858.1541;3003.8153;1853.5208;2981.6062;1858.4408;2982.068;1858.8398;3001.2979;1855.6807;2982.6881;1860.2085;2981.8666;1857.478
3087200.0;2971.8709;1849.6988;2975.3281;1861.5231;2982.23;1858.0867;2983.8486;1859.9545;3003.8494;1853.4454;2982.9697;1860.1152;2983.4417;1860.4794;3001.2898;1855.6471;2984.2022;1861.9588;2983.3646;1859.2741
3087220.0;2973.4894;1851.2683;2976.9074;1863.3631;2983.9957;1859.9249;2985.4094;1861.5499;3003.8777;1853.3912;2984.4675;1861.6565;2984.941;1862.0251;3001.2817;1855.5961;2985.8065;1863.6512;2985.0316;1860.9823
3087240.0;2975.2297;1852.671;2978.7501;1865.0823;2985.9118;1861.6026;2987.1497;1862.9415;3003.8998;1853.3593;2986.0923;1863.0535;2986.5621;1863.4652;3001.2715;1855.5311;2987.4998;1865.2702;2986.8652;1862.5751
3087260.0;2977.0829;1853.8927;2980.8256;1866.6755;2987.9547;1863.1137;2989.0712;1864.1425;3003.9176;1853.3493;2987.8413;1864.2962;2988.3108;1864.771;3001.2563;1855.4508;2989.2912;1866.7875;2988.8554;1864.0231
3087280.0;2979.0418;1854.9264;2983.0926;1868.1135;2990.1062;1864.4459;2991.1681;1865.1712;3003.935;1853.3613;2989.7159;1865.3761;2990.1965;1865.9077;3001.2365;1855.3506;2991.1983;1868.1659;2990.985;1865.3009
3087300.0;2981.0944;1855.7737;2985.5081;1869.3661;2992.3508;1865.5829;2993.422;1866.0432;3003.9559;1853.3961;2991.7186;1866.2828;2992.2254;1866.8474;3001.2173;1855.227;2993.2389;1869.3643;2993.2344;1866.3873
3087320.0;2983.2231;1856.4429;2988.033;1870.4151;2994.6724;1866.5144;2995.8;1866.7706;3003.9801;1853.4528;2993.8481;1867.0033;2994.3937;1867.5775;3001.2056;1855.0824;2995.4197;1870.3428;2995.5842;1867.2644
3087340.0;2985.4082;1856.942;2990.6316;1871.251;2997.0527;1867.2415;2998.2626;1867.3567;3004.0039;1853.527;2996.0935;1867.5236;2996.6868;1868.0961;3001.2055;1854.9255;2997.7286;1871.0647;2998.0151;1867.9146
3087360.0;2987.6304;1857.2726;2993.2704;1871.8529;2999.4735;1867.7715;3000.7752;1867.7922;3004.0225;1853.6111;2998.4336;1867.8289;2999.0819;1868.4037;3001.2155;1854.7667;3000.1376;1871.4963;3000.5018;1868.3198
3087380.0;2989.8733;1857.4245;2995.9149;1872.1822;3001.9169;1868.1074;3003.3144;1868.0511;3004.0342;1853.6984;3000.8375;1867.908;3001.5522;1868.4953;3001.2313;1854.6125;3002.609;1871.6068;3003.0108;1868.4653
3087400.0;2992.1249;1857.3764;2998.5323;1872.1949;3004.366;1868.241;3005.8663;1868.0966;3004.0401;1853.7855;3003.2673;1867.7512;3004.0702;1868.3605;3001.2483;1854.4638;3005.1031;1871.3728;3005.5025;1868.3469
3087420.0;2994.3764;1857.1075;3001.0963;1871.8631;3006.8052;1868.1572;3008.4172;1867.8909;3004.0431;1853.8709;3005.6828;1867.3507;3006.6078;1867.9861;3001.2631;1854.3153;3007.5813;1870.7903;3007.943;1867.9758
3087440.0;2996.6186;1856.6155;3003.5883;1871.1888;3009.2184;1867.8434;3010.9456;1867.4091;3004.0462;1853.9527;3008.0497;1866.6989;3009.1358;1867.3607;3001.2738;1854.1573;3010.0096;1869.8824;3010.312;1867.3739
3087460.0;2998.8386;1855.9257;3005.9966;1870.1979;3011.5876;1867.2921;3013.4214;1866.6467;3004.0527;1854.0285;3010.3425;1865.7929;3011.6205;1866.4774;3001.2807;1853.9804;3012.3612;1868.6949;3012.6028;1866.56
3087480.0;3001.018;1855.0824;3008.3104;1868.9254;3013.891;1866.5002;3015.8107;1865.6175;3004.0656;1854.0956;3012.5408;1864.6372;3014.0256;1865.3379;3001.2867;1853.7833;3014.6162;1867.281;3014.8106;1865.5419
3087500.0;3003.134;1854.1267;3010.5179;1867.4028;3016.1048;1865.4701;3018.0814;1864.344;3004.0861;1854.1514;3014.6205;1863.2444;3016.3172;1863.9556;3001.2968;1853.5785;3016.7573;1865.6831;3016.9235;1864.3215
3087520.0;3005.1631;1853.0812;3012.6088;1865.6579;3018.2046;1864.2097;3020.2075;1862.8494;3004.112;1854.1954;3016.5537;1861.6311;3018.4722;1862.356;3001.3169;1853.3887;3018.7659;1863.9244;3018.9228;1862.9032
3087540.0;3007.0837;1851.9523;3014.5737;1863.7203;3020.1658;1862.7283;3022.1695;1861.1563;3004.1376;1854.2321;3018.3183;1859.8182;3020.4819;1860.573;3001.3537;1853.2461;3020.6212;1862.0156;3020.7885;1861.2962
3087560.0;3008.8779;1850.7423;3016.4022;1861.6224;3021.9663;1861.0321;3023.9557;1859.2901;3004.1569;1854.2699;3019.9085;1857.8343;3022.3482;1858.6436;3001.4147;1853.1884;3022.3063;1859.9657;3022.501;1859.5119
3087580.0;3010.536;1849.4638;3018.0813;1859.3943;3023.5878;1859.124;3025.5583;1857.2795;3004.166;1854.3188;3021.3331;1855.7131;3024.0735;1856.6006;3001.5057;1853.2447;3023.8117;1857.7866;3024.0428;1857.5598
3087600.0;3012.0651;1848.1526;3019.5984;1857.0554;3025.0176;1857.0122;3026.9687;1855.1551;3004.1629;1854.3875;3022.6071;1853.4864;3025.6539;1854.4684;3001.6248;1853.4073;3025.136;1855.4921;3025.3981;1855.4501
3087620.0;3013.4961;1846.8716;3020.946;1854.6116;3026.2454;1854.7146;3028.173;1852.9455;3004.1463;1854.4827;3023.7414;1851.1787;3027.0754;1852.2608;3001.7563;1853.6159;3026.2811;1853.0929;3026.5548;1853.1979
3087640.0;3014.8776;1845.6905;3022.1201;1852.0596;3027.2585;1852.2577;3029.1549;1850.6748;3004.1153;1854.6109;3024.7393;1848.8069;3028.3167;1849.9844;3001.8766;1853.7857;3027.2493;1850.6;3027.5035;1850.8237
3087660.0;3016.2528;1844.6491;3023.1144;1849.3973;3028.0411;1849.6721;3029.9024;1848.3583;3004.0691;1854.7767;3025.5934;1846.3834;3029.349;1847.643;3001.9687;1853.8616;3028.0411;1848.0256;3028.2368;1848.3523
3087680.0;3017.6248;1843.7211;3023.9131;1846.6348;3028.5775;1846.9913;3030.4124;1846.002;3004.0075;1854.9766;3026.284;1843.9182;3030.1394;1845.2421;3002.0319;1853.846;3028.6507;1845.3842;3028.748;1845.8073
3087700.0;3018.9348;1842.8129;3024.4922;1843.7977;3028.8567;1844.2497;3030.6865;1843.6044;3003.9315;1855.1968;3026.7797;1841.4231;3030.6542;1842.7894;3002.0757;1853.7779;3029.0603;1842.6934;3029.03;1843.2089
3087720.0;3020.0443;1841.7788;3024.8248;1840.9203;3028.8747;1841.4805;3030.7248;1841.1619;3003.8457;1855.4129;3027.0438;1838.912;3030.8658;1840.2914;3002.1085;1853.6945;3029.2386;1839.9767;3029.0709;1840.574
3087740.0;3020.7336;1840.4417;3024.8881;1838.038;3028.6327;1838.7099;3030.5225;1838.6744;3003.759;1855.6014;3027.0438;1836.403;3030.7581;1837.7529;3002.1328;1853.6127;3029.144;1837.2655;3028.8532;1837.9177
3087760.0;3020.7478;1838.6463;3024.6694;1835.1818;3028.1335;1835.956;3030.0719;1836.152;3003.6817;1855.7512;3026.7608;1833.9166;3030.3286;1835.1836;3002.1483;1853.5342;3028.7334;1834.5946;3028.3565;1835.2561
3087780.0;3019.9014;1836.3436;3024.1659;1832.3805;3027.3779;1833.231;3029.3637;1833.6193;3003.6216;1855.8651;3026.1932;1831.474;3029.5839;1832.607;3002.1564;1853.4597;3027.9733;1831.9964;3027.5647;1832.6094
3087800.0;3018.1926;1833.6628;3023.3802;1829.6645;3026.3633;1830.5514;3028.3897;1831.1131;3003.5817;1855.9492;3025.3558;1829.0891;3028.5339;1830.062;3002.1595;1853.3897;3026.8489;1829.4957;3026.468;1830.006
3087820.0;3015.8221;1830.8836;3022.3094;1827.066;3025.0827;1827.9464;3027.1416;1828.6753;3003.5607;1856.0067;3024.2706;1826.7646;3027.1845;1827.5933;3002.1595;1853.3254;3025.3651;1827.1123;3025.0645;1827.484
3087840.0;3013.0801;1828.3035;3020.9425;1824.6163;3023.5267;1825.4652;3025.6137;1826.3468;3003.5548;1856.0375;3022.9545;1824.5022;3025.5378;1825.2399;3002.1564;1853.2676;3023.54;1824.8689;3023.3584;1825.0889
3087860.0;3010.1935;1826.1042;3019.2661;1822.346;3021.6874;1823.1694;3023.8036;1824.1687;3003.5603;1856.0423;3021.4096;1822.3215;3023.5961;1823.0344;3002.1483;1853.2181;3021.3975;1822.7965;3021.3602;1822.8663
3087880.0;3007.2578;1824.3246;3017.2775;1820.2853;3019.5653;1821.1189;3021.717;1822.1837;3003.5726;1856.0258;3019.6245;1820.2717;3021.3698;1821.0075;3002.133;1853.1806;3018.967;1820.9328;3019.0856;1820.8568
3087900.0;3004.2724;1822.9264;3014.9907;1818.4685;3017.1741;1819.3563;3019.3716;1820.4368;3003.5864;1855.9947;3017.5855;1818.4241;3018.8809;1819.193;3002.1102;1853.1567;3016.2853;1819.3143;3016.5569;1819.094
3087920.0;3001.2137;1821.8723;3012.432;1816.9398;3014.5411;1817.9054;3016.8001;1818.9728;3003.5964;1855.9568;3015.2916;1816.8541;3016.1617;1817.6258;3002.0827;1853.1443;3013.3969;1817.9662;3013.8043;1817.6065
3087940.0;2998.0857;1821.1661;3009.6369;1815.7527;3011.7046;1816.7798;3014.048;1817.8329;3003.6003;1855.9191;3012.7616;1815.6235;3013.2512;1816.3392;3002.0542;1853.1393;3010.3522;1816.9028;3010.8684;1816.4196
3087960.0;2994.9209;1820.8425;3006.6518;1814.9564;3008.7127;1815.9935;3011.1676;1817.0475;3003.5989;1855.8874;3010.0361;1814.772;3010.1943;1815.361;3002.0246;1853.1376;3007.207;1816.1335;3007.8001;1815.5568
3087980.0;2991.7674;1820.9394;3003.5413;1814.5726;3005.6249;1815.564;3008.2121;1816.6278;3003.59;1855.8706;3007.1749;1814.317;3007.0404;1814.7088;3001.9896;1853.1372;3004.0215;1815.6775;3004.6581;1815.0377
3088000.0;2988.6753;1821.4687;3000.3873;1814.5812;3002.5103;1815.5059;3005.2322;1816.5599;3003.5648;1855.8801;3004.2525;1814.2608;3003.8443;1814.3863;3001.9433;1853.1372;3000.8604;1815.5679;3001.5033;1814.8759
3088020.0;2985.689;1822.3956;2997.2733;1814.934;2999.4409;1815.8201;3002.2756;1816.8185;3003.5111;1855.9216;3001.3503;1814.5948;3000.6618;1814.3851;3001.8805;1853.1376;2997.7896;1815.8384;2998.3928;1815.0729
3088040.0;2982.849;1823.647;2994.2652;1815.5814;2996.4827;1816.4859;2999.3888;1817.3859;3003.4214;1855.9871;2998.5451;1815.2989;2997.5477;1814.6924;3001.7988;1853.1393;2994.8731;1816.4987;2995.3752;1815.6161
3088060.0;2980.1921;1825.1364;2991.4023;1816.4892;2993.6889;1817.4621;2996.6188;1818.2612;3003.2967;1856.057;2995.8958;1816.3381;2994.5508;1815.2968;3001.7004;1853.1446;2992.1661;1817.5225;2992.4908;1816.4805
3088080.0;2977.7508;1826.794;2988.7057;1817.6341;2991.1012;1818.7004;2994.0116;1819.4424;3003.1444;1856.1138;2993.4398;1817.6639;2991.7117;1816.1872;3001.5925;1853.1581;2989.7069;1818.8557;2989.773;1817.6366
3088100.0;2975.5538;1828.5816;2986.1938;1818.9977;2988.7542;1820.1582;2991.6079;1820.8996;3002.9741;1856.1516;2991.1988;1819.2255;2989.0602;1817.347;3001.4863;1853.1851;2987.5154;1820.4353;2987.2502;1819.0564
3088120.0;2973.6237;1830.486;2983.8929;1820.5623;2986.6792;1821.8059;2989.4381;1822.5678;3002.7963;1856.1728;2989.1886;1820.9806;2986.6198;1818.7517;3001.3916;1853.2289;2985.5958;1822.2056;2984.9466;1820.7117
3088140.0;2971.9739;1832.4956;2981.8363;1822.3126;2984.8993;1823.6197;2987.5212;1824.3745;3002.6233;1856.1783;2987.4252;1822.8964;2984.4131;1820.3733;3001.3167;1853.2882;2983.9435;1824.1249;2982.8828;1822.5674
3088160.0;2970.6058;1834.5837;2980.0566;1824.232;2983.4209;1825.5717;2985.8639;1826.2696;3002.4658;1856.1671;2985.9194;1824.9426;2982.4639;1822.1819;3001.2694;1853.3575;2982.548;1826.1602;2981.0773;1824.5807
3088180.0;2969.5053;1836.7043;2978.574;1826.2971;2982.2302;1827.6244;2984.4601;1828.2325;3002.3302;1856.1418;2984.6667;1827.0885;2980.7934;1824.1474;3001.2554;1853.4327;2981.3954;1828.2752;2979.5419;1826.705
3088200.0;2968.6443;1838.8082;2977.387;1828.4752;2981.2973;1829.7379;2983.2914;1830.255;3002.217;1856.109;2983.6426;1829.3065;2979.4138;1826.2378;3001.2709;1853.5162;2980.4697;1830.4242;2978.2764;1828.9004
3088220.0;2967.9841;1840.8623;2976.471;1830.7289;2980.5845;1831.8787;2982.3318;1832.3279;3002.1223;1856.0741;2982.8113;1831.5756;2978.3235;1828.4196;3001.2999;1853.6153;2979.75;1832.5602;2977.2669;1831.1363
3088240.0;2967.4836;1842.8604;2975.7842;1833.0238;2980.052;1834.0248;2981.5531;1834.4386;3002.0394;1856.0383;2982.1419;1833.88;2977.5098;1830.6618;3001.3211;1853.7339;2979.2056;1834.6517;2976.4936;1833.3898
3088260.0;2967.1047;1844.8185;2975.2797;1835.3362;2979.6641;1836.1644;2980.9297;1836.576;3001.9615;1856.0022;2981.6192;1836.2063;2976.9545;1832.9369;3001.3196;1853.8655;2978.7991;1836.6944;2975.9376;1835.641
3088280.0;2966.8168;1846.7604;2974.9149;1837.6529;2979.3932;1838.2938;2980.4398;1838.7311;3001.8831;1855.9692;2981.2427;1838.5454;2976.6408;1835.2237;3001.2942;1853.9933;2978.5001;1838.7068;2975.5819;1837.8743
3088300.0;2966.5996;1848.7045;2974.6566;1839.9689;2979.2239;1840.4159;2980.0693;1840.8952;3001.8021;1855.9444;2981.02;1840.8919;2976.5563;1837.5082;3001.2531;1854.1013;2978.2982;1840.7159;2975.4059;1840.0804
3088320.0;2966.4492;1850.6608;2974.4883;1842.2839;2979.1531;1842.5361;2979.8125;1843.0591;3001.7186;1855.93;2980.9624;1843.2389;2976.6931;1839.7853;3001.2058;1854.1834;2978.2076;1842.7398;2975.3863;1842.2598
3088340.0;2966.3794;1852.631;2974.4158;1844.6026;2979.187;1844.6569;2979.6746;1845.2159;3001.6347;1855.9249;2981.0792;1845.5701;2977.0435;1842.0558;3001.1567;1854.2452;2978.2582;1844.7825;2975.5056;1844.4196
3088360.0;2966.4206;1854.6098;2974.468;1846.9318;2979.3385;1846.776;2979.668;1847.3625;3001.5542;1855.9264;2981.371;1847.863;2977.597;1844.3211;3001.1046;1854.2958;2978.4835;1846.8409;2975.7608;1846.5683
3088380.0;2966.6107;1856.5861;2974.6911;1849.2738;2979.6223;1848.8851;2979.8095;1849.4991;3001.4808;1855.9295;2981.8244;1850.1013;2978.3352;1846.5797;3001.0447;1854.3398;2978.9078;1848.9118;2976.1607;1848.7087
3088400.0;2966.9853;1858.5451;2975.1323;1851.6194;2980.0503;1850.9724;2980.114;1851.6242;3001.4166;1855.9258;2982.4125;1852.2821;2979.2316;1848.8269;3000.971;1854.376;2979.538;1850.9889;2976.7146;1850.8345
3088420.0;2967.5689;1860.4697;2975.8202;1853.9475;2980.6279;1853.0249;2980.5922;1853.7312;3001.3616;1855.9057;2983.1042;1854.4089;2980.2533;1851.0576;3000.8796;1854.4038;2980.3664;1853.0561;2977.424;1852.9294
3088440.0;2968.371;1862.3401;2976.7492;1856.2318;2981.3539;1855.0321;2981.2488;1855.8067;3001.3173;1855.8656;2983.8749;1856.4826;2981.3685;1853.2648;3000.771;1854.4278;2981.3791;1855.0888;2978.2868;1854.9723
3088460.0;2969.3851;1864.137;2977.8833;1858.4496;2982.2245;1856.9857;2982.085;1857.8323;3001.2869;1855.8111;2984.7163;1858.4994;2982.5525;1855.4373;3000.6525;1854.4553;2982.5601;1857.0646;2979.3008;1856.9445
3088480.0;2970.5914;1865.849;2979.1779;1860.5846;2983.2387;1858.8755;2983.1008;1859.7884;3001.2709;1855.7521;2985.6378;1860.4549;2983.7936;1857.556;3000.5349;1854.4896;2983.8921;1858.973;2980.4624;1858.8356
3088500.0;2971.9607;1867.4747;2980.6061;1862.6212;2984.4027;1860.688;2984.2973;1861.6564;3001.2629;1855.6953;2986.6594;1862.3424;2985.0958;1859.59;3000.4258;1854.527;2985.3567;1860.8102;2981.7612;1860.6436
3088520.0;2973.4601;1869.0173;2982.1644;1864.5361;2985.7279;1862.4108;2985.6746;1863.4235;3001.2526;1855.6419;2987.8026;1864.1482;2986.4783;1861.4979;3000.3257;1854.5596;2986.9382;1862.5703;2983.1812;1862.37
3088540.0;2975.0584;1870.4776;2983.8589;1866.3046;2987.225;1864.0374;2987.2279;1865.0848;3001.2311;1855.5907;2989.0832;1865.85;2987.9674;1863.24;3000.23;1854.5821;2988.6284;1864.2433;2984.7067;1864.0147
3088560.0;2976.7305;1871.8566;2985.684;1867.92;2988.8951;1865.5678;2988.9417;1866.6447;3001.1954;1855.5386;2990.5065;1867.4284;2989.584;1864.799;3000.1339;1854.5945;2990.424;1865.8215;2986.3276;1865.5758
3088580.0;2978.4539;1873.1641;2987.6123;1869.4083;2990.724;1867.006;2990.7898;1868.1151;3001.1469;1855.4805;2992.0642;1868.8755;2991.3293;1866.193;3000.0358;1854.6013;2992.3202;1867.3065;2988.0377;1867.0529
3088600.0;2980.2041;1874.4238;2989.6032;1870.816;2992.6843;1868.3586;2992.7393;1869.5118;3001.0893;1855.4109;2993.7344;1870.2027;2993.181;1867.4685;2999.9374;1854.6085;2994.3076;1868.7119;2989.8308;1868.4487
3088620.0;2981.9519;1875.6663;2991.6179;1872.1842;2994.742;1869.6378;2994.7579;1870.8509;3001.025;1855.3272;2995.4859;1871.4388;2995.0978;1868.6803;2999.8392;1854.6221;2996.3698;1870.0599;2991.696;1869.7719
3088640.0;2983.6703;1876.9176;2993.6288;1873.5349;2996.8615;1870.865;2996.8173;1872.1489;3000.956;1855.2314;2997.2868;1872.623;2997.0304;1869.8755;2999.7398;1854.6463;2998.4826;1871.377;2993.6108;1871.0409
3088660.0;2985.3421;1878.192;2995.6192;1874.8801;2999.0053;1872.0695;2998.8934;1873.4225;3000.8853;1855.1283;2999.1106;1873.7914;2998.9326;1871.0872;2999.6383;1854.6821;3000.6148;1872.6831;2995.5416;1872.2861
3088680.0;2986.9637;1879.4932;2997.5798;1876.2323;3001.133;1873.2818;3000.9632;1874.6876;3000.819;1855.0258;3000.9373;1874.9654;3000.7728;1872.3351;2999.5386;1854.7238;3002.7332;1873.9816;2997.45;1873.543
3088700.0;2988.5416;1880.8192;2999.5046;1877.6034;3003.2045;1874.5257;3003.004;1875.9541;3000.7672;1854.9342;3002.7454;1876.1516;3002.5411;1873.6267;2999.4501;1854.767;3004.8121;1875.2601;2999.305;1874.8392
3088720.0;2990.0871;1882.1647;3001.3873;1878.9966;3005.1841;1875.8158;3004.9967;1877.2229;3000.7416;1854.8622;3004.5049;1877.3526;3004.2474;1874.9567;2999.3841;1854.8168;3006.837;1876.5035;3001.0928;1876.1842
3088740.0;2991.6118;1883.5211;3003.2197;1880.4037;3007.0448;1877.1598;3006.9288;1878.4863;3000.751;1854.8088;3006.1716;1878.5777;3005.9118;1876.3098;2999.3461;1854.8898;3008.8023;1877.7082;3002.816;1877.5706
3088760.0;2993.1249;1884.8773;3004.9942;1881.8084;3008.7718;1878.5592;3008.7969;1879.7336;3000.7946;1854.7604;3007.6965;1879.8437;3007.5529;1877.6669;2999.331;1855.0;3010.7029;1878.8896;3004.4873;1878.9843
3088780.0;2994.6323;1886.224;3006.7097;1883.1921;3010.363;1880.0094;3010.6039;1880.9593;3000.8598;1854.6986;3009.0481;1881.1615;3009.1806;1879.0145;2999.3243;1855.144;3012.5283;1880.0779;3006.1228;1880.4136
3088800.0;2996.1357;1887.558;3008.3683;1884.5435;3011.8232;1881.5019;3012.3535;1882.1686;3000.9266;1854.6139;3010.2389;1882.5248;3010.7942;1880.3505;2999.3098;1855.3;3014.2599;1881.3105;3007.7361;1881.8507
3088820.0;2997.6327;1888.8835;3009.9676;1885.8676;3013.1518;1883.0322;3014.0441;1883.38;3000.9781;1854.5098;3011.3275;1883.9106;3012.3808;1881.6835;2999.2777;1855.445;3015.8727;1882.6242;3009.3357;1883.2912
3088840.0;2999.1166;1890.2106;3011.486;1887.1917;3014.3355;1884.6028;3015.6637;1884.6215;3001.0084;1854.3946;3012.3872;1885.2978;3013.9163;1883.0261;2999.2262;1855.57;3017.3425;1884.0464;3010.9178;1884.7352
3088860.0;3000.5755;1891.5499;3012.8723;1888.5614;3015.3555;1886.218;3017.1889;1885.9228;3001.0207;1854.2715;3013.4516;1886.6852;3015.3647;1884.3893;2999.1565;1855.679;3018.6523;1885.5874;3012.461;1886.1899
3088880.0;3001.9933;1892.9091;3014.0502;1890.0262;3016.2042;1887.876;3018.5885;1887.3056;3001.0202;1854.1376;3014.4866;1888.0967;3016.6827;1885.7817;2999.0701;1855.7816;3019.7934;1887.2386;3013.9206;1887.6673
3088900.0;3003.352;1894.2927;3014.9476;1891.6188;3016.8954;1889.5679;3019.8294;1888.7787;3001.0118;1853.9903;3015.4076;1889.5664;3017.8235;1887.2116;2998.9696;1855.8875;3020.7588;1888.9773;3015.2304;1889.1795
3088920.0;3004.6246;1895.707;3015.5342;1893.3378;3017.4554;1891.2839;3020.8838;1890.3402;3000.9995;1853.8366;3016.1292;1891.1179;3018.7432;1888.6892;2998.8602;1856.0044;3021.5374;1890.7755;3016.3126;1890.7341
3088940.0;3005.7685;1897.1672;3015.8335;1895.1481;3017.8963;1893.0223;3021.7305;1891.9828;3000.988;1853.6918;3016.6021;1892.753;3019.4049;1890.2214;2998.7476;1856.1369;3022.1114;1892.6084;3017.1014;1892.3335
3088960.0;3006.6963;1898.6995;3015.892;1896.9985;3018.1978;1894.7891;3022.3536;1893.6989;3000.9801;1853.5699;3016.8159;1894.4528;3019.78;1891.805;2998.6356;1856.2812;3022.458;1894.458;3017.5646;1893.9754
3088980.0;3007.2456;1900.3427;3015.7346;1898.8415;3018.3113;1896.5886;3022.7365;1895.4769;3000.9758;1853.4724;3016.7676;1896.1863;3019.8497;1893.4228;2998.5264;1856.428;3022.5513;1896.3115;3017.7107;1895.6529
3089000.0;3007.1907;1902.1226;3015.3496;1900.6395;3018.183;1898.41;3022.8592;1897.2962;3000.9755;1853.3907;3016.4412;1897.9145;3019.6067;1895.0474;2998.4251;1856.5666;3022.3686;1898.1526;3017.5682;1897.3514
3089020.0;3006.33;1904.0053;3014.707;1902.3594;3017.7742;1900.2224;3022.6965;1899.1232;3000.9823;1853.3144;3015.812;1899.5924;3019.0559;1896.6467;2998.3394;1856.6915;3021.8959;1899.9531;3017.1604;1899.0457
3089040.0;3004.6109;1905.8631;3013.7867;1903.9715;3017.0701;1901.98;3022.2213;1900.9129;3001.0;1853.2389;3014.8691;1901.1719;3018.2113;1898.1875;2998.2761;1856.8042;3021.1295;1901.6666;3016.4927;1900.6996
3089060.0;3002.1802;1907.5074;3012.594;1905.4518;3016.0739;1903.6356;3021.4071;1902.6144;3001.0291;1853.1653;3013.6278;1902.6117;3017.0887;1899.6364;2998.2363;1856.9126;3020.0714;1903.2352;3015.5594;1902.2723
3089080.0;2999.2982;1908.7861;3011.1504;1906.7826;3014.8004;1905.1508;3020.2346;1904.1794;3001.065;1853.0974;3012.124;1903.8856;3015.7032;1900.9652;2998.2145;1857.0274;3018.723;1904.6052;3014.3559;1903.7266
3089100.0;2996.195;1909.6637;3009.4808;1907.9447;3013.2677;1906.5003;3018.6962;1905.5675;3001.1007;1853.0402;3010.3982;1904.9838;3014.0721;1902.1547;2998.2047;1857.1559;3017.0846;1905.7459;3012.8872;1905.0348
3089120.0;2992.9925;1910.2098;3007.6042;1908.9148;3011.4925;1907.6686;3016.8022;1906.7471;3001.1313;1852.9981;3008.4824;1905.9082;3012.2188;1903.1935;2998.2044;1857.2974;3015.164;1906.657;3011.1667;1906.1766
3089140.0;2989.7273;1910.5257;3005.5369;1909.6726;3009.4895;1908.6409;3014.5825;1907.6919;3001.1567;1852.9722;3006.394;1906.6605;3010.1705;1904.0697;2998.2136;1857.4456;3012.9833;1907.3567;3009.2142;1907.137
3089160.0;2986.4178;1910.6802;3003.2998;1910.2116;3007.2765;1909.396;3012.0853;1908.3826;3001.1808;1852.9592;3004.1416;1907.2362;3007.9545;1904.7656;2998.2304;1857.5941;3010.5794;1907.8609;3007.0535;1907.9054
3089180.0;2983.1086;1910.687;3000.9209;1910.5384;3004.8804;1909.9089;3009.3687;1908.8115;3001.2065;1852.954;3001.7347;1907.6228;3005.5961;1905.2559;2998.2501;1857.737;3007.9972;1908.1699;3004.7129;1908.4772
3089200.0;2979.8595;1910.519;2998.4298;1910.6619;3002.3394;1910.1608;3006.4926;1908.9882;3001.2334;1852.9523;2999.1949;1907.8063;3003.1208;1905.5119;2998.2697;1857.867;3005.2845;1908.2735;3002.2235;1908.8503
3089220.0;2976.7197;1910.1393;2995.8538;1910.5872;2999.6968;1910.1473;3003.5089;1908.9335;3001.258;1852.9519;2996.5547;1907.7785;3000.5561;1905.512;2998.2911;1857.9765;3002.4862;1908.1647;2999.6192;1909.0213
3089240.0;2973.7063;1909.5299;2993.2158;1910.3188;2996.9945;1909.8767;3000.458;1908.6711;3001.279;1852.9519;2993.8508;1907.5414;2997.9296;1905.2528;2998.3188;1858.0612;2999.6421;1907.8495;2996.9315;1908.9811
3089260.0;2970.806;1908.7027;2990.5346;1909.8688;2994.2657;1909.3637;2997.3697;1908.2208;3001.2989;1852.9519;2991.1143;1907.1047;2995.2685;1904.7563;2998.3554;1858.1235;2996.7836;1907.3484;2994.1878;1908.7203
3089280.0;2967.9931;1907.6826;2987.8265;1909.2557;2991.5326;1908.627;2994.2681;1907.6011;3001.3217;1852.9519;2988.3675;1906.4832;2992.5981;1904.0616;2998.399;1858.1684;2993.9347;1906.6887;2991.4114;1908.2338
3089300.0;2965.2474;1906.4907;2985.109;1908.4931;2988.8069;1907.6915;2991.1754;1906.8303;3001.349;1852.9521;2985.6271;1905.693;2989.9407;1903.2078;2998.4435;1858.1982;2991.1145;1905.8936;2988.6236;1907.5244
3089320.0;2962.5618;1905.1435;2982.4032;1907.5805;2986.0928;1906.5863;2988.1141;1905.9251;3001.3798;1852.9531;2982.9104;1904.7484;2987.3149;1902.2222;2998.4802;1858.214;2988.338;1904.9722;2985.8469;1906.5992
3089340.0;2959.9409;1903.6597;2979.7338;1906.5049;2983.392;1905.3397;2985.1062;1904.8928;3001.4133;1852.9565;2980.2362;1903.6584;2984.7362;1901.1172;2998.498;1858.2227;2985.6172;1903.9209;2983.1056;1905.4681
3089360.0;2957.3965;1902.0492;2977.1253;1905.2542;2980.7105;1903.9713;2982.1726;1903.7299;3001.4507;1852.965;2977.6247;1902.4256;2982.2177;1899.8938;2998.4766;1858.2444;2982.9625;1902.7293;2980.4254;1904.1439
3089380.0;2954.9454;1900.3027;2974.6006;1903.8244;2978.0636;1902.4887;2979.3332;1902.4261;3001.4926;1852.9822;2975.0945;1901.0472;2979.7697;1898.544;2998.389;1858.3063;2980.3873;1901.3868;2977.8306;1902.6449
3089400.0;2952.6081;1898.4057;2972.184;1902.2161;2975.4778;1900.8888;2976.6075;1900.9722;3001.5366;1853.0098;2972.664;1899.5198;2977.4012;1897.0575;2998.2198;1858.425;2977.9106;1899.8814;2975.3427;1900.9911
3089420.0;2950.405;1896.3678;2969.9059;1900.4271;2972.9872;1899.1625;2974.017;1899.3623;3001.5761;1853.0448;2970.3531;1897.8408;2975.1219;1895.4275;2997.9893;1858.5895;2975.5566;1898.2015;2972.9807;1899.1987
3089440.0;2948.3503;1894.2338;2967.8016;1898.4525;2970.6267;1897.2993;2971.5843;1897.5933;3001.6036;1853.0806;2968.1853;1896.0105;2972.9483;1893.6527;2997.7544;1858.7627;2973.3507;1896.3429;2970.7645;1897.2752
3089460.0;2946.4512;1892.0582;2965.9018;1896.2942;2968.4265;1895.2884;2969.3337;1895.6648;3001.615;1853.1115;2966.1896;1894.0294;2970.9064;1891.7356;2997.5748;1858.9043;2971.3171;1894.3144;2968.7172;1895.224
3089480.0;2944.714;1889.8702;2964.225;1893.9666;2966.4119;1893.123;2967.2896;1893.5814;3001.6133;1853.1372;2964.3983;1891.898;2969.0306;1889.6791;2997.4783;1858.9943;2969.4783;1892.1327;2966.8658;1893.0511
3089500.0;2943.1529;1887.6641;2962.7816;1891.4943;2964.6081;1890.8033;2965.4754;1891.3515;3001.6072;1853.1633;2962.8413;1889.6194;2967.3563;1887.4881;2997.4561;1859.0367;2967.8581;1889.8127;2965.236;1890.7693
3089520.0;2941.7926;1885.4177;2961.5855;1888.9023;2963.0464;1888.3386;2963.9095;1888.9878;3001.6063;1853.1959;2961.5399;1887.2053;2965.9123;1885.1709;2997.4845;1859.0456;2966.4788;1887.3666;2963.8495;1888.3941
3089540.0;2940.667;1883.1113;2960.6609;1886.2119;2961.7653;1885.7436;2962.6025;1886.5048;3001.6144;1853.2372;2960.5051;1884.6783;2964.7168;1882.7394;2997.5425;1859.0303;2965.3571;1884.8098;2962.7201;1885.9387
3089560.0;2939.8126;1880.7341;2960.0328;1883.4429;2960.8049;1883.0341;2961.5566;1883.9169;3001.6284;1853.2864;2959.7415;1882.0671;2963.7811;1880.2079;2997.614;1858.9923;2964.5031;1882.1638;2961.8585;1883.4138
3089580.0;2939.2596;1878.2854;2959.7148;1880.617;2960.1921;1880.2291;2960.7726;1881.237;3001.6421;1853.3427;2959.2511;1879.3977;2963.1144;1877.5929;2997.6873;1858.9259;2963.9243;1879.4519;2961.2748;1880.8321
3089600.0;2939.025;1875.7745;2959.7035;1877.7548;2959.9288;1877.3547;2960.2549;1878.4787;3001.6509;1853.4065;2959.0362;1876.6875;2962.725;1874.9137;2997.7535;1858.818;2963.63;1876.6912;2960.982;1878.2122
3089620.0;2939.1102;1873.2236;2959.9839;1874.8695;2959.9934;1874.4428;2960.0131;1875.661;3001.6539;1853.4761;2959.0978;1873.9449;2962.6164;1872.1932;2997.8092;1858.6531;2963.6268;1873.895;2960.9911;1875.5802
3089640.0;2939.5016;1870.6611;2960.5328;1871.9674;2960.3561;1871.5232;2960.0561;1872.8113;3001.6507;1853.5447;2959.4315;1871.1759;2962.7825;1869.4551;2997.8536;1858.4301;2963.9099;1871.078;2961.3059;1872.9656
3089660.0;2940.1728;1868.1117;2961.3204;1869.0538;2960.9919;1868.618;2960.3871;1869.9606;3001.6405;1853.6044;2960.0191;1868.3919;2963.206;1866.721;2997.8877;1858.1803;2964.4605;1868.2627;2961.9153;1870.3943
3089680.0;2941.0864;1865.5915;2962.3097;1866.138;2961.8792;1865.74;2960.9989;1867.1361;3001.6224;1853.6528;2960.8252;1865.6098;2963.8619;1864.0078;2997.9128;1857.9604;2965.2506;1865.4762;2962.7916;1867.881
3089700.0;2942.2052;1863.1066;2963.4549;1863.233;2962.9899;1862.893;2961.8749;1864.3579;3001.5963;1853.6951;2961.8039;1862.8428;2964.7208;1861.3299;2997.9297;1857.8217;2966.248;1862.7401;2963.8932;1865.4272
3089720.0;2943.5021;1860.6562;2964.7064;1860.3499;2964.2853;1860.0733;2962.988;1861.6394;3001.5628;1853.7403;2962.9129;1860.095;2965.7536;1858.7002;2997.9401;1857.7803;2967.4165;1860.0597;2965.174;1863.027
3089740.0;2944.9613;1858.2349;2966.0196;1857.4958;2965.7216;1857.2726;2964.306;1858.9879;3001.521;1853.7945;2964.125;1857.3653;2966.9332;1856.1286;2997.951;1857.8149;2968.7196;1857.4251;2966.5927;1860.6739
3089760.0;2946.5652;1855.8385;2967.3662;1854.6747;2967.2592;1854.4863;2965.7954;1856.4061;3001.4703;1853.8572;2965.426;1854.6581;2968.2382;1853.6191;2997.9736;1857.8845;2970.1259;1854.8235;2968.1212;1858.3624
3089780.0;2948.282;1853.4723;2968.741;1851.892;2968.8685;1851.715;2967.4298;1853.8943;3001.4132;1853.9236;2966.8079;1851.9882;2969.6558;1851.1698;2998.0151;1857.9529;2971.6168;1852.2523;2969.7447;1856.0898
3089800.0;2950.0715;1851.1547;2970.1559;1849.1558;2970.5309;1848.9623;2969.1928;1851.453;3001.356;1853.9882;2968.2659;1849.3764;2971.1845;1848.7788;2998.0703;1858.0053;2973.1873;1849.7262;2971.4591;1853.8591
3089820.0;2951.9059;1848.9116;2971.638;1846.483;2972.2386;1846.2328;2971.0781;1849.0859;3001.3048;1854.0492;2969.8013;1846.8424;2972.8299;1846.4484;2998.1248;1858.047;2974.8438;1847.2751;2973.2646;1851.6806
3089840.0;2953.7853;1846.7695;2973.2254;1843.9051;2973.9937;1843.5393;2973.084;1846.8014;3001.2612;1854.1097;2971.4246;1844.4023;2974.5983;1844.1869;2998.1659;1858.0923;2976.5998;1844.9346;2975.1624;1849.5674
3089860.0;2955.7348;1844.7539;2974.96;1841.4683;2975.8148;1840.9224;2975.2088;1844.6147;3001.2235;1854.1751;2973.1534;1842.074;2976.4901;1842.0092;2998.191;1858.1484;2978.4703;1842.737;2977.152;1847.528
3089880.0;2957.7844;1842.887;2976.869;1839.2224;2977.7399;1838.4668;2977.4453;1842.5457;3001.1896;1854.2496;2975.0062;1839.882;2978.4994;1839.9376;2998.205;1858.2111;2980.4654;1840.7024;2979.2305;1845.566
3089900.0;2959.9489;1841.184;2978.9481;1837.2033;2979.816;1836.288;2979.7812;1840.6148;3001.1579;1854.3335;2976.9958;1837.8576;2980.6166;1837.9979;2998.2131;1858.2727;2982.5867;1838.8382;2981.3909;1843.6833
3089920.0;2962.2183;1839.6493;2981.1636;1835.4243;2982.0692;1834.4832;2982.1997;1838.8391;3001.1271;1854.425;2979.1261;1836.0295;2982.8319;1836.2142;2998.2194;1858.3276;2984.8279;1837.1452;2983.6222;1841.8881
3089940.0;2964.5694;1838.281;2983.4733;1833.8762;2984.4803;1833.0766;2984.6854;1837.2336;3001.0971;1854.5198;2981.3923;1834.4165;2985.1354;1834.6026;2998.2267;1858.3724;2987.1762;1835.6242;2985.9127;1840.2016
3089960.0;2966.9803;1837.08;2985.8456;1832.5339;2986.992;1832.0071;2987.2262;1835.8124;3001.069;1854.6111;2983.783;1833.0278;2987.515;1833.1752;2998.2347;1858.4014;2989.6152;1834.2812;2988.2543;1838.6591
3089980.0;2969.437;1836.0532;2988.2623;1831.3656;2989.5451;1831.176;2989.8129;1834.5892;3001.0438;1854.6904;2986.281;1831.8732;2989.9574;1831.9438;2998.2392;1858.4084;2992.1261;1833.1264;2990.6432;1837.3028
3090000.0;2971.9287;1835.2093;2990.7128;1830.3503;2992.108;1830.5044;2992.4343;1833.5751;3001.0196;1854.7521;2988.8619;1830.9667;2992.4505;1830.9227;2998.2349;1858.3929;2994.6891;1832.1706;2993.0763;1836.1672
3090020.0;2974.4415;1834.5521;2993.1921;1829.4935;2994.6747;1829.9585;2995.0762;1832.7816;3000.9928;1854.7985;2991.4966;1830.3216;2994.9826;1830.1268;2998.2219;1858.3611;2997.284;1831.4218;2995.5476;1835.2691
3090040.0;2976.9602;1834.0797;2995.6977;1828.8237;2997.2452;1829.5432;2997.7215;1832.2216;3000.9606;1854.8386;2994.155;1829.9422;2997.54;1829.5695;2998.2083;1858.3241;2999.8908;1830.8856;2998.0502;1834.6153
3090060.0;2979.4695;1833.7824;2998.2281;1828.3721;2999.8137;1829.2853;3000.3541;1831.9072;3000.9224;1854.8807;2996.8099;1829.8189;3000.1021;1829.2604;2998.2071;1858.2932;3002.49;1830.5657;3000.5795;1834.212
3090080.0;2981.9566;1833.6419;3000.7754;1828.152;3002.3688;1829.2145;3002.9599;1831.8425;3000.8792;1854.9274;2999.4382;1829.9312;3002.6421;1829.203;2998.2259;1858.2755;3005.0637;1830.4652;3003.1333;1834.068
3090100.0;2984.4117;1833.6326;3003.3267;1828.1536;3004.8989;1829.3475;3005.5269;1832.019;3000.8323;1854.976;3002.0204;1830.2509;3005.1291;1829.3908;2998.2597;1858.2682;3007.5952;1830.5848;3005.7054;1834.1841
3090120.0;2986.8274;1833.7302;3005.8662;1828.3551;3007.3926;1829.6757;3008.0434;1832.4148;3000.7843;1855.0232;3004.5379;1830.7485;3007.5322;1829.8071;2998.2906;1858.2563;3010.0679;1830.9196;3008.2797;1834.5403
3090140.0;2989.1937;1833.925;3008.3783;1828.7338;3009.8403;1830.1735;3010.4969;1833.0014;3000.7398;1855.0664;3006.973;1831.4016;3009.8243;1830.4281;2998.2999;1858.2206;3012.4651;1831.4556;3010.8303;1835.0962
3090160.0;2991.4962;1834.2219;3010.8467;1829.2728;3012.2345;1830.818;3012.8751;1833.752;3000.7039;1855.1018;3009.3077;1832.1979;3011.9853;1831.2326;2998.2806;1858.1503;3014.769;1832.1712;3013.3295;1835.8088
3090180.0;2993.7179;1834.6321;3013.251;1829.9641;3014.5689;1831.6015;3015.1653;1834.6501;3000.6792;1855.1257;3011.5284;1833.1321;3014.0035;1832.2064;2998.2398;1858.048;3016.9613;1833.0426;3015.7551;1836.6519
3090200.0;2995.8418;1835.1622;3015.5675;1830.8052;3016.8324;1832.5283;3017.3544;1835.6881;3000.6646;1855.1359;3013.627;1834.1987;3015.8744;1833.3397;2998.1899;1857.9227;3019.0218;1834.0552;3018.0922;1837.6188
3090220.0;2997.8462;1835.82;3017.7728;1831.7941;3019.0059;1833.6039;3019.4282;1836.8623;3000.6558;1855.1341;3015.5999;1835.3906;3017.5983;1834.6177;2998.141;1857.7821;3020.9306;1835.2121;3020.3277;1838.711
3090240.0;2999.7018;1836.6246;3019.8455;1832.9289;3021.0619;1834.8291;3021.3736;1838.1644;3000.6469;1855.1275;3017.4407;1836.7015;3019.1765;1836.0199;2998.0985;1857.629;3022.6732;1836.527;3022.4452;1839.925
3090260.0;3001.3763;1837.6076;3021.7657;1834.2094;3022.9706;1836.2038;3023.1817;1839.5828;3000.6322;1855.1264;3019.1369;1838.1295;3020.608;1837.5263;2998.0652;1857.4637;3024.2436;1838.0089;3024.4267;1841.2552
3090280.0;3002.85;1838.7952;3023.5131;1835.6373;3024.7095;1837.7285;3024.8476;1841.1056;3000.607;1855.1391;3020.6691;1839.6733;3021.8876;1839.124;2998.0417;1857.2873;3025.6398;1839.6489;3026.2546;1842.7021
3090300.0;3004.1233;1840.1882;3025.0705;1837.209;3026.2683;1839.3991;3026.3647;1842.7254;3000.5693;1855.1633;3022.0128;1841.3302;3023.0089;1840.8059;2998.0256;1857.0994;3026.8568;1841.4219;3027.9118;1844.2724
3090320.0;3005.2084;1841.7604;3026.4251;1838.9125;3027.6443;1841.2018;3027.7193;1844.4381;3000.5206;1855.1864;3023.1434;1843.0963;3023.9674;1842.565;2998.0114;1856.8971;3027.8835;1843.2977;3029.3795;1845.9749
3090340.0;3006.1092;1843.4768;3027.5625;1840.7316;3028.8297;1843.117;3028.8895;1846.2408;3000.4645;1855.1962;3024.0444;1844.9677;3024.7602;1844.3948;2997.9943;1856.6783;3028.7111;1845.2498;3030.6337;1847.8166
3090360.0;3006.8116;1845.3096;3028.4577;1842.6548;3029.8012;1845.1278;3029.8508;1848.1278;3000.4049;1855.1912;3024.7126;1846.9395;3025.3818;1846.2892;2997.9726;1856.4499;3029.3379;1847.2577;3031.6442;1849.7985
3090380.0;3007.2905;1847.2378;3029.0762;1844.6729;3030.5216;1847.2217;3030.5794;1850.09;3000.3452;1855.1787;3025.1558;1848.9986;3025.8207;1848.2428;2997.9508;1856.2296;3029.7604;1849.3049;3032.3753;1851.9074
3090400.0;3007.5271;1849.2365;3029.3888;1846.7686;3030.9499;1849.3828;3031.0537;1852.1134;3000.2891;1855.1667;3025.383;1851.1178;3026.059;1850.2481;2997.9368;1856.037;3029.9605;1851.3769;3032.7913;1854.1093
3090420.0;3007.5095;1851.2797;3029.3834;1848.908;3031.0539;1851.5837;3031.2512;1854.18;3000.2405;1855.1569;3025.3939;1853.2581;3026.0737;1852.2946;2997.9368;1855.8844;3029.9035;1853.4589;3032.8656;1856.3552
3090440.0;3007.2259;1853.3462;3029.0631;1851.0439;3030.8166;1853.7869;3031.1485;1856.2688;3000.2036;1855.1453;3025.1722;1855.3785;3025.8423;1854.3668;2997.9508;1855.7739;3029.5506;1855.5341;3032.5887;1858.598
3090460.0;3006.6626;1855.4178;3028.4333;1853.132;3030.2369;1855.9548;3030.7238;1858.3553;3000.1807;1855.1254;3024.6881;1857.4415;3025.3473;1856.4428;2997.9724;1855.7006;3028.8769;1857.5837;3031.9661;1860.8059
3090480.0;3005.8161;1857.4639;3027.4916;1855.1421;3029.3295;1858.0593;3029.9634;1860.4123;3000.1724;1855.0919;3023.9081;1859.4145;3024.5796;1858.4936;2997.9934;1855.6541;3027.8799;1859.5886;3031.0132;1862.9642
3090500.0;3004.7066;1859.4341;3026.2309;1857.0596;3028.1225;1860.0831;3028.8659;1862.4095;3000.1777;1855.0434;3022.8119;1861.2669;3023.5408;1860.4876;2998.0083;1855.6212;3026.5783;1861.5341;3029.7514;1865.073
3090520.0;3003.3707;1861.2707;3024.6494;1858.8757;3026.6486;1862.0155;3027.4442;1864.315;3000.1939;1854.9845;3021.4029;1862.9731;3022.2405;1862.3979;2998.0154;1855.5901;3025.0061;1863.4093;3028.2116;1867.1446
3090540.0;3001.8388;1862.9325;3022.7621;1860.5806;3024.9341;1863.8413;3025.7228;1866.0984;3000.2168;1854.9249;3019.7076;1864.5156;3020.6945;1864.2041;2998.0143;1855.5539;3023.2031;1865.2016;3026.4334;1869.1976
3090560.0;3000.1228;1864.4013;3020.6028;1862.1645;3022.9944;1865.5384;3023.7331;1867.7339;3000.2403;1854.8745;3017.7652;1865.8844;3018.9203;1865.8894;2998.0016;1855.508;3021.2041;1866.8882;3024.4583;1871.2446
3090580.0;2998.2218;1865.6712;3018.2176;1863.6189;3020.8431;1867.0804;3021.5086;1869.2016;3000.2589;1854.8393;3015.6157;1867.0716;3016.9362;1867.4335;2997.9683;1855.4495;3019.0321;1868.4375;3022.32;1873.2759
3090600.0;2996.1372;1866.7372;3015.6526;1864.9319;3018.5012;1868.4407;3019.084;1870.4868;3000.2706;1854.8191;3013.2932;1868.0662;3014.7598;1868.8117;2997.9041;1855.3775;3016.6959;1869.82;3020.0391;1875.2568
3090620.0;2993.88;1867.5941;3012.9454;1866.081;3015.9936;1869.5974;3016.4935;1871.5764;3000.2763;1854.8099;3010.8256;1868.8553;3012.4077;1869.9966;2997.8078;1855.2951;3014.1939;1871.018;3017.6258;1877.1353
3090640.0;2991.4723;1868.2423;3010.1214;1867.0352;3013.3387;1870.5358;3013.7714;1872.4589;3000.2786;1854.8074;3008.2379;1869.4269;3009.8938;1870.9615;2997.6935;1855.2077;3011.5244;1872.0249;3015.0849;1878.8543
3090660.0;2988.9422;1868.6906;3007.1958;1867.7674;3010.5473;1871.2505;3010.9467;1873.1249;3000.2793;1854.8097;3005.5545;1869.7773;3007.2311;1871.6845;2997.5864;1855.12;3008.6939;1872.8332;3012.4173;1880.3541
3090680.0;2986.3189;1868.9492;3004.1792;1868.2656;3007.6291;1871.7425;3008.0409;1873.5707;3000.2794;1854.818;3002.7999;1869.9163;3004.4361;1872.1545;2997.5092;1855.0345;3005.7197;1873.4244;3009.6218;1881.5756
3090700.0;2983.6255;1869.0249;3001.0849;1868.534;3004.5972;1872.013;3005.0666;1873.7989;3000.2794;1854.8354;2999.9959;1869.867;3001.5335;1872.3752;2997.4742;1854.9581;3002.6241;1873.7688;3006.6979;1882.4673
3090720.0;2980.8746;1868.9234;2997.9337;1868.586;3001.4673;1872.0651;3002.0321;1873.8173;3000.2794;1854.8639;2997.1583;1869.661;2998.554;1872.363;2997.484;1854.9026;2999.4285;1873.8401;3003.6498;1882.9978
3090740.0;2978.0705;1868.6593;2994.7534;1868.4451;2998.2554;1871.9128;2998.9438;1873.6371;3000.2794;1854.9013;2994.2947;1869.3326;2995.5271;1872.14;2997.5426;1854.895;2996.157;1873.6375;3000.4882;1883.1627
3090760.0;2975.2126;1868.2652;2991.5671;1868.1512;2994.9793;1871.5857;2995.8091;1873.2763;3000.2794;1854.9418;2991.4072;1868.9183;2992.4754;1871.7301;2997.6639;1854.9799;2992.8401;1873.1984;2997.2287;1882.983
3090780.0;2972.3013;1867.7914;2988.3866;1867.7609;2991.6574;1871.1216;2992.636;1872.7637;3000.2797;1854.9786;2988.4972;1868.4555;2989.4139;1871.1589;2997.8625;1855.1987;2989.515;1872.5898;2993.8894;1882.4999
3090800.0;2969.3409;1867.2917;2985.2131;1867.332;2988.3095;1870.5589;2989.4344;1872.1389;3000.2808;1855.0042;2985.5679;1867.9762;2986.3545;1870.4562;2998.1303;1855.5402;2986.2169;1871.8806;2990.4931;1881.7715
3090820.0;2966.3413;1866.8073;2982.0455;1866.9043;2984.9555;1869.9332;2986.2178;1871.4426;3000.2842;1855.0102;2982.6237;1867.4961;2983.3108;1869.657;2998.4238;1855.9093;2982.9715;1871.1247;2987.0692;1880.8664
3090840.0;2963.319;1866.3542;2978.8928;1866.4891;2981.6152;1869.2762;2983.0063;1870.7042;3000.2922;1854.9887;2979.6715;1867.0114;2980.2979;1868.8016;2998.6833;1856.1681;2979.7923;1870.359;2983.6516;1879.8508
3090860.0;2960.2973;1865.9228;2975.7786;1866.0704;2978.307;1868.6101;2979.827;1869.9342;3000.3067;1854.938;2976.7225;1866.5037;2977.3295;1867.9244;2998.8737;1856.2303;2976.6806;1869.6076;2980.27;1878.7698
3090880.0;2957.3044;1865.4814;2972.7334;1865.6141;2975.0472;1867.9385;2976.7075;1869.1264;3000.3265;1854.8652;2973.7956;1865.9412;2974.4143;1867.0407;2999.0034;1856.1164;2973.6277;1868.878;2976.9436;1877.6361
3090900.0;2954.3678;1864.9814;2969.7788;1865.0812;2971.8515;1867.2455;2973.6678;1868.2635;3000.3458;1854.7817;2970.9165;1865.2804;2971.5572;1866.1391;2999.1072;1855.9209;2970.6201;1868.1514;2973.6815;1876.4331
3090920.0;2951.5076;1864.3655;2966.9142;1864.442;2968.7357;1866.5026;2970.7147;1867.3272;3000.3561;1854.6962;2968.1135;1864.4731;2968.7621;1865.1909;2999.2161;1855.7412;2967.6485;1867.3865;2970.4917;1875.1314
3090940.0;2948.7328;1863.5852;2964.1232;1863.6806;2965.7147;1865.6785;2967.8455;1866.3027;3000.352;1854.6141;2965.4103;1863.4863;2966.0375;1864.164;2999.3422;1855.6316;2964.7162;1866.5367;2967.3876;1873.7039
3090960.0;2946.0468;1862.6199;2961.3915;1862.7896;2962.8017;1864.7432;2965.0558;1865.1813;3000.334;1854.5394;2962.8185;1862.3212;2963.398;1863.0314;2999.4807;1855.6002;2961.8428;1865.5704;2964.3908;1872.1359
3090980.0;2943.456;1861.4829;2958.723;1861.7594;2960.0072;1863.669;2962.3469;1863.9556;3000.3067;1854.4742;2960.3366;1861.0065;2960.8615;1861.7741;2999.6204;1855.6317;2959.0578;1864.4732;2961.5276;1870.4254
3091000.0;2940.9777;1860.2031;2956.1399;1860.575;2957.341;1862.4311;2959.7279;1862.6188;3000.2727;1854.4167;2957.9597;1859.5691;2958.4432;1860.3809;2999.7507;1855.7011;2956.3898;1863.2401;2958.823;1868.5796
3091020.0;2938.6392;1858.8025;2953.6748;1859.219;2954.8144;1861.0111;2957.2152;1861.1656;3000.2299;1854.3602;2955.6896;1858.0135;2956.1512;1858.8481;2999.8651;1855.786;2953.8632;1861.8644;2956.2965;1866.6079
3091040.0;2936.4725;1857.2861;2951.3601;1857.6772;2952.4432;1859.4006;2954.8299;1859.5922;3000.1732;1854.2981;2953.5393;1856.3257;2953.989;1857.176;2999.9624;1855.8699;2951.4982;1860.3352;2953.9627;1864.5181
3091060.0;2934.5052;1855.645;2949.2217;1855.9442;2950.2464;1857.6004;2952.5959;1857.8915;3000.0998;1854.2278;2951.5313;1854.4906;2951.9622;1855.365;3000.0436;1855.9418;2949.3122;1858.6424;2951.8324;1862.318
3091080.0;2932.7597;1853.8658;2947.2808;1854.0239;2948.2434;1855.6149;2950.5376;1856.0526;3000.013;1854.149;2949.6942;1852.5014;2950.086;1853.4145;3000.1114;1855.9961;2947.3165;1856.7797;2949.9147;1860.0154
3091100.0;2931.255;1851.9418;2945.5603;1851.9274;2946.451;1853.449;2948.6791;1854.0655;2999.9226;1854.0605;2948.0584;1850.3616;2948.3884;1851.3245;3000.1665;1856.0269;2945.5168;1854.7458;2948.2166;1857.6176
3091120.0;2930.0088;1849.882;2944.0914;1849.6677;2944.8822;1851.1096;2947.0412;1851.9273;2999.8415;1853.9599;2946.6516;1848.0808;2946.9063;1849.0977;3000.2082;1856.0236;2943.9206;1852.5429;2946.7422;1855.1177
3091140.0;2929.0364;1847.712;2942.9092;1847.2586;2943.5479;1848.612;2945.6389;1849.6414;2999.7817;1853.8478;2945.4913;1845.6766;2945.6771;1846.7394;3000.2375;1855.9789;2942.5461;1850.1712;2945.4877;1852.477
3091160.0;2928.3495;1845.4602;2942.0382;1844.7185;2942.4579;1845.9784;2944.4803;1847.215;2999.7481;1853.7306;2944.5869;1843.1715;2944.7277;1844.259;3000.2623;1855.9087;2941.4252;1847.6291;2944.4421;1849.6275
3091180.0;2927.955;1843.1434;2941.4789;1842.0718;2941.6208;1843.2335;2943.57;1844.6601;2999.7362;1853.6182;2943.946;1840.5883;2944.0716;1841.6699;3000.2967;1855.8581;2940.599;1844.9264;2943.5958;1846.5126
3091200.0;2927.8493;1840.7646;2941.2083;1839.3467;2941.042;1840.3988;2942.9103;1841.9976;2999.7327;1853.5181;2943.5806;1837.948;2943.7089;1838.9886;3000.3535;1855.88;2940.1085;1842.1013;2942.9547;1843.1412
3091220.0;2928.0088;1838.3235;2941.1947;1836.5706;2940.723;1837.4944;2942.5024;1839.2577;2999.7219;1853.4327;2943.5052;1835.2698;2943.6332;1836.2348;3000.4368;1856.0048;2939.9838;1839.2173;2942.5432;1839.6039
3091240.0;2928.3869;1835.8273;2941.4133;1833.7674;2940.6643;1834.5407;2942.3455;1836.4718;2999.6926;1853.3597;2943.7267;1832.5724;2943.8322;1833.4317;3000.5415;1856.2288;2940.2329;1836.3351;2942.3939;1836.0286
3091260.0;2928.926;1833.2944;2941.8551;1830.957;2940.8673;1831.5595;2942.4392;1833.6637;2999.6418;1853.2957;2944.2348;1829.875;2944.2928;1830.6045;3000.6591;1856.5274;2940.8364;1833.4868;2942.5315;1832.5231
3091280.0;2929.5834;1830.7502;2942.5236;1828.1556;2941.3368;1828.576;2942.7832;1830.8482;2999.5726;1853.2383;2945.0047;1827.1957;2945.006;1827.7811;3000.7831;1856.8676;2941.7553;1830.6771;2942.9693;1829.1527
3091300.0;2930.3471;1828.2219;2943.4298;1825.377;2942.0805;1825.6201;2943.3769;1828.0382;2999.4915;1853.1863;2946.006;1824.5544;2945.968;1824.9917;3000.911;1857.2203;2942.9487;1827.9068;2943.7093;1825.9475
3091320.0;2931.2343;1825.7341;2944.5849;1822.6367;2943.1074;1822.7242;2944.2167;1825.2526;2999.406;1853.1381;2947.2127;1821.9733;2947.1733;1822.2673;3001.0429;1857.5682;2944.3867;1825.1884;2944.746;1822.9148
3091340.0;2932.2757;1823.3065;2945.9924;1819.9541;2944.4219;1819.9179;2945.2972;1822.5183;2999.3251;1853.0913;2948.6062;1819.477;2948.607;1819.6342;3001.1788;1857.9046;2946.0497;1822.5429;2946.0673;1820.0495
3091360.0;2933.5046;1820.9523;2947.6414;1817.3541;2946.0156;1817.2213;2946.6105;1819.8654;2999.2571;1853.0441;2950.1742;1817.0874;2950.2422;1817.1115;3001.3157;1858.2242;2947.9171;1819.9874;2947.6572;1817.3444
3091380.0;2934.9446;1818.6787;2949.5066;1814.864;2947.8657;1814.644;2948.146;1817.3215;2999.2065;1852.9964;2951.9055;1814.8205;2952.0476;1814.7128;3001.4481;1858.516;2949.96;1817.5293;2949.4942;1814.8013
3091400.0;2936.6004;1816.4888;2951.5594;1812.5106;2949.9408;1812.1911;2949.8871;1814.9084;2999.1715;1852.9479;2953.7863;1812.6864;2953.9957;1812.4494;3001.5712;1858.7702;2952.1435;1815.1708;2951.5514;1812.4324
3091420.0;2938.4549;1814.3875;2953.7749;1810.3169;2952.209;1809.8711;2951.8114;1812.6427;2999.1448;1852.8968;2955.7976;1810.6938;2956.0657;1810.3311;3001.6852;1858.9882;2954.4317;1812.9162;2953.7951;1810.2514
3091440.0;2940.4792;1812.3872;2956.132;1808.2979;2954.6418;1807.7002;2953.8924;1810.5368;2999.1167;1852.8415;2957.9183;1808.8544;2958.24;1808.3635;3001.7934;1859.1778;2956.7942;1810.7754;2956.1908;1808.2661
3091460.0;2942.6446;1810.5085;2958.606;1806.459;2957.2124;1805.7011;2956.1041;1808.5985;2999.0802;1852.7825;2960.13;1807.1825;2960.5009;1806.5491;3001.8983;1859.3423;2959.2121;1808.7644;2958.7065;1806.4756
3091480.0;2944.9263;1808.7756;2961.1637;1804.7991;2959.8943;1803.8978;2958.4236;1806.831;2999.0344;1852.7227;2962.4215;1805.6887;2962.8287;1804.8915;3002.0005;1859.4814;2961.6812;1806.9035;2961.3156;1804.873
3091500.0;2947.3013;1807.2088;2963.7696;1803.3184;2962.6637;1802.3091;2960.8345;1805.2339;2998.984;1852.6657;2964.787;1804.3754;2965.2086;1803.3999;3002.1004;1859.5986;2964.2072;1805.2144;2963.9967;1803.4516
3091520.0;2949.749;1805.8214;2966.3929;1802.0234;2965.4998;1800.9448;2963.3248;1803.8047;2998.933;1852.6139;2967.2222;1803.2394;2967.6359;1802.0893;3002.1994;1859.701;2966.7969;1803.7178;2966.7329;1802.2114
3091540.0;2952.2526;1804.6194;2969.0129;1800.9225;2968.3833;1799.8043;2965.8846;1802.5435;2998.8806;1852.5672;2969.7186;1802.2794;2970.1163;1800.9745;3002.2955;1859.7862;2969.4517;1802.4326;2969.5084;1801.1598
3091560.0;2954.7957;1803.6061;2971.6185;1800.0189;2971.2944;1798.88;2968.5026;1801.4526;2998.8225;1852.524;2972.262;1801.5015;2972.6563;1800.0629;3002.3782;1859.8275;2972.1678;1801.376;2972.3062;1800.3061
3091580.0;2957.355;1802.784;2974.2079;1799.307;2974.2138;1798.1604;2971.1655;1800.5366;2998.7565;1852.4839;2974.8332;1800.9176;2975.2523;1799.3513;3002.4297;1859.7791;2974.9375;1800.5623;2975.1065;1799.6554
3091600.0;2959.9001;1802.1566;2976.7865;1798.7785;2977.1231;1797.6314;2973.8592;1799.7993;2998.6874;1852.4493;2977.4088;1800.5399;2977.8872;1798.8318;3002.4333;1859.5997;2977.7481;1799.998;2977.8899;1799.2052
3091620.0;2962.4027;1801.7263;2979.3586;1798.4337;2980.0033;1797.2827;2976.5689;1799.244;2998.6234;1852.4235;2979.9639;1800.3764;2980.5375;1798.5004;3002.3849;1859.2796;2980.5796;1799.6803;2980.6394;1798.9502
3091640.0;2964.8485;1801.4914;2981.919;1798.2891;2982.8324;1797.1174;2979.2791;1798.8725;2998.5709;1852.4078;2982.4735;1800.4268;2983.1813;1798.3615;3002.2968;1858.8499;2983.4058;1799.6012;2983.3403;1798.8892
3091660.0;2967.2415;1801.4407;2984.4491;1798.372;2985.5885;1797.1526;2981.975;1798.6865;2998.5314;1852.4001;2984.9167;1800.6795;2985.8002;1798.4225;3002.1897;1858.3627;2986.1973;1799.7492;2985.9783;1799.0258
3091680.0;2969.594;1801.5566;2986.9239;1798.7039;2988.256;1797.4064;2984.6437;1798.6861;2998.5026;1852.3971;2987.2788;1801.1123;2988.3762;1798.6803;3002.0808;1857.8618;2988.9266;1800.1075;2988.5391;1799.3627
3091700.0;2971.9112;1801.8219;2989.3207;1799.2827;2990.8265;1797.8777;2987.2734;1798.8688;2998.4809;1852.3966;2989.5532;1801.6977;2990.89;1799.1158;3001.9768;1857.3668;2991.5705;1800.6531;2991.0106;1799.891
3091720.0;2974.1817;1802.2288;2991.6242;1800.0772;2993.2954;1798.5404;2989.8526;1799.229;2998.4626;1852.3975;2991.739;1802.4082;2993.3239;1799.7009;3001.876;1856.8794;2994.1104;1801.3612;2993.3857;1800.588
3091740.0;2976.3811;1802.7798;2993.8256;1801.0435;2995.6586;1799.3573;2992.3692;1799.7573;2998.4453;1852.4;2993.8362;1803.2189;2995.6651;1800.4131;3001.7755;1856.4003;2996.5303;1802.2114;2995.6623;1801.424
3091760.0;2978.4854;1803.4792;2995.9195;1802.1432;2997.9128;1800.2981;2994.8115;1800.4404;2998.4286;1852.4049;2995.8405;1804.1126;2997.9035;1801.2441;3001.6755;1855.9372;2998.8173;1803.1883;2997.8414;1802.3725
3091780.0;2980.4822;1804.3213;2997.9036;1803.3548;3000.058;1801.3449;2997.1692;1801.2627;2998.4147;1852.4109;2997.7425;1805.0846;3000.029;1802.1929;3001.5792;1855.4964;3000.9625;1804.2764;2999.9219;1803.4172
3091800.0;2982.3677;1805.2919;2999.7784;1804.6676;3002.098;1802.4888;2999.4331;1802.2088;2998.4053;1852.4139;2999.531;1806.1474;3002.0296;1803.2572;3001.4901;1855.0767;3002.9623;1805.4606;3001.8973;1804.5538
3091820.0;2984.1377;1806.3775;3001.5462;1806.0729;3004.0327;1803.7252;3001.5935;1803.2686;2998.4004;1852.411;3001.1948;1807.3276;3003.8895;1804.4341;3001.4104;1854.6725;3004.8176;1806.7308;3003.7541;1805.7894
3091840.0;2985.777;1807.5763;3003.2061;1807.5615;3005.8478;1805.0539;3003.6389;1804.4406;2998.3984;1852.4069;3002.7223;1808.6546;3005.5877;1805.7255;3001.3412;1854.2856;3006.5262;1808.0877;3005.4727;1807.1354
3091860.0;2987.2618;1808.8935;3004.7486;1809.1296;3007.5057;1806.4795;3005.553;1805.7315;2998.3977;1852.4135;3004.0965;1810.1461;3007.0982;1807.1375;3001.2829;1853.9296;3008.0762;1809.5414;3007.0283;1808.6003
3091880.0;2988.5691;1810.3282;3006.1578;1810.7785;3008.9496;1808.0077;3007.3151;1807.1503;2998.3976;1852.4392;3005.295;1811.7941;3008.3961;1808.6751;3001.2355;1853.6169;3009.4449;1811.1014;3008.3955;1810.1823
3091900.0;2989.6862;1811.8653;3007.4164;1812.5101;3010.1238;1809.6427;3008.8986;1808.7017;2998.3977;1852.4804;3006.2949;1813.567;3009.4649;1810.3378;3001.1976;1853.3433;3010.6062;1812.7683;3009.5539;1811.8718
3091920.0;2990.6124;1813.4853;3008.5087;1814.3229;3010.9998;1811.3844;3010.2743;1810.3821;2998.3984;1852.5266;3007.0801;1815.4239;3010.3008;1812.1185;3001.1667;1853.0897;3011.5386;1814.5315;3010.4919;1813.6569
3091940.0;2991.3572;1815.1742;3009.4187;1816.2137;3011.5894;1813.2229;3011.412;1812.1823;2998.401;1852.5706;3007.6465;1817.3314;3010.9123;1814.0044;3001.1386;1852.8366;3012.2246;1816.3748;3011.2067;1815.5271
3091960.0;2991.9329;1816.9263;3010.1283;1818.1801;3011.9344;1815.1395;3012.287;1814.0888;2998.4077;1852.6126;3007.9991;1819.2684;3011.3182;1815.9746;3001.1104;1852.5795;3012.6505;1818.2817;3011.701;1817.4719
3091980.0;2992.3503;1818.7379;3010.6236;1820.2186;3012.0798;1817.1157;3012.8829;1816.0833;2998.422;1852.6545;3008.1476;1821.2242;3011.5436;1818.0026;3001.0832;1852.3304;3012.8105;1820.2373;3011.983;1819.483
3092000.0;2992.6106;1820.6058;3010.902;1822.32;3012.0552;1819.1406;3013.1939;1818.1419;2998.4466;1852.6951;3008.1063;1823.1932;3011.6135;1820.062;3001.0604;1852.1054;3012.7135;1822.2282;3012.0651;1821.5553
3092020.0;2992.7042;1822.5258;3010.9711;1824.4703;3011.8742;1821.2073;3013.2228;1820.2378;2998.4796;1852.7334;3007.8926;1825.1711;3011.5452;1822.1301;3001.045;1851.9125;3012.3866;1824.2418;3011.9638;1823.6864
3092040.0;2992.6188;1824.4886;3010.8424;1826.6528;3011.5399;1823.304;3012.9799;1822.3467;2998.5136;1852.7733;3007.5225;1827.1513;3011.3457;1824.1914;3001.0369;1851.7479;3011.8683;1826.2683;3011.6964;1825.8685
3092060.0;2992.3537;1826.4725;3010.5223;1828.8512;3011.0502;1825.4119;3012.4815;1824.4479;2998.5387;1852.8222;3007.0047;1829.1228;3011.0133;1826.235;3001.0335;1851.6008;3011.1989;1828.3008;3011.278;1828.084
3092080.0;2991.926;1828.445;3010.0068;1831.0494;3010.4016;1827.5147;3011.748;1826.523;2998.5489;1852.8861;3006.3384;1831.0725;3010.54;1828.2498;3001.0328;1851.4632;3010.4106;1830.3345;3010.7181;1830.3096
3092100.0;2991.359;1830.3751;3009.2823;1833.2322;3009.5941;1829.6047;3010.7999;1828.555;2998.5462;1852.9652;3005.5182;1832.9865;3009.9131;1830.2211;3001.0346;1851.3343;3009.5248;1832.3643;3010.0194;1832.5238
3092120.0;2990.6633;1832.2455;3008.3327;1835.3869;3008.6367;1831.6794;3009.6556;1830.5302;2998.538;1853.0539;3004.5405;1834.8524;3009.1162;1832.1333;3001.0415;1851.2195;3008.5467;1834.3799;3009.1775;1834.711
3092140.0;2989.8276;1834.0541;3007.156;1837.5036;3007.5448;1833.733;3008.3306;1832.442;2998.5302;1853.1433;3003.408;1836.6625;3008.1348;1833.9761;3001.0595;1851.1278;3007.4656;1836.3609;3008.1864;1836.8609
3092160.0;2988.8248;1835.8084;3005.7737;1839.5726;3006.3331;1835.7568;3006.8408;1834.2915;2998.525;1853.2249;3002.1297;1838.4175;3006.9635;1835.7473;3001.0971;1851.0697;3006.2568;1838.2777;3007.0416;1838.9678
3092180.0;2987.6253;1837.5162;3004.2192;1841.5806;3005.0118;1837.7434;3005.2031;1836.0844;2998.5208;1853.2939;3000.7174;1840.1248;3005.6081;1837.451;3001.16;1851.0548;3004.8934;1840.1017;3005.7435;1841.0285
3092200.0;2986.2119;1839.1786;3002.5151;1843.5095;3003.5838;1839.6878;3003.4354;1837.8264;2998.5144;1853.3508;2999.1797;1841.7906;3004.082;1839.0951;3001.2458;1851.0871;3003.362;1841.8199;3004.2935;1843.0389
3092220.0;2984.5902;1840.7867;3000.6615;1845.3416;3002.0455;1841.5815;3001.5528;1839.5205;2998.5026;1853.3979;2997.5163;1843.4114;3002.4018;1840.6886;3001.3429;1851.1595;3001.6676;1843.4406;3002.6912;1844.9903
3092240.0;2982.7863;1842.3227;2998.6459;1847.0631;3000.3907;1843.4078;2999.5657;1841.1666;2998.4839;1853.4362;2995.7177;1844.9695;3000.5837;1842.2386;3001.4377;1851.2535;2999.8247;1844.9821;3000.9325;1846.8706
3092260.0;2980.8305;1843.7651;2996.4622;1848.6655;2998.6156;1845.1466;2997.4789;1842.7618;2998.4602;1853.4664;2993.7689;1846.435;2998.641;1843.7468;3001.5218;1851.348;2997.8445;1846.4573;2999.014;1848.6678
3092280.0;2978.7418;1845.0937;2994.1198;1850.1442;2996.721;1846.7821;2995.2923;1844.3011;2998.4359;1853.492;2991.6571;1847.7703;2996.5824;1845.2104;3001.5947;1851.4292;2995.7296;1847.8676;2996.9355;1850.3712
3092300.0;2976.5253;1846.2924;2991.6366;1851.4968;2994.707;1848.3059;2993.0017;1845.7756;2998.415;1853.5205;2989.3771;1848.9378;2994.4106;1846.6248;3001.6599;1851.495;2993.4795;1849.2065;2994.7014;1851.9703
3092320.0;2974.1808;1847.3531;2989.0318;1852.7236;2992.5654;1849.712;2990.6009;1847.1727;2998.3976;1853.5604;2986.9339;1849.9111;2992.1237;1847.9828;3001.7204;1851.5502;2991.0944;1850.466;2992.3177;1853.4526
3092340.0;2971.709;1848.2839;2986.3225;1853.8311;2990.2768;1850.994;2988.0828;1848.4756;2998.3802;1853.6151;2984.3426;1850.6849;2989.7152;1849.2714;3001.776;1851.6005;2988.5767;1851.6382;2989.7905;1854.8064
3092360.0;2969.115;1849.1146;2983.5247;1854.8319;2987.8191;1852.148;2985.4421;1849.6667;2998.3593;1853.6804;2981.6268;1851.2782;2987.1773;1850.4746;3001.8242;1851.6489;2985.9313;1852.7189;2987.1275;1856.026
3092380.0;2966.4118;1849.8957;2980.6557;1855.7459;2985.1798;1853.1806;2982.6779;1850.732;2998.3352;1853.746;2978.8178;1851.73;2984.5064;1851.5803;3001.8616;1851.6941;2983.1714;1853.7136;2984.342;1857.1187
3092400.0;2963.6281;1850.6918;2977.7329;1856.5985;2982.3665;1854.1156;2979.7979;1851.6684;2998.3121;1853.8004;2975.9518;1852.0897;2981.7089;1852.5886;3001.8866;1851.7303;2980.322;1854.6421;2981.4566;1858.1086
3092420.0;2960.8112;1851.5734;2974.7759;1857.4221;2979.4117;1854.9947;2976.8235;1852.4922;2998.2959;1853.8356;2973.0671;1852.4107;2978.8064;1853.5158;3001.9006;1851.7485;2977.422;1855.5388;2978.5041;1859.034
3092440.0;2958.0212;1852.6062;2971.8085;1858.2542;2976.3679;1855.8707;2973.7902;1853.2427;2998.2906;1853.8485;2970.199;1852.7467;2975.8333;1854.3919;3001.9071;1851.7434;2974.5222;1856.4466;2975.5282;1859.9473
3092460.0;2955.3175;1853.8334;2968.8679;1859.1441;2973.299;1856.8;2970.7444;1853.9813;2998.2987;1853.8399;2967.3791;1853.151;2972.8382;1855.2604;3001.9097;1851.7178;2971.6846;1857.4122;2972.585;1860.9159
3092480.0;2952.7486;1855.2646;2966.0134;1860.1611;2970.271;1857.8337;2967.735;1854.7812;2998.3201;1853.8135;2964.6366;1853.6783;2969.8859;1856.1804;3001.9121;1851.6795;2968.9737;1858.4839;2969.7395;1862.0151
3092500.0;2950.3474;1856.8762;2963.3241;1861.3888;2967.3447;1859.0118;2964.8104;1855.7116;2998.3524;1853.7767;2962.0024;1854.384;2967.0543;1857.2268;3001.9182;1851.6342;2966.4457;1859.7078;2967.0555;1863.3065
3092520.0;2948.1357;1858.6282;2960.8763;1862.8904;2964.5745;1860.3594;2962.0178;1856.8226;2998.3888;1853.7408;2959.5117;1855.3156;2964.4209;1858.4769;3001.9352;1851.5802;2964.1358;1861.118;2964.5797;1864.8089
3092540.0;2946.1273;1860.4837;2958.7114;1864.6686;2962.0111;1861.8879;2959.4039;1858.1373;2998.4191;1853.7174;2957.2008;1856.4983;2962.045;1859.9803;3001.9731;1851.5092;2962.0569;1862.7284;2962.3375;1866.4952
3092560.0;2944.3307;1862.4191;2956.8247;1866.66;2959.7003;1863.5951;2957.0138;1859.652;2998.4343;1853.7164;2955.1031;1857.925;2959.9589;1861.7347;3002.0418;1851.4129;2960.21;1864.5301;2960.3401;1868.3201
3092580.0;2942.75;1864.4234;2955.1851;1868.7763;2957.6778;1865.4636;2954.8841;1861.3453;2998.4306;1853.7434;2953.2457;1859.5626;2958.1712;1863.6899;3002.1427;1851.2913;2958.5943;1866.4965;2958.5969;1870.248
3092600.0;2941.3888;1866.4886;2953.7658;1870.9487;2955.9625;1867.4595;2953.0379;1863.1896;2998.4094;1853.7985;2951.6497;1861.37;2956.6738;1865.7736;3002.2627;1851.1599;2957.2114;1868.5911;2957.1177;1872.2585
3092620.0;2940.2523;1868.6024;2952.5577;1873.142;2954.556;1869.54;2951.4835;1865.1595;2998.3739;1853.8735;2950.331;1863.3098;2955.448;1867.9232;3002.3777;1851.0473;2956.0592;1870.7705;2955.9092;1874.332
3092640.0;2939.3437;1870.7452;2951.5641;1875.3436;2953.4526;1871.6646;2950.2164;1867.2353;2998.3273;1853.9541;2949.2999;1865.3496;2954.4723;1870.1005;3002.4645;1850.9817;2955.1276;1872.9882;2954.9707;1876.4416
3092660.0;2938.6582;1872.8948;2950.7881;1877.5518;2952.648;1873.8033;2949.2268;1869.401;2998.2752;1854.0274;2948.5593;1867.4573;2953.7332;1872.2877;3002.5137;1850.9753;2954.4024;1875.2006;2954.2948;1878.557
3092680.0;2938.1832;1875.0318;2950.2267;1879.7674;2952.1406;1875.9384;2948.5048;1871.6383;2998.2267;1854.0884;2948.1041;1869.6;2953.2261;1874.4726;3002.5297;1851.0216;2953.873;1877.3767;2953.8705;1880.6561
3092700.0;2937.9045;1877.1464;2949.8767;1881.989;2951.9269;1878.0628;2948.0456;1873.921;2998.191;1854.1376;2947.9229;1871.7482;2952.9494;1876.6399;3002.5214;1851.1045;2953.5367;1879.5017;2953.6866;1882.7265
3092720.0;2937.8159;1879.2373;2949.7384;1884.2049;2951.9945;1880.1778;2947.8468;1876.2136;2998.174;1854.1759;2948.0003;1873.8782;2952.8955;1878.7722;3002.4926;1851.2103;2953.3972;1881.5734;2953.7358;1884.7622
3092740.0;2937.9197;1881.3056;2949.8201;1886.3965;2952.3213;1882.2878;2947.9025;1878.4764;2998.1766;1854.203;2948.3194;1875.9721;2953.0505;1880.8597;3002.4417;1851.3302;2953.4615;1883.5939;2954.0145;1886.7563
3092760.0;2938.2243;1883.3459;2950.1341;1888.5447;2952.8789;1884.3923;2948.1947;1880.6747;2998.1972;1854.22;2948.8639;1878.015;2953.3997;1882.8998;3002.3682;1851.4573;2953.7376;1885.5634;2954.5185;1888.6974
3092780.0;2938.7398;1885.3455;2950.6904;1890.6327;2953.6396;1886.4799;2948.6961;1882.7863;2998.2333;1854.231;2949.6191;1879.9957;2953.9312;1884.8921;3002.277;1851.5843;2954.2322;1887.479;2955.2382;1890.5741
3092800.0;2939.4776;1887.2886;2951.4918;1892.6442;2954.5834;1888.5281;2949.3765;1884.8043;2998.281;1854.2425;2950.5716;1881.9079;2954.6385;1886.8312;3002.1786;1851.7062;2954.9477;1889.3327;2956.1585;1892.3772
3092820.0;2940.4472;1889.1608;2952.5343;1894.5589;2955.7005;1890.5084;2950.217;1886.7327;2998.335;1854.2608;2951.7103;1883.7489;2955.5217;1888.7085;3002.0837;1851.8239;2955.8816;1891.1139;2957.264;1894.0978
3092840.0;2941.6496;1890.9441;2953.8096;1896.3536;2956.9881;1892.3924;2951.215;1888.5788;2998.3896;1854.2896;2953.0273;1885.5141;2956.5874;1890.5143;3001.9995;1851.9432;2957.0297;1892.8094;2958.5433;1895.7211
3092860.0;2943.0738;1892.6138;2955.3058;1898.0083;2958.4453;1894.1545;2952.3833;1890.3453;2998.4396;1854.3289;2954.5161;1887.1911;2957.8447;1892.2355;3001.9288;1852.0694;2958.3905;1894.404;2959.9891;1897.2241
3092880.0;2944.7023;1894.1386;2957.0071;1899.5099;2960.0686;1895.7701;2953.7395;1892.0262;2998.4816;1854.377;2956.1698;1888.7587;2959.2974;1893.8519;3001.8711;1852.2032;2959.9633;1895.8791;2961.5941;1898.5829
3092900.0;2946.518;1895.4872;2958.8922;1900.8509;2961.8503;1897.2135;2955.2965;1893.6057;2998.5142;1854.4358;2957.978;1890.1919;2960.9381;1895.3334;3001.824;1852.341;2961.7391;1897.2127;2963.3473;1899.7795
3092920.0;2948.5033;1896.6329;2960.9353;1902.0247;2963.7773;1898.4589;2957.0565;1895.0602;2998.5366;1854.5135;2959.929;1891.466;2962.7476;1896.6453;3001.782;1852.4796;2963.6958;1898.3801;2965.2306;1900.8056
3092940.0;2950.6311;1897.5598;2963.1083;1903.0219;2965.8309;1899.4835;2959.0122;1896.3592;2998.5456;1854.6155;2962.0108;1892.5612;2964.6999;1897.7547;3001.7377;1852.6189;2965.802;1899.3592;2967.2207;1901.6592
3092960.0;2952.864;1898.2673;2965.3808;1903.8358;2967.988;1900.2755;2961.1481;1897.4685;2998.5378;1854.7331;2964.2109;1893.4635;2966.7705;1898.6365;3001.6843;1852.7595;2968.0265;1900.1346;2969.2919;1902.34
3092980.0;2955.1649;1898.7695;2967.7226;1904.4697;2970.2239;1900.8371;2963.4416;1898.355;2998.5138;1854.8414;2966.5131;1894.1667;2968.9386;1899.2787;3001.6211;1852.9;2970.3408;1900.7013;2971.4204;1902.8505
3093000.0;2957.5123;1899.088;2970.1065;1904.9405;2972.5148;1901.1834;2965.8628;1898.9945;2998.4811;1854.9149;2968.8964;1894.6725;2971.1853;1899.6868;3001.5544;1853.0388;2972.7157;1901.0629;2973.5884;1903.1991
3093020.0;2959.9002;1899.2458;2972.511;1905.2741;2974.8393;1901.336;2968.3767;1899.3809;2998.4522;1854.9494;2971.3345;1894.9921;2973.4896;1899.882;3001.4948;1853.1752;2975.119;1901.2303;2975.784;1903.4004
3093040.0;2962.3229;1899.2697;2974.9233;1905.496;2977.1788;1901.319;2970.9468;1899.531;2998.4382;1854.9657;2973.8016;1895.1469;2975.8289;1899.894;3001.4493;1853.3085;2977.5227;1901.221;2978.0008;1903.4703
3093060.0;2964.7618;1899.193;2977.3384;1905.6261;2979.5191;1901.1583;2973.5415;1899.4824;2998.4454;1854.9928;2976.2764;1895.1648;2978.1812;1899.753;3001.4173;1853.436;2979.9085;1901.0589;2980.2357;1903.4231
3093080.0;2967.1918;1899.049;2979.7561;1905.6788;2981.8517;1900.8834;2976.1372;1899.2838;2998.4747;1855.0465;2978.7451;1895.0745;2980.529;1899.4821;3001.3913;1853.553;2982.271;1900.7712;2982.4866;1903.2713
3093100.0;2969.5968;1898.8596;2982.177;1905.6626;2984.1735;1900.5248;2978.7201;1898.9818;2998.5217;1855.1221;2981.1988;1894.8974;2982.8604;1899.0956;3001.363;1853.6556;2984.6131;1900.3841;2984.7513;1903.0305
3093120.0;2971.9775;1898.6291;2984.5997;1905.5789;2986.4848;1900.1098;2981.2855;1898.6132;2998.5786;1855.203;2983.6304;1894.6454;2985.1701;1898.6026;3001.3283;1853.742;2986.9421;1899.9201;2987.0269;1902.7203
3093140.0;2974.3447;1898.3486;2987.0212;1905.4236;2988.7895;1899.6595;2983.8354;1898.2035;2998.6373;1855.2759;2986.034;1894.3241;2987.4589;1898.0125;3001.2902;1853.8125;2989.2666;1899.397;2989.3095;1902.3587
3093160.0;2976.7076;1898.0052;2989.4377;1905.1901;2991.0926;1899.1873;2986.3731;1897.7708;2998.6923;1855.3378;2988.4077;1893.9377;2989.7308;1897.341;3001.2552;1853.8709;2991.5947;1898.8256;2991.595;1901.9579
3093180.0;2979.0665;1897.5909;2991.8458;1904.87;2993.3978;1898.7;2988.8983;1897.3243;2998.7431;1855.3942;2990.7549;1893.4904;2991.989;1896.6069;3001.227;1853.9225;2993.9292;1898.2044;2993.8793;1901.5197
3093200.0;2981.4136;1897.1034;2994.2436;1904.4506;2995.7042;1898.1977;2991.4056;1896.8614;2998.7942;1855.4525;2993.0794;1892.9818;2994.2315;1895.8246;3001.2026;1853.9722;2996.2603;1897.515;2996.1576;1901.0346
3093220.0;2983.7369;1896.5448;2996.6301;1903.9143;2998.0053;1897.6674;2993.8867;1896.3622;2998.8514;1855.5192;2995.3798;1892.4027;2996.449;1894.9967;3001.1737;1854.0217;2998.5637;1896.7247;2998.4207;1900.4799
3093240.0;2986.0256;1895.9121;2999.0026;1903.2433;3000.291;1897.083;2996.3324;1895.7941;2998.9167;1855.6007;2997.6454;1891.7351;2998.6284;1894.1113;3001.1347;1854.0706;3000.8061;1895.798;3000.6522;1899.8222
3093260.0;2988.273;1895.1904;3001.3538;1902.4281;3002.5453;1896.3996;2998.7316;1895.1238;2998.9849;1855.7007;2999.8588;1890.9553;3000.7584;1893.148;3001.0863;1854.1174;3002.9598;1894.7172;3002.8309;1899.027
3093280.0;2990.4757;1894.3527;3003.6718;1901.4687;3004.7443;1895.5539;3001.0723;1894.3302;2999.0463;1855.8146;3002.0027;1890.0407;3002.8351;1892.0903;3001.0324;1854.1592;3005.0128;1893.4942;3004.9382;1898.0717
3093300.0;2992.6319;1893.3741;3005.9423;1900.3665;3006.8627;1894.4751;3003.3433;1893.4072;2999.0927;1855.9289;3004.0662;1888.9786;3004.8596;1890.9334;3000.9751;1854.1919;3006.968;1892.1622;3006.9643;1896.9538
3093320.0;2994.7413;1892.2543;3008.1512;1899.1146;3008.8852;1893.1185;3005.5365;1892.3576;2999.1207;1856.0308;3006.0473;1887.7731;3006.8327;1889.6832;3000.9141;1854.2132;3008.8336;1890.7543;3008.9102;1895.6898
3093340.0;2996.8048;1891.0332;3010.2855;1897.6974;3010.8158;1891.4976;3007.6442;1891.1832;2999.1318;1856.1179;3007.9493;1886.4407;3008.752;1888.3476;3000.85;1854.2242;3010.6175;1889.2862;3010.7825;1894.3032
3093360.0;2998.8252;1889.7838;3012.3348;1896.1023;3012.6729;1889.6802;3009.658;1889.8794;2999.1295;1856.1965;3009.7762;1884.9994;3010.6131;1886.9311;3000.7847;1854.2287;3012.3244;1887.7535;3012.5859;1892.8125
3093380.0;3000.8082;1888.5851;3014.2922;1894.3317;3014.4715;1887.7415;3011.5689;1888.4363;2999.1192;1856.2723;3011.5272;1883.4569;3012.41;1885.4286;3000.72;1854.2301;3013.956;1886.1412;3014.3168;1891.2225
3093400.0;3002.7626;1887.4908;3016.1537;1892.397;3016.2097;1885.7193;3013.3702;1886.8445;2999.108;1856.3444;3013.196;1881.8086;3014.1322;1883.8222;3000.6563;1854.2305;3015.5078;1884.4309;3015.9643;1889.5239
3093420.0;3004.6995;1886.513;3017.9134;1890.3044;3017.8686;1883.6105;3015.0547;1885.0983;2999.1032;1856.4091;3014.7681;1880.043;3015.7623;1882.0837;3000.5932;1854.2307;3016.9668;1882.6025;3017.5138;1887.6975
3093440.0;3006.6242;1885.6268;3019.5619;1888.0469;3019.4213;1881.3982;3016.6144;1883.1986;2999.1081;1856.4655;3016.2205;1878.1485;3017.2774;1880.1884;3000.5303;1854.2317;3018.3158;1880.6382;3018.9542;1885.7232
3093460.0;3008.529;1884.788;3021.0865;1885.6159;3020.84;1879.0752;3018.0413;1881.1504;2999.1202;1856.5166;3017.5267;1876.1185;3018.6552;1878.1297;3000.4677;1854.2351;3019.5421;1878.5291;3020.2783;1883.5853
3093480.0;3010.385;1883.9562;3022.4735;1883.0159;3022.0992;1876.6502;3019.3302;1878.9618;2999.1337;1856.5654;3018.6657;1873.9569;3019.8772;1875.9194;3000.4057;1854.2436;3020.6414;1876.2792;3021.4806;1881.2781
3093500.0;3012.1399;1883.1193;3023.7076;1880.2669;3023.1755;1874.1374;3020.4751;1876.6425;2999.1451;1856.6122;3019.6286;1871.6772;3020.9292;1873.5739;3000.3453;1854.261;3021.6148;1873.9005;3022.5512;1878.8066
3093520.0;3013.7255;1882.3068;3024.7714;1877.3926;3024.0515;1871.5512;3021.4668;1874.203;2999.1548;1856.6547;3020.4193;1869.2999;3021.7992;1871.1061;3000.2891;1854.2896;3022.4575;1871.405;3023.4757;1876.1869
3093540.0;3015.0814;1881.5748;3025.645;1874.4124;3024.7192;1868.9012;3022.2922;1871.6546;2999.1652;1856.6897;3021.0475;1866.8434;3022.4785;1868.5315;3000.2404;1854.3277;3023.1529;1868.803;3024.236;1873.444
3093560.0;3016.1824;1880.9678;3026.3082;1871.3454;3025.1802;1866.1937;3022.9385;1869.0117;2999.1764;1856.7145;3021.5204;1864.3198;3022.963;1865.8781;3000.2028;1854.371;3023.677;1866.1111;3024.8153;1870.6085
3093580.0;3017.0508;1880.4855;3026.7393;1868.2156;3025.4429;1863.4372;3023.3961;1866.2948;2999.185;1856.7284;3021.8383;1861.7341;3023.2525;1863.1827;3000.1777;1854.4158;3024.0109;1863.3571;3025.1971;1867.7114
3093600.0;3017.7409;1880.0867;3026.9168;1865.0536;3025.517;1860.6452;3023.6606;1863.5307;2999.1864;1856.7322;3021.9948;1859.0902;3023.3477;1860.479;3000.1636;1854.4606;3024.1491;1860.5735;3025.364;1864.7798
3093620.0;3018.3087;1879.7194;3026.8235;1861.8902;3025.4089;1857.8358;3023.732;1860.7459;2999.18;1856.7269;3021.9803;1856.3958;3023.2464;1857.7876;3000.157;1854.5042;3024.0962;1857.7878;3025.2964;1861.8359
3093640.0;3018.7933;1879.3494;3026.4501;1858.7543;3025.1223;1855.0269;3023.6135;1857.9599;2999.1697;1856.7141;3021.7853;1853.6678;3022.9456;1855.1188;3000.154;1854.5434;3023.8553;1855.0177;3024.9763;1858.9
3093660.0;3019.1996;1878.9568;3025.795;1855.6763;3024.6602;1852.2318;3023.3071;1855.1853;2999.161;1856.6977;3021.4015;1850.9308;3022.4455;1852.4793;3000.1512;1854.5758;3023.4202;1852.276;3024.3919;1855.9942
3093680.0;3019.4884;1878.5158;3024.8631;1852.6911;3024.0273;1849.4608;3022.8103;1852.4347;2999.1572;1856.6841;3020.8225;1848.2136;3021.7509;1849.8766;3000.1459;1854.6036;3022.7806;1849.5761;3023.5417;1853.1456
3093700.0;3019.562;1877.9401;3023.6646;1849.8352;3023.2291;1846.7263;3022.1142;1849.728;2999.1596;1856.6798;3020.0444;1845.545;3020.8687;1847.3204;3000.1365;1854.6344;3021.9304;1846.9324;3022.434;1850.384
3093720.0;3019.2638;1877.0252;3022.2184;1847.1331;3022.266;1844.0447;3021.2083;1847.0927;2999.1682;1856.6889;3019.0652;1842.9515;3019.8042;1844.8241;3000.1236;1854.6766;3020.8724;1844.3607;3021.0847;1847.735
3093740.0;3018.4246;1875.4688;3020.5527;1844.5904;3021.1317;1841.437;3020.0851;1844.5582;2999.1815;1856.7111;3017.8844;1840.4575;3018.5581;1842.4049;3000.1117;1854.7333;3019.6128;1841.8782;3019.5158;1845.2128
3093760.0;3016.9514;1873.027;3018.7048;1842.1952;3019.8143;1838.9273;3018.7457;1842.1491;2999.1956;1856.7415;3016.5014;1838.0861;3017.1265;1840.0831;3000.1068;1854.8003;3018.1563;1839.5038;3017.7539;1842.8176
3093780.0;3014.9065;1869.7236;3016.716;1839.9278;3018.2996;1836.5406;3017.1983;1839.8844;2999.2063;1856.7727;3014.9177;1835.8604;3015.506;1837.8816;3000.1117;1854.8684;3016.5052;1837.2552;3015.8261;1840.5414
3093800.0;3012.4942;1865.9002;3014.6274;1837.7658;3016.576;1834.2987;3015.456;1837.7788;2999.2131;1856.7975;3013.1381;1833.8038;3013.6978;1835.8253;3000.1236;1854.9298;3014.6618;1835.1457;3013.7563;1838.3807
3093820.0;3009.9444;1862.034;3012.475;1835.6827;3014.6388;1832.2183;3013.5304;1835.8462;2999.2198;1856.813;3011.1721;1831.9372;3011.7096;1833.9409;3000.1365;1854.9822;3012.6299;1833.1825;3011.5619;1836.3475
3093840.0;3007.3932;1858.4956;3010.2843;1833.6536;3012.4958;1830.313;3011.4313;1834.0987;2999.2303;1856.8207;3009.0314;1830.2766;3009.5529;1832.2535;3000.1459;1855.0279;3010.4163;1831.3686;3009.2549;1834.4726
3093860.0;3004.8585;1855.4678;3008.066;1831.6706;3010.1668;1828.6015;3009.1673;1832.5481;2999.2438;1856.8236;3006.7295;1828.8309;3007.2405;1830.7827;3000.1512;1855.0687;3008.0316;1829.7061;3006.8448;1832.7964
3093880.0;3002.2995;1853.009;3005.8113;1829.7678;3007.6764;1827.1098;3006.7482;1831.2042;2999.2551;1856.8248;3004.2835;1827.6046;3004.787;1829.5426;3000.154;1855.1027;3005.4921;1828.202;3004.3406;1831.3535
3093900.0;2999.6816;1851.1311;3003.4966;1828.0361;3005.0449;1825.8668;3004.1857;1830.0751;2999.2589;1856.826;3001.7156;1826.6039;3002.2133;1828.5438;3000.157;1855.1253;3002.8204;1826.8734;3001.7505;1830.1655
3093920.0;2997.0063;1849.824;3001.0955;1826.6152;3002.2882;1824.8962;3001.4955;1829.1645;2999.2522;1856.8293;2999.0526;1825.8408;2999.5497;1827.7994;3000.1636;1855.1323;3000.0436;1825.7488;2999.0812;1829.2431
3093940.0;2994.3045;1849.0524;2998.596;1825.6478;2999.4233;1824.2126;2998.6983;1828.4727;2999.235;1856.8378;2996.3215;1825.3324;2996.8333;1827.3249;3000.1775;1855.1212;2997.1881;1824.8645;2996.3387;1828.5915
3093960.0;2991.6226;1848.772;2996.0083;1825.2139;2996.4729;1823.8213;2995.8192;1827.9972;2999.2098;1856.8546;2993.5473;1825.0955;2994.0988;1827.1351;3000.2019;1855.0908;2994.2757;1824.2548;2993.532;1828.2113
3093980.0;2989.0042;1848.9437;2993.3564;1825.2963;2993.4635;1823.7261;2992.8829;1827.7378;2999.1806;1856.8805;2990.7543;1825.1394;2991.3733;1827.2355;3000.2372;1855.0434;2991.3231;1823.944;2990.676;1828.0976
3094000.0;2986.473;1849.5313;2990.6636;1825.8042;2990.4186;1823.9302;2989.9106;1827.6989;2999.1503;1856.9104;2987.9691;1825.4642;2988.6775;1827.6206;3000.2794;1854.9857;2988.345;1823.9416;2987.7908;1828.2461
3094020.0;2984.0314;1850.4974;2987.9429;1826.6375;2987.3594;1824.4344;2986.9217;1827.8906;2999.12;1856.9332;2985.2212;1826.0658;2986.0317;1828.2766;3000.3218;1854.9296;2985.3572;1824.2458;2984.8994;1828.6577
3094040.0;2981.6701;1851.7928;2985.2014;1827.7292;2984.3083;1825.2281;2983.9363;1828.3231;2999.0907;1856.9383;2982.5412;1826.9419;2983.4593;1829.19;3000.3577;1854.8887;2982.3782;1824.8492;2982.0247;1829.3396
3094060.0;2979.3811;1853.3512;2982.4481;1829.0495;2981.2905;1826.2855;2980.9753;1829.0035;2999.0648;1856.9229;2979.9607;1828.0882;2980.9841;1830.3499;3000.3844;1854.8739;2979.4302;1825.7441;2979.1906;1830.2958
3094080.0;2977.1638;1855.091;2979.7017;1830.5856;2978.3318;1827.5694;2978.0588;1829.9322;2999.0455;1856.8944;2977.5104;1829.4887;2978.6273;1831.7444;3000.404;1854.8899;2976.536;1826.921;2976.4222;1831.5217
3094100.0;2975.0199;1856.9325;2976.9929;1832.3257;2975.4535;1829.0432;2975.2081;1831.1066;2999.0334;1856.865;2975.2176;1831.1101;2976.4051;1833.3564;3000.4221;1854.9341;2973.7149;1828.3635;2973.7453;1833.0017
3094120.0;2972.9461;1858.8159;2974.3589;1834.2555;2972.6719;1830.6835;2972.4474;1832.5229;2999.0268;1856.8436;2973.1014;1832.9109;2974.3294;1835.1623;3000.4432;1854.9987;2970.9814;1830.0462;2971.1793;1834.7114
3094140.0;2970.9325;1860.7131;2971.8333;1836.3546;2970.0023;1832.4838;2969.8042;1834.1777;2999.0226;1856.8318;2971.1674;1834.8536;2972.4101;1837.1352;3000.4674;1855.0738;2968.3481;1831.9362;2968.7374;1836.6186
3094160.0;2968.9686;1862.6246;2969.4384;1838.5946;2967.465;1834.4496;2967.305;1836.0618;2999.0183;1856.8268;2969.4098;1836.9128;2970.6567;1839.2481;3000.4912;1855.1498;2965.8308;1833.9998;2966.4322;1838.6888
3094180.0;2967.0547;1864.5708;2967.1864;1840.9426;2965.0874;1836.5885;2964.9719;1838.1549;2999.0144;1856.8252;2967.8158;1839.0727;2969.08;1841.4751;3000.51;1855.2181;2963.4508;1836.2089;2964.2856;1840.8929
3094200.0;2965.2094;1866.5765;2965.0871;1843.3684;2962.9034;1838.9042;2962.8218;1840.4248;2999.0157;1856.8248;2966.373;1841.3199;2967.692;1843.7932;3000.5223;1855.2729;2961.2363;1838.5468;2962.331;1843.2128
3094220.0;2963.473;1868.6564;2963.1551;1845.853;2960.9501;1841.3904;2960.8694;1842.8346;2999.0279;1856.8248;2965.076;1843.6431;2966.5057;1846.1825;3000.5304;1855.3128;2959.2233;1841.0087;2960.607;1845.6361
3094240.0;2961.9039;1870.8088;2961.4136;1848.3868;2959.263;1844.025;2959.1305;1845.3504;2999.053;1856.8248;2963.9314;1846.0346;2965.5367;1848.6227;3000.5391;1855.3425;2957.4561;1843.5916;2959.1462;1848.1466
3094260.0;2960.5699;1873.0165;2959.8937;1850.9618;2957.8735;1846.7707;2957.6259;1847.9453;2999.0849;1856.8244;2962.9552;1848.4864;2964.798;1851.0864;3000.5537;1855.3711;2955.9825;1846.2821;2957.9706;1850.7166
3094280.0;2959.5304;1875.2508;2958.6301;1853.5635;2956.8046;1849.582;2956.3813;1850.5987;2999.1141;1856.8229;2962.1666;1850.9812;2964.2934;1853.5368;3000.5783;1855.4059;2954.8432;1849.0499;2957.0914;1853.3077
3094300.0;2958.8192;1877.4712;2957.6539;1856.1689;2956.0706;1852.4172;2955.4258;1853.295;2999.134;1856.8184;2961.5822;1853.4881;2964.01;1855.9391;3000.6137;1855.4486;2954.0597;1851.8542;2956.5133;1855.8766
3094320.0;2958.4341;1879.6317;2956.9842;1858.7512;2955.6763;1855.2423;2954.7858;1856.0169;2999.1445;1856.8076;2961.2126;1855.9724;2963.9219;1858.2767;3000.6566;1855.4956;2953.6277;1854.6549;2956.2369;1858.384
3094340.0;2958.3432;1881.6939;2956.6259;1861.2874;2955.6166;1858.0275;2954.4773;1858.7395;2999.1487;1856.7874;2961.0626;1858.4077;2963.9992;1860.555;3000.7012;1855.5433;2953.5198;1857.4222;2956.2544;1860.8014
3094360.0;2958.5032;1883.6393;2956.5715;1863.7617;2955.876;1860.7433;2954.497;1861.4269;2999.1503;1856.7576;2961.1316;1860.7783;2964.2156;1862.7881;3000.7429;1855.5909;2953.6964;1860.1373;2956.5437;1863.1158
3094380.0;2958.8781;1885.4682;2956.803;1866.1633;2956.4254;1863.3598;2954.8199;1864.0399;2999.1517;1856.7229;2961.4139;1863.0729;2964.5523;1864.9808;3000.7814;1855.6385;2954.1187;1862.7875;2957.0683;1865.3272
3094400.0;2959.4473;1887.1887;2957.2942;1868.4793;2957.2241;1865.8513;2955.4035;1866.5465;2999.1551;1856.6895;2961.9019;1865.2796;2965.0016;1867.1226;3000.8204;1855.6864;2954.7568;1865.3557;2957.7873;1867.4419
3094420.0;2960.2019;1888.8058;2958.0143;1870.6917;2958.2288;1868.1989;2956.2022;1868.9267;2999.1632;1856.6608;2962.5861;1867.3866;2965.5688;1869.1932;3000.8646;1855.7355;2955.5919;1867.8167;2958.6696;1869.4651
3094440.0;2961.1362;1890.3177;2958.9352;1872.7808;2959.4074;1870.3893;2957.1794;1871.1705;2999.1784;1856.637;2963.4543;1869.3836;2966.2689;1871.1689;3000.9163;1855.7892;2956.6153;1870.1401;2959.701;1871.3957
3094460.0;2962.242;1891.7182;2960.0391;1874.7307;2960.748;1872.4127;2958.3152;1873.2712;2999.2005;1856.6197;2964.4915;1871.2604;2967.1162;1873.0292;3000.9756;1855.8514;2957.8265;1872.298;2960.8794;1873.2271
3094480.0;2963.5032;1893.0038;2961.3189;1876.531;2962.2506;1874.2631;2959.6035;1875.2209;2999.2256;1856.6149;2965.6806;1873.0063;2968.1141;1874.7601;3001.0419;1855.9228;2959.2284;1874.2723;2962.2031;1874.9525
3094500.0;2964.8945;1894.1814;2962.7706;1878.1774;2963.9112;1875.9403;2961.0456;1877.0097;2999.2477;1856.6277;2967.0027;1874.6149;2969.2518;1876.3559;3001.1158;1855.9999;2960.8203;1876.0592;2963.6635;1876.5692
3094520.0;2966.3795;1895.2736;2964.3838;1879.6702;2965.7079;1877.4555;2962.6405;1878.6298;2999.2629;1856.6541;2968.4385;1876.091;2970.5101;1877.8166;3001.1975;1856.0763;2962.5902;1877.6696;2965.2444;1878.0808
3094540.0;2967.9198;1896.3124;2966.1385;1881.0186;2967.5991;1878.8347;2964.3789;1880.0838;2999.2713;1856.6804;2969.9703;1877.4518;2971.8699;1879.1454;3001.2849;1856.1444;2964.5115;1879.1277;2966.9278;1879.497
3094560.0;2969.4852;1897.3262;2968.0079;1882.2411;2969.5337;1880.1156;2966.2392;1881.3922;2999.2758;1856.6933;2971.5822;1878.7207;2973.3165;1880.3473;3001.3732;1856.198;2966.5456;1880.466;2968.6973;1880.8296
3094580.0;2971.0642;1898.3261;2969.9648;1883.3617;2971.4654;1881.3383;2968.1916;1882.5919;2999.2805;1856.6879;2973.2594;1879.9203;2974.8391;1881.4288;3001.4581;1856.2345;2968.6505;1881.7194;2970.5386;1882.0864
3094600.0;2972.6631;1899.3035;2971.9869;1884.4036;2973.3653;1882.5331;2970.2037;1883.7272;2999.2901;1856.6683;2974.9863;1881.0685;2976.4263;1882.3966;3001.5395;1856.256;2970.7916;1882.9197;2972.4387;1883.2661
3094620.0;2974.2982;1900.2384;2974.0604;1885.3824;2975.2253;1883.7149;2972.248;1884.8347;2999.3086;1856.6414;2976.7495;1882.1735;2978.0667;1883.2572;3001.6214;1856.2691;2972.9477;1884.0925;2974.3864;1884.36
3094640.0;2975.9835;1901.113;2976.1774;1886.3018;2977.0529;1884.8862;2974.3042;1885.9361;2999.3389;1856.6115;2978.5409;1883.231;2979.7508;1884.0177;3001.7096;1856.282;2975.109;1885.253;2976.3733;1885.3587
3094660.0;2977.7254;1901.9174;2978.3307;1887.1515;2978.8609;1886.0406;2976.3606;1887.0371;2999.3791;1856.5811;2980.3602;1884.2258;2981.4756;1884.6887;3001.8071;1856.3019;2977.2699;1886.4047;2978.3945;1886.2579
3094680.0;2979.5243;1902.6479;2980.5121;1887.9109;2980.6606;1887.1652;2978.4122;1888.1334;2999.4233;1856.5515;2982.2132;1885.1389;2983.2422;1885.282;3001.9118;1856.3324;2979.4258;1887.5402;2980.4467;1887.0604
3094700.0;2981.3811;1903.2987;2982.7121;1888.5573;2982.4644;1888.2346;2980.4613;1889.2121;2999.4639;1856.5244;2984.107;1885.9533;2985.0512;1885.8059;3002.0177;1856.3705;2981.574;1888.6449;2982.5274;1887.7709
3094720.0;2983.2989;1903.8561;2984.9212;1889.0723;2984.292;1889.2008;2982.5155;1890.2542;2999.4951;1856.5022;2986.0428;1886.6533;2986.898;1886.2617;3002.1186;1856.4077;2983.7148;1889.6974;2984.6336;1888.3909
3094740.0;2985.278;1904.2994;2987.1305;1889.4436;2986.1714;1889.9961;2984.5858;1891.2333;2999.5163;1856.4867;2988.0147;1887.2173;2988.7749;1886.6451;3002.2103;1856.4344;2985.8509;1890.6692;2986.7616;1888.9118
3094760.0;2987.3101;1904.6086;2989.3318;1889.6629;2988.1262;1890.5577;2986.6828;1892.1194;2999.532;1856.4781;2990.0128;1887.617;2990.6754;1886.9498;3002.2914;1856.444;2987.985;1891.5268;2988.9065;1889.3114
3094780.0;2989.3777;1904.7721;2991.5207;1889.7261;2990.1606;1890.8587;2988.8151;1892.8814;2999.547;1856.4738;2992.0279;1887.8247;2992.5961;1887.1677;3002.3607;1856.4344;2990.1193;1892.2398;2991.0625;1889.5588
3094800.0;2991.461;1904.7854;2993.6955;1889.6334;2992.257;1890.9193;2990.9882;1893.4904;2999.5643;1856.4708;2994.0508;1887.8224;2994.5363;1887.2886;3002.4173;1856.4073;2992.2568;1892.7866;2993.2237;1889.628
3094820.0;2993.5445;1904.6427;2995.856;1889.3888;2994.3892;1890.7865;2993.2029;1893.9219;2999.5835;1856.4649;2996.0698;1887.6066;2996.4958;1887.301;3002.4593;1856.3685;2994.4021;1893.1553;2995.3859;1889.5123
3094840.0;2995.6191;1904.3338;2998.0011;1888.997;2996.5377;1890.5053;2995.4549;1894.1594;2999.6032;1856.4515;2998.0704;1887.1844;2998.4717;1887.1919;3002.4846;1856.3254;2996.5616;1893.3393;2997.5464;1889.224
3094860.0;2997.6804;1903.8497;3000.1279;1888.4597;2998.6904;1890.104;2997.7344;1894.1945;2999.6205;1856.4258;3000.0398;1886.5659;3000.455;1886.9442;3002.4922;1856.2831;2998.7394;1893.3336;2999.7009;1888.7812
3094880.0;2999.7255;1903.1922;3002.2298;1887.7743;3000.8363;1889.5901;3000.0285;1894.0272;2999.6298;1856.3868;3001.9711;1885.7653;3002.4305;1886.5358;3002.4844;1856.2417;3000.9331;1893.1328;3001.8409;1888.1912
3094900.0;3001.7511;1902.3709;3004.2952;1886.9375;3002.9618;1888.9531;3002.3223;1893.6611;2999.6255;1856.3386;3003.8618;1884.8026;3004.3785;1885.9455;3002.4683;1856.1997;3003.1298;1892.7306;3003.9538;1887.4459
3094920.0;3003.7518;1901.3927;3006.3091;1885.9475;3005.0526;1888.172;3004.6005;1893.0996;2999.607;1856.2883;3005.7081;1883.6996;3006.279;1885.1609;3002.4535;1856.159;3005.3094;1892.1204;3006.025;1886.5304
3094940.0;3005.7184;1900.2528;3008.2564;1884.8033;3007.0978;1887.2244;3006.8474;1892.3428;2999.5811;1856.2428;3007.5009;1882.4713;3008.1125;1884.1798;3002.4478;1856.1253;3007.4508;1891.2962;3008.039;1885.431
3094960.0;3007.6392;1898.9389;3010.1236;1883.5004;3009.0867;1886.0976;3009.0478;1891.3907;2999.5569;1856.2061;3009.2267;1881.1218;3009.8622;1883.0068;3002.4542;1856.1026;3009.5362;1890.2525;3009.9801;1884.1419
3094980.0;3009.5029;1897.4427;3011.9004;1882.0315;3011.0068;1884.7903;3011.1872;1890.2455;2999.5401;1856.1783;3010.8735;1879.6499;3011.5152;1881.6494;3002.4711;1856.0906;3011.5532;1888.9872;3011.8337;1882.6643
3095000.0;3011.3035;1895.7687;3013.5794;1880.3927;3012.8431;1883.3067;3013.2523;1888.9142;2999.5302;1856.1535;3012.4344;1878.0547;3013.0616;1880.1146;3002.4926;1856.0852;3013.4936;1887.5056;3013.5885;1881.0048
3095020.0;3013.0374;1893.9333;3015.1558;1878.5893;3014.5814;1881.6466;3015.2311;1887.4036;2999.5225;1856.1214;3013.9057;1876.336;3014.4947;1878.4106;3002.5124;1856.0823;3015.3532;1885.8236;3015.2364;1879.1751
3095040.0;3014.6977;1891.9603;3016.6259;1876.6342;3016.2124;1879.8024;3017.1123;1885.7183;2999.511;1856.0754;3015.2815;1874.4934;3015.8104;1876.5484;3002.5268;1856.0783;3017.13;1883.9648;3016.7711;1877.1913
3095060.0;3016.2667;1889.8738;3017.9859;1874.5419;3017.7323;1877.7669;3018.8845;1883.8608;2999.4898;1856.0166;3016.5519;1872.5316;3017.0072;1874.5427;3002.5363;1856.0705;3018.8235;1881.9538;3018.185;1875.0693
3095080.0;3017.7161;1887.6932;3019.2307;1872.3236;3019.1422;1875.5473;3020.5371;1881.8368;2999.456;1855.952;3017.7074;1870.466;3018.084;1872.4122;3002.5452;1856.0579;3020.4341;1879.8118;3019.4683;1872.8216
3095100.0;3019.0119;1885.4256;3020.3547;1869.9895;3020.444;1873.1679;3022.0625;1879.6585;2999.4126;1855.8877;3018.7433;1868.3203;3019.037;1870.1785;3002.5578;1856.0439;3021.9613;1877.5526;3020.6125;1870.46
3095120.0;3020.1239;1883.0644;3021.3522;1867.5522;3021.6334;1870.6603;3023.4592;1877.3441;2999.3683;1855.8259;3019.659;1866.1159;3019.8585;1867.8642;3002.5767;1856.0344;3023.3991;1875.1824;3021.6143;1867.9999
3095140.0;3021.0305;1880.5959;3022.2158;1865.0276;3022.6967;1868.0518;3024.7283;1874.9127;2999.3338;1855.7678;3020.449;1863.8584;3020.5371;1865.4901;3002.6011;1856.0334;3024.7329;1872.7011;3022.4754;1865.4601
3095160.0;3021.722;1878.0145;3022.9354;1862.431;3023.6131;1865.3603;3025.8698;1872.3813;2999.3179;1855.7168;3021.0992;1861.538;3021.0586;1863.0716;3002.6283;1856.0365;3025.939;1870.1067;3023.1978;1862.8574
3095180.0;3022.1991;1875.3316;3023.498;1859.7701;3024.3621;1862.598;3026.8757;1869.7622;2999.3236;1855.6776;3021.5904;1859.1419;3021.4066;1860.6185;3002.6582;1856.0341;3026.9889;1867.4012;3023.7776;1860.2022
3095200.0;3022.4689;1872.5723;3023.8903;1857.0448;3024.9284;1859.7767;3027.7298;1867.0628;2999.3469;1855.652;3021.9042;1856.6664;3021.568;1858.1393;3002.698;1856.0188;3027.8559;1864.5924;3024.2035;1857.5024
3095220.0;3022.536;1869.7637;3024.0997;1854.2572;3025.3006;1856.9092;3028.409;1864.2864;2999.3751;1855.6348;3022.0248;1854.1198;3021.5359;1855.6437;3002.7586;1855.9928;3028.5192;1861.6932;3024.4605;1854.7686
3095240.0;3022.3939;1866.9278;3024.1136;1851.4196;3025.4684;1854.0101;3028.8896;1861.4378;2999.3901;1855.6135;3021.9366;1851.5195;3021.3096;1853.1403;3002.8461;1855.9695;3028.9667;1858.7226;3024.5335;1852.0165
3095260.0;3022.0246;1864.0861;3023.9162;1848.5553;3025.4215;1851.0975;3029.1504;1858.5304;2999.3753;1855.5752;3021.6235;1848.8908;3020.8904;1850.6356;3002.953;1855.9676;3029.194;1855.7053;3024.4114;1849.266
3095280.0;3021.4105;1861.2661;3023.487;1845.6959;3025.1522;1848.1939;3029.1764;1855.5884;2999.324;1855.5153;3021.0741;1846.2666;3020.2809;1848.134;3003.0612;1856.0002;3029.2021;1852.669;3024.0875;1846.5392
3095300.0;3020.5493;1858.5012;3022.8053;1842.8788;3024.6566;1845.325;3028.962;1852.6416;2999.2396;1855.4388;3020.2845;1843.6841;3019.4869;1845.6428;3003.1533;1856.0646;3028.9926;1849.6375;3023.5589;1843.8587
3095320.0;3019.4633;1855.8218;3021.8578;1840.147;3023.9351;1842.5184;3028.5125;1849.7158;2999.1317;1855.3559;3019.2601;1841.176;3018.5173;1843.1778;3003.2204;1856.1442;3028.5645;1846.6309;3022.8231;1841.2468
3095340.0;3018.1916;1853.2509;3020.6442;1837.5445;3022.9891;1839.8022;3027.8404;1846.8283;2999.0125;1855.2756;3018.0158;1838.7656;3017.3807;1840.7645;3003.263;1856.2214;3027.9138;1843.6692;3021.8765;1838.7256
3095360.0;3016.7748;1850.8066;3019.1762;1835.1078;3021.8186;1837.203;3026.9624;1843.9907;2998.8958;1855.203;3016.5731;1836.4705;3016.0825;1838.4332;3003.2864;1856.2911;3027.0364;1840.7744;3020.7142;1836.3162
3095380.0;3015.2404;1848.5117;3017.4715;1832.8628;3020.4255;1834.7405;3025.8917;1841.2129;2998.7962;1855.1392;3014.9536;1834.3096;3014.6258;1836.2117;3003.2974;1856.3591;3025.9324;1837.966;3019.3339;1834.039
3095400.0;3013.5972;1846.3978;3015.5514;1830.8243;3018.8172;1832.4234;3024.6331;1838.506;2998.7239;1855.0833;3013.1743;1832.3066;3013.0132;1834.1214;3003.3021;1856.4309;3024.6039;1835.2606;3017.7372;1831.9115
3095420.0;3011.8389;1844.5018;3013.443;1828.9983;3017.0075;1830.2522;3023.1788;1835.8834;2998.6799;1855.0327;3011.2464;1830.484;3011.246;1832.1829;3003.305;1856.5053;3023.0496;1832.6801;3015.931;1829.9466
3095440.0;3009.9552;1842.8563;3011.1784;1827.3893;3015.0114;1828.2296;3021.5144;1833.3606;2998.6565;1854.9835;3009.1778;1828.8605;3009.3242;1830.4256;3003.3095;1856.5766;3021.2592;1830.2596;3013.9254;1828.1516
3095460.0;3007.9421;1841.4795;3008.7905;1826.0095;3012.8416;1826.3694;3019.6289;1830.9585;2998.6419;1854.93;3006.9784;1827.453;3007.2489;1828.8858;3003.317;1856.643;3019.217;1828.0463;3011.7338;1826.5334
3095480.0;3005.8122;1840.3703;3006.3086;1824.8794;3010.5104;1824.6986;3017.5255;1828.704;2998.6249;1854.868;3004.6614;1826.2792;3005.0282;1827.5978;3003.3265;1856.7078;3016.9137;1826.09;3009.373;1825.1048
3095500.0;3003.5923;1839.5143;3003.7583;1824.0197;3008.034;1823.2542;3015.2218;1826.632;2998.5979;1854.798;3002.2466;1825.3519;3002.6809;1826.5874;3003.334;1856.7754;3014.3603;1824.4366;3006.864;1823.8883
3095520.0;3001.3141;1838.8933;3001.1651;1823.4423;3005.4324;1822.0752;3012.7446;1824.7845;2998.5566;1854.7252;2999.761;1824.6697;3000.237;1825.8744;3003.3353;1856.8448;3011.5931;1823.1214;3004.2323;1822.9134
3095540.0;2999.0002;1838.5036;2998.5579;1823.1518;3002.7255;1821.1931;3010.1244;1823.2111;2998.5002;1854.6542;2997.2348;1824.2166;2997.7328;1825.4737;3003.3296;1856.9082;3008.669;1822.164;3001.5092;1822.2059
3095560.0;2996.6599;1838.3628;2995.9667;1823.1471;2999.932;1820.6251;3007.3927;1821.966;2998.4326;1854.5844;2994.6953;1823.9741;2995.2051;1825.3878;3003.32;1856.9568;3005.6538;1821.5675;2998.7296;1821.7829
3095580.0;2994.3001;1838.4943;2993.4217;1823.4276;2997.0746;1820.3707;3004.582;1821.1011;2998.3626;1854.5123;2992.1617;1823.9333;2992.6847;1825.6002;3003.3108;1856.9869;3002.6092;1821.3238;2995.9284;1821.6509
3095600.0;2991.9431;1838.8972;2990.951;1823.9937;2994.1857;1820.4182;3001.7266;1820.653;2998.3007;1854.437;2989.647;1824.0967;2990.1959;1826.0828;3003.303;1857.0028;2999.5827;1821.4187;2993.1371;1821.8102
3095620.0;2989.6333;1839.5335;2988.579;1824.8432;2991.3065;1820.7558;2998.8644;1820.6302;2998.2533;1854.3642;2987.1646;1824.4719;2987.7602;1826.8112;3003.2942;1857.0121;2996.6077;1821.8358;2990.3833;1822.2614
3095640.0;2987.4264;1840.3521;2986.3243;1825.9564;2988.4813;1821.379;2996.0381;1821.0081;2998.2173;1854.3013;2984.7354;1825.065;2985.4019;1827.7711;3003.2805;1857.0244;2993.7092;1822.5592;2987.6911;1823.0072
3095660.0;2985.3695;1841.3256;2984.1981;1827.2876;2985.7513;1822.29;2993.2954;1821.7413;2998.1832;1854.2505;2982.3889;1825.8792;2983.1481;1828.9517;3003.2601;1857.0505;2990.9152;1823.5756;2985.0826;1824.0438
3095680.0;2983.4933;1842.4539;2982.2056;1828.779;2983.1512;1823.4887;2990.6848;1822.782;2998.1421;1854.207;2980.1566;1826.9143;2981.0264;1830.3372;3003.2353;1857.0992;2988.2572;1824.8689;2982.5779;1825.3497
3095700.0;2981.8157;1843.7389;2980.3536;1830.3921;2980.7089;1824.9644;2988.2516;1824.0934;2998.0908;1854.164;2978.0658;1828.1652;2979.0612;1831.9052;3003.2131;1857.1728;2985.7628;1826.4092;2980.197;1826.8851
3095720.0;2980.3491;1845.1671;2978.6578;1832.1194;2978.4476;1826.6918;2986.0318;1825.6478;2998.0306;1854.1173;2976.1378;1829.6213;2977.2748;1833.6342;3003.2016;1857.2627;2983.4483;1828.1524;2977.9607;1828.6052
3095740.0;2979.1004;1846.7165;2977.1426;1833.9685;2976.3897;1828.6367;2984.0509;1827.419;2997.9657;1854.0662;2974.3928;1831.2668;2975.6922;1835.5076;3003.2055;1857.3546;2981.3198;1830.0528;2975.8921;1830.4754
3095760.0;2978.07;1848.3641;2975.8339;1835.9393;2974.5601;1830.7655;2982.3234;1829.3776;2997.899;1854.0101;2972.8557;1833.0811;2974.3415;1837.5117;3003.2234;1857.437;2979.3811;1832.0783;2974.0157;1832.4732
3095780.0;2977.2497;1850.0904;2974.7494;1838.0175;2972.9862;1833.0501;2980.8557;1831.4898;2997.8318;1853.9491;2971.5538;1835.0353;2973.2506;1839.6282;3003.2485;1857.5055;2977.6392;1834.2137;2972.3593;1834.5799
3095800.0;2976.6286;1851.8723;2973.8939;1840.1792;2971.694;1835.465;2979.648;1833.7163;2997.7629;1853.8888;2970.5098;1837.092;2972.4372;1841.83;3003.2721;1857.5596;2976.1055;1836.4533;2970.9512;1836.7756
3095820.0;2976.1973;1853.6854;2973.262;1842.3985;2970.7025;1837.977;2978.697;1836.0105;2997.6903;1853.8405;2969.735;1839.2088;2971.904;1844.0814;3003.2885;1857.5995;2974.7975;1838.7896;2969.8165;1839.0368
3095840.0;2975.954;1855.5075;2972.8452;1844.6438;2970.0169;1840.5431;2977.9964;1838.3235;2997.6146;1853.8149;2969.2291;1841.3474;2971.6404;1846.3439;3003.2967;1857.6235;2973.7408;1841.2042;2968.9705;1841.3381
3095860.0;2975.9027;1857.3206;2972.6385;1846.8793;2969.625;1843.119;2977.5391;1840.6147;2997.5398;1853.8141;2968.9846;1843.4769;2971.6295;1848.5809;3003.2979;1857.6304;2972.9679;1843.6625;2968.416;1843.6522
3095880.0;2976.0516;1859.1121;2972.6417;1849.0685;2969.4982;1845.6692;2977.316;1842.8575;2997.4714;1853.8291;2968.99;1845.5732;2971.8524;1850.7607;3003.2928;1857.6236;2972.5083;1846.1195;2968.1433;1845.9514
3095900.0;2976.4065;1860.8715;2972.8527;1851.1821;2969.5995;1848.1676;2977.3168;1845.0371;2997.4115;1853.8451;2969.2305;1847.6137;2972.2867;1852.8564;3003.2803;1857.6097;2972.378;1848.5306;2968.1334;1848.2137
3095920.0;2976.9623;1862.5853;2973.2617;1853.201;2969.8967;1850.5911;2977.5286;1847.1419;2997.3557;1853.8499;2969.6869;1849.5769;2972.9054;1854.847;3003.2598;1857.5957;2972.573;1850.86;2968.363;1850.4253
3095940.0;2977.6928;1864.2352;2973.8535;1855.1147;2970.3705;1852.9172;2977.9361;1849.1617;2997.2965;1853.8358;2970.3373;1851.4467;2973.6806;1856.718;3003.2338;1857.5839;2973.072;1853.0803;2968.8096;1852.5803
3095960.0;2978.5507;1865.806;2974.6145;1856.915;2971.0115;1855.1303;2978.5208;1851.0894;2997.231;1853.8004;2971.1583;1853.2142;2974.5906;1858.4627;3003.2079;1857.572;2973.8432;1855.1694;2969.4551;1854.6732
3095980.0;2979.4871;1867.2945;2975.5359;1858.5965;2971.8093;1857.2278;2979.2615;1852.9245;2997.1638;1853.7458;2972.1268;1854.8776;2975.6205;1860.078;3003.1874;1857.5582;2974.8482;1857.1121;2970.2864;1856.6945
3096000.0;2980.4787;1868.7066;2976.6117;1860.1573;2972.7485;1859.2152;2980.1334;1854.6732;2997.1047;1853.6793;2973.2231;1856.4369;2976.7617;1861.5627;3003.1745;1857.547;2976.0454;1858.9012;2971.2912;1858.6295
3096020.0;2981.5357;1870.0428;2977.8331;1861.5985;2973.8132;1861.0963;2981.109;1856.3463;2997.0615;1853.6112;2974.4336;1857.8892;2978.0106;1862.9148;3003.1682;1857.5483;2977.3947;1860.5348;2972.4563;1860.4615
3096040.0;2982.6858;1871.2888;2979.187;1862.9207;2974.9924;1862.8662;2982.1619;1857.955;2997.0353;1853.5497;2975.7538;1859.2293;2979.3666;1864.1329;3003.1657;1857.5707;2978.8643;1862.0106;2973.7671;1862.178
3096060.0;2983.9513;1872.4219;2980.6582;1864.1224;2976.2825;1864.512;2983.2748;1859.5075;2997.0208;1853.4973;2977.1858;1860.4518;2980.8288;1865.2156;3003.1653;1857.6125;2980.4338;1863.3236;2975.2117;1863.7714
3096080.0;2985.3388;1873.4241;2982.2325;1865.2005;2977.6847;1866.0148;2984.4448;1861.0038;2997.0103;1853.4517;2978.7357;1861.5521;2982.3924;1866.1609;3003.1663;1857.6617;2982.0911;1864.4699;2976.782;1865.2362
3096100.0;2986.8425;1874.2868;2983.8987;1866.1516;2979.2005;1867.3524;2985.6853;1862.4336;2996.9966;1853.4107;2980.4082;1862.524;2984.0491;1866.965;3003.1701;1857.7049;2983.8283;1865.449;2978.4726;1866.5648
3096120.0;2988.4549;1875.0088;2985.6489;1866.9702;2980.8302;1868.5012;2987.0198;1863.7769;2996.9754;1853.3758;2982.2009;1863.3575;2985.7906;1867.6203;3003.179;1857.737;2985.6408;1866.2617;2980.2777;1867.7472
3096140.0;2990.1687;1875.5918;2987.4752;1867.6464;2982.5705;1869.4429;2988.4718;1865.0087;2996.9461;1853.35;2984.1018;1864.0405;2987.6091;1868.1171;3003.1957;1857.7628;2987.5268;1866.9087;2982.1897;1868.7724
3096160.0;2991.9753;1876.0408;2989.3679;1868.1682;2984.4172;1870.1702;2990.0542;1866.1052;2996.9108;1853.3343;2986.0921;1864.5662;2989.4948;1868.4484;3003.2201;1857.7909;2989.4845;1867.3913;2984.1985;1869.6311
3096180.0;2993.8609;1876.3613;2991.3154;1868.5252;2986.365;1870.6897;2991.7639;1867.0488;2996.8735;1853.3266;2988.1522;1864.937;2991.4352;1868.6161;3003.2476;1857.8264;2991.5085;1867.7127;2986.2913;1870.3123
3096200.0;2995.8051;1876.5576;2993.3048;1868.7126;2988.4066;1871.0168;2993.5837;1867.826;2996.8381;1853.3234;2990.2635;1865.1624;2993.4173;1868.6324;3003.2719;1857.8674;2993.5885;1867.8756;2988.4516;1870.8029
3096220.0;2997.7865;1876.6283;2995.3227;1868.7352;2990.5316;1871.1682;2995.4889;1868.4275;2996.8081;1853.3215;2992.408;1865.2509;2995.4302;1868.5134;3003.2886;1857.9094;2995.7085;1867.8798;2990.661;1871.0909
3096240.0;2999.7889;1876.5657;2997.3567;1868.6059;2992.7258;1871.1548;2997.455;1868.8479;2996.785;1853.318;2994.57;1865.2039;2997.4647;1868.2704;3003.2976;1857.9508;2997.8493;1867.7224;2992.9035;1871.1701
3096260.0;3001.8024;1876.3551;2999.3951;1868.3414;2994.9719;1870.9813;2999.4613;1869.0869;2996.7668;1853.3095;2996.7381;1865.0175;2999.5089;1867.9032;3003.3012;1857.9933;2999.9906;1867.4021;2995.1673;1871.0435
3096280.0;3003.8199;1875.9831;3001.4263;1867.9545;2997.2483;1870.6465;3001.4907;1869.145;2996.749;1853.2918;2998.9062;1864.6891;3001.5462;1867.4;3003.3016;1858.0377;3002.1147;1866.9203;2997.4425;1870.7205
3096300.0;3005.8317;1875.4483;3003.438;1867.4513;2999.531;1870.1438;3003.5249;1869.0182;2996.727;1853.2627;3001.0695;1864.221;3003.5557;1866.7439;3003.2994;1858.0809;3004.2072;1866.2838;2999.7172;1870.2119
3096320.0;3007.8231;1874.7705;3005.4174;1866.8323;3001.7942;1869.4629;3005.5443;1868.6976;2996.6994;1853.2228;3003.2194;1863.6171;3005.517;1865.9247;3003.2931;1858.1201;3006.2578;1865.5063;3001.9745;1869.5274
3096340.0;3009.7781;1873.9817;3007.3561;1866.0988;3004.0147;1868.5978;3007.5298;1868.1782;2996.6675;1853.176;3005.342;1862.8761;3007.4153;1864.9466;3003.2803;1858.1567;3008.2618;1864.6062;3004.1935;1868.6729
3096360.0;3011.6832;1873.1077;3009.2498;1865.2547;3006.1744;1867.5557;3009.469;1867.468;2996.6337;1853.126;3007.4215;1861.9927;3009.244;1863.8259;3003.2601;1858.199;3010.2201;1863.6013;3006.3509;1867.6509
3096380.0;3013.5296;1872.1519;3011.0948;1864.3044;3008.2629;1866.3607;3011.3587;1866.5913;2996.6;1853.0759;3009.4431;1860.9661;3011.0041;1862.5799;3003.2356;1858.2571;3012.1353;1862.5027;3008.4241;1866.4605
3096400.0;3015.3125;1871.0964;3012.885;1863.2474;3010.2776;1865.0451;3013.2019;1865.58;2996.5699;1853.0293;3011.3951;1859.8066;3012.6991;1861.2204;3003.2144;1858.3501;3014.007;1861.3146;3010.3969;1865.1013
3096420.0;3017.0304;1869.9153;3014.6137;1862.0765;3012.2207;1863.6373;3015.0026;1864.4613;2996.5478;1852.9897;3013.2686;1858.5329;3014.3299;1859.7546;3003.2059;1858.5084;3015.8291;1860.0385;3012.2624;1863.5763
3096440.0;3018.6863;1868.5877;3016.2775;1860.7818;3014.0963;1862.1556;3016.761;1863.2481;2996.5377;1852.9568;3015.0568;1857.1603;3015.8918;1858.1908;3003.2171;1858.7603;3017.5882;1858.6722;3014.0232;1861.8978
3096460.0;3020.2878;1867.0999;3017.8764;1859.3571;3015.9077;1860.6089;3018.4746;1861.9403;2996.5411;1852.9255;3016.7526;1855.6916;3017.3759;1856.5382;3003.2487;1859.0997;3019.2655;1857.2069;3015.684;1860.086
3096480.0;3021.8441;1865.4461;3019.4076;1857.8008;3017.6561;1858.9945;3020.1385;1860.53;2996.5563;1852.8891;3018.3474;1854.1166;3018.7737;1854.802;3003.2935;1859.4686;3020.8385;1855.6265;3017.2443;1858.1631
3096500.0;3023.3579;1863.6283;3020.861;1856.1097;3019.3371;1857.2983;3021.7456;1859.0093;2996.5787;1852.8457;3019.8284;1852.4194;3020.0787;1852.9817;3003.3386;1859.7856;3022.285;1853.911;3018.6954;1856.1464
3096520.0;3024.8213;1861.654;3022.2198;1854.2753;3020.9379;1855.4982;3023.2837;1857.3693;2996.6013;1852.7975;3021.1788;1850.5876;3021.2812;1851.0716;3003.372;1859.9981;3023.587;1852.0436;3020.0218;1854.044
3096540.0;3026.2176;1859.5276;3023.463;1852.2872;3022.4364;1853.571;3024.7347;1855.6004;2996.6177;1852.7472;3022.3808;1848.6185;3022.3631;1849.0643;3003.3873;1860.1062;3024.7331;1850.0165;3021.2052;1851.8585
3096560.0;3027.5275;1857.2494;3024.5705;1850.142;3023.8051;1851.4991;3026.0772;1853.6915;2996.6236;1852.694;3023.4193;1846.522;3023.2968;1846.9545;3003.3846;1860.1405;3025.7173;1847.8328;3022.2282;1849.594
3096580.0;3028.7322;1854.8247;3025.5251;1847.8484;3025.0181;1849.2742;3027.2914;1851.6337;2996.6177;1852.6371;3024.2867;1844.3184;3024.0541;1844.7416;3003.369;1860.1309;3026.5369;1845.5047;3023.0771;1847.2641
3096600.0;3029.8156;1852.2736;3026.3111;1845.4248;3026.0572;1846.9001;3028.3612;1849.4247;2996.6013;1852.5806;3024.9811;1842.0317;3024.6161;1842.433;3003.3478;1860.0944;3027.1874;1843.0484;3023.743;1844.8915
3096620.0;3030.762;1849.6262;3026.9094;1842.8911;3026.9133;1844.3947;3029.2743;1847.0712;2996.5783;1852.5331;3025.5008;1839.6808;3024.972;1840.0409;3003.3281;1860.0373;3027.6578;1840.4826;3024.2186;1842.4947
3096640.0;3031.554;1846.9086;3027.2989;1840.2614;3027.582;1841.7837;3030.0177;1844.5884;2996.5541;1852.5014;3025.8353;1837.2743;3025.1125;1837.5766;3003.3144;1859.9621;3027.9277;1837.8299;3024.4933;1840.0741
3096660.0;3032.1692;1844.136;3027.4628;1837.5496;3028.0573;1839.092;3030.5749;1841.9987;2996.5331;1852.4839;3025.9655;1834.8156;3025.0254;1835.0469;3003.3071;1859.8659;3027.971;1835.1159;3024.5526;1837.6118
3096680.0;3032.5813;1841.3191;3027.3976;1834.7792;3028.3274;1836.3369;3030.9233;1839.3281;2996.515;1852.4717;3025.8704;1832.3104;3024.7042;1832.4613;3003.3041;1859.7483;3027.7646;1832.3671;3024.383;1835.0902
3096700.0;3032.7642;1838.4716;3027.108;1831.9859;3028.3792;1833.5325;3031.0372;1836.604;2996.4953;1852.4562;3025.536;1829.7744;3024.1574;1829.8423;3003.3031;1859.6154;3027.2997;1829.6073;3023.9776;1832.5107
3096720.0;3032.6992;1835.6092;3026.5943;1829.2073;3028.2029;1830.6976;3030.8914;1833.8517;2996.4686;1852.4362;3024.9608;1827.233;3023.4085;1827.2259;3003.3028;1859.4768;3026.5861;1826.8615;3023.3373;1829.896
3096740.0;3032.3752;1832.7423;3025.8477;1826.4706;3027.7932;1827.8568;3030.4681;1831.0934;2996.4327;1852.4148;3024.1556;1824.7159;3022.4841;1824.6476;3003.3031;1859.3398;3025.6508;1824.1591;3022.4692;1827.2775
3096760.0;3031.7869;1829.8754;3024.8608;1823.7887;3027.1465;1825.0346;3029.759;1828.3494;2996.3904;1852.3936;3023.1393;1822.2493;3021.4034;1822.1279;3003.3041;1859.2074;3024.5276;1821.5343;3021.3864;1824.6838
3096780.0;3030.9328;1827.0137;3023.6386;1821.1686;3026.258;1822.2505;3028.7677;1825.641;2996.3483;1852.3696;3021.9324;1819.8507;3020.1757;1819.6732;3003.3071;1859.0822;3023.2431;1819.0192;3020.1074;1822.1378
3096800.0;3029.8128;1824.1733;3022.1989;1818.6225;3025.1216;1819.5219;3027.5058;1822.993;2996.3137;1852.3393;3020.5516;1817.5296;3018.8018;1817.2885;3003.3147;1858.9705;3021.8061;1816.6389;3018.6524;1819.6601
3096820.0;3028.4279;1821.3825;3020.5608;1816.1749;3023.731;1816.8722;3025.9896;1820.433;2996.2915;1852.3036;3019.0078;1815.2949;3017.2758;1814.9897;3003.3295;1858.8785;3020.2079;1814.4094;3017.0384;1817.2709
3096840.0;3026.7807;1818.6799;3018.7363;1813.8615;3022.0802;1814.3336;3024.2353;1817.9914;2996.2834;1852.2685;3017.3057;1813.1645;3015.585;1812.8055;3003.3528;1858.8061;3018.4334;1812.3422;3015.2746;1814.9921
3096860.0;3024.877;1816.1168;3016.7297;1811.7216;3020.1653;1811.9471;3022.2575;1815.7021;2996.2886;1852.241;3015.4461;1811.1714;3013.7134;1810.7715;3003.3835;1858.7446;3016.4704;1810.4502;3013.3636;1812.8505
3096880.0;3022.7296;1813.7573;3014.5425;1809.7927;3017.9875;1809.7604;3020.0703;1813.6075;2996.3049;1852.2238;3013.4272;1809.362;3011.6489;1808.9237;3003.4185;1858.6813;3014.3129;1808.7531;3011.3035;1810.8841
3096900.0;3020.3586;1811.6747;3012.1789;1808.1062;3015.5571;1807.8227;3017.6904;1811.7585;2996.3279;1852.2153;3011.2499;1807.7889;3009.39;1807.2957;3003.4545;1858.6082;3011.9603;1807.2784;3009.0935;1809.1413
3096920.0;3017.7908;1809.938;3009.6561;1806.6861;3012.898;1806.179;3015.141;1810.2106;2996.352;1852.2119;3008.9247;1806.5004;3006.952;1805.9189;3003.4875;1858.5243;3009.4217;1806.0534;3006.738;1807.6719
3096940.0;3015.0608;1808.5996;3007.0078;1805.5489;3010.0507;1804.8655;3012.4538;1809.0141;2996.3731;1852.2109;3006.4754;1805.5297;3004.3675;1804.8238;3003.5149;1858.4322;3006.7236;1805.0966;3004.2516;1806.5102
3096960.0;3012.212;1807.6839;3004.2811;1804.705;3007.0686;1803.9101;3009.668;1808.2054;2996.3912;1852.2107;3003.9371;1804.8889;3001.6826;1804.0388;3003.5369;1858.3312;3003.9101;1804.4175;3001.6629;1805.6681
3096980.0;3009.2986;1807.1852;3001.5259;1804.1628;3004.0122;1803.3345;3006.8275;1807.7954;2996.411;1852.2107;3001.3503;1804.5713;2998.948;1803.5851;3003.5572;1858.2162;3001.0367;1804.018;2999.0147;1805.1421
3097000.0;3006.3842;1807.0724;2998.7876;1803.9257;3000.9438;1803.1521;3003.9755;1807.7642;2996.4383;1852.2107;2998.755;1804.5578;2996.2135;1803.4717;3003.5803;1858.0812;2998.1595;1803.8963;2996.3583;1804.9304
3097020.0;3003.5338;1807.3039;2996.1063;1803.9901;2997.9264;1803.3646;3001.1524;1808.0642;2996.4765;1852.2105;2996.187;1804.8238;2993.5247;1803.6901;3003.6084;1857.9256;2995.3295;1804.0473;2993.7461;1805.042
3097040.0;3000.8038;1807.8428;2993.5156;1804.3478;2995.0196;1803.9573;2998.3968;1808.6377;2996.5246;1852.2094;2993.6801;1805.3421;2990.9255;1804.2178;3003.6404;1857.7547;2992.5915;1804.4679;2991.2246;1805.4898
3097060.0;2998.2353;1808.6595;2991.0421;1804.9952;2992.2725;1804.8964;2995.745;1809.4337;2996.5785;1852.2057;2991.2653;1806.0864;2988.4588;1805.0269;3003.6742;1857.5758;2989.9858;1805.1603;2988.8327;1806.2724
3097080.0;2995.8525;1809.7234;2988.7061;1805.932;2989.7144;1806.1282;2993.228;1810.416;2996.6324;1852.1964;2988.9725;1807.0379;2986.1657;1806.0945;3003.708;1857.3962;2987.5482;1806.1254;2986.6023;1807.3621
3097100.0;2993.664;1810.9952;2986.524;1807.1477;2987.3548;1807.5885;2990.8688;1811.5586;2996.6803;1852.1774;2986.8281;1808.1861;2984.081;1807.4066;3003.7388;1857.2235;2985.3058;1807.3523;2984.558;1808.7079
3097120.0;2991.6655;1812.4283;2984.51;1808.6108;2985.1907;1809.2197;2988.6821;1812.8398;2996.7171;1852.1471;2984.8537;1809.5247;2982.2296;1808.9504;3003.7632;1857.0665;2983.2748;1808.8165;2982.7146;1810.2548
3097140.0;2989.8458;1813.9811;2982.6749;1810.2738;2983.2177;1810.9874;2986.6761;1814.2379;2996.7402;1852.109;2983.068;1811.042;2980.6208;1810.7031;3003.7791;1856.9333;2981.4619;1810.4836;2981.0746;1811.9617
3097160.0;2988.1927;1815.6236;2981.0218;1812.0926;2981.4369;1812.8822;2984.8532;1815.7338;2996.7499;1852.0718;2981.4878;1812.7198;2979.2496;1812.6269;3003.7871;1856.8287;2979.8668;1812.3141;2979.6278;1813.8052
3097180.0;2986.6975;1817.3396;2979.546;1814.0348;2979.8519;1814.904;2983.2097;1817.3121;2996.7493;1852.0454;2980.1244;1814.5338;2978.0994;1814.6756;3003.7893;1856.7535;2978.4842;1814.2661;2978.3556;1815.7667
3097200.0;2985.3553;1819.1186;2978.2383;1816.077;2978.461;1817.0423;2981.7386;1818.9626;2996.7452;1852.0368;2978.9793;1816.4551;2977.1498;1816.806;3003.7871;1856.7049;2977.3046;1816.2997;2977.2408;1817.8221
3097220.0;2984.1671;1820.9524;2977.0922;1818.1971;2977.2546;1819.2678;2980.4329;1820.6781;2996.7481;1852.0497;2978.0428;1818.4531;2976.3828;1818.9872;3003.7791;1856.6774;2976.3156;1818.3842;2976.2736;1819.9407
3097240.0;2983.139;1822.8334;2976.1064;1820.3722;2976.2217;1821.5424;2979.2896;1822.4522;2996.7684;1852.0849;2977.2998;1820.4994;2975.788;1821.1983;3003.7632;1856.6635;2975.5038;1820.5029;2975.4532;1822.0965
3097260.0;2982.2816;1824.7563;2975.2814;1822.5832;2975.3581;1823.8355;2978.3098;1824.2778;2996.8109;1852.1389;2976.7375;1822.5725;2975.3608;1823.4208;3003.7388;1856.6553;2974.8559;1822.6476;2974.7825;1824.2744
3097280.0;2981.606;1826.7162;2974.6154;1824.8175;2974.6669;1826.1308;2977.5;1826.1488;2996.8715;1852.2024;2976.346;1824.6579;2975.0978;1825.6371;3003.708;1856.6453;2974.3615;1824.8132;2974.2638;1826.4689
3097300.0;2981.1223;1828.7058;2974.1042;1827.0669;2974.1503;1828.4201;2976.8701;1828.0592;2996.9405;1852.2603;2976.1125;1826.7462;2974.9892;1827.8342;3003.6742;1856.6277;2974.0148;1826.9952;2973.8955;1828.6764
3097320.0;2980.8391;1830.7129;2973.7453;1829.3231;2973.8023;1830.6936;2976.4323;1830.0001;2997.0096;1852.2952;2976.0175;1828.8324;2975.0212;1830.0065;3003.6404;1856.6002;2973.8158;1829.1879;2973.6729;1830.891
3097340.0;2980.7601;1832.723;2973.543;1831.5739;2973.6097;1832.9394;2976.1948;1831.9573;2997.0743;1852.2926;2976.0377;1830.9153;2975.181;1832.1506;3003.6087;1856.5653;2973.7684;1831.3857;2973.5878;1833.1031
3097360.0;2980.8804;1834.7235;2973.5057;1833.8032;2973.5595;1835.1473;2976.1574;1833.9139;2997.1326;1852.2471;2976.1553;1832.9934;2975.4633;1834.2581;3003.5817;1856.5303;2973.8762;1833.5777;2973.6318;1835.3002
3097380.0;2981.1841;1836.7063;2973.6396;1835.9936;2973.6435;1837.3102;2976.3081;1835.8547;2997.1819;1852.1666;2976.363;1835.0583;2975.8678;1836.3151;3003.562;1856.5016;2974.1397;1835.7467;2973.7987;1837.4673
3097400.0;2981.6443;1838.6665;2973.9426;1838.1286;2973.8596;1839.4226;2976.6273;1837.7685;2997.2197;1852.0705;2976.6624;1837.0947;2976.3922;1838.3086;3003.5503;1856.4812;2974.5549;1837.8741;2974.0878;1839.5895
3097420.0;2982.2258;1840.6002;2974.4068;1840.1952;2974.2081;1841.4814;2977.0916;1839.6504;2997.245;1851.9824;2977.0607;1839.0845;2977.0257;1840.2321;3003.5456;1856.4651;2975.1135;1839.9468;2974.5018;1841.6552
3097440.0;2982.8874;1842.5034;2975.0242;1842.187;2974.6887;1843.4859;2977.6784;1841.5027;2997.2597;1851.9212;2977.565;1841.0136;2977.7509;1842.0846;3003.5465;1856.4483;2975.804;1841.9613;2975.0428;1843.6606
3097460.0;2983.5887;1844.3716;2975.7886;1844.1061;2975.2989;1845.4363;2978.3674;1843.3327;2997.2685;1851.8964;2978.1788;1842.8748;2978.5483;1843.8673;3003.5529;1856.4302;2976.6129;1843.9221;2975.7075;1845.6106
3097480.0;2984.2955;1846.2004;2976.6878;1845.9634;2976.0352;1847.3298;2979.141;1845.1459;2997.2774;1851.908;2978.898;1844.6702;2979.4013;1845.5828;3003.5645;1856.4164;2977.5264;1845.8381;2976.4863;1847.516
3097500.0;2984.986;1847.9859;2977.6962;1847.7755;2976.8911;1849.1649;2979.9819;1846.9407;2997.292;1851.9475;2979.7118;1846.4112;2980.297;1847.2372;3003.5785;1856.414;2978.5301;1847.7181;2977.3662;1849.3875
3097520.0;2985.6541;1849.7272;2978.7765;1849.5601;2977.8534;1850.9472;2980.8714;1848.7087;2997.3165;1851.9995;2980.6054;1848.1161;2981.2262;1848.8402;3003.5883;1856.4244;2979.6082;1849.5681;2978.3352;1851.2298
3097540.0;2986.3133;1851.4262;2979.8911;1851.3324;2978.9012;1852.6875;2981.7909;1850.4411;2997.3517;1852.0454;2981.5632;1849.804;2982.1845;1850.4012;3003.5882;1856.4414;2980.7418;1851.3901;2979.3836;1853.0403
3097560.0;2986.9949;1853.0824;2981.0136;1853.1023;2980.013;1854.3909;2982.7296;1852.1327;2997.394;1852.0705;2982.5708;1851.4903;2983.175;1851.9221;3003.5777;1856.4567;2981.912;1853.1831;2980.5036;1854.8101
3097580.0;2987.7419;1854.6879;2982.136;1854.8732;2981.1757;1856.0498;2983.6879;1853.7837;2997.4362;1852.071;2983.6189;1853.1827;2984.208;1853.3915;3003.5609;1856.4663;2983.1057;1854.9433;2981.6873;1856.5274
3097600.0;2988.602;1856.2273;2983.2684;1856.6382;2982.3864;1857.6493;2984.6763;1855.3969;2997.4714;1852.0549;2984.7066;1854.875;2985.2999;1854.7862;3003.541;1856.4707;2984.3201;1856.661;2982.9289;1858.1796
3097620.0;2989.6158;1857.6861;2984.4333;1858.3795;2983.6473;1859.1778;2985.7098;1856.9739;2997.496;1852.035;2985.842;1856.5433;2986.4673;1856.0789;3003.5148;1856.4722;2985.5638;1858.3202;2984.225;1859.7579
3097640.0;2990.8027;1859.059;2985.6666;1860.0621;2984.9609;1860.6315;2986.8057;1858.5097;2997.5106;1852.0199;2987.0363;1858.1508;2987.7226;1857.2516;3003.474;1856.4727;2986.8522;1859.9008;2985.5747;1861.2607
3097660.0;2992.1495;1860.3502;2987.0199;1861.6296;2986.3301;1862.0091;2987.9818;1859.992;2997.5196;1852.0119;2988.2996;1859.6629;2989.0702;1858.3034;3003.4107;1856.4722;2988.2004;1861.3861;2986.9753;1862.6933
3097680.0;2993.6154;1861.5648;2988.5497;1863.0109;2987.7612;1863.306;2989.2546;1861.4043;2997.5291;1852.0096;2989.6387;1861.0599;2990.5068;1859.2479;3003.3225;1856.47;2989.6157;1862.7677;2988.422;1864.0615
3097700.0;2995.155;1862.7006;2990.2865;1864.1517;2989.2617;1864.5136;2990.6348;1862.7309;2997.5461;1852.0123;2991.0585;1862.3358;2992.0251;1860.1028;3003.2125;1856.4629;2991.0955;1864.0476;2989.9087;1865.3643
3097720.0;2996.7408;1863.7474;2992.206;1865.0494;2990.8357;1865.6192;2992.1257;1863.9588;2997.5771;1852.0225;2992.5639;1863.4883;2993.6172;1860.884;3003.0847;1856.4443;2992.6314;1865.2313;2991.433;1866.5926
3097740.0;2998.3685;1864.694;2994.2348;1865.7562;2992.4791;1866.606;2993.7241;1865.0786;2997.6262;1852.0447;2994.1587;1864.5107;2995.2779;1861.6049;3002.9391;1856.4065;2994.2166;1866.32;2992.9979;1867.7331
3097760.0;3000.0465;1865.533;2996.2928;1866.3419;2994.1792;1867.4559;2995.4237;1866.085;2997.6929;1852.0835;2995.845;1865.3909;2997.0043;1862.2757;3002.7731;1856.3447;2995.8511;1867.3034;2994.6105;1868.7715
3097780.0;3001.7841;1866.2595;2998.3321;1866.852;2995.9227;1868.1515;2997.2165;1866.976;2997.7703;1852.1391;2997.6211;1866.1165;2998.794;1862.8974;3002.5877;1856.2632;2997.5421;1868.1622;2996.2782;1869.6941
3097800.0;3003.584;1866.8677;3000.3427;1867.2935;2997.7023;1868.6787;2999.0926;1867.7497;2997.8478;1852.2049;2999.4796;1866.6812;3000.6429;1863.4552;3002.3911;1856.1748;2999.3007;1868.8743;2998.007;1870.4869
3097820.0;3005.4415;1867.3517;3002.3364;1867.6477;2999.5201;1869.0277;3001.0388;1868.4017;2997.9143;1852.2699;3001.4085;1867.088;3002.5431;1863.9213;3002.1974;1856.092;3001.1353;1869.4219;2999.8014;1871.1352
3097840.0;3007.3459;1867.7091;3004.3265;1867.887;3001.3828;1869.1961;3003.0385;1868.9246;2997.9628;1852.3226;3003.3947;1867.3475;3004.4837;1864.2655;3002.0202;1856.0186;3003.0451;1869.7905;3001.6656;1871.6233
3097860.0;3009.2859;1867.937;3006.3164;1867.9831;3003.2955;1869.1917;3005.074;1869.3106;2997.9912;1852.3562;3005.426;1867.4691;3006.4518;1864.462;3001.8661;1855.9477;3005.0181;1869.9679;3003.6025;1871.9376
3097880.0;3011.2531;1868.0237;3008.2964;1867.9081;3005.2571;1869.0288;3007.1305;1869.5511;2998.0011;1852.3686;3007.4902;1867.4534;3008.4341;1864.491;3001.7325;1855.8703;3007.0359;1869.9444;3005.6106;1872.0686
3097900.0;3013.2422;1867.9429;3010.2456;1867.6384;3007.2594;1868.7195;3009.1985;1869.6347;2997.9938;1852.361;3009.5732;1867.2893;3010.4176;1864.3347;3001.6084;1855.7829;3009.0821;1869.7151;3007.6815;1872.0103
3097920.0;3015.2458;1867.6626;3012.1436;1867.1567;3009.2888;1868.2675;3011.2721;1869.5441;2997.9694;1852.3374;3011.6578;1866.9608;3012.3903;1863.9773;3001.4797;1855.6883;3011.147;1869.2826;3009.7988;1871.7564
3097940.0;3017.2509;1867.1597;3013.98;1866.4525;3011.3299;1867.6658;3013.3439;1869.2595;2997.9267;1852.3052;3013.7257;1866.4546;3014.3431;1863.4087;3001.3374;1855.5905;3013.2223;1868.6549;3011.939;1871.2999
3097960.0;3019.2385;1866.4303;3015.7558;1865.5224;3013.3673;1866.8956;3015.3991;1868.7644;2997.8644;1852.2747;3015.76;1865.7666;3016.2686;1862.6285;3001.1829;1855.4915;3015.2954;1867.8406;3014.0752;1870.6378
3097980.0;3021.1878;1865.4832;3017.4766;1864.3741;3015.3831;1865.9289;3017.4145;1868.0504;2997.7825;1852.2554;3017.743;1864.899;3018.1586;1861.6476;3001.0271;1855.3921;3017.3454;1866.8449;3016.1823;1869.7763
3098000.0;3023.0779;1864.3298;3019.145;1863.029;3017.3537;1864.7408;3019.3632;1867.1142;2997.6862;1852.2484;3019.6532;1863.8536;3019.9997;1860.4855;3000.8854;1855.2936;3019.3469;1865.6694;3018.2407;1868.7298
3098020.0;3024.8885;1862.9784;3020.7555;1861.5154;3019.2473;1863.3234;3021.2208;1865.9531;2997.5895;1852.2428;3021.4631;1862.6253;3021.7697;1859.1608;3000.7672;1855.2001;3021.2738;1864.3175;3020.2349;1867.5153
3098040.0;3026.5974;1861.4375;3022.2929;1859.8548;3021.0255;1861.6869;3022.9687;1864.5636;2997.5113;1852.2194;3023.1411;1861.2018;3023.4375;1857.6822;3000.6709;1855.1163;3023.1008;1862.7973;3022.1498;1866.144
3098060.0;3028.1808;1859.7176;3023.7349;1858.0563;3022.6476;1859.8473;3024.5932;1862.9478;2997.4632;1852.1668;3024.6575;1859.5694;3024.9689;1856.0477;3000.5859;1855.0466;3024.8032;1861.1199;3023.9657;1864.6191
3098080.0;3029.6153;1857.8308;3025.0585;1856.1248;3024.0775;1857.8154;3026.0837;1861.1208;2997.4415;1852.0962;3025.9898;1857.7246;3026.3347;1854.2565;3000.5012;1854.9933;3026.3587;1859.2954;3025.6593;1862.9389
3098100.0;3030.8837;1855.7849;3026.2457;1854.0719;3025.2919;1855.6007;3027.4304;1859.1094;2997.4305;1852.0385;3027.1298;1855.6847;3027.5176;1852.3198;3000.4141;1854.9631;3027.7501;1857.3308;3027.2058;1861.1036
3098120.0;3031.9754;1853.583;3027.287;1851.9166;3026.2865;1853.2196;3028.6247;1856.9399;2997.4162;1852.0221;3028.083;1853.4865;3028.5115;1850.2606;3000.3302;1854.9718;3028.966;1855.2297;3028.5823;1859.1187
3098140.0;3032.8832;1851.2279;3028.1804;1849.6746;3027.0752;1850.6993;3029.6594;1854.6293;2997.3936;1852.0525;3028.8606;1851.1721;3029.3147;1848.1007;3000.2568;1855.036;3029.9986;1852.9953;3029.7686;1856.995
3098160.0;3033.5978;1848.7299;3028.9284;1847.3514;3027.6826;1848.0742;3030.5302;1852.1879;2997.3644;1852.1131;3029.4657;1848.7741;3029.9229;1845.8507;3000.1956;1855.1535;3030.841;1850.634;3030.75;1854.744
3098180.0;3034.1087;1846.1103;3029.5306;1844.9469;3028.1338;1845.381;3031.2338;1849.6305;2997.3324;1852.1833;3029.887;1846.3122;3030.3269;1843.5129;3000.1409;1855.2936;3031.4856;1848.1582;3031.5182;1852.3748
3098200.0;3034.4101;1843.3979;3029.9766;1842.4657;3028.4443;1842.6527;3031.7641;1846.9805;2997.3001;1852.2527;3030.1048;1843.7991;3030.5149;1841.091;3000.0825;1855.4149;3031.9251;1845.5841;3032.0723;1849.8957
3098220.0;3034.5047;1840.6212;3030.2468;1839.9199;3028.6104;1839.9108;3032.1096;1844.2622;2997.268;1852.3208;3030.1028;1841.2467;3030.4754;1838.5979;3000.011;1855.4928;3032.1501;1842.9257;3032.4134;1847.3176
3098240.0;3034.3992;1837.8044;3030.3193;1837.3268;3028.607;1837.1661;3032.2554;1841.4898;2997.2351;1852.3878;3029.8753;1838.667;3030.1992;1836.0524;2999.9208;1855.53;3032.1494;1840.1959;3032.5422;1844.6553
3098260.0;3034.0964;1834.9671;3030.1779;1834.7027;3028.3941;1834.426;3032.1877;1838.668;2997.2;1852.4499;3029.4276;1836.0679;3029.6824;1833.475;2999.8133;1855.5434;3031.9116;1837.4113;3032.4551;1841.9251
3098280.0;3033.5907;1832.1268;3029.8138;1832.0638;3027.9338;1831.7028;3031.8989;1835.8;2997.1625;1852.5022;3028.7705;1833.4537;3028.9286;1830.8843;2999.6968;1855.5478;3031.4271;1834.5962;3032.1465;1839.1426
3098300.0;3032.8722;1829.2983;3029.2216;1829.4258;3027.205;1829.0135;3031.3865;1832.8947;2997.1246;1852.5441;3027.9167;1830.8292;3027.9476;1828.3;2999.583;1855.5516;3030.6926;1831.7801;3031.6069;1836.3218
3098320.0;3031.9303;1826.494;3028.3949;1826.8046;3026.2075;1826.3763;3030.6524;1829.9687;2997.0892;1852.5801;3026.8752;1828.2057;3026.7513;1825.7441;2999.4798;1855.5582;3029.7131;1828.9915;3030.8246;1833.4763
3098340.0;3030.7586;1823.7269;3027.3271;1824.2154;3024.955;1823.8097;3029.6992;1827.0446;2997.0598;1852.6163;3025.6506;1825.602;3025.3467;1823.2377;2999.3852;1855.5686;3028.5037;1826.2514;3029.7859;1830.6218
3098360.0;3029.3539;1821.0163;3026.0155;1821.6733;3023.4648;1821.3346;3028.5309;1824.1492;2997.0389;1852.6543;3024.2409;1823.0431;3023.7364;1820.798;2999.2889;1855.5788;3027.0845;1823.5705;3028.4802;1827.777
3098380.0;3027.7161;1818.391;3024.4656;1819.1947;3021.7539;1818.9741;3027.153;1821.3122;2997.0266;1852.6901;3022.642;1820.5595;3021.9239;1818.4423;2999.1805;1855.5832;3025.4731;1820.9535;3026.9039;1824.9669
3098400.0;3025.8516;1815.8841;3022.6899;1816.8013;3019.8417;1816.7491;3025.5728;1818.5627;2997.0204;1852.7178;3020.853;1818.1892;3019.9227;1816.1963;2999.0561;1855.5788;3023.6786;1818.4099;3025.0651;1822.2249
3098420.0;3023.7779;1813.523;3020.7059;1814.5234;3017.7532;1814.6756;3023.7983;1815.9285;2997.0171;1852.735;3018.8843;1815.9757;3017.7565;1814.0967;2998.9184;1855.5682;3021.7037;1815.9623;3022.9813;1819.5944
3098440.0;3021.5233;1811.3242;3018.5343;1812.3988;3015.5153;1812.7682;3021.8398;1813.435;2997.013;1852.7436;3016.7568;1813.9621;3015.452;1812.1826;2998.7754;1855.5555;3019.5496;1813.6477;3020.6762;1817.1257
3098460.0;3019.1213;1809.298;3016.1996;1810.4653;3013.1501;1811.0443;3019.7093;1811.109;2997.0046;1852.7469;3014.4962;1812.1835;3013.0319;1810.4832;2998.6398;1855.5418;3017.2185;1811.5096;3018.1758;1814.8711
3098480.0;3016.5988;1807.4595;3013.7289;1808.7536;3010.6742;1809.5274;3017.4219;1808.9795;2996.9887;1852.7479;3012.1269;1810.6629;3010.5155;1809.0103;2998.527;1855.5218;3014.7178;1809.5848;3015.5076;1812.8771
3098500.0;3013.9745;1805.8329;3011.152;1807.2842;3008.104;1808.245;3014.9939;1807.0763;2996.9641;1852.7481;3009.6709;1809.4125;3007.9231;1807.7668;2998.4489;1855.4889;3012.0628;1807.8969;3012.7015;1811.1793
3098520.0;3011.2629;1804.4489;3008.5013;1806.0741;3005.462;1807.2223;3012.4423;1805.4236;2996.932;1852.7483;3007.1496;1808.4369;3005.2798;1806.7602;2998.4066;1855.4419;3009.278;1806.4573;3009.7909;1809.7972
3098540.0;3008.4824;1803.3364;3005.8101;1805.1391;3002.779;1806.475;3009.7861;1804.0343;2996.8942;1852.7494;3004.5858;1807.7345;3002.6143;1806.0104;2998.3888;1855.39;3006.3944;1805.2745;3006.811;1808.7358
3098560.0;3005.6583;1802.5191;3003.109;1804.4945;3000.0919;1806.0068;3007.0503;1802.9129;2996.8499;1852.7533;3002.0046;1807.2976;2999.9578;1805.541;2998.3796;1855.3468;3003.4483;1804.3623;3003.7983;1807.9931
3098580.0;3002.822;1802.0129;3000.4239;1804.1454;2997.4396;1805.8131;3004.2671;1802.0637;2996.7973;1852.7637;2999.4354;1807.1131;2997.3394;1805.3614;2998.3664;1855.3196;3000.4822;1803.7405;3000.7866;1807.5661
3098600.0;3000.0075;1801.827;2997.7767;1804.0836;2994.8585;1805.8845;3001.477;1801.5014;2996.7363;1852.7859;2996.9089;1807.1637;2994.7839;1805.4547;2998.3449;1855.3049;2997.5447;1803.431;2997.8063;1807.4483
3098620.0;2997.2472;1801.9609;2995.1894;1804.2929;2992.378;1806.2067;2998.7252;1801.2524;2996.6717;1852.8248;2994.4531;1807.4293;2992.3113;1805.783;2998.3173;1855.296;2994.6857;1803.4535;2994.8819;1807.6209
3098640.0;2994.5696;1802.4031;2992.6849;1804.7607;2990.0179;1806.7576;2996.0575;1801.3468;2996.6107;1852.8803;2992.0896;1807.8878;2989.9395;1806.3069;2998.2871;1855.2944;2991.9479;1803.8197;2992.0355;1808.0516
3098660.0;2991.9975;1803.1314;2990.2844;1805.4789;2987.7895;1807.513;2993.5147;1801.806;2996.5579;1852.9459;2989.8357;1808.5176;2987.6899;1807.0053;2998.2553;1855.3079;2989.36;1804.5253;2989.2876;1808.7084
3098680.0;2989.552;1804.1153;2988.0052;1806.4333;2985.6976;1808.4554;2991.1308;1802.6281;2996.513;1853.01;2987.7051;1809.3043;2985.5887;1807.8784;2998.2206;1855.3419;2986.9344;1805.5447;2986.6598;1809.5743
3098700.0;2987.2545;1805.3232;2985.861;1807.5966;2983.7468;1809.5791;2988.9306;1803.78;2996.4726;1853.0605;2985.7095;1810.2486;2983.6667;1808.9368;2998.1806;1855.3895;2984.6716;1806.8353;2984.1746;1810.6503
3098720.0;2985.1282;1806.7307;2983.8661;1808.9371;2981.9468;1810.8873;2986.93;1805.2037;2996.4336;1853.0889;2983.8636;1811.3657;2981.9584;1810.1847;2998.1344;1855.4351;2982.5718;1808.3524;2981.8585;1811.9443
3098740.0;2983.194;1808.3252;2982.0403;1810.4334;2980.3127;1812.3819;2985.1342;1806.838;2996.3932;1853.0926;2982.1914;1812.6722;2980.5022;1811.611;2998.0824;1855.4645;2980.6489;1810.0675;2979.7431;1813.457
3098760.0;2981.4691;1810.1024;2980.4082;1812.0798;2978.864;1814.0534;2983.5416;1808.6396;2996.3485;1853.0746;2980.7254;1814.1676;2979.3387;1813.1855;2998.0291;1855.4742;2978.9368;1811.9698;2977.8641;1815.1709
3098780.0;2979.9668;1812.0547;2978.9921;1813.8771;2977.621;1815.8743;2982.1503;1810.5858;2996.2971;1853.0434;2979.4937;1815.823;2978.4993;1814.864;2997.9822;1855.4726;2977.4791;1814.0486;2976.2556;1817.0506
3098800.0;2978.6959;1814.1617;2977.8055;1815.8182;2976.6023;1817.8025;2980.9657;1812.6558;2996.2409;1853.0093;2978.508;1817.5878;2977.9911;1816.5936;2997.9475;1855.4721;2976.3102;1816.2704;2974.9447;1819.05
3098820.0;2977.6556;1816.3866;2976.8499;1817.8754;2975.8185;1819.7931;2979.9998;1814.8114;2996.1889;1852.9809;2977.7646;1819.4086;2977.7914;1818.3224;2997.9227;1855.4803;2975.4402;1818.5753;2973.9439;1821.1251
3098840.0;2976.8306;1818.6836;2976.1192;1819.9996;2975.2659;1821.8091;2979.2648;1816.9966;2996.1546;1852.96;2977.2536;1821.2436;2977.8589;1820.0105;2997.8989;1855.497;2974.8517;1820.8983;2973.2495;1823.2409
3098860.0;2976.1932;1821.008;2975.6075;1822.1316;2974.9259;1823.823;2978.7632;1819.1526;2996.1474;1852.9421;2976.9652;1823.0644;2978.1498;1821.6355;2997.8691;1855.516;2974.5084;1823.1924;2972.8419;1825.3685
3098880.0;2975.7153;1823.3252;2975.314;1824.2175;2974.7728;1825.8131;2978.4818;1821.2371;2996.1653;1852.9198;2976.8887;1824.8502;2978.6252;1823.1909;2997.8346;1855.5312;2974.369;1825.4349;2972.6951;1827.4784
3098900.0;2975.3794;1825.6142;2975.2408;1826.2225;2974.7855;1827.7591;2978.3929;1823.2334;2996.1953;1852.8885;2977.0121;1826.5857;2979.2491;1824.6785;2997.8018;1855.5402;2974.4007;1827.6162;2972.7839;1829.5374
3098920.0;2975.1824;1827.8627;2975.3862;1828.1316;2974.9542;1829.6439;2978.462;1825.1487;2996.221;1852.85;2977.3191;1828.2612;2979.9859;1826.101;2997.7737;1855.5444;2974.5847;1829.7262;2973.0884;1831.5152
3098940.0;2975.1302;1830.0576;2975.738;1829.9427;2975.2782;1831.4575;2978.6552;1827.002;2996.2296;1852.8117;2977.7884;1829.8724;2980.8044;1827.461;2997.7481;1855.5457;2974.9144;1831.7501;2973.5906;1833.3932
3098960.0;2975.2357;1832.1777;2976.2749;1831.6587;2975.7596;1833.1969;2978.9456;1828.8099;2996.2145;1852.7819;2978.3947;1831.4154;2981.679;1828.7621;2997.7217;1855.5464;2975.3918;1833.6685;2974.2736;1835.1673
3098980.0;2975.514;1834.1947;2976.9741;1833.2826;2976.3983;1834.8623;2979.3142;1830.5795;2996.1746;1852.7645;2979.1158;1832.8881;2982.5901;1830.0119;2997.6945;1855.5474;2976.0231;1835.4624;2975.1197;1836.843
3099000.0;2975.9814;1836.0832;2977.8135;1834.817;2977.1886;1836.4528;2979.7511;1832.3116;2996.1131;1852.7595;2979.9371;1834.2925;2983.5232;1831.2222;2997.6699;1855.5503;2976.8122;1837.1173;2976.1127;1838.4266
3099020.0;2976.6505;1837.8279;2978.773;1836.2668;2978.1199;1837.9647;2980.253;1834.0069;2996.0372;1852.7654;2980.8509;1835.6332;2984.4683;1832.4064;2997.6487;1855.5572;2977.752;1838.6292;2977.2344;1839.9223
3099040.0;2977.5264;1839.4233;2979.8349;1837.6382;2979.1764;1839.3941;2980.8206;1835.6667;2995.9551;1852.7796;2981.8531;1836.9125;2985.4196;1833.5748;2997.6275;1855.5694;2978.8222;1840.0062;2978.4639;1841.335
3099060.0;2978.5985;1840.8719;2980.9848;1838.9371;2980.3366;1840.7399;2981.4566;1837.2908;2995.8733;1852.7961;2982.9402;1838.1273;2986.3725;1834.7322;2997.601;1855.5849;2979.9963;1841.2656;2979.7768;1842.6708
3099080.0;2979.833;1842.1868;2982.2102;1840.1667;2981.5764;1842.0051;2982.168;1838.8748;2995.796;1852.8055;2984.1078;1839.2712;2987.3216;1835.8825;2997.5648;1855.5969;2981.2502;1842.4262;2981.1526;1843.934
3099100.0;2981.1786;1843.3933;2983.4962;1841.3283;2982.8734;1843.1967;2982.9661;1840.4111;2995.7259;1852.8003;2985.3494;1840.3417;2988.2607;1837.0332;2997.5179;1855.5977;2982.5672;1843.5023;2982.5781;1845.1262
3099120.0;2982.5866;1844.5251;2984.8258;1842.4232;2984.2115;1844.3242;2983.8652;1841.8886;2995.6641;1852.7803;2986.6579;1841.3416;2989.1858;1838.1968;2997.4632;1855.5845;2983.9357;1844.5035;2984.049;1846.2488
3099140.0;2984.0309;1845.6144;2986.1885;1843.4531;2985.5806;1845.3986;2984.8766;1843.2932;2995.6102;1852.7525;2988.0272;1842.2786;2990.0994;1839.3839;2997.4084;1855.5614;2985.347;1845.4356;2985.565;1847.3064
3099160.0;2985.5114;1846.6834;2987.5852;1844.418;2986.9751;1846.4319;2986.0064;1844.6102;2995.5624;1852.7275;2989.4509;1843.1637;2991.0126;1840.5964;2997.3656;1855.5355;2986.7925;1846.3023;2987.1279;1848.3028
3099180.0;2987.0396;1847.7396;2989.0266;1845.3157;2988.3923;1847.4304;2987.2539;1845.8293;2995.5175;1852.7158;2990.9214;1844.0105;2991.9469;1841.8215;2997.3459;1855.5138;2988.2639;1847.1063;2988.7397;1849.2364
3099200.0;2988.6242;1848.7751;2990.5271;1846.1443;2989.8323;1848.3844;2988.6141;1846.9478;2995.4705;1852.7229;2992.4308;1844.8333;2992.9328;1843.0296;2997.3523;1855.4991;2989.7533;1847.8492;2990.4007;1850.0992
3099220.0;2990.2644;1849.773;2992.0981;1846.9045;2991.2975;1849.2642;2990.0775;1847.9691;2995.4159;1852.7442;2993.9705;1845.6442;2994.0013;1844.1833;2997.376;1855.4877;2991.2549;1848.5337;2992.106;1850.8812
3099240.0;2991.9528;1850.7151;2993.7405;1847.6004;2992.7897;1850.0365;2991.6312;1848.8995;2995.351;1852.7684;2995.5293;1846.4535;2995.1704;1845.2554;2997.4013;1855.4688;2992.7659;1849.1651;2993.8428;1851.5748
3099260.0;2993.6784;1851.5897;2995.4406;1848.2409;2994.3099;1850.691;2993.2585;1849.747;2995.2768;1852.7866;2997.0901;1847.2723;2996.4314;1846.2483;2997.4144;1855.4323;2994.2859;1849.7531;2995.5921;1852.1759
3099280.0;2995.4272;1852.3963;2997.1712;1848.8398;2995.8573;1851.2543;2994.9392;1850.5265;2995.1972;1852.7989;2998.6296;1848.1166;2997.7495;1847.1936;2997.4101;1855.3765;2995.813;1850.3134;2997.3342;1852.688
3099300.0;2997.1823;1853.1461;2998.9041;1849.4127;2997.4274;1851.7772;2996.651;1851.2646;2995.1152;1852.808;3000.1202;1849.0072;2999.0774;1848.1332;2997.3914;1855.3106;2997.3418;1850.8738;2999.0557;1853.1289
3099320.0;2998.9234;1853.8622;3000.6213;1849.9732;2999.0108;1852.307;2998.3704;1852.0011;2995.0332;1852.8119;3001.5324;1849.9695;3000.3697;1849.1038;2997.3647;1855.2464;2998.863;1851.4809;3000.7521;1853.5363
3099340.0;3000.6299;1854.5774;3002.3165;1850.5303;3000.5958;1852.8687;3000.0737;1852.7843;2994.9529;1852.8062;3002.8358;1851.0315;3001.5907;1850.1366;2997.3363;1855.1916;3000.3643;1852.2013;3002.4245;1853.9625
3099360.0;3002.2795;1855.3306;3003.99;1851.0886;3002.1668;1853.4738;3001.7357;1853.6644;2994.8758;1852.791;3004.0039;1852.2191;3002.7163;1851.2618;2997.3126;1855.1447;3001.8301;1853.1056;3004.0724;1854.4598
3099380.0;3003.8471;1856.1638;3005.6431;1851.6507;3003.701;1854.1389;3003.3293;1854.6864;2994.8029;1852.7724;3005.0175;1853.5467;3003.7352;1852.5024;2997.2988;1855.0989;3003.2394;1854.2421;3005.6885;1855.0687
3099400.0;3005.2967;1857.1196;3007.2741;1852.2205;3005.1493;1854.9114;3004.8233;1855.8845;2994.7348;1852.7557;3005.8689;1855.0104;3004.6446;1853.8677;2997.2973;1855.0469;3004.5658;1855.6175;3007.257;1855.8179
3099420.0;3006.5771;1858.2375;3008.8725;1852.8107;3006.4207;1855.8804;3006.1821;1857.281;2994.6721;1852.7396;3006.5591;1856.5893;3005.4409;1855.3558;2997.3066;1854.9874;3005.7786;1857.1999;3008.7557;1856.7293
3099440.0;3007.6244;1859.547;3010.4151;1853.4463;3007.3927;1857.1581;3007.3651;1858.8876;2994.6164;1852.7192;3007.0905;1858.2575;3006.1068;1856.9641;2997.3225;1854.9269;3006.8436;1858.9405;3010.1553;1857.8187
3099460.0;3008.3779;1861.0573;3011.8522;1854.1776;3007.9605;1858.8259;3008.3293;1860.7058;2994.5701;1852.6907;3007.4611;1859.9937;3006.6095;1858.6918;2997.341;1854.8775;3007.7218;1860.7947;3011.4201;1859.091
3099480.0;3008.7988;1862.7503;3013.0976;1855.0846;3008.0947;1860.8723;3009.032;1862.7223;2994.5352;1852.6567;3007.6621;1861.7834;3006.908;1860.5308;2997.3587;1854.8497;3008.368;1862.732;3012.5089;1860.539
3099500.0;3008.8817;1864.5834;3014.0422;1856.2591;3007.854;1863.178;3009.4363;1864.9041;2994.5139;1852.6254;3007.6803;1863.6116;3006.9648;1862.4584;2997.3726;1854.8472;3008.734;1864.7339;3013.3794;1862.1456
3099520.0;3008.6471;1866.5023;3014.5996;1857.7549;3007.3338;1865.5725;3009.5128;1867.1974;2994.51;1852.6075;3007.5017;1865.4558;3006.7535;1864.4403;2997.3797;1854.8663;3008.777;1866.7809;3013.991;1863.8895
3099540.0;3008.1253;1868.4573;3014.7536;1859.5397;3006.6047;1867.9148;3009.2427;1869.535;2994.5292;1852.6111;3007.1147;1867.2892;3006.2609;1866.4392;2997.3774;1854.8984;3008.4726;1868.8432;3014.3099;1865.7466
3099560.0;3007.3448;1870.4122;3014.5593;1861.499;3005.6922;1870.135;3008.6174;1871.8464;2994.5752;1852.6386;3006.5102;1869.0892;3005.4888;1868.4216;2997.3645;1854.9328;3007.8237;1870.8816;3014.3131;1867.689
3099580.0;3006.3303;1872.342;3014.0922;1863.4957;3004.5953;1872.2191;3007.6424;1874.0684;2994.6441;1852.6861;3005.6829;1870.8417;3004.4567;1870.3598;2997.3421;1854.9622;3006.8585;1872.8627;3013.9917;1869.6812
3099600.0;3005.1053;1874.2261;3013.4028;1865.43;3003.3111;1874.175;3006.3387;1876.1499;2994.7251;1852.7411;3004.6319;1872.5362;3003.2007;1872.2355;2997.3137;1854.9856;3005.6213;1874.7739;3013.3474;1871.68
3099620.0;3003.6952;1876.0446;3012.5075;1867.2535;3001.848;1876.0108;3004.7433;1878.0511;2994.8059;1852.7855;3003.3628;1874.1563;3001.7652;1874.0387;2997.2823;1855.0104;3004.1647;1876.6219;3012.389;1873.638
3099640.0;3002.1265;1877.7842;3011.4029;1868.9518;3000.2222;1877.7379;3002.9059;1879.7448;2994.8772;1852.803;3001.8901;1875.6776;3000.1919;1875.763;2997.2486;1855.0481;3002.5434;1878.4181;3011.1288;1875.5127
3099660.0;3000.426;1879.4462;3010.0788;1870.5231;2998.4562;1879.3747;3000.8839;1881.2233;2994.9332;1852.7888;3000.2384;1877.0765;2998.5131;1877.399;2997.2105;1855.1081;3000.8075;1880.1672;3009.5847;1877.2715
3099680.0;2998.6188;1881.0484;3008.5309;1871.965;2996.5742;1880.9471;2998.7352;1882.5087;2994.9718;1852.7538;2998.44;1878.3417;2996.752;1878.936;2997.1682;1855.192;2998.9965;1881.8648;3007.7808;1878.8941
3099700.0;2996.7285;1882.618;3006.7632;1873.2727;2994.5996;1882.4819;2996.5113;1883.6512;2994.9941;1852.7171;2996.5284;1879.477;2994.9261;1880.3698;2997.1274;1855.2935;2997.1381;1883.5024;3005.7481;1880.3713
3099720.0;2994.777;1884.1784;3004.7924;1874.4347;2992.5564;1883.9989;2994.25;1884.7097;2995.0045;1852.6941;2994.5298;1880.494;2993.0482;1881.7071;2997.0984;1855.4001;2995.2522;1885.0698;3003.5213;1881.7025
3099740.0;2992.7851;1885.7378;3002.6402;1875.4391;2990.4677;1885.5065;2991.9755;1885.7279;2995.0075;1852.6903;2992.4604;1881.3991;2991.1281;1882.962;2997.0915;1855.4963;2993.3528;1886.5585;3001.1374;1882.893
3099760.0;2990.7707;1887.2889;3000.3276;1876.2801;2988.3527;1887.0016;2989.7015;1886.7235;2995.0053;1852.7015;2990.3284;1882.1882;2989.1711;1884.146;2997.1099;1855.5683;2991.4452;1887.9639;2998.6322;1883.9445
3099780.0;2988.7442;1888.8133;2997.8763;1876.9602;2986.2234;1888.474;2987.4352;1887.6942;2994.9975;1852.7185;2988.1396;1882.8488;2987.1774;1885.2601;2997.1467;1855.6119;2989.5242;1889.2854;2996.0399;1884.8484
3099800.0;2986.7037;1890.2867;2995.3096;1877.4891;2984.0817;1889.9003;2985.1761;1888.6268;2994.9823;1852.7332;2985.9003;1883.3646;2985.1421;1886.2931;2997.1868;1855.6366;2987.5751;1890.524;2993.3897;1885.5825
3099820.0;2984.6328;1891.6732;2992.6526;1877.8793;2981.9189;1891.2418;2982.9147;1889.5039;2994.9599;1852.7423;2983.6176;1883.7198;2983.0573;1887.2277;2997.2143;1855.6599;2985.5791;1891.6789;2990.7071;1886.1193
3099840.0;2982.5044;1892.9153;2989.9282;1878.1432;2979.7158;1892.4292;2980.6339;1890.3026;2994.9337;1852.7463;2981.2984;1883.9025;2980.9161;1888.0496;2997.2197;1855.6952;2983.5185;1892.7409;2988.0144;1886.435
3099860.0;2980.2902;1893.937;2987.1539;1878.2909;2977.4473;1893.3573;2978.3142;1890.9945;2994.9082;1852.7477;2978.9481;1883.9057;2978.7142;1888.7463;2997.2013;1855.7465;2981.3791;1893.6861;2985.3312;1886.518
3099880.0;2977.9745;1894.6689;2984.342;1878.3274;2975.0954;1893.9088;2975.9391;1891.5465;2994.8849;1852.7481;2976.5694;1883.7268;2976.4494;1889.297;2997.1608;1855.8132;2979.1508;1894.4756;2982.6734;1886.369
3099900.0;2975.5649;1895.0779;2981.5055;1878.2503;2972.6609;1894.0084;2973.4982;1891.9266;2994.8616;1852.7481;2974.1637;1883.3695;2974.1224;1889.6658;2997.1004;1855.8946;2976.8304;1895.0619;2980.052;1885.9989
3099920.0;2973.0915;1895.1749;2978.663;1878.0506;2970.1671;1893.668;2970.99;1892.1063;2994.8361;1852.7481;2971.7346;1882.8471;2971.7374;1889.8084;2997.0227;1855.9896;2974.4238;1895.4021;2977.4748;1885.4266
3099940.0;2970.5954;1894.9873;2975.8396;1877.7123;2967.6484;1892.9703;2968.4236;1892.0631;2994.8099;1852.7481;2969.2892;1882.1862;2969.303;1889.6831;2996.9345;1856.0945;2971.9489;1895.4642;2974.9495;1884.6768
3099960.0;2968.1166;1894.5267;2973.0653;1877.2101;2965.135;1892.0004;2965.8192;1891.7757;2994.7877;1852.7481;2966.837;1881.4131;2966.8311;1889.2588;2996.848;1856.2026;2969.4309;1895.2312;2972.4862;1883.778
3099980.0;2965.6907;1893.777;2970.3722;1876.5062;2962.6494;1890.7973;2963.2053;1891.2224;2994.7732;1852.7481;2964.3859;1880.5329;2964.3377;1888.5183;2996.7771;1856.3067;2966.9002;1894.6995;2970.0997;1882.7602
3100000.0;2963.348;1892.7079;2967.7921;1875.5564;2960.213;1889.3613;2960.6156;1890.3797;2994.7673;1852.7481;2961.9473;1879.5073;2961.8482;1887.4572;2996.7329;1856.3998;2964.39;1893.873;2967.8084;1881.6474
3100020.0;2961.1093;1891.2935;2965.3501;1874.3262;2957.8557;1887.6814;2958.0839;1889.2272;2994.7699;1852.7481;2959.5481;1878.2505;2959.4019;1886.0736;2996.7226;1856.4732;2961.9369;1892.7536;2965.6313;1880.4514
3100040.0;2958.9821;1889.526;2963.0609;1872.8013;2955.616;1885.7445;2955.643;1887.7515;2994.7816;1852.7477;2957.2377;1876.652;2957.0492;1884.3588;2996.7476;1856.519;2959.5796;1891.3336;2963.5804;1879.1592
3100060.0;2956.9617;1887.4196;2960.9361;1870.9817;2953.5335;1883.5378;2953.3228;1885.9523;2994.8035;1852.7461;2955.0776;1874.6301;2954.8427;1882.3026;2996.8012;1856.5342;2957.3559;1889.6001;2961.6534;1877.7313
3100080.0;2955.0431;1885.0102;2958.9974;1868.8553;2951.6359;1881.0534;2951.1514;1883.8427;2994.8359;1852.741;2953.1164;1872.1875;2952.8242;1879.9154;2996.8705;1856.5255;2955.2978;1887.5451;2959.8348;1876.1026
3100100.0;2953.2302;1882.3463;2957.2903;1866.3715;2949.9317;1878.3098;2949.1554;1881.45;2994.8769;1852.7287;2951.3753;1869.418;2951.0166;1877.2386;2996.941;1856.5071;2953.4289;1885.1754;2958.1024;1874.1927
3100120.0;2951.5408;1879.4797;2955.884;1863.4326;2948.409;1875.3526;2947.3607;1878.8131;2994.9237;1852.7048;2949.857;1866.4533;2949.424;1874.3325;2997.0047;1856.4917;2951.7652;1882.5142;2956.4417;1871.9253
3100140.0;2950.0023;1876.4595;2954.8555;1859.9272;2947.0473;1872.2404;2945.7908;1875.9817;2994.9735;1852.6676;2948.5637;1863.3971;2948.0421;1871.2555;2997.0617;1856.4864;2950.3195;1879.5965;2954.8577;1869.2625
3100160.0;2948.6449;1873.3319;2954.2566;1855.7966;2945.8325;1869.0289;2944.4635;1873.0108;2995.0239;1852.6198;2947.5058;1860.3026;2946.87;1868.0538;2997.1145;1856.4941;2949.1041;1876.4652;2953.3829;1866.238
3100180.0;2947.4944;1870.1362;2954.0837;1851.0928;2944.7671;1865.7658;2943.3882;1869.9557;2995.0743;1852.5669;2946.6972;1857.1938;2945.9197;1864.769;2997.1635;1856.5164;2948.1275;1873.1691;2952.0694;1862.9592
3100200.0;2946.5697;1866.9043;2954.2691;1845.9786;2943.8708;1862.493;2942.5673;1866.8623;2995.1229;1852.5151;2946.1486;1854.0918;2945.2137;1861.4452;2997.2051;1856.5532;2947.3883;1869.7608;2950.9725;1859.566
3100220.0;2945.8813;1863.6619;2954.7112;1840.6693;2943.1748;1859.2465;2941.9993;1863.7623;2995.1653;1852.4698;2945.864;1851.0297;2944.7748;1858.131;2997.2359;1856.6014;2946.8751;1866.2908;2950.1307;1856.177
3100240.0;2945.4333;1860.4371;2955.3249;1835.3722;2942.709;1856.0568;2941.681;1860.6714;2995.1926;1852.4354;2945.8412;1848.047;2944.617;1854.8765;2997.2556;1856.6561;2946.5716;1862.8034;2949.5596;1852.8633
3100260.0;2945.2259;1857.2633;2956.0732;1830.2539;2942.4919;1852.9492;2941.608;1857.5945;2995.1968;1852.4136;2946.0713;1845.1824;2944.7395;1851.7268;2997.2682;1856.7139;2946.4631;1859.3341;2949.2575;1849.6556
3100280.0;2945.2591;1854.1737;2956.9561;1825.4494;2942.5228;1849.947;2941.7755;1854.5347;2995.1792;1852.4024;2946.5375;1842.4621;2945.1267;1848.7136;2997.2803;1856.7746;2946.54;1855.9133;2949.2168;1846.5654
3100300.0;2945.5316;1851.192;2957.9737;1821.0773;2942.7871;1847.0683;2942.1762;1851.5046;2995.1521;1852.3979;2947.2158;1839.8961;2945.7486;1845.848;2997.2977;1856.8399;2946.7983;1852.5697;2949.4297;1843.5996
3100320.0;2946.0357;1848.3286;2959.1034;1817.2421;2943.266;1844.3213;2942.7987;1848.5294;2995.1303;1852.3964;2948.0773;1837.4836;2946.5637;1843.1216;2997.3236;1856.9114;2947.2379;1849.3298;2949.8876;1840.7651
3100340.0;2946.7532;1845.5835;2960.3134;1814.0116;2943.9436;1841.7038;2943.6225;1845.6417;2995.1208;1852.396;2949.0937;1835.2214;2947.5279;1840.519;2997.3575;1856.9862;2947.8584;1846.217;2950.5753;1838.0705
3100360.0;2947.6578;1842.9543;2961.5887;1811.3837;2944.8054;1839.2096;2944.62;1842.8702;2995.12;1852.3956;2950.2402;1833.1068;2948.6051;1838.0319;2997.3971;1857.0553;2948.6532;1843.2472;2951.4712;1835.5274
3100380.0;2948.7211;1840.4397;2962.9385;1809.2782;2945.8364;1836.8356;2945.7624;1840.2335;2995.1194;1852.3944;2951.4967;1831.1372;2949.774;1835.6659;2997.4401;1857.1076;2949.6081;1840.4305;2952.5494;1833.1498
3100400.0;2949.9216;1838.0404;2964.3775;1807.5766;2947.0217;1834.5858;2947.0298;1837.7437;2995.1122;1852.391;2952.8466;1829.3086;2951.024;1833.4343;2997.4847;1857.1377;2950.7064;1837.7748;2953.7857;1830.9525
3100420.0;2951.2474;1835.7579;2965.9043;1806.1774;2948.3503;1832.4697;2948.4113;1835.4097;2995.0969;1852.384;2954.2788;1827.6184;2952.3496;1831.349;2997.5274;1857.1523;2951.9359;1835.288;2955.1571;1828.9461
3100440.0;2952.6951;1833.5972;2967.4962;1805.0188;2949.8155;1830.4971;2949.8991;1833.2364;2995.0776;1852.3736;2955.7874;1826.0671;2953.7442;1829.4153;2997.5631;1857.1702;2953.2915;1832.9793;2956.6413;1827.1347
3100460.0;2954.2647;1831.5672;2969.1164;1804.0675;2951.4125;1828.6746;2951.4809;1831.2199;2995.0624;1852.3634;2957.3687;1824.6554;2955.2026;1827.6334;2997.5847;1857.2131;2954.7721;1830.8574;2958.2165;1825.5177
3100480.0;2955.9562;1829.6828;2970.7203;1803.3007;2953.1331;1827.0019;2953.1404;1829.3467;2995.059;1852.359;2959.0175;1823.384;2956.7245;1826.0009;2997.5868;1857.2915;2956.3754;1828.9295;2959.8664;1824.0942
3100500.0;2957.7669;1827.9616;2972.2641;1802.7029;2954.9629;1825.4696;2954.8635;1827.5999;2995.0694;1852.3637;2960.7248;1822.2539;2958.315;1824.5158;2997.5704;1857.396;2958.0952;1827.1999;2961.5794;1822.8617
3100520.0;2959.6891;1826.4211;2973.72;1802.2715;2956.8845;1824.0653;2956.6407;1825.9667;2995.0887;1852.375;2962.4782;1821.2645;2959.9806;1823.1783;2997.5445;1857.5007;2959.9205;1825.6676;2963.3457;1821.8124
3100540.0;2961.7091;1825.0747;2975.0933;1802.0101;2958.8838;1822.7833;2958.4671;1824.4427;2995.1086;1852.3889;2964.2637;1820.4096;2961.7236;1821.9907;2997.5216;1857.5783;2961.8366;1824.3272;2965.152;1820.933
3100560.0;2963.805;1823.9309;2976.422;1801.9213;2960.9501;1821.6277;2960.3408;1823.0326;2995.1231;1852.4037;2966.0676;1819.6763;2963.5405;1820.9552;2997.5101;1857.6143;2963.826;1823.1684;2966.9844;1820.2129
3100580.0;2965.9468;1822.9926;2977.7526;1802.0009;2963.0719;1820.6065;2962.261;1821.7471;2995.131;1852.4209;2967.8791;1819.0519;2965.4246;1820.0717;2997.509;1857.6114;2965.8704;1822.1791;2968.8331;1819.6497
3100600.0;2968.0991;1822.2589;2979.1139;1802.2364;2965.2342;1819.7249;2964.2268;1820.5998;2995.1344;1852.4426;2969.6906;1818.5317;2967.3684;1819.3354;2997.5127;1857.5823;2967.952;1821.3487;2970.6932;1819.2469
3100620.0;2970.2279;1821.725;2980.5106;1802.6063;2967.4204;1818.9869;2966.2356;1819.6012;2995.1355;1852.4687;2971.4976;1818.1214;2969.3642;1818.7358;2997.516;1857.5393;2970.0547;1820.6721;2972.5614;1819.005
3100640.0;2972.3098;1821.3811;2981.9337;1803.0865;2969.617;1818.4004;2968.2831;1818.7571;2995.1358;1852.4996;2973.2966;1817.8316;2971.4032;1818.2589;2997.517;1857.4901;2972.1619;1820.1512;2974.4322;1818.9192
3100660.0;2974.3347;1821.2113;2983.3701;1803.6633;2971.8108;1817.9765;2970.365;1818.0667;2995.1358;1852.5375;2975.083;1817.6724;2973.4737;1817.8943;2997.5144;1857.4375;2974.2564;1819.7934;2976.2968;1818.9813
3100680.0;2976.3009;1821.1968;2984.8072;1804.3378;2973.9851;1817.7226;2972.4759;1817.5281;2995.1358;1852.5859;2976.8489;1817.6491;2975.5584;1817.6417;2997.5065;1857.3822;2976.3196;1819.6067;2978.1423;1819.184
3100700.0;2978.2037;1821.3223;2986.2335;1805.1174;2976.1188;1817.6389;2974.6079;1817.1417;2995.1361;1852.6473;2978.5826;1817.7609;2977.6342;1817.5112;2997.4913;1857.3232;2978.333;1819.5963;2979.9523;1819.5193
3100720.0;2980.0304;1821.5793;2987.642;1806.0002;2978.1906;1817.7195;2976.7469;1816.9152;2995.1372;1852.7213;2980.2713;1818.0037;2979.674;1817.5154;2997.4691;1857.2602;2980.28;1819.7609;2981.7093;1819.977
3100740.0;2981.7635;1821.9636;2989.0292;1806.9717;2980.1818;1817.9582;2978.8712;1816.8634;2995.1409;1852.8033;2981.9041;1818.3726;2981.6523;1817.6605;2997.4434;1857.1926;2982.1461;1820.088;2983.3977;1820.5423
3100760.0;2983.39;1822.4674;2990.39;1808.0112;2982.0734;1818.3498;2980.9513;1817.0037;2995.1501;1852.8831;2983.4721;1818.8636;2983.5491;1817.9425;2997.419;1857.1192;2983.9195;1820.5555;2985.0069;1821.1972
3100780.0;2984.9075;1823.0743;2991.7176;1809.1004;2983.8433;1818.8884;2982.9529;1817.3488;2995.1687;1852.9466;2984.9684;1819.472;2985.3507;1818.3493;2997.398;1857.0387;2985.5907;1821.1383;2986.5324;1821.9222
3100800.0;2986.3217;1823.7635;2993.0077;1810.2237;2985.4688;1819.5692;2984.8404;1817.9;2995.1992;1852.9776;2986.3883;1820.1889;2987.0488;1818.8661;2997.3782;1856.952;2987.153;1821.8189;2987.9751;1822.7012
3100820.0;2987.6422;1824.5175;2994.261;1811.3677;2986.9357;1820.3873;2986.5819;1818.6454;2995.2408;1852.9678;2987.7305;1821.0003;2988.6375;1819.482;2997.3559;1856.8643;2988.6047;1822.5923;2989.3395;1823.5251
3100840.0;2988.8807;1825.3272;2995.4752;1812.5274;2988.2462;1821.3385;2988.1527;1819.5661;2995.2898;1852.9237;2988.9973;1821.8918;2990.1111;1820.1964;2997.3301;1856.7829;2989.9489;1823.4607;2990.6297;1824.3955
3100860.0;2990.0489;1826.1909;2996.6344;1813.7136;2989.4177;1822.4192;2989.5382;1820.642;2995.3429;1852.8659;2990.1915;1822.8559;2991.4638;1821.0215;2997.3029;1856.7121;2991.1909;1824.4253;2991.8469;1825.3227
3100880.0;2991.1542;1827.1116;2997.7038;1814.9579;2990.472;1823.6278;2990.7328;1821.856;2995.4013;1852.8185;2991.3125;1823.8966;2992.6905;1821.9755;2997.2761;1856.6507;2992.3339;1825.4821;2992.9864;1826.3218
3100900.0;2992.1954;1828.0916;2998.6404;1816.3035;2991.4246;1824.9617;2991.7373;1823.1901;2995.4701;1852.7967;2992.3561;1825.0252;2993.7883;1823.0708;2997.2493;1856.595;2993.3767;1826.6219;2994.0378;1827.4072
3100920.0;2993.1637;1829.1332;2999.4144;1817.7862;2992.2837;1826.4141;2992.5537;1824.6236;2995.5548;1852.8035;2993.3161;1826.2495;2994.7568;1824.3054;2997.2214;1856.5415;2994.3164;1827.8336;2994.9857;1828.591
3100940.0;2994.0483;1830.2408;3000.0243;1819.4202;2993.0536;1827.9708;2993.1847;1826.1335;2995.657;1852.8331;2994.1866;1827.5685;2995.5979;1825.6623;2997.1941;1856.4873;2995.1516;1829.1089;2995.8139;1829.8819
3100960.0;2994.8389;1831.4261;3000.4941;1821.1961;2993.7387;1829.6123;2993.6356;1827.7004;2995.774;1852.8745;2994.9611;1828.9762;2996.3167;1827.1205;2997.1716;1856.4268;2995.8811;1830.4469;2996.5098;1831.2846
3100980.0;2995.5255;1832.708;3000.8549;1823.0903;2994.341;1831.3153;2993.92;1829.3129;2995.9031;1852.9183;2995.63;1830.469;2996.9216;1828.6654;2997.1574;1856.3544;2996.5018;1831.855;2997.0685;1832.7996
3101000.0;2996.0975;1834.1049;3001.1287;1825.0751;2994.8561;1833.0566;2994.0588;1830.9673;2996.0424;1852.962;2996.18;1832.0497;2997.4237;1830.2905;2997.1523;1856.2699;2997.0069;1833.3429;2997.4949;1834.4242
3101020.0;2996.5468;1835.6244;3001.3278;1827.1225;2995.2712;1834.8193;2994.0769;1832.6637;2996.1895;1853.0081;2996.5994;1833.7231;2997.8357;1831.9932;2997.156;1856.1796;2997.3889;1834.9149;2997.8022;1836.1518
3101040.0;2996.8739;1837.2599;3001.4598;1829.2085;2995.5676;1836.5983;2993.9962;1834.4027;2996.3393;1853.0565;2996.8833;1835.4878;2998.1707;1833.7678;2997.1667;1856.0896;2997.6429;1836.5699;2998.008;1837.9727
3101060.0;2997.0894;1838.9939;3001.5311;1831.319;2995.7272;1838.3988;2993.8343;1836.1841;2996.4846;1853.0996;2997.0347;1837.3323;2998.4408;1835.6045;2997.1804;1856.0021;2997.7661;1838.3051;2998.1309;1839.8753
3101080.0;2997.2101;1840.8075;3001.5447;1833.4535;2995.7407;1840.2301;2993.6051;1838.0061;2996.6195;1853.1284;2997.0618;1839.2389;2998.6558;1837.4915;2997.1902;1855.9186;2997.7557;1840.1192;2998.1872;1841.8499
3101100.0;2997.2519;1842.6867;3001.5037;1835.6178;2995.6118;1842.1001;2993.319;1839.864;2996.7413;1853.1406;2996.9756;1841.1907;2998.8227;1839.4183;2997.1902;1855.8452;2997.6092;1842.0098;2998.1902;1843.888
3101120.0;2997.2258;1844.6233;3001.416;1837.8141;2995.3548;1844.0116;2992.9814;1841.7512;2996.8508;1853.1422;2996.7917;1843.1752;2998.9475;1841.3772;2997.1804;1855.7893;2997.3285;1843.9716;2998.1487;1845.9785
3101140.0;2997.1394;1846.6103;3001.2934;1840.0378;2994.9903;1845.96;2992.5928;1843.664;2996.9515;1853.1406;2996.5311;1845.1823;2999.0364;1843.3623;2997.1664;1855.7523;2996.9277;1845.9959;2998.0672;1848.1036
3101160.0;2996.9992;1848.6364;3001.1443;1842.2823;2994.5412;1847.9321;2992.1518;1845.6075;2997.0477;1853.1405;2996.2167;1847.2014;2999.0965;1845.3685;2997.1546;1855.7271;2996.434;1848.0702;2997.9463;1850.2438
3101180.0;2996.8119;1850.6845;3000.9631;1844.5518;2994.0313;1849.9103;2991.6603;1847.5952;2997.1417;1853.1447;2995.8673;1849.2209;2999.1316;1847.3896;2997.1476;1855.7022;2995.8809;1850.178;2997.786;1852.3853
3101200.0;2996.5836;1852.7383;3000.7278;1846.8625;2993.4815;1851.8814;2991.1239;1849.6385;2997.2334;1853.1567;2995.4912;1851.2299;2999.137;1849.4204;2997.1444;1855.6686;2995.295;1852.2998;2997.5866;1854.5226
3101220.0;2996.3189;1854.7875;3000.4088;1849.2329;2992.9076;1853.8422;2990.5497;1851.7358;2997.3211;1853.1806;2995.0817;1853.2199;2999.0903;1851.4579;2997.1432;1855.6226;2994.6877;1854.4199;2997.3479;1856.6554
3101240.0;2996.018;1856.8301;2999.9838;1851.667;2992.3176;1855.7986;2989.9444;1853.8703;2997.4045;1853.2181;2994.6118;1855.1841;2998.9491;1853.5016;2997.1422;1855.5649;2994.056;1856.5292;2997.0632;1858.7834
3101260.0;2995.6762;1858.8689;2999.4493;1854.146;2991.7118;1857.7593;2989.3153;1856.0178;2997.4854;1853.2676;2994.0352;1857.1127;2998.6628;1855.5539;2997.14;1855.4979;2993.3919;1858.6255;2996.7147;1860.9033
3101280.0;2995.2804;1860.9074;2998.8164;1856.6363;2991.0855;1859.731;2988.6715;1858.1578;2997.5669;1853.3259;2993.3003;1858.992;2998.1966;1857.6165;2997.1342;1855.4268;2992.6904;1860.7118;2996.2749;1863.0088
3101300.0;2994.8073;1862.9479;2998.0947;1859.1023;2990.4287;1861.7169;2988.0225;1860.2816;2997.653;1853.3911;2992.3788;1860.8119;2997.5496;1859.6876;2997.1226;1855.3596;2991.9498;1862.7936;2995.7183;1865.0923
3101320.0;2994.2272;1864.9923;2997.2841;1861.5167;2989.7282;1863.7167;2987.375;1862.3931;2997.7481;1853.4625;2991.2892;1862.5799;2996.7459;1861.7588;2997.1042;1855.3045;2991.1691;1864.8753;2995.0352;1867.1489
3101340.0;2993.5187;1867.0436;2996.3809;1863.8641;2988.9689;1865.7303;2986.7304;1864.5046;2997.858;1853.5373;2990.0928;1864.3231;2995.8086;1863.8176;2997.0817;1855.2642;2990.3468;1866.9573;2994.2368;1869.1807
3101360.0;2992.6856;1869.1076;2995.3913;1866.1435;2988.1424;1867.7627;2986.0862;1866.6292;2997.987;1853.6076;2988.8627;1866.0768;2994.7443;1865.857;2997.0618;1855.2344;2989.4855;1869.0387;2993.349;1871.198
3101380.0;2991.7625;1871.1934;2994.3349;1868.3686;2987.2554;1869.827;2985.4401;1868.7734;2998.133;1853.6627;2987.6541;1867.8685;2993.5554;1867.8866;2997.0527;1855.2093;2988.5963;1871.1249;2992.4013;1873.2162
3101400.0;2990.8025;1873.3109;2993.2414;1870.564;2986.3358;1871.9392;2984.7963;1870.9353;2998.2861;1853.6949;2986.5026;1869.7145;2992.2631;1869.9347;2997.0607;1855.1874;2987.6995;1873.2333;2991.4244;1875.2507
3101420.0;2989.8583;1875.4683;2992.1452;1872.7578;2985.4293;1874.1074;2984.1674;1873.1086;2998.4331;1853.7054;2985.4421;1871.6275;2990.9151;1872.035;2997.0887;1855.1701;2986.8213;1875.3863;2990.453;1877.3118
3101440.0;2988.9753;1877.6702;2991.0919;1874.9711;2984.5891;1876.3273;2983.5738;1875.2901;2998.5649;1853.705;2984.5159;1873.622;2989.5764;1874.2056;2997.1355;1855.1565;2985.9924;1877.5977;2989.529;1879.4032
3101460.0;2988.1922;1879.917;2990.1447;1877.2145;2983.8638;1878.5889;2983.0395;1877.484;2998.6812;1853.7084;2983.7702;1875.7074;2988.3131;1876.4392;2997.1962;1855.1419;2985.2453;1879.8637;2988.6988;1881.5255
3101480.0;2987.5446;1882.2044;2989.3792;1879.4893;2983.2897;1880.8836;2982.5883;1879.6982;2998.7873;1853.7258;2983.2361;1877.8741;2987.1848;1878.7137;2997.2628;1855.1212;2984.6127;1882.1656;2988.0072;1883.6785
3101500.0;2987.0618;1884.5231;2988.8613;1881.7934;2982.8896;1883.2036;2982.2416;1881.9386;2998.8874;1853.7584;2982.9252;1880.0903;2986.241;1881.0087;2997.3253;1855.0944;2984.1246;1884.483;2987.4895;1885.859
3101520.0;2986.763;1886.8571;2988.6224;1884.1188;2982.6756;1885.5381;2982.0186;1884.2036;2998.9811;1853.7994;2982.8361;1882.3148;2985.5189;1883.3101;2997.3731;1855.0687;2983.806;1886.8015;2987.1676;1888.0549
3101540.0;2986.6562;1889.1847;2988.6523;1886.4455;2982.6523;1887.8721;2981.9367;1886.4835;2999.0663;1853.8398;2982.9644;1884.5139;2985.0418;1885.6073;2997.3978;1855.0549;2983.6761;1889.114;2987.0492;1890.2438
3101560.0;2986.742;1891.4818;2988.9154;1888.7382;2982.8179;1890.189;2982.0129;1888.7611;2999.1417;1853.8765;2983.3022;1886.67;2984.821;1887.8892;2997.3961;1855.0594;2983.7484;1891.4121;2987.1334;1892.3984
3101580.0;2987.0168;1893.7266;2989.3736;1890.9535;2983.1682;1892.472;2982.2646;1891.0141;2999.2063;1853.9122;2983.8359;1888.7751;2984.8587;1890.1422;2997.3733;1855.08;2984.0302;1893.68;2987.4171;1894.494
3101600.0;2987.4772;1895.9019;2989.9983;1893.052;2983.7025;1894.6991;2982.7081;1893.2153;2999.2567;1853.9503;2984.5496;1890.821;2985.1494;1892.3459;2997.3433;1855.1068;2984.5228;1895.8923;2987.8992;1896.5101
3101620.0;2988.122;1897.9903;2990.7704;1895.0065;2984.4281;1896.84;2983.3561;1895.3332;2999.2889;1853.9891;2985.4301;1892.7915;2985.6806;1894.4691;2997.3224;1855.13;2985.2226;1898.0204;2988.5799;1898.4267
3101640.0;2988.9528;1899.9686;2991.6773;1896.8043;2985.356;1898.8577;2984.2134;1897.3322;2999.3057;1854.0222;2986.4698;1894.6643;2986.4354;1896.4753;2997.3223;1855.1442;2986.1236;1900.0379;2989.4572;1900.2242
3101660.0;2989.968;1901.8076;2992.7091;1898.445;2986.4907;1900.7165;2985.2746;1899.1757;2999.3193;1854.0447;2987.6625;1896.4153;2987.3976;1898.3323;2997.3454;1855.1486;2987.2202;1901.9192;2990.5207;1901.8855
3101680.0;2991.1573;1903.4801;2993.8574;1899.9391;2987.8247;1902.3894;2986.5259;1900.8321;2999.3457;1854.0567;2988.9989;1898.0243;2988.5528;1900.0174;2997.3854;1855.143;2988.5083;1903.635;2991.7519;1903.4009
3101700.0;2992.4996;1904.9691;2995.1131;1901.2991;2989.3395;1903.8599;2987.9479;1902.2796;2999.3945;1854.0617;2990.4662;1899.4757;2989.8845;1901.5129;2997.432;1855.1251;2989.9801;1905.1548;2993.1263;1904.7674
3101720.0;2993.9706;1906.27;2996.4673;1902.5287;2991.0096;1905.1216;2989.5187;1903.5074;2999.4663;1854.0633;2992.0498;1900.7574;2991.3697;1902.8027;2997.4762;1855.0919;2991.6174;1906.4602;2994.6197;1905.9837
3101740.0;2995.552;1907.3846;2997.9129;1903.6164;2992.804;1906.1798;2991.2149;1904.5142;2999.556;1854.0639;2993.7356;1901.8619;2992.982;1903.8746;2997.5147;1855.0434;2993.3887;1907.5537;2996.2103;1907.0435
3101760.0;2997.2353;1908.3162;2999.4472;1904.5376;2994.6898;1907.0512;2993.013;1905.306;2999.6562;1854.0648;2995.5096;1902.7887;2994.6969;1904.7266;2997.5484;1854.9845;2995.2553;1908.4558;2997.8804;1907.933
3101780.0;2999.018;1909.0605;3001.0711;1905.266;2996.6385;1907.7559;2994.8894;1905.8935;2999.7588;1854.0678;2997.3566;1903.5454;2996.4962;1905.3733;2997.5788;1854.9246;2997.1819;1909.1884;2999.6151;1908.6318
3101800.0;3000.8968;1909.599;3002.7874;1905.7842;2998.6311;1908.3088;2996.821;1906.2855;2999.8562;1854.0759;2999.2617;1904.1433;2998.3704;1905.8467;2997.6049;1854.8732;2999.1427;1909.7564;3001.4019;1909.1128
3101820.0;3002.8582;1909.8854;3004.5944;1906.0849;3000.6589;1908.7188;2998.7845;1906.4824;2999.9442;1854.093;3001.2108;1904.5895;3000.3214;1906.1897;2997.6244;1854.8343;3001.1207;1910.1342;3003.226;1909.3425
3101840.0;3004.8732;1909.8408;3006.4792;1906.1575;3002.7207;1908.9937;3000.7575;1906.4692;3000.024;1854.1228;3003.192;1904.8778;3002.3619;1906.4434;2997.6369;1854.8047;3003.101;1910.259;3005.0639;1909.2775
3101860.0;3006.896;1909.3666;3008.4108;1905.9609;3004.8155;1909.115;3002.7195;1906.2203;3000.1002;1854.1662;3005.1943;1904.9737;3004.5063;1906.6293;2997.6449;1854.7764;3005.0611;1910.0416;3006.8811;1908.8643
3101880.0;3008.8736;1908.3837;3010.3367;1905.4033;3006.9323;1909.0073;3004.6517;1905.7056;3000.1785;1854.22;3007.2025;1904.8015;3006.7504;1906.7352;2997.6529;1854.7426;3006.968;1909.3933;3008.6376;1908.0504
3101900.0;3010.7585;1906.8757;3012.1886;1904.3548;3009.0296;1908.5002;3006.5363;1904.8999;3000.2648;1854.2774;3009.1897;1904.2553;3009.053;1906.7046;2997.6652;1854.7032;3008.7837;1908.2625;3010.3011;1906.8063
3101920.0;3012.519;1904.9082;3013.9021;1902.7172;3011.0304;1907.3567;3008.3543;1903.7832;3000.364;1854.3299;3011.1124;1903.2427;3011.3386;1906.448;2997.684;1854.6645;3010.4764;1906.6559;3011.8568;1905.1473
3101940.0;3014.1375;1902.6018;3015.4412;1900.5121;3012.8387;1905.3797;3010.0836;1902.3451;3000.4762;1854.3702;3012.9182;1901.7371;3013.5195;1905.8657;2997.7076;1854.6332;3012.0283;1904.6323;3013.3053;1903.1315
3101960.0;3015.6024;1900.0835;3016.807;1897.9177;3014.3797;1902.5543;3011.6973;1900.5912;3000.594;1854.3957;3014.5629;1899.7963;3015.5196;1904.8777;2997.7309;1854.6109;3013.4357;1902.2752;3014.6513;1900.8339
3101980.0;3016.9038;1897.4496;3018.0228;1895.201;3015.6369;1899.1209;3013.1645;1898.5486;3000.706;1854.4086;3016.0241;1897.5354;3017.284;1903.4403;2997.7485;1854.5931;3014.7029;1899.6667;3015.8919;1898.3217
3102000.0;3018.034;1894.7583;3019.1091;1892.5843;3016.6554;1895.4856;3014.4562;1896.2642;3000.8043;1854.4142;3017.3013;1895.0812;3018.781;1901.5504;2997.7565;1854.5722;3015.8354;1896.8774;3017.0144;1895.65
3102020.0;3018.9914;1892.0394;3020.0674;1890.144;3017.5099;1892.0167;3015.5544;1893.7963;3000.8908;1854.4174;3018.4038;1892.5334;3020.0046;1899.2483;2997.7533;1854.5435;3016.8353;1893.9622;3018.0009;1892.868
3102040.0;3019.7815;1889.3089;3020.8824;1887.811;3018.2606;1888.8895;3016.459;1891.2047;3000.9743;1854.4229;3019.3382;1889.9479;3020.9767;1896.6169;2997.738;1854.5081;3017.7;1890.9633;3018.8372;1890.0217
3102060.0;3020.4126;1886.5727;3021.537;1885.4553;3018.9247;1886.0779;3017.187;1888.5429;3001.0624;1854.4349;3020.1039;1887.3425;3021.7328;1893.7627;2997.7119;1854.4716;3018.4227;1887.9136;3019.5176;1887.1478
3102080.0;3020.8916;1883.8312;3022.0283;1882.981;3019.4802;1883.4575;3017.7627;1885.8511;3001.1544;1854.4575;3020.6973;1884.7142;3022.2995;1890.7861;2997.6799;1854.4387;3018.9966;1884.8423;3020.0446;1884.2672
3102100.0;3021.2235;1881.0829;3022.3725;1880.3751;3019.8923;1880.9127;3018.2078;1883.153;3001.2421;1854.4913;3021.1179;1882.0585;3022.6836;1887.76;2997.6509;1854.408;3019.4226;1881.7776;3020.4256;1881.3881
3102120.0;3021.4161;1878.3293;3022.5958;1877.6859;3020.1391;1878.3809;3018.5373;1880.4582;3001.3159;1854.532;3021.3744;1879.3802;3022.8816;1884.729;2997.6329;1854.3725;3019.7137;1878.7427;3020.6714;1878.512
3102140.0;3021.4832;1875.5777;3022.72;1874.967;3020.2208;1875.8371;3018.7626;1877.7689;3001.3718;1854.574;3021.4868;1876.6945;3022.8998;1881.7222;2997.6284;1854.3257;3019.8952;1875.7532;3020.7963;1875.6387
3102160.0;3021.4459;1872.8375;3022.7556;1872.2359;3020.1586;1873.2828;3018.8929;1875.0857;3001.4145;1854.6154;3021.4854;1874.0204;3022.7622;1878.759;2997.6341;1854.2675;3019.9952;1872.8159;3020.8203;1872.769
3102180.0;3021.3272;1870.1159;3022.7078;1869.4758;3019.9846;1870.7274;3018.9368;1872.4114;3001.4531;1854.6577;3021.4065;1871.3742;3022.5014;1875.844;2997.6461;1854.2049;3020.0352;1869.9291;3020.7656;1869.905
3102200.0;3021.1482;1867.4156;3022.586;1866.6696;3019.7343;1868.1763;3018.8989;1869.7521;3001.4943;1854.7014;3021.2853;1868.7636;3022.1492;1872.9683;2997.6634;1854.1475;3020.0234;1867.0852;3020.6535;1867.0521
3102220.0;3020.9245;1864.7362;3022.4093;1863.8298;3019.4365;1865.6252;3018.7811;1867.1154;3001.5384;1854.743;3021.1503;1866.1871;3021.7336;1870.1169;2997.6878;1854.1011;3019.9545;1864.2733;3020.499;1864.2194
3102240.0;3020.6673;1862.0749;3022.1994;1861.0002;3019.1076;1863.0655;3018.5825;1864.5094;3001.5804;1854.7787;3021.0196;1863.6367;3021.28;1867.2802;2997.7211;1854.0639;3019.8127;1861.4852;3020.3075;1861.4159
3102260.0;3020.3841;1859.427;3021.9694;1858.2288;3018.7563;1860.5017;3018.3016;1861.9401;3001.6147;1854.8097;3020.9001;1861.1011;3020.8085;1864.4602;2997.7624;1854.0292;3019.5773;1858.7193;3020.0729;1858.6462
3102280.0;3020.08;1856.787;3021.7138;1855.5394;3018.3876;1857.9528;3017.9347;1859.4106;3001.6392;1854.8415;3020.7863;1858.5695;3020.3281;1861.6681;2997.8089;1853.9926;3019.2302;1855.9812;3019.7792;1855.9114
3102300.0;3019.7568;1854.1521;3021.4097;1852.9304;3018.0044;1855.4343;3017.4785;1856.9205;3001.6567;1854.8778;3020.6629;1856.0362;3019.8328;1858.9196;2997.8573;1853.9575;3018.7645;1853.2789;3019.4059;1853.2142
3102320.0;3019.4128;1851.524;3021.0271;1850.3944;3017.6072;1852.9461;3016.9314;1854.4664;3001.6741;1854.9159;3020.5057;1853.5046;3019.3054;1856.226;2997.9038;1853.933;3018.1904;1850.6175;3018.9385;1850.5609
3102340.0;3019.0419;1848.9074;3020.5401;1847.9298;3017.1976;1850.4777;3016.296;1852.0425;3001.6998;1854.9488;3020.2841;1850.9874;3018.7259;1853.5848;2997.9445;1853.9278;3017.5335;1847.9955;3018.3743;1847.956
3102360.0;3018.6341;1846.3069;3019.9336;1845.5294;3016.7824;1848.02;3015.5783;1849.6429;3001.7384;1854.9712;3019.9663;1848.4981;3018.0826;1850.9796;2997.9758;1853.9433;3016.8237;1845.4078;3017.7223;1845.3947
3102380.0;3018.1723;1843.7257;3019.2051;1843.169;3016.3688;1845.5712;3014.7875;1847.2608;3001.7879;1854.9832;3019.5296;1846.0408;3017.3789;1848.39;2997.9946;1853.9731;3016.0803;1842.8482;3016.9957;1842.8641
3102400.0;3017.6285;1841.1658;3018.3607;1840.8141;3015.953;1843.1279;3013.9345;1844.8882;3001.8408;1854.9882;3018.9718;1843.6071;3016.6295;1845.8064;2997.9992;1854.0063;3015.3014;1840.3148;3016.2042;1840.3506
3102420.0;3016.9662;1838.6285;3017.4096;1838.4396;3015.5156;1840.6806;3013.0312;1842.5159;3001.8898;1854.9898;3018.3122;1841.1833;3015.8472;1843.2331;2997.9901;1854.0338;3014.4624;1837.8144;3015.3499;1837.8469
3102440.0;3016.1534;1836.1146;3016.3568;1836.0388;3015.0147;1838.2135;3012.0841;1840.1379;3001.9318;1854.9903;3017.5794;1838.7612;3015.028;1840.6812;2997.9699;1854.0513;3013.5247;1835.3645;3014.4285;1835.3547
3102460.0;3015.178;1833.6265;3015.2013;1833.6212;3014.385;1835.7167;3011.0884;1837.7561;3001.9669;1854.9903;3016.7949;1836.3402;3014.1443;1838.1623;2997.9445;1854.0599;3012.4484;1832.9878;3013.4286;1832.884
3102480.0;3014.0523;1831.1706;3013.9388;1831.2064;3013.551;1833.1958;3010.0241;1835.3821;3001.9949;1854.9903;3015.9612;1833.9231;3013.1519;1835.6933;2997.9188;1854.0612;3011.2017;1830.7018;3012.3313;1830.4522
3102500.0;3012.7961;1828.7583;3012.5655;1828.8213;3012.4575;1830.677;3008.8594;1833.0342;3002.015;1854.9903;3015.0618;1831.5157;3012.008;1833.3035;2997.8947;1854.0535;3009.7635;1828.514;3011.1086;1828.0828
3102520.0;3011.417;1826.4065;3011.0793;1826.4974;3011.0976;1828.2043;3007.5581;1830.7347;3002.0269;1854.9903;3014.0645;1829.131;3010.6847;1831.0295;2997.8691;1854.034;3008.1235;1826.4257;3009.7268;1825.8022
3102540.0;3009.9015;1824.139;3009.4751;1824.269;3009.5079;1825.8284;3006.0878;1828.5076;3002.0327;1854.9903;3012.9298;1826.7919;3009.1711;1828.8976;2997.8388;1854.006;3006.2812;1824.44;3008.1533;1823.6375
3102560.0;3008.223;1821.9841;3007.7397;1822.1756;3007.7314;1823.5942;3004.4248;1826.3818;3002.0349;1854.9903;3011.6197;1824.5324;3007.4641;1826.9112;2997.8056;1853.9831;3004.2446;1822.569;3006.3665;1821.616
3102580.0;3006.3557;1819.9734;3005.8527;1820.2647;3005.7884;1821.5364;3002.5569;1824.3952;3002.0358;1854.9903;3010.1088;1822.3979;3005.5623;1825.0611;2997.776;1853.9802;3002.0274;1820.8382;3004.3616;1819.7669
3102600.0;3004.2859;1818.1397;3003.7953;1818.5909;3003.6759;1819.6866;3000.4839;1822.5976;3002.0366;1854.9903;3008.3885;1820.4437;3003.4685;1823.3496;2997.7565;1854.0011;2999.647;1819.288;3002.1499;1818.1205
3102620.0;3002.0184;1816.5231;3001.5658;1817.2052;3001.3841;1818.0816;2998.2197;1821.0516;3002.039;1854.9903;3006.4658;1818.7274;3001.1941;1821.803;2997.7469;1854.0379;2997.126;1817.9693;2999.7524;1816.7064
3102640.0;2999.5775;1815.1717;2999.1874;1816.1419;2998.9142;1816.7599;2995.7937;1819.8266;3002.0454;1854.9903;3004.357;1817.2981;2998.7618;1820.4658;2997.7389;1854.0812;2994.4947;1816.9325;2997.1939;1815.5528
3102660.0;2997.0051;1814.1364;2996.7051;1815.4146;2996.291;1815.7514;2993.2487;1818.9828;3002.0593;1854.9903;3002.0838;1816.1898;2996.2039;1819.3839;2997.7215;1854.127;2991.792;1816.2169;2994.5035;1814.6896
3102680.0;2994.3524;1813.4597;2994.1745;1815.0258;2993.5598;1815.0709;2990.633;1818.551;3002.0837;1854.9903;2999.6771;1815.4243;2993.5596;1818.5962;2997.6887;1854.1743;2989.0633;1815.8475;2991.7196;1814.1476
3102700.0;2991.6739;1813.1689;2991.6539;1814.9741;2990.78;1814.7252;2987.9933;1818.5198;3002.1193;1854.9903;2997.1812;1815.0157;2990.873;1818.1315;2997.6438;1854.2234;2986.3586;1815.8388;2988.8941;1813.9542
3102720.0;2989.0221;1813.2747;2989.2013;1815.256;2988.0143;1814.7195;2985.3734;1818.8483;3002.1629;1854.9903;2994.6512;1814.9696;2988.1918;1818.0078;2997.5973;1854.2732;2983.7294;1816.1973;2986.0911;1814.1256
3102740.0;2986.4481;1813.7742;2986.8722;1815.8657;2985.3268;1815.0615;2982.8181;1819.4907;3002.2097;1854.99;2992.1425;1815.2768;2985.5691;1818.2324;2997.5596;1854.3239;2981.2269;1816.9197;2983.3794;1814.6655
3102760.0;2984.0024;1814.6517;2984.7145;1816.7989;2982.7869;1815.7575;2980.375;1820.4137;3002.2572;1854.989;2989.702;1815.9112;2983.0628;1818.8044;2997.534;1854.3752;2978.9003;1817.9887;2980.8239;1815.565
3102780.0;2981.7348;1815.8806;2982.7634;1818.0524;2980.4679;1816.8057;2978.0887;1821.5933;3002.3072;1854.9859;2987.3659;1816.8346;2980.7341;1819.7155;2997.5167;1854.4267;2976.7965;1819.3747;2978.4813;1816.8047
3102800.0;2979.6913;1817.4239;2981.0417;1819.6108;2978.4366;1818.1868;2975.9994;1823.0073;3002.3641;1854.9784;2985.1656;1818.0077;2978.6405;1820.9462;2997.5006;1854.4774;2974.96;1821.0401;2976.3954;1818.3537
3102820.0;2977.9112;1819.2375;2979.5619;1821.4306;2976.7383;1819.8604;2974.1472;1824.6286;3002.4294;1854.9645;2983.1309;1819.3974;2976.8316;1822.4639;2997.4807;1854.5249;2973.4311;1822.9403;2974.5965;1820.172
3102840.0;2976.4227;1821.2701;2978.3302;1823.4419;2975.3871;1821.7711;2972.5792;1826.4243;3002.4976;1854.9455;2981.2898;1820.9785;2975.3454;1824.2268;2997.4575;1854.5674;2972.2403;1825.0236;2973.1019;1822.2122
3102860.0;2975.241;1823.4664;2977.3496;1825.5692;2974.3686;1823.8611;2971.3477;1828.3506;3002.5592;1854.9279;2979.6688;1822.7297;2974.207;1826.1908;2997.4359;1854.6074;2971.4035;1827.2375;2971.9201;1824.423
3102880.0;2974.3666;1825.7699;2976.6197;1827.7504;2973.6527;1826.0783;2970.4982;1830.3528;3002.6062;1854.9206;2978.2938;1824.6283;2973.4238;1828.3094;2997.4219;1854.6531;2970.9196;1829.5358;2971.0513;1826.7505
3102900.0;2973.7865;1828.1312;2976.1349;1829.9423;2973.2079;1828.3784;2970.0529;1832.3713;3002.6362;1854.9279;2977.188;1826.6463;2972.9824;1830.5288;2997.4185;1854.7128;2970.769;1831.8808;2970.4866;1829.142
3102920.0;2973.476;1830.5127;2975.8793;1832.1156;2973.0051;1830.7218;2969.9996;1834.3558;3002.6517;1854.9455;2976.3655;1828.7485;2972.8499;1832.7887;2997.4233;1854.7873;2970.9139;1834.2344;2970.2057;1831.5491
3102940.0;2973.4014;1832.888;2975.8244;1834.2473;2973.0155;1833.0699;2970.2903;1836.2759;3002.6566;1854.9645;2975.8241;1830.8947;2972.9826;1835.0344;2997.4294;1854.8703;2971.3024;1836.5507;2970.1824;1833.9324
3102960.0;2973.5225;1835.2368;2975.9345;1836.3189;2973.2095;1835.3848;2970.8507;1838.1235;3002.6534;1854.9784;2975.5469;1833.0433;2973.3367;1837.2252;2997.4302;1854.9534;2971.8762;1838.7813;2970.3889;1836.2624
3102980.0;2973.7968;1837.5406;2976.1766;1838.3139;2973.5592;1837.6335;2971.5962;1839.9059;3002.6424;1854.9859;2975.508;1835.1557;2973.873;1839.3347;2997.4237;1855.0325;2972.5789;1840.8863;2970.7996;1838.5198
3103000.0;2974.1852;1839.7822;2976.5255;1840.2214;2974.0426;1839.7925;2972.4497;1841.6346;3002.6239;1854.989;2975.6792;1837.2014;2974.5554;1841.3452;2997.4132;1855.1075;2973.3635;1842.8439;2971.3873;1840.6931
3103020.0;2974.6601;1841.9473;2976.9639;1842.039;2974.6426;1841.8503;2973.3525;1843.3125;3002.6003;1854.99;2976.0325;1839.1608;2975.3505;1843.2445;2997.4035;1855.1803;2974.1962;1844.6509;2972.1232;1842.7764
3103040.0;2975.2078;1844.0258;2977.479;1843.7731;2975.3444;1843.8021;2974.2711;1844.9295;3002.5767;1854.9903;2976.5436;1841.0282;2976.227;1845.0248;2997.3965;1855.2523;2975.0596;1846.3204;2972.9787;1844.7672
3103060.0;2975.8299;1846.0093;2978.0634;1845.432;2976.1313;1845.647;2975.1937;1846.4684;3002.5579;1854.99;2977.1935;1842.8072;2977.1619;1846.6823;2997.3904;1855.3236;2975.9519;1847.8767;2973.9303;1846.663
3103080.0;2976.5377;1847.8878;2978.7187;1847.018;2976.9841;1847.3862;2976.1257;1847.9148;3002.5457;1854.989;2977.9695;1844.5019;2978.1412;1848.2166;2997.3814;1855.3918;2976.88;1849.3468;2974.9625;1848.4603
3103100.0;2977.3484;1849.6483;2979.4548;1848.527;2977.8828;1849.0247;2977.0789;1849.2619;3002.5379;1854.9859;2978.8614;1846.1084;2979.1604;1849.6319;2997.3659;1855.4516;2977.8511;1850.7512;2976.0674;1850.1531
3103120.0;2978.2789;1851.2775;2980.2828;1849.9528;2978.8117;1850.5701;2978.0657;1850.5076;3002.5304;1854.9784;2979.8571;1847.6138;2980.2188;1850.9358;2997.3435;1855.4976;2978.8682;1852.101;2977.2397;1851.7352
3103140.0;2979.3392;1852.7667;2981.2084;1851.2927;2979.7649;1852.0339;2979.0929;1851.6514;3002.5193;1854.9645;2980.9413;1849.0047;2981.3159;1852.1351;2997.3176;1855.529;2979.9295;1853.4028;2978.4725;1853.2013
3103160.0;2980.5233;1854.1159;2982.23;1852.547;2980.7491;1853.4261;2980.1625;1852.6965;3002.5023;1854.9455;2982.0991;1850.2774;2982.4491;1853.2333;2997.2932;1855.5502;2981.0315;1854.662;2979.7567;1854.5468
3103180.0;2981.8068;1855.3331;2983.3419;1853.7125;2981.7814;1854.7488;2981.2745;1853.6523;3002.481;1854.9279;2983.3199;1851.4402;2983.6145;1854.2337;2997.2736;1855.5664;2982.171;1855.8807;2981.0849;1855.7674
3103200.0;2983.1544;1856.4305;2984.5367;1854.779;2982.884;1855.9883;2982.4312;1854.533;3002.459;1854.9206;2984.5972;1852.507;2984.8104;1855.1404;2997.2595;1855.5784;2983.349;1857.051;2982.454;1856.8614
3103220.0;2984.5366;1857.4203;2985.8064;1855.7287;2984.0761;1857.119;2983.6395;1855.3505;3002.4396;1854.9279;2985.9262;1853.4878;2986.0378;1855.958;2997.2526;1855.5832;2984.5742;1858.1551;2983.8645;1857.8318
3103240.0;2985.9411;1858.3129;2987.1437;1856.5426;2985.3683;1858.1168;2984.9099;1856.1089;3002.4221;1854.9455;2987.3033;1854.3838;2987.3011;1856.6878;2997.2567;1855.5788;2985.862;1859.1693;2985.3172;1858.6862
3103260.0;2987.3716;1859.1144;2988.5441;1857.2055;2986.757;1858.9687;2986.2521;1856.804;3002.4018;1854.9647;2988.7265;1855.1883;2988.6048;1857.3264;2997.2745;1855.569;2987.2236;1860.07;2986.8125;1859.4308
3103280.0;2988.8395;1859.825;2990.0048;1857.7101;2988.2275;1859.6713;2987.6699;1857.4272;3002.3735;1854.9795;2990.1974;1855.8908;2989.9522;1857.8688;2997.3035;1855.5602;2988.6562;1860.8371;2988.3495;1860.0648
3103300.0;2990.3581;1860.4358;2991.5229;1858.0577;2989.7611;1860.227;2989.1594;1857.9669;3002.3351;1854.99;2991.7203;1856.4795;2991.3441;1858.3114;2997.3356;1855.5582;2990.1462;1861.4552;2989.926;1860.581
3103320.0;2991.94;1860.9318;2993.0938;1858.2586;2991.3456;1860.6421;2990.7111;1858.4096;3002.2897;1855.0008;2993.3008;1856.947;2992.7824;1858.6542;2997.3625;1855.5668;2991.6817;1861.9164;2991.5388;1860.971
3103340.0;2993.5961;1861.2968;2994.7127;1858.3274;2992.9798;1860.927;2992.3146;1858.7417;3002.2434;1855.0171;2994.9424;1857.2914;2994.2732;1858.8995;2997.3797;1855.5885;2993.2621;1862.2228;2993.1862;1861.2293
3103360.0;2995.3322;1861.5208;2996.3752;1858.274;2994.6698;1861.0907;2993.9632;1858.9537;3002.2012;1855.0412;2996.6427;1857.513;2995.8263;1859.0501;2997.3876;1855.6224;2994.8966;1862.3856;2994.8693;1861.3558
3103380.0;2997.1462;1861.6016;2998.075;1858.1014;2996.4213;1861.1377;2995.656;1859.0422;3002.1646;1855.0697;2998.3921;1857.6071;2997.4489;1859.1057;2997.3881;1855.6644;2996.5951;1862.4195;2996.5904;1861.354
3103400.0;2999.0286;1861.5446;2999.8027;1857.8089;2998.2331;1861.0682;2997.3952;1859.0082;3002.1318;1855.0943;3000.1758;1857.5605;2999.1372;1859.0578;2997.3822;1855.709;2998.3598;1862.335;2998.35;1861.2292
3103420.0;3000.9639;1861.3587;3001.5476;1857.3998;3000.0977;1860.8819;2999.1825;1858.8526;3002.1016;1855.1066;3001.9781;1857.356;3000.8758;1858.8869;2997.3704;1855.7539;3000.1815;1862.1345;3000.1447;1860.984
3103440.0;3002.9341;1861.0547;3003.2995;1856.8834;3002.0027;1860.5767;3001.0131;1858.5737;3002.0749;1855.105;3003.7841;1856.978;3002.6451;1858.5668;2997.3553;1855.7986;3002.0433;1861.8126;3001.9679;1860.617
3103460.0;3004.9213;1860.64;3005.0504;1856.2678;3003.9329;1860.1446;3002.8734;1858.1656;3002.0535;1855.0968;3005.5769;1856.4155;3004.4286;1858.0783;2997.3421;1855.8406;3003.9286;1861.3588;3003.8097;1860.1242
3103480.0;3006.9091;1860.1153;3006.7926;1855.5552;3005.8707;1859.5703;3004.7411;1857.6201;3002.0366;1855.0932;3007.335;1855.6624;3006.2157;1857.4182;2997.3339;1855.8749;3005.8257;1860.7594;3005.6554;1859.5038
3103500.0;3008.8818;1859.4733;3008.5176;1854.7428;3007.797;1858.8361;3006.5898;1856.9278;3002.022;1855.1005;3009.0356;1854.7205;3007.9973;1856.596;2997.3286;1855.8977;3007.7262;1860.0015;3007.4875;1858.7556
3103520.0;3010.8243;1858.7039;3010.2161;1853.8287;3009.6931;1857.9264;3008.3966;1856.0812;3002.0096;1855.1156;3010.6622;1853.6035;3009.7623;1855.6249;2997.3207;1855.9097;3009.6192;1859.0784;3009.2894;1857.8797
3103540.0;3012.723;1857.8006;3011.8793;1852.8164;3011.5417;1856.8345;3010.146;1855.0769;3002.006;1855.1298;3012.2097;1852.3359;3011.4963;1854.5149;2997.3086;1855.9147;3011.4892;1857.9929;3011.0499;1856.8721
3103560.0;3014.5678;1856.7644;3013.4986;1851.7118;3013.3282;1855.5649;3011.829;1853.9184;3002.0239;1855.1344;3013.6818;1850.9459;3013.1822;1853.272;2997.2969;1855.9159;3013.3196;1856.7555;3012.7634;1855.7256
3103580.0;3016.3516;1855.5992;3015.0625;1850.5157;3015.0397;1854.133;3013.4372;1852.6127;3002.0755;1855.1247;3015.0831;1849.453;3014.8005;1851.8978;2997.2929;1855.9147;3015.0959;1855.3796;3014.4242;1854.4333
3103600.0;3018.0685;1854.3072;3016.5549;1849.2219;3016.6629;1852.5593;3014.9581;1851.1687;3002.1623;1855.0993;3016.4124;1847.8629;3016.3323;1850.3899;2997.3011;1855.9097;3016.8059;1853.8775;3016.0211;1852.9936
3103620.0;3019.7112;1852.8862;3017.956;1847.8205;3018.1833;1850.8634;3016.3752;1849.5946;3002.2705;1855.0606;3017.6599;1846.172;3017.7622;1848.744;2997.3198;1855.8977;3018.4383;1852.2591;3017.5373;1851.4111
3103640.0;3021.2684;1851.3324;3019.2452;1846.303;3019.5885;1849.0572;3017.6707;1847.8981;3002.3769;1855.0132;3018.81;1844.3785;3019.081;1846.9611;2997.343;1855.8753;3019.9823;1850.5325;3018.955;1849.697
3103660.0;3022.7239;1849.6424;3020.4044;1844.6663;3020.8706;1847.1436;3018.8278;1846.0857;3002.4625;1854.9642;3019.8463;1842.4886;3020.2866;1845.0552;2997.3625;1855.8426;3021.4279;1848.702;3020.2581;1847.8651
3103680.0;3024.0578;1847.8161;3021.4212;1842.9116;3022.0249;1845.1195;3019.832;1844.1637;3002.5207;1854.9224;3020.7556;1840.5135;3021.3797;1843.053;2997.3729;1855.8052;3022.7653;1846.767;3021.4334;1845.9285
3103700.0;3025.2488;1845.8574;3022.29;1841.0438;3023.0438;1842.9825;3020.6743;1842.1414;3002.555;1854.8971;3021.5301;1838.464;3022.3598;1840.9843;2997.3743;1855.7709;3023.9819;1844.7251;3022.4681;1843.8951
3103720.0;3026.2779;1843.7757;3023.0103;1839.0721;3023.9157;1840.7384;3021.3551;1840.032;3002.5712;1854.8942;3022.1679;1836.3507;3023.2213;1838.8674;2997.3719;1855.7435;3025.0601;1842.5785;3023.3502;1841.7693
3103740.0;3027.1261;1841.5851;3023.5812;1837.0087;3024.6286;1838.4019;3021.8851;1837.8506;3002.5747;1854.9108;3022.6726;1834.1882;3023.9537;1836.7033;2997.3734;1855.719;3025.98;1840.3365;3024.0689;1839.5567
3103760.0;3027.7726;1839.3055;3023.9969;1834.8683;3025.1737;1835.9919;3022.2805;1835.6111;3002.5726;1854.937;3023.0491;1831.9948;3024.5453;1834.4844;2997.3848;1855.6898;3026.7251;1838.0139;3024.6157;1837.2703
3103780.0;3028.194;1836.9606;3024.2476;1832.6668;3025.5448;1833.5262;3022.5536;1833.3252;3002.5739;1854.9612;3023.2969;1829.7883;3024.9867;1832.209;2997.4072;1855.65;3027.2866;1835.6266;3024.9827;1834.9305
3103800.0;3028.3688;1834.5737;3024.3224;1830.4205;3025.7334;1831.0253;3022.7064;1831.0047;3002.585;1854.9774;3023.4069;1827.5831;3025.269;1829.8868;2997.4374;1855.5991;3027.6615;1833.1912;3025.1622;1832.5617
3103820.0;3028.2825;1832.1634;3024.2087;1828.1483;3025.7252;1828.5173;3022.7296;1828.6641;3002.6062;1854.9855;3023.3657;1825.3905;3025.3809;1827.5357;2997.4706;1855.5408;3027.8453;1830.7264;3025.1468;1830.1883
3103840.0;3027.9309;1829.7452;3023.8925;1825.8717;3025.5026;1826.0363;3022.6094;1826.3195;3002.6335;1854.9878;3023.1602;1823.2203;3025.3065;1825.1775;2997.5031;1855.4791;3027.828;1828.2537;3024.9311;1827.8313
3103860.0;3027.3182;1827.3393;3023.3635;1823.6151;3025.052;1823.6118;3022.3306;1823.9879;3002.6633;1854.9855;3022.7799;1821.0828;3025.0276;1822.8357;2997.5345;1855.4181;3027.5941;1825.7955;3024.5101;1825.5077
3103880.0;3026.4531;1824.9754;3022.6208;1821.4005;3024.3708;1821.2581;3021.8764;1821.6876;3002.6942;1854.9772;3022.2128;1818.9921;3024.5282;1820.5339;2997.5657;1855.361;3027.1269;1823.3731;3023.8779;1823.231
3103900.0;3025.347;1822.6912;3021.6711;1819.2479;3023.4647;1818.978;3021.2232;1819.4418;3002.7257;1854.96;3021.4442;1816.9697;3023.7979;1818.2949;2997.5965;1855.3106;3026.4133;1821.0092;3023.026;1821.0141
3103920.0;3024.0146;1820.5239;3020.5207;1817.1786;3022.338;1816.7764;3020.3391;1817.2828;3002.7573;1854.9324;3020.4583;1815.0443;3022.8329;1816.1397;2997.6262;1855.2718;3025.4447;1818.7298;3021.9473;1818.8726
3103940.0;3022.4737;1818.5034;3019.1711;1815.221;3020.988;1814.6695;3019.1915;1815.2504;3002.7883;1854.8976;3019.2444;1813.2468;3021.633;1814.0902;2997.6556;1855.2524;3024.216;1816.5633;3020.6367;1816.8279
3103960.0;3020.7453;1816.6475;3017.6249;1813.4087;3019.4102;1812.683;3017.7606;1813.3886;3002.8188;1854.8628;3017.8021;1811.6034;3020.1993;1812.1717;2997.6881;1855.2599;3022.7252;1814.5381;3019.0938;1814.9062
3103980.0;3018.8509;1814.9661;3015.8938;1811.7708;3017.6091;1810.8466;3016.0507;1811.7381;3002.8483;1854.835;3016.1428;1810.1324;3018.5335;1810.4129;2997.7269;1855.296;3020.9746;1812.6822;3017.3219;1813.138
3104000.0;3016.8117;1813.4679;3013.9983;1810.3298;3015.6037;1809.1904;3014.0933;1810.333;3002.8748;1854.8167;3014.2869;1808.8446;3016.6441;1808.8447;2997.7709;1855.3527;3018.9718;1811.0261;3015.3305;1811.5552
3104020.0;3014.6476;1812.1674;3011.9623;1809.1043;3013.4228;1807.7456;3011.9397;1809.1987;3002.8965;1854.8043;3012.2612;1807.7472;3014.5522;1807.4967;2997.8156;1855.4152;3016.734;1809.6001;3013.1374;1810.1888
3104040.0;3012.3792;1811.0875;3009.8073;1808.1163;3011.0976;1806.5442;3009.6493;1808.3528;3002.9148;1854.7906;3010.0969;1806.8471;3012.2893;1806.3968;2997.8566;1855.4697;3014.2909;1808.4289;3010.7707;1809.0651
3104060.0;3010.0294;1810.2538;3007.5545;1807.3894;3008.6593;1805.6124;3007.2791;1807.8056;3002.9346;1854.7671;3007.8281;1806.1549;3009.8904;1805.5685;2997.8927;1855.5083;3011.6855;1807.5284;3008.2655;1808.2058
3104080.0;3007.6255;1809.6811;3005.2296;1806.9428;3006.1408;1804.9668;3004.8773;1807.555;3002.962;1854.7271;3005.4891;1805.6839;3007.3886;1805.0249;2997.9253;1855.5306;3008.9704;1806.9128;3005.6598;1807.6276
3104100.0;3005.1986;1809.3653;3002.8641;1806.7862;3003.5782;1804.6105;3002.4778;1807.5822;3003.0007;1854.6682;3003.1121;1805.4443;3004.8171;1804.7617;2997.9553;1855.541;3006.2013;1806.6004;3002.9915;1807.3445
3104120.0;3002.7823;1809.2851;3000.4948;1806.9173;3001.0107;1804.5367;3000.0994;1807.8517;3003.0507;1854.5939;3000.7267;1805.4364;3002.2117;1804.7563;2997.9813;1855.5448;3003.4295;1806.6073;3000.2996;1807.3644
3104140.0;3000.4075;1809.4203;2998.1602;1807.3229;2998.4766;1804.7329;2997.7489;1808.3217;3003.11;1854.5115;2998.36;1805.6501;2999.6097;1804.9763;2998.0006;1855.5457;3000.696;1806.9314;2997.6243;1807.6866
3104160.0;2998.1012;1809.7695;2995.8983;1807.9837;2996.0107;1805.1866;2995.4295;1808.9601;3003.1767;1854.4302;2996.0349;1806.0726;2997.0469;1805.396;2998.0124;1855.5448;2998.0321;1807.5459;2995.0072;1808.3
3104180.0;2995.8855;1810.351;2993.7422;1808.8806;2993.6434;1805.8852;2993.1481;1809.7524;3003.2493;1854.3586;2993.7711;1806.6968;2994.555;1806.0075;2998.0182;1855.5412;2995.4655;1808.4125;2992.4871;1809.1871
3104200.0;2993.7816;1811.1836;2991.7177;1809.9981;2991.3997;1806.8128;2990.9173;1810.6977;3003.3253;1854.304;2991.5861;1807.5204;2992.1625;1806.8197;2998.0204;1855.5318;2993.025;1809.5011;2990.0983;1810.3262
3104220.0;2991.8104;1812.2663;2989.8401;1811.3211;2989.2988;1807.9457;2988.754;1811.7976;3003.3993;1854.2699;2989.4999;1808.5411;2989.8978;1807.844;2998.0212;1855.5129;2990.7407;1810.7961;2987.87;1811.6927
3104240.0;2989.9939;1813.573;2988.1157;1812.8311;2987.3558;1809.2551;2986.6788;1813.0505;3003.4651;1854.2566;2987.5371;1809.7503;2987.7949;1809.0788;2998.0221;1855.4826;2988.6376;1812.2856;2985.8269;1813.2562
3104260.0;2988.3509;1815.0626;2986.5464;1814.5036;2985.5842;1810.7165;2984.7172;1814.4527;3003.5194;1854.261;2985.726;1811.1336;2985.8959;1810.5064;2998.0243;1855.444;2986.7338;1813.9509;2983.9897;1814.984
3104280.0;2986.8941;1816.6943;2985.1354;1816.3104;2984.0;1812.3169;2982.8979;1816.0016;3003.5635;1854.2765;2984.0954;1812.6733;2984.2481;1812.0984;2998.0301;1855.4047;2985.0385;1815.766;2982.3727;1816.8453
3104300.0;2985.628;1818.436;2983.8901;1818.2211;2982.6225;1814.0527;2981.2467;1817.6936;3003.601;1854.2933;2982.6718;1814.3517;2982.8922;1813.8198;2998.0417;1855.3711;2983.5538;1817.7033;2980.9823;1818.8151
3104320.0;2984.5517;1820.2659;2982.8186;1820.2072;2981.4703;1815.9152;2979.7809;1819.5188;3003.6348;1854.3014;2981.4773;1816.1494;2981.8505;1815.6309;2998.0604;1855.3436;2982.2795;1819.7392;2979.8173;1820.8731
3104340.0;2983.6618;1822.1714;2981.9254;1822.2449;2980.5543;1817.8796;2978.5102;1821.457;3003.6664;1854.2972;2980.5269;1818.042;2981.1215;1817.4907;2998.0838;1855.3169;2981.2186;1821.8558;2978.8716;1822.9997
3104360.0;2982.9532;1824.1429;2981.2108;1824.3158;2979.8747;1819.9076;2977.4426;1823.4794;3003.697;1854.2871;2979.8262;1820.0007;2980.6849;1819.3632;2998.1067;1855.2847;2980.3763;1824.0387;2978.1384;1825.1734
3104380.0;2982.4187;1826.1709;2980.6717;1826.4028;2979.4262;1821.9615;2976.5871;1825.555;3003.7264;1854.2822;2979.3714;1821.9946;2980.5113;1821.2241;2998.1233;1855.2458;2979.7539;1826.2715;2977.6138;1827.3707
3104400.0;2982.0521;1828.2424;2980.3043;1828.4847;2979.2034;1824.017;2975.9526;1827.6546;3003.7529;1854.2883;2979.1553;1823.9992;2980.5731;1823.0584;2998.1299;1855.2031;2979.3412;1828.5325;2977.2969;1829.5671
3104420.0;2981.8497;1830.3421;2980.1066;1830.5351;2979.2018;1826.0649;2975.5487;1829.7523;3003.7747;1854.3018;2979.1719;1825.9983;2980.8485;1824.8551;2998.1262;1855.1601;2979.1187;1830.797;2977.1886;1831.7371
3104440.0;2981.8091;1832.4538;2980.0802;1832.5287;2979.4122;1828.1035;2975.3866;1831.8247;3003.7929;1854.3144;2979.4157;1827.977;2981.3198;1826.6014;2998.1156;1855.118;2979.0679;1833.0402;2977.2864;1833.8545
3104460.0;2981.9246;1834.5607;2980.2288;1834.4464;2979.8166;1830.1299;2975.4763;1833.8521;3003.8126;1854.3234;2979.8779;1829.9113;2981.97;1828.283;2998.1043;1855.0778;2979.1796;1835.2419;2977.5829;1835.8941
3104480.0;2982.1848;1836.6442;2980.5538;1836.2758;2980.3884;1832.1373;2975.8169;1835.8202;3003.8393;1854.3331;2980.5422;1831.7644;2982.7813;1829.8862;2998.0995;1855.0415;2979.4527;1837.3846;2978.0653;1837.8355
3104500.0;2982.5748;1838.6822;2981.0486;1838.0072;2981.0971;1834.1137;2976.3883;1837.7177;3003.875;1854.3489;2981.387;1833.4977;2983.7354;1831.4031;2998.1045;1855.0107;2979.8861;1839.451;2978.7178;1839.6645
3104520.0;2983.0806;1840.6501;2981.6984;1839.6321;2981.9143;1836.0428;2977.1546;1839.5342;3003.9167;1854.3698;2982.3884;1835.0865;2984.8133;1832.8327;2998.1164;1854.9829;2980.471;1841.4231;2979.5224;1841.3704
3104540.0;2983.6923;1842.5193;2982.481;1841.1474;2982.818;1837.9036;2978.0734;1841.257;3003.9567;1854.3899;2983.5215;1836.5248;2985.9959;1834.1789;2998.1293;1854.9528;2981.191;1843.2853;2980.4592;1842.9431
3104560.0;2984.4071;1844.2576;2983.3723;1842.5556;2983.7965;1839.6723;2979.1046;1842.8735;3003.9862;1854.404;2984.7617;1837.819;2987.2632;1835.4479;2998.1387;1854.9172;2982.0262;1845.0286;2981.5062;1844.3754
3104580.0;2985.2286;1845.8308;2984.3516;1843.8608;2984.8462;1841.3279;2980.2148;1844.3726;3003.9991;1854.4115;2986.0854;1838.9836;2988.5929;1836.648;2998.144;1854.8793;2982.9596;1846.6484;2982.6427;1845.6682
3104600.0;2986.1654;1847.2085;2985.406;1845.0618;2985.9677;1842.8566;2981.3796;1845.7481;3003.995;1854.4146;2987.4699;1840.0384;2989.9587;1837.7932;2998.147;1854.846;2983.9819;1848.1356;2983.8512;1846.8337
3104620.0;2987.2246;1848.373;2986.529;1846.1548;2987.1614;1844.2536;2982.5858;1847.0021;3003.9801;1854.4158;2988.8899;1841.005;2991.3312;1838.9082;2998.1501;1854.8218;2985.0931;1849.472;2985.1183;1847.8878
3104640.0;2988.4042;1849.3256;2987.7133;1847.1425;2988.4223;1845.5227;2983.8302;1848.1435;3003.9647;1854.417;2990.3142;1841.9029;2992.678;1840.0244;2998.1557;1854.8042;2986.2973;1850.6366;2986.4335;1848.8411
3104660.0;2989.6882;1850.0857;2988.9465;1848.0392;2989.734;1846.6704;2985.1145;1849.1804;3003.9584;1854.4204;2991.7063;1842.7501;2993.9591;1841.1672;2998.1652;1854.786;2987.5933;1851.6155;2987.7882;1849.6939
3104680.0;2991.05;1850.6799;2990.2118;1848.8658;2991.0668;1847.6974;2986.4407;1850.1115;3003.9655;1854.4289;2993.0291;1843.5699;2995.1251;1842.3406;2998.1793;1854.7597;2988.9668;1852.4067;2989.1742;1850.441
3104700.0;2992.4619;1851.131;2991.4942;1849.6331;2992.3818;1848.5941;2987.8086;1850.9241;3003.9835;1854.4461;2994.25;1844.3882;2996.1277;1843.5276;2998.1985;1854.7234;2990.3885;1853.017;2990.5841;1851.0779
3104720.0;2993.9056;1851.4564;2992.7853;1850.3326;2993.6417;1849.3462;2989.2142;1851.6046;3004.0056;1854.4736;2995.3448;1845.2214;2996.9395;1844.7026;2998.2265;1854.6827;2991.8158;1853.4596;2992.0108;1851.6057
3104740.0;2995.3756;1851.6762;2994.0843;1850.9403;2994.8213;1849.9464;2990.6499;1852.1488;3004.0262;1854.5085;2996.2999;1846.0673;2997.5689;1845.8475;2998.2688;1854.647;2993.199;1853.7556;2993.449;1852.028
3104760.0;2996.8757;1851.8199;2995.3953;1851.4316;2995.9126;1850.4004;2992.1059;1852.5651;3004.0446;1854.5433;2997.1149;1846.9093;2998.0562;1846.9563;2998.3291;1854.6234;2994.4921;1853.9337;2994.8971;1852.3469
3104780.0;2998.4124;1851.9178;2996.7245;1851.7938;2996.9233;1850.7234;2993.5745;1852.8663;3004.0654;1854.5708;2997.8061;1847.7346;2998.4522;1848.0259;2998.4042;1854.6139;2995.6716;1854.0232;2996.3579;1852.5599
3104800.0;2999.9905;1851.9874;2998.0792;1852.0272;2997.8695;1850.9281;2995.0528;1853.0633;3004.094;1854.5881;2998.4059;1848.5492;2998.7986;1849.0418;2998.4858;1854.6177;2996.7506;1854.044;2997.8385;1852.6622
3104820.0;3001.6114;1852.025;2999.4649;1852.1356;2998.7666;1851.019;2996.543;1853.1627;3004.1337;1854.5964;2998.9548;1849.3817;2999.1197;1849.9683;2998.5657;1854.6347;2997.7765;1854.0024;2999.3468;1852.6495
3104840.0;3003.2729;1852.0109;3000.8835;1852.1187;2999.6254;1850.9929;2998.0494;1853.1691;3004.1837;1854.5987;2999.4903;1850.2652;2999.4272;1850.7566;2998.6397;1854.6634;2998.8114;1853.8935;3000.8877;1852.5199
3104860.0;3004.9689;1851.9184;3002.3305;1851.9695;3000.456;1850.8448;2999.5772;1853.0823;3004.2417;1854.5966;3000.0365;1851.2059;2999.7295;1851.3728;2998.7083;1854.698;2999.9115;1853.7041;3002.4591;1852.2698
3104880.0;3006.688;1851.7234;3003.7928;1851.6754;3001.2728;1850.5713;3001.1304;1852.8927;3004.3066;1854.5893;3000.601;1852.1694;3000.0356;1851.8233;2998.774;1854.7274;3001.1154;1853.4171;3004.051;1851.8924
3104900.0;3008.416;1851.4063;3005.2505;1851.219;3002.099;1850.1728;3002.7098;1852.5793;3004.3789;1854.576;3001.1772;1853.1025;3000.3529;1852.1539;2998.8398;1854.7406;3002.4423;1853.017;3005.6467;1851.3776
3104920.0;3010.1389;1850.9528;3006.6798;1850.5853;3002.9648;1849.6617;3004.3095;1852.1159;3004.4585;1854.56;3001.744;1853.964;3000.6809;1852.4209;2998.9091;1854.7347;3003.8933;1852.4978;3007.2262;1850.7179
3104940.0;3011.8438;1850.3521;3008.0569;1849.7721;3003.8985;1849.0673;3005.9183;1851.4819;3004.542;1854.5526;3002.2666;1854.728;3001.0061;1852.6602;2998.9856;1854.7186;3005.4544;1851.8625;3008.7683;1849.9107
3104960.0;3013.5162;1849.5974;3009.3624;1848.799;3004.9161;1848.4274;3007.5202;1850.6702;3004.6224;1854.5718;3002.7039;1855.3643;3001.3019;1852.872;2999.0723;1854.7068;3007.0994;1851.1153;3010.2535;1848.9566
3104980.0;3015.1358;1848.6861;3010.5827;1847.7026;3006.016;1847.7638;3009.0961;1849.6887;3004.6917;1854.6337;3003.0237;1855.8337;3001.5376;1853.0307;2999.169;1854.7076;3008.7947;1850.2544;3011.6654;1847.8549
3105000.0;3016.677;1847.6206;3011.7091;1846.5227;3007.1839;1847.0662;3010.6228;1848.5538;3004.7461;1854.7405;3003.2174;1856.1123;3001.693;1853.1133;2999.2709;1854.7143;3010.5023;1849.2726;3012.9925;1846.6047
3105020.0;3018.1141;1846.407;3012.7339;1845.2907;3008.4024;1846.2961;3012.076;1847.2826;3004.7865;1854.8752;3003.3007;1856.2156;3001.7711;1853.1235;2999.3699;1854.7096;3012.185;1848.1641;3014.2277;1845.2114
3105040.0;3019.427;1845.0551;3013.6481;1844.0273;3009.6516;1845.4079;3013.4336;1845.8875;3004.8164;1855.0059;3003.3029;1856.1926;3001.796;1853.0915;2999.458;1854.6777;3013.8086;1846.9267;3015.3665;1843.6905
3105060.0;3020.6011;1843.5774;3014.4468;1842.7462;3010.9033;1844.3686;3014.6791;1844.3756;3004.8377;1855.1013;3003.2541;1856.0992;3001.796;1853.051;2999.5296;1854.6146;3015.3422;1845.5597;3016.4052;1842.0633
3105080.0;3021.6242;1841.9899;3015.1361;1841.4552;3012.1159;1843.1629;3015.8009;1842.753;3004.8509;1855.1472;3003.18;1855.976;3001.79;1853.0187;2999.5826;1854.5289;3016.7573;1844.0625;3017.3418;1840.3495
3105100.0;3022.4833;1840.3081;3015.7361;1840.1528;3013.242;1841.7923;3016.7891;1841.028;3004.8583;1855.154;3003.099;1855.8423;3001.784;1852.9947;2999.6179;1854.4363;3018.0287;1842.4364;3018.1753;1838.5635
3105120.0;3023.1671;1838.5449;3016.2731;1838.8284;3014.2448;1840.2754;3017.6312;1839.2166;3004.8652;1855.1485;3003.0215;1855.7056;3001.7764;1852.9749;2999.639;1854.3539;3019.1345;1840.6855;3018.9045;1836.7173
3105140.0;3023.6687;1836.7076;3016.7666;1837.4673;3015.1132;1838.6538;3018.3103;1837.3411;3004.8759;1855.1563;3002.9507;1855.5721;3001.7636;1852.9566;2999.6519;1854.2933;3020.0554;1838.8191;3019.5217;1834.8219
3105160.0;3023.9868;1834.7999;3017.22;1836.0581;3015.8657;1836.9875;3018.8055;1835.4264;3004.89;1855.1864;3002.8855;1855.4527;3001.7432;1852.9356;2999.6637;1854.2571;3020.7739;1836.8509;3020.0101;1832.8858
3105180.0;3024.1217;1832.826;3017.622;1834.5952;3016.5389;1835.3331;3019.0946;1833.4927;3004.9036;1855.2308;3002.8252;1855.3618;3001.7154;1852.9059;2999.68;1854.2396;3021.2752;1834.8;3020.344;1830.9121
3105200.0;3024.0715;1830.7957;3017.9561;1833.0723;3017.1613;1833.7175;3019.1562;1831.5538;3004.9132;1855.2751;3002.7714;1855.3117;3001.6844;1852.8637;2999.7023;1854.2326;3021.5491;1832.6918;3020.4939;1828.9003
3105220.0;3023.8297;1828.7265;3018.2054;1831.4778;3017.735;1832.1341;3018.9755;1829.6193;3004.9182;1855.3086;3002.7275;1855.3084;3001.6563;1852.8106;2999.7274;1854.2291;3021.5901;1830.5549;3020.4309;1826.8542
3105240.0;3023.3882;1826.643;3018.3508;1829.799;3018.2168;1830.5562;3018.549;1827.6985;3004.9203;1855.3295;3002.6962;1855.3486;3001.6373;1852.7519;2999.7498;1854.2242;3021.3965;1828.4154;3020.1316;1824.7884
3105260.0;3022.7399;1824.5752;3018.3661;1828.0325;3018.5162;1828.9533;3017.8856;1825.8024;3004.9209;1855.3428;3002.677;1855.4206;3001.6314;1852.6931;2999.7661;1854.2134;3020.9686;1826.2914;3019.5792;1822.7307
3105280.0;3021.8819;1822.555;3018.218;1826.1899;3018.5198;1827.3037;3017.0005;1823.9451;3004.9203;1855.3567;3002.6664;1855.507;3001.6383;1852.6379;2999.7779;1854.1928;3020.3081;1824.195;3018.7643;1820.7169
3105300.0;3020.8158;1820.6127;3017.8703;1824.3;3018.1421;1825.6118;3015.9082;1822.1454;3004.9181;1855.38;3002.658;1855.5911;3001.6554;1852.5873;2999.7905;1854.1617;3019.4189;1822.1429;3017.6835;1818.7872
3105320.0;3019.5471;1818.7736;3017.2909;1822.4046;3017.3722;1823.9217;3014.6192;1820.4326;3004.9123;1855.419;3002.6434;1855.6602;3001.68;1852.5379;2999.8105;1854.123;3018.3089;1820.1646;3016.3418;1816.9846
3105340.0;3018.0833;1817.0599;3016.4614;1820.5543;3016.2715;1822.3092;3013.1446;1818.8512;3004.9007;1855.4747;3002.6126;1855.7058;3001.7111;1852.484;2999.8422;1854.0798;3016.9892;1818.3008;3014.7567;1815.3561
3105360.0;3016.4343;1815.4928;3015.3819;1818.8061;3014.9238;1820.8473;3011.5033;1817.4614;3004.882;1855.5416;3002.5545;1855.7196;3001.7481;1852.4228;2999.8865;1854.0316;3015.4692;1816.5963;3012.9607;1813.9487
3105380.0;3014.6134;1814.0997;3014.0661;1817.2253;3013.3948;1819.5771;3009.7258;1816.3282;3004.8583;1855.6102;3002.4591;1855.6913;3001.791;1852.3574;2999.9414;1853.975;3013.7563;1815.0944;3010.9983;1812.8041
3105400.0;3012.6423;1812.9177;3012.5311;1815.8869;3011.7296;1818.5003;3007.8517;1815.5045;3004.834;1855.6734;3002.321;1855.613;3001.8412;1852.2947;3000.0037;1853.9088;3011.862;1813.834;3008.9191;1811.9499
3105420.0;3010.5515;1811.9889;3010.7945;1814.8675;3009.964;1817.5952;3005.9254;1815.0163;3004.8131;1855.7308;3002.1414;1855.4847;3001.9014;1852.2398;3000.0711;1853.8387;3009.8093;1812.8485;3006.7721;1811.3987
3105440.0;3008.379;1811.3466;3008.8855;1814.2217;3008.1287;1816.8358;3003.9896;1814.8601;3004.7957;1855.7879;3001.9284;1855.3141;3001.9738;1852.1937;3000.1415;1853.7752;3007.6361;1812.165;3004.6033;1811.1507
3105460.0;3006.1658;1810.9998;3006.8549;1813.9615;3006.2479;1816.2109;3002.0816;1815.0101;3004.7782;1855.8511;3001.6944;1855.1101;3002.0572;1852.1575;3000.2116;1853.7273;3005.393;1811.8037;3002.454;1811.1987
3105480.0;3003.9542;1810.9307;3004.7724;1814.0575;3004.3374;1815.7345;3000.2311;1815.43;3004.7566;1855.9228;3001.4523;1854.8787;3002.1471;1852.1361;3000.2765;1853.6976;3003.1391;1811.7761;3000.3617;1811.528
3105500.0;3001.7868;1811.1082;3002.7119;1814.4616;3002.4187;1815.4472;2998.4617;1816.0844;3004.7301;1856.0002;3001.2172;1854.6259;3002.2388;1852.1345;3000.3305;1853.6828;3000.9345;1812.0786;2998.3597;1812.1164
3105520.0;2999.7053;1811.5072;3000.7359;1815.128;3000.5251;1815.4018;2996.7952;1816.9461;3004.7006;1856.0776;3001.0103;1854.3629;3002.33;1852.1503;3000.3713;1853.6766;2998.8319;1812.6893;2996.4779;1812.9356
3105540.0;2997.7455;1812.1174;2998.8882;1816.0187;2998.6992;1815.6466;2995.2538;1817.9951;3004.6703;1856.1498;3000.8561;1854.1086;3002.4228;1852.174;3000.4015;1853.6738;2996.8709;1813.5697;2994.743;1813.9595
3105560.0;2995.9344;1812.9383;2997.1929;1817.1013;2996.9845;1816.2108;2993.8584;1819.2137;3004.64;1856.2147;3000.7719;1853.8856;3002.5219;1852.1965;3000.4276;1853.6701;2995.0787;1814.6743;2993.1782;1815.1694
3105580.0;2994.2892;1813.9708;2995.6623;1818.3471;2995.4148;1817.0969;2992.6251;1820.5794;3004.6103;1856.2764;3000.7582;1853.7107;3002.6312;1852.2167;3000.4549;1853.6616;2993.4762;1815.9598;2991.8038;1816.5536
3105600.0;2992.8199;1815.2073;2994.3044;1819.7312;2994.0143;1818.2787;2991.5645;1822.0661;3004.5831;1856.3443;3000.7985;1853.5866;3002.748;1852.2399;3000.4846;1853.6443;2992.0819;1817.3921;2990.6349;1818.0977
3105620.0;2991.5305;1816.6295;2993.1263;1821.2277;2992.8029;1819.7073;2990.6817;1823.6439;3004.5593;1856.4283;3000.871;1853.5031;3002.8616;1852.2722;3000.5151;1853.6168;2990.9099;1818.9442;2989.6807;1819.7782
3105640.0;2990.422;1818.207;2992.1316;1822.8071;2991.7998;1821.3235;2989.9762;1825.2809;3004.536;1856.532;3000.9606;1853.4466;3002.9604;1852.3151;3000.5455;1853.582;2989.9643;1820.5921;2988.9442;1821.5597
3105660.0;2989.4945;1819.9009;2991.3169;1824.44;2991.0218;1823.0717;2989.4424;1826.9439;3004.5066;1856.6505;3001.0608;1853.41;3003.043;1852.3654;3000.5757;1853.5471;2989.2354;1822.3111;2988.426;1823.3994
3105680.0;2988.7519;1821.6704;2990.673;1826.101;2990.4793;1824.9057;2989.0739;1828.6029;3004.4657;1856.774;3001.1699;1853.3917;3003.1175;1852.4178;3000.6042;1853.5196;2988.704;1824.0757;2988.125;1825.2532
3105700.0;2988.2011;1823.4772;2990.1895;1827.7713;2990.1731;1826.787;2988.8644;1830.2363;3004.4138;1856.8953;3001.2848;1853.387;3003.192;1852.4664;3000.6274;1853.5024;2988.3475;1825.8628;2988.037;1827.0826
3105720.0;2987.8497;1825.2877;2989.8562;1829.4358;2990.0948;1828.6814;2988.8072;1831.8315;3004.357;1857.015;3001.3983;1853.3804;3003.265;1852.5062;3000.6429;1853.494;2988.1435;1827.6546;2988.1504;1828.8584
3105740.0;2987.7008;1827.0706;2989.6633;1831.0845;2990.2271;1830.5567;2988.8898;1833.383;3004.303;1857.1408;3001.5024;1853.3506;3003.3275;1852.5335;3000.651;1853.4918;2988.0683;1829.4394;2988.4467;1830.5634
3105760.0;2987.7491;1828.798;2989.5999;1832.7124;2990.5451;1832.3846;2989.0944;1834.889;3004.259;1857.2827;3001.5865;1853.2765;3003.3716;1852.5465;3000.6544;1853.494;2988.0979;1831.2086;2988.9028;1832.1929
3105780.0;2987.9808;1830.4483;2989.6552;1834.3173;2991.0197;1834.1437;2989.4001;1836.35;3004.233;1857.4458;3001.6372;1853.1425;3003.3964;1852.5427;3000.6555;1853.5028;2988.2149;1832.9494;2989.495;1833.7551
3105800.0;2988.3744;1832.0132;2989.8211;1835.8952;2991.6205;1835.8201;2989.7873;1837.7679;3004.2316;1857.6235;3001.643;1852.9464;3003.4051;1852.5153;3000.656;1853.5218;2988.4174;1834.642;2990.2016;1835.2703
3105820.0;2988.9064;1833.4989;2990.0953;1837.4392;2992.3187;1837.406;2990.2388;1839.146;3004.2517;1857.7989;3001.6065;1852.7086;3003.4011;1852.4529;3000.657;1853.5549;2988.7199;1836.2602;2991.0026;1836.763
3105840.0;2989.5594;1834.9189;2990.4798;1838.9421;2993.0867;1838.8969;2990.74;1840.4885;3004.2788;1857.9526;3001.5535;1852.4721;3003.385;1852.3458;3000.6597;1853.6029;2989.1442;1837.7793;2991.8785;1838.2494
3105860.0;2990.3284;1836.2835;2990.9766;1840.3992;2993.8958;1840.2887;2991.2782;1841.7992;3004.2949;1858.0746;3001.5221;1852.2805;3003.3564;1852.1934;3000.6656;1853.6624;2989.7058;1839.1828;2992.8094;1839.7232
3105880.0;2991.2189;1837.5944;2991.585;1841.8083;2994.7157;1841.578;2991.8451;1843.078;3004.2889;1858.1696;3001.5367;1852.1514;3003.3171;1852.0053;3000.675;1853.7259;2990.4054;1840.4654;2993.7752;1841.1552
3105900.0;2992.2382;1838.849;2992.3013;1843.164;2995.5173;1842.7656;2992.4368;1844.3191;3004.2583;1858.2495;3001.5962;1852.0721;3003.2732;1851.7943;3000.6855;1853.7838;2991.2286;1841.6309;2994.7561;1842.5083
3105920.0;2993.3885;1840.0466;2993.1203;1844.4544;2996.277;1843.8602;2993.054;1845.5108;3004.2043;1858.3231;3001.6842;1852.0161;3003.2334;1851.5719;3000.6919;1853.8283;2992.1512;1842.6869;2995.7324;1843.7569
3105940.0;2994.662;1841.1923;2994.0344;1845.6643;2996.9801;1844.8763;2993.6985;1846.6392;3004.13;1858.3915;3001.7838;1851.9605;3003.2068;1851.348;3000.6904;1853.8563;2993.1461;1843.6435;2996.6826;1844.8937
3105960.0;2996.0375;1842.2951;2995.0326;1846.7806;2997.6236;1845.8262;2994.3704;1847.6899;3004.043;1858.4519;3001.8837;1851.8927;3003.2001;1851.1319;3000.682;1853.8705;2994.1839;1844.5099;2997.5828;1845.9236
3105980.0;2997.4754;1843.3671;2996.103;1847.7981;2998.2166;1846.7123;2995.0664;1848.6503;3003.9556;1858.5036;3001.9784;1851.8114;3003.2193;1850.9286;3000.6715;1853.8762;2995.2305;1845.2934;2998.4099;1846.8515
3106000.0;2998.9217;1844.4222;2997.2353;1848.7165;2998.7763;1847.5257;2995.777;1849.5098;3003.8792;1858.55;3002.0663;1851.7239;3003.2686;1850.7385;3000.6632;1853.878;2996.2457;1846.002;2999.1463;1847.6789
3106020.0;3000.3259;1845.4746;2998.4223;1849.5375;2999.319;1848.2542;2996.486;1850.2629;3003.8187;1858.5942;3002.1514;1851.6402;3003.3526;1850.5523;3000.6586;1853.8784;2997.1875;1846.6491;2999.7833;1848.4069
3106040.0;3001.6624;1846.5372;2999.6578;1850.2682;2999.8541;1848.8927;2997.1706;1850.9131;3003.7723;1858.6376;3002.2401;1851.5655;3003.4768;1850.3547;3000.6566;1853.8784;2998.0221;1847.2552;3000.3209;1849.0435
3106060.0;3002.9409;1847.6194;3000.9346;1850.9286;3000.3833;1849.4467;2997.8072;1851.4755;3003.7358;1858.6808;3002.3383;1851.4969;3003.6462;1850.1346;3000.6559;1853.8784;2998.7317;1847.8387;3000.7652;1849.6042
3106080.0;3004.1955;1848.7295;3002.245;1851.5527;3000.9036;1849.929;2998.3793;1851.9736;3003.7074;1858.7252;3002.4502;1851.4285;3003.855;1849.9014;3000.6558;1853.8784;2999.314;1848.4054;3001.1241;1850.1076
3106100.0;3005.4619;1849.8772;3003.5828;1852.1776;3001.4094;1850.3551;2998.8822;1852.43;3003.6874;1858.7713;3002.576;1851.3511;3004.0792;1849.6879;3000.6558;1853.8784;2999.7748;1848.946;3001.4055;1850.5687
3106120.0;3006.76;1851.076;3004.9428;1852.8256;3001.8938;1850.7412;2999.3213;1852.8588;3003.6755;1858.8185;3002.71;1851.2568;3004.2824;1849.5277;3000.6558;1853.8784;3000.1229;1849.4462;3001.6183;1850.9965
3106140.0;3008.0906;1852.3385;3006.3213;1853.4927;3002.3534;1851.1018;2999.7059;1853.2634;3003.6696;1858.8659;3002.8389;1851.1431;3004.4377;1849.426;3000.6558;1853.8784;3000.3711;1849.8982;3001.7759;1851.3974
3106160.0;3009.4433;1853.6697;3007.718;1854.1522;3002.7934;1851.444;3000.0424;1853.6411;3003.6666;1858.9136;3002.9451;1851.0198;3004.5409;1849.3593;3000.6558;1853.8784;3000.539;1850.3015;3001.8975;1851.7819
3106180.0;3010.8072;1855.0633;3009.1354;1854.7695;3003.225;1851.7609;3000.3336;1853.9884;3003.6637;1858.9605;3003.0161;1850.9043;3004.605;1849.2997;3000.6555;1853.8784;3000.6521;1850.6558;3002.0037;1852.1668
3106200.0;3012.1786;1856.5037;3010.5798;1855.3179;3003.6589;1852.0336;3000.5784;1854.3025;3003.6578;1859.0021;3003.0533;1850.8084;3004.6473;1849.2398;3000.6544;1853.8784;3000.7374;1850.9537;3002.1086;1852.5673
3106220.0;3013.5631;1857.9698;3012.0615;1855.79;3004.0949;1852.2341;3000.7735;1854.5819;3003.646;1859.0336;3003.0719;1850.7282;3004.6823;1849.195;3000.651;1853.8784;3000.8201;1851.1859;3002.214;1852.9831
3106240.0;3014.9718;1859.4376;3013.591;1856.2024;3004.5148;1852.3299;3000.9164;1854.8234;3003.6267;1859.0538;3003.0889;1850.6487;3004.7203;1849.1856;3000.6429;1853.8786;3000.9205;1851.3538;3002.3121;1853.3902
3106260.0;3016.4142;1860.8836;3015.1718;1856.595;3004.883;1852.2944;3001.0106;1855.0202;3003.6007;1859.0665;3003.1104;1850.5555;3004.7645;1849.2164;3000.6277;1853.8797;3001.0497;1851.4753;3002.3931;1853.7502
3106280.0;3017.8915;1862.2921;3016.7925;1857.0224;3005.1605;1852.1262;3001.0676;1855.1656;3003.5708;1859.0786;3003.1317;1850.4405;3004.8076;1849.2734;3000.6056;1853.883;3001.2036;1851.5771;3002.4529;1854.0303
3106300.0;3019.397;1863.6634;3018.4266;1857.5392;3005.3277;1851.8637;3001.102;1855.2589;3003.5384;1859.0971;3003.1451;1850.3024;3004.8369;1849.3321;3000.5805;1853.8915;3001.3627;1851.6762;3002.4927;1854.2194
3106320.0;3020.9187;1865.0117;3020.0402;1858.1824;3005.3959;1851.5744;3001.1246;1855.3092;3003.5029;1859.1258;3003.1461;1850.1452;3004.845;1849.3752;3000.5584;1853.9087;3001.5017;1851.7701;3002.5167;1854.3299
3106340.0;3022.4443;1866.3567;3021.5969;1858.9674;3005.3979;1851.3216;3001.1402;1855.3314;3003.4629;1859.1635;3003.1337;1849.9758;3004.8356;1849.3999;3000.5432;1853.9363;3001.6037;1851.8447;3002.53;1854.3873
3106360.0;3023.9594;1867.715;3023.0611;1859.8947;3005.3687;1851.1369;3001.1498;1855.3385;3003.4196;1859.205;3003.1093;1849.8027;3004.818;1849.414;3000.5351;1853.9711;3001.6703;1851.8897;3002.538;1854.4204
3106380.0;3025.445;1869.0989;3024.3943;1860.9594;3005.3344;1851.0196;3001.1548;1855.3374;3003.3767;1859.2453;3003.0753;1849.6304;3004.7992;1849.4285;3000.5317;1854.0059;3001.719;1851.9068;3002.5465;1854.4563
3106400.0;3026.8643;1870.5231;3025.5541;1862.1562;3005.3108;1850.9539;3001.1567;1855.3293;3003.3381;1859.2806;3003.0347;1849.4601;3004.78;1849.455;3000.5304;1854.0335;3001.7696;1851.9049;3002.5614;1854.5179
3106420.0;3028.1503;1872.012;3026.4958;1863.4804;3005.3017;1850.9255;3001.1577;1855.3121;3003.3052;1859.3079;3002.99;1849.2921;3004.758;1849.5035;3000.5295;1854.0507;3001.8333;1851.8915;3002.588;1854.6199
3106440.0;3029.2108;1873.5967;3027.1806;1864.9261;3005.297;1850.925;3001.1592;1855.2845;3003.2783;1859.3254;3002.9428;1849.1294;3004.7333;1849.5818;3000.5274;1854.0594;3001.9106;1851.8721;3002.6304;1854.7602
3106460.0;3029.9636;1875.3;3027.5838;1866.4846;3005.2799;1850.9496;3001.1639;1855.2497;3003.2594;1859.3356;3002.8972;1848.9777;3004.7094;1849.6916;3000.5223;1854.0636;3001.9978;1851.8525;3002.692;1854.9185
3106480.0;3030.3843;1877.1177;3027.6983;1868.1394;3005.2453;1850.9966;3001.1762;1855.2149;3003.2524;1859.3458;3002.8564;1848.8405;3004.6908;1849.8291;3000.5129;1854.0676;3002.0934;1851.8383;3002.7761;1855.0634
3106500.0;3030.5201;1879.0139;3027.5339;1869.863;3005.2117;1851.0593;3001.202;1855.1873;3003.2593;1859.3633;3002.8192;1848.7182;3004.6788;1849.9856;3000.5;1854.0755;3002.199;1851.8332;3002.8853;1855.1646
3106520.0;3030.4527;1880.9374;3027.1141;1871.6219;3005.2132;1851.1229;3001.2456;1855.1701;3003.2774;1859.3906;3002.7804;1848.6105;3004.6718;1850.1493;3000.4879;1854.091;3002.3138;1851.8379;3003.0174;1855.2031
3106540.0;3030.2464;1882.8445;3026.473;1873.385;3005.2744;1851.1714;3001.3058;1855.1616;3003.302;1859.4259;3002.7371;1848.5194;3004.6655;1850.3093;3000.4823;1854.1158;3002.431;1851.8504;3003.1623;1855.1729
3106560.0;3029.9295;1884.7115;3025.6514;1875.13;3005.3911;1851.1988;3001.3745;1855.1585;3003.3285;1859.4662;3002.6953;1848.4465;3004.6542;1850.4589;3000.485;1854.1471;3002.5396;1851.8655;3003.3024;1855.0798
3106580.0;3029.5094;1886.5357;3024.6878;1876.8428;3005.5342;1851.2118;3001.4408;1855.1585;3003.3531;1859.5079;3002.6639;1848.389;3004.632;1850.5982;3000.4912;1854.1785;3002.6295;1851.8749;3003.4162;1854.9359
3106600.0;3028.9932;1888.3305;3023.6095;1878.511;3005.669;1851.2234;3001.4978;1855.1616;3003.3707;1859.5466;3002.644;1848.3383;3004.5948;1850.7309;3000.4924;1854.2035;3002.6977;1851.8731;3003.4856;1854.7551
3106620.0;3028.3955;1890.1174;3022.4256;1880.1241;3005.7737;1851.2417;3001.5456;1855.1701;3003.3753;1859.5786;3002.6282;1848.2852;3004.543;1850.8609;3000.4832;1854.22;3002.7469;1851.862;3003.5007;1854.5498
3106640.0;3027.7312;1891.914;3021.1324;1881.6784;3005.844;1851.269;3001.5896;1855.1871;3003.3628;1859.6056;3002.6093;1848.2218;3004.4821;1850.9898;3000.4646;1854.231;3002.7816;1851.8502;3003.4628;1854.3317
3106660.0;3027.0125;1893.7244;3019.726;1883.1791;3005.8865;1851.3079;3001.6379;1855.2136;3003.334;1859.635;3002.5876;1848.1434;3004.4214;1851.1186;3000.4432;1854.2425;3002.806;1851.8466;3003.3817;1854.1112
3106680.0;3026.2444;1895.5379;3018.212;1884.6331;3005.9089;1851.3637;3001.6979;1855.2458;3003.2943;1859.6752;3002.5699;1848.0492;3004.3702;1851.2478;3000.4252;1854.2606;3002.8233;1851.8552;3003.2699;1853.8957
3106700.0;3025.4218;1897.3357;3016.6031;1886.0389;3005.9128;1851.4403;3001.7747;1855.2752;3003.2522;1859.7302;3002.5634;1847.9433;3004.3354;1851.3782;3000.4134;1854.2887;3002.8378;1851.8745;3003.1354;1853.686
3106720.0;3024.5211;1899.0928;3014.9103;1887.3826;3005.8915;1851.5286;3001.867;1855.2959;3003.2158;1859.7966;3002.5707;1847.8324;3004.3198;1851.5101;3000.4066;1854.3252;3002.8537;1851.9003;3002.9805;1853.4748
3106740.0;3023.4954;1900.7731;3013.1382;1888.6421;3005.8313;1851.6082;3001.966;1855.3119;3003.1901;1859.8658;3002.5902;1847.723;3004.3231;1851.6418;3000.4009;1854.365;3002.8719;1851.9284;3002.8039;1853.2501
3106760.0;3022.2825;1902.3253;3011.2889;1889.7944;3005.7151;1851.6541;3002.0607;1855.3392;3003.1753;1859.9298;3002.6165;1847.6173;3004.3434;1851.7696;3000.3922;1854.4046;3002.8892;1851.9552;3002.6054;1853.0022
3106780.0;3020.8323;1903.6944;3009.3663;1890.8166;3005.532;1851.6484;3002.1452;1855.3941;3003.1686;1859.986;3002.6433;1847.5142;3004.3776;1851.8897;3000.3776;1854.4443;3002.9021;1851.9774;3002.3884;1852.7308
3106800.0;3019.1376;1904.8441;3007.3753;1891.685;3005.2846;1851.5865;3002.2197;1855.479;3003.1674;1860.0368;3002.667;1847.4104;3004.4202;1852.0008;3000.3577;1854.4854;3002.9094;1851.9924;3002.1604;1852.448
3106820.0;3017.2405;1905.771;3005.3206;1892.3765;3004.993;1851.4789;3002.288;1855.5794;3003.171;1860.085;3002.6868;1847.3046;3004.4651;1852.1049;3000.3384;1854.5257;3002.9128;1851.999;3001.9308;1852.1717
3106840.0;3015.2064;1906.4933;3003.2067;1892.8721;3004.6874;1851.3475;3002.3532;1855.6769;3003.1818;1860.1313;3002.7057;1847.2038;3004.5082;1852.2063;3000.328;1854.5594;3002.9152;1851.996;3001.7082;1851.9169
3106860.0;3013.0885;1907.0306;3001.0411;1893.1609;3004.3942;1851.2171;3002.416;1855.7644;3003.2031;1860.1757;3002.7306;1847.1244;3004.5511;1852.3108;3000.3315;1854.5821;3002.9195;1851.9793;3001.4977;1851.689
3106880.0;3010.9134;1907.3926;2998.8388;1893.2403;3004.1202;1851.1057;3002.476;1855.847;3003.2352;1860.2189;3002.7697;1847.0837;3004.6008;1852.4269;3000.3469;1854.5941;3002.9305;1851.9418;3001.3007;1851.4853
3106900.0;3008.6891;1907.5829;2996.6299;1893.1158;3003.849;1851.0186;3002.5318;1855.9346;3003.2721;1860.2621;3002.8261;1847.0863;3004.6645;1852.5635;3000.3668;1854.5991;3002.9542;1851.8766;3001.1156;1851.2985
3106920.0;3006.4199;1907.605;2994.4651;1892.804;3003.5514;1850.9515;3002.5815;1856.033;3003.3038;1860.3053;3002.894;1847.1176;3004.7419;1852.7204;3000.3833;1854.6007;3002.9969;1851.7834;3000.9386;1851.118
3106940.0;3004.1155;1907.4651;2992.4082;1892.3342;3003.2021;1850.8946;3002.6247;1856.1411;3003.3241;1860.3485;3002.9622;1847.1552;3004.8214;1852.8804;3000.3913;1854.6011;3003.0642;1851.6681;3000.7643;1850.9306
3106960.0;3001.7927;1907.1671;2990.5126;1891.7456;3002.7945;1850.839;3002.6632;1856.251;3003.3372;1860.3929;3003.0223;1847.1838;3004.8851;1853.0147;3000.3889;1854.6011;3003.1588;1851.539;3000.5888;1850.7253
3106980.0;2999.4749;1906.7107;2988.7954;1891.079;3002.3479;1850.7862;3002.7014;1856.3524;3003.3542;1860.4391;3003.072;1847.201;3004.9202;1853.1012;3000.3759;1854.6016;3003.2789;1851.4054;3000.4146;1850.5028
3107000.0;2997.1902;1906.0872;2987.2306;1890.3688;3001.9032;1850.7508;3002.7429;1856.4392;3003.3843;1860.4862;3003.1134;1847.2139;3004.9255;1853.1392;3000.3545;1854.6034;3003.4166;1851.2805;3000.2532;1850.2791
3107020.0;2994.968;1905.2838;2985.7673;1889.6383;3001.5067;1850.7526;3002.7868;1856.5137;3003.4276;1860.5339;3003.1495;1847.234;3004.9073;1853.1439;3000.3296;1854.6089;3003.5577;1851.1802;3000.12;1850.0783
3107040.0;2992.8366;1904.2875;2984.3571;1888.8831;3001.1881;1850.799;3002.8275;1856.5829;3003.4764;1860.5826;3003.1835;1847.2745;3004.8707;1853.1309;3000.3075;1854.6221;3003.688;1851.1149;3000.0263;1849.9214
3107060.0;2990.8205;1903.0905;2982.968;1888.0646;3000.9491;1850.8766;3002.8571;1856.6496;3003.5229;1860.6329;3003.2183;1847.3477;3004.8169;1853.1054;3000.292;1854.6472;3003.7991;1851.08;2999.974;1849.8194
3107080.0;2988.9389;1901.6883;2981.5873;1887.0698;3000.7738;1850.9614;3002.8699;1856.7111;3003.5636;1860.6841;3003.2532;1847.4602;3004.7462;1853.065;3000.2828;1854.6847;3003.8913;1851.0593;2999.9543;1849.7736
3107100.0;2987.205;1900.0786;2980.2164;1885.6798;3000.6429;1851.0364;3002.865;1856.7617;3003.5981;1860.7359;3003.2846;1847.6099;3004.6611;1853.0068;3000.276;1854.7304;3003.9703;1851.0365;2999.952;1849.7761
3107120.0;2985.6274;1898.2606;2978.8748;1883.6194;3000.542;1851.0986;3002.8472;1856.8;3003.6259;1860.7912;3003.3074;1847.7855;3004.5655;1852.932;3000.2668;1854.7784;3004.0407;1851.005;2999.9519;1849.8114
3107140.0;2984.2133;1896.2368;2977.6133;1880.7301;3000.4607;1851.1526;3002.8236;1856.831;3003.646;1860.8526;3003.3205;1847.9717;3004.4615;1852.8459;3000.2513;1854.8255;3004.1029;1850.9688;2999.9456;1849.86
3107160.0;2982.9702;1894.0131;2976.5147;1877.1379;3000.3896;1851.2006;3002.7992;1856.8632;3003.6586;1860.9186;3003.3307;1848.1535;3004.3499;1852.7552;3000.2292;1854.8715;3004.1551;1850.9366;2999.9334;1849.9059
3107180.0;2981.9039;1891.6025;2975.6732;1873.2303;3000.3209;1851.2405;3002.7737;1856.9023;3003.6665;1860.9823;3003.3517;1848.3214;3004.2343;1852.6662;3000.2042;1854.915;3004.1976;1850.9138;2999.9203;1849.9417
3107200.0;2981.0169;1889.0275;2975.1496;1869.4138;3000.2501;1851.2723;3002.7436;1856.9488;3003.6738;1861.0355;3003.3973;1848.4735;3004.1221;1852.5853;3000.1819;1854.9524;3004.2321;1850.9005;2999.9102;1849.97
3107220.0;2980.3092;1886.3209;2974.9464;1865.8984;3000.1765;1851.3037;3002.7059;1856.9988;3003.6839;1861.0745;3003.472;1848.6121;3004.0216;1852.519;3000.166;1854.9829;3004.2608;1850.8919;2999.9039;1850.0018
3107240.0;2979.7829;1883.5186;2975.0249;1862.6866;3000.1015;1851.3491;3002.6624;1857.0488;3003.697;1861.1027;3003.5698;1848.7416;3003.9361;1852.4742;3000.1555;1855.0105;3004.2851;1850.8824;2999.9008;1850.0531
3107260.0;2979.4429;1880.6527;2975.3449;1859.7002;3000.0254;1851.4226;3002.618;1857.0959;3003.7089;1861.1279;3003.6809;1848.8652;3003.8642;1852.4555;3000.1457;1855.0403;3004.306;1850.8695;2999.9042;1850.1443
3107280.0;2979.2932;1877.7492;2975.8864;1856.8736;2999.9461;1851.5314;3002.5776;1857.1368;3003.7138;1861.1573;3003.7981;1848.9846;3003.8034;1852.4623;3000.1307;1855.0734;3004.3238;1850.8554;2999.9257;1850.3032
3107300.0;2979.3311;1874.8332;2976.6388;1854.1805;2999.8613;1851.6723;3002.5424;1857.1697;3003.7087;1861.1932;3003.9163;1849.0991;3003.7534;1852.4887;3000.106;1855.1062;3004.3373;1850.846;2999.9839;1850.5589
3107320.0;2979.5479;1871.9321;2977.5775;1851.6147;2999.7731;1851.8345;3002.5105;1857.1967;3003.6961;1861.2344;3004.0298;1849.2053;3003.7155;1852.5275;3000.0707;1855.1343;3004.3458;1850.8449;3000.0916;1850.9194
3107340.0;2979.9325;1869.0759;2978.6526;1849.1928;2999.6877;1852.0031;3002.4791;1857.2241;3003.681;1861.28;3004.1303;1849.2986;3003.6902;1852.5755;3000.0285;1855.1583;3004.3505;1850.8484;3000.2402;1851.3476
3107360.0;2980.4755;1866.293;2979.8081;1846.9444;2999.6116;1852.163;3002.4462;1857.2577;3003.6658;1861.3324;3004.2068;1849.379;3003.6755;1852.6363;2999.986;1855.1832;3004.3519;1850.8467;3000.3994;1851.7692
3107380.0;2981.1669;1863.6048;2981.0095;1844.8927;2999.543;1852.301;3002.411;1857.2975;3003.6491;1861.3941;3004.2487;1849.455;3003.6666;1852.7151;2999.9494;1855.2138;3004.3485;1850.8319;3000.5357;1852.1153
3107400.0;2981.996;1861.0244;2982.2597;1843.0385;2999.4679;1852.4081;3002.3726;1857.3376;3003.6283;1861.4632;3004.2461;1849.5388;3003.6578;1852.8118;2999.9205;1855.2495;3004.3391;1850.8034;3000.6331;1852.361
3107420.0;2982.951;1858.5584;2983.5862;1841.3682;2999.3664;1852.4817;3002.3317;1857.3731;3003.6041;1861.5335;3004.1948;1849.6364;3003.643;1852.9163;2999.895;1855.2845;3004.3259;1850.7662;3000.694;1852.5217
3107440.0;2984.0223;1856.213;2985.0116;1839.8671;2999.2259;1852.5257;3002.2902;1857.405;3003.5803;1861.5986;3004.0992;1849.7433;3003.6171;1853.0133;2999.8655;1855.3121;3004.3145;1850.7255;3000.7274;1852.6235
3107460.0;2985.2053;1853.9979;2986.5324;1838.5347;2999.0494;1852.5475;3002.2508;1857.4398;3003.5618;1861.6577;3003.9718;1849.8515;3003.5773;1853.0903;2999.8272;1855.3293;3004.3108;1850.6843;3000.7394;1852.6836
3107480.0;2986.5017;1851.9288;2988.1184;1837.3833;2998.8499;1852.5542;3002.2167;1857.4837;3003.5509;1861.7151;3003.8287;1849.96;3003.5227;1853.1401;2999.784;1855.3378;3004.3173;1850.6468;3000.7341;1852.7091
3107500.0;2987.9157;1850.0244;2989.7285;1836.4335;2998.6325;1852.5499;3002.1908;1857.5374;3003.5473;1861.7761;3003.6803;1850.0731;3003.4531;1853.1582;2999.7489;1855.3411;3004.3342;1850.6218;3000.7185;1852.7049
3107520.0;2989.4489;1848.3057;2991.3276;1835.7096;2998.3894;1852.5354;3002.1744;1857.595;3003.5509;1861.8405;3003.5288;1850.1946;3003.368;1853.1415;2999.7371;1855.3423;3004.3583;1850.6193;3000.7029;1852.675
3107540.0;2991.0966;1846.794;2992.8956;1835.238;2998.113;1852.5107;3002.1661;1857.6488;3003.5618;1861.9041;3003.3701;1850.3174;3003.2676;1853.0922;2999.7561;1855.3437;3004.3858;1850.6461;3000.6966;1852.6224
3107560.0;2992.8475;1845.5107;2994.4226;1835.0408;2997.8156;1852.479;3002.1634;1857.6922;3003.5803;1861.9624;3003.2023;1850.4252;3003.153;1853.0208;2999.8012;1855.3473;3004.4151;1850.7052;3000.7036;1852.5509
3107580.0;2994.6841;1844.4751;2995.8982;1835.1271;2997.5291;1852.446;3002.1647;1857.722;3003.6039;1862.0165;3003.0317;1850.5067;3003.0266;1852.9423;2999.8567;1855.3567;3004.4487;1850.7986;3000.7207;1852.4623
3107600.0;2996.5809;1843.7052;2997.3093;1835.4893;2997.2833;1852.4158;3002.171;1857.7391;3003.6275;1862.0725;3002.8746;1850.5716;3002.8917;1852.8675;2999.9046;1855.376;3004.4909;1850.9299;3000.7398;1852.3542
3107620.0;2998.5037;1843.2176;2998.646;1836.1023;2997.0875;1852.3863;3002.1852;1857.7472;3003.6461;1862.1371;3002.7521;1850.6548;3002.7534;1852.7993;2999.9324;1855.408;3004.543;1851.1004;3000.752;1852.2206
3107640.0;3000.4085;1843.03;2999.9097;1836.9338;2996.9344;1852.3496;3002.2108;1857.7502;3003.6578;1862.213;3002.6805;1850.798;3002.6175;1852.7356;2999.9383;1855.4513;3004.5997;1851.3055;3000.752;1852.0583
3107660.0;3002.2471;1843.1573;3001.1113;1837.9557;2996.8143;1852.2971;3002.2492;1857.7509;3003.6637;1862.2986;3002.6644;1851.0217;3002.4865;1852.6727;2999.9286;1855.5016;3004.6519;1851.5356;3000.7398;1851.8723
3107680.0;3003.9692;1843.6062;3002.2625;1839.1478;2996.7219;1852.2256;3002.2985;1857.7502;3003.6666;1862.3896;3002.6938;1851.3159;3002.3543;1852.6133;2999.9116;1855.5548;3004.692;1851.7836;3000.7209;1851.6742
3107700.0;3005.5206;1844.3669;3003.3652;1840.4947;2996.6551;1852.1425;3002.3537;1857.7472;3003.6699;1862.481;3002.7519;1851.6531;3002.2079;1852.571;2999.8923;1855.6078;3004.7194;1852.0464;3000.7044;1851.4754
3107720.0;3006.8388;1845.4105;3004.4043;1841.9793;2996.6078;1852.0659;3002.4088;1857.7395;3003.6771;1862.5664;3002.8246;1852.0061;3002.0406;1852.5637;2999.8741;1855.6581;3004.7411;1852.3216;3000.7;1851.2814
3107740.0;3007.8589;1846.6922;3005.348;1843.5797;2996.5656;1852.0296;3002.4587;1857.724;3003.6934;1862.6377;3002.9038;1852.353;3001.8629;1852.596;2999.8633;1855.7031;3004.7661;1852.6001;3000.7134;1851.0925
3107760.0;3008.5295;1848.1579;3006.1549;1845.2711;2996.5091;1852.0744;3002.5014;1857.6992;3003.7244;1862.6865;3002.9856;1852.6771;3001.7003;1852.6446;2999.8715;1855.7406;3004.7987;1852.8647;3000.7453;1850.9071
3107780.0;3008.8321;1849.7515;3006.7851;1847.0285;2996.4251;1852.2217;3002.5393;1857.6677;3003.7739;1862.7072;3003.0653;1852.9666;3001.5759;1852.6695;2999.9098;1855.7685;3004.834;1853.1011;3000.7917;1850.7237
3107800.0;3008.7836;1851.4219;3007.2027;1848.8337;2996.3186;1852.4394;3002.5775;1857.6353;3003.8417;1862.7007;3003.1388;1853.2226;3001.4941;1852.6438;2999.9791;1855.784;3004.8608;1853.3064;3000.8473;1850.5428
3107820.0;3008.4234;1853.1242;3007.3779;1850.6777;2996.2095;1852.6375;3002.6211;1857.607;3003.9225;1862.6758;3003.2045;1853.4594;3001.4419;1852.571;3000.0662;1855.7867;3004.8694;1853.4885;3000.9075;1850.3675
3107840.0;3007.7935;1854.8204;3007.2907;1852.5552;2996.1163;1852.714;3002.6719;1857.5818;3004.0077;1862.6455;3003.2631;1853.6941;3001.4023;1852.476;3000.1499;1855.7833;3004.8578;1853.6572;3000.9694;1850.2053
3107860.0;3006.9282;1856.4782;3006.9418;1854.4548;2996.0463;1852.6159;3002.7288;1857.5531;3004.0896;1862.6223;3003.3143;1853.9325;3001.3654;1852.3842;3000.2133;1855.7852;3004.8305;1853.8183;3001.0313;1850.0651
3107880.0;3005.8537;1858.072;3006.3548;1856.3562;2996.002;1852.3597;3002.7893;1857.5122;3004.1643;1862.6138;3003.3561;1854.1633;3001.329;1852.31;3000.2515;1855.8014;3004.7949;1853.975;3001.0918;1849.9537
3107900.0;3004.5937;1859.5832;3005.5665;1858.2342;2995.9902;1852.0081;3002.8514;1857.4542;3004.2323;1862.6227;3003.3866;1854.3699;3001.2948;1852.2558;3000.2699;1855.8323;3004.757;1854.1297;3001.1487;1849.8706
3107920.0;3003.169;1860.9997;3004.6083;1860.0666;2996.0215;1851.6313;3002.914;1857.3804;3004.2961;1862.6478;3003.4074;1854.546;3001.2651;1852.2164;3000.2772;1855.8719;3004.7202;1854.2855;3001.1997;1849.8087
3107940.0;3001.5991;1862.3171;3003.4977;1861.8346;2996.1038;1851.2777;3002.9768;1857.2973;3004.3581;1862.6846;3003.4243;1854.7041;3001.2425;1852.1801;3000.2806;1855.9139;3004.6852;1854.4439;3001.2431;1849.7583
3107960.0;2999.9016;1863.5404;3002.2426;1863.5217;2996.237;1850.9636;3003.0394;1857.2142;3004.4193;1862.7269;3003.444;1854.8656;3001.2284;1852.1349;3000.2857;1855.956;3004.649;1854.6035;3001.28;1849.7136
3107980.0;2998.0939;1864.6844;3000.851;1865.1146;2996.4089;1850.682;3003.1011;1857.1405;3004.4792;1862.7701;3003.4705;1855.046;3001.2204;1852.0744;3000.2979;1855.9968;3004.6056;1854.7595;3001.3134;1849.6754
3108000.0;2996.192;1865.7685;2999.3339;1866.6073;2996.5944;1850.4208;3003.1598;1857.0835;3004.5352;1862.8132;3003.5042;1855.2455;3001.2127;1851.9996;3000.3235;1856.0348;3004.5493;1854.9077;3001.3459;1849.6467
3108020.0;2994.2107;1866.8092;2997.7027;1868.0033;2996.7603;1850.1811;3003.213;1857.0455;3004.5838;1862.8561;3003.5428;1855.4508;3001.1998;1851.9169;3000.3665;1856.0694;3004.4764;1855.0479;3001.3782;1849.6282
3108040.0;2992.1622;1867.8131;2995.9658;1869.3107;2996.8801;1849.9738;3003.2589;1857.0244;3004.6215;1862.8983;3003.5849;1855.6447;3001.1799;1851.8336;3000.4254;1856.1034;3004.3861;1855.1808;3001.4104;1849.616
3108060.0;2990.0564;1868.7767;2994.1298;1870.5337;2996.9478;1849.8031;3003.2986;1857.015;3004.6466;1862.938;3003.6307;1855.8192;3001.1545;1851.7553;3000.4912;1856.1423;3004.2802;1855.3027;3001.4427;1849.6033
3108080.0;2987.8972;1869.687;2992.2029;1871.6669;2996.9768;1849.6592;3003.3364;1857.0125;3004.6606;1862.9728;3003.6832;1855.9797;3001.1256;1851.6824;3000.552;1856.1894;3004.1612;1855.4035;3001.4744;1849.5832
3108100.0;2985.6824;1870.5253;2990.198;1872.6967;2996.987;1849.524;3003.3764;1857.0148;3004.6671;1862.998;3003.7462;1856.1408;3001.0946;1851.6086;3000.5989;1856.2443;3004.031;1855.4747;3001.5026;1849.5516
3108120.0;2983.4057;1871.2674;2988.1257;1873.6044;2996.9919;1849.3847;3003.4196;1857.0231;3004.6694;1863.0083;3003.8207;1856.3171;3001.0624;1851.5251;3000.6291;1856.3034;3003.8913;1855.5163;3001.5236;1849.5096
3108140.0;2981.0629;1871.8859;2985.9897;1874.3661;2996.9929;1849.2384;3003.4632;1857.0408;3004.6699;1863.0017;3003.9023;1856.5157;3001.0292;1851.427;3000.6453;1856.3622;3003.7449;1855.536;3001.5359;1849.4609
3108160.0;2978.6532;1872.354;2983.7869;1874.9494;2996.9834;1849.0886;3003.5046;1857.0704;3004.6686;1862.9834;3003.9827;1856.7366;3000.993;1851.3175;3000.6524;1856.4176;3003.598;1855.5439;3001.5396;1849.4066
3108180.0;2976.179;1872.6554;2981.5174;1875.3154;2996.9564;1848.9402;3003.5449;1857.1124;3004.664;1862.9612;3004.0537;1856.9755;3000.952;1851.205;3000.6549;1856.4684;3003.4591;1855.5482;3001.535;1849.3418
3108200.0;2973.6443;1872.7944;2979.1934;1875.4296;2996.9097;1848.7999;3003.5902;1857.166;3004.6518;1862.9386;3004.1113;1857.2253;3000.9075;1851.0954;3000.6556;1856.5159;3003.3344;1855.5556;3001.5208;1849.2579
3108220.0;2971.0556;1872.7985;2976.8379;1875.2759;2996.8478;1848.6786;3003.6482;1857.233;3004.6262;1862.9121;3004.1567;1857.4757;3000.8647;1850.9879;3000.6556;1856.5603;3003.225;1855.5745;3001.4954;1849.1492
3108240.0;2968.4229;1872.7085;2974.475;1874.8606;2996.7771;1848.5875;3003.7235;1857.3167;3004.5831;1862.8745;3004.1955;1857.7149;3000.83;1850.8747;3000.6549;1856.5988;3003.1287;1855.6155;3001.4602;1849.0182
3108260.0;2965.7587;1872.5642;2972.1204;1874.2057;2996.701;1848.5306;3003.8145;1857.4172;3004.5243;1862.8211;3004.2349;1857.9353;3000.8084;1850.7436;3000.6527;1856.6275;3003.0446;1855.6882;3001.4221;1848.8768
3108280.0;2963.0761;1872.3933;2969.7795;1873.3408;2996.6212;1848.5023;3003.9125;1857.5269;3004.4585;1862.7516;3004.2804;1858.1379;3000.8028;1850.584;3000.6469;1856.6449;3002.9769;1855.796;3001.3923;1848.7426
3108300.0;2960.3852;1872.2095;2967.4508;1872.299;2996.5411;1848.4919;3004.0043;1857.6344;3004.3976;1862.6697;3004.3328;1858.332;3000.8156;1850.3905;3000.6353;1856.6534;3002.9316;1855.9327;3001.3815;1848.6324
3108320.0;2957.6958;1872.0107;2965.1328;1871.1144;2996.4659;1848.492;3004.0769;1857.7299;3004.3507;1862.5806;3004.3904;1858.5305;3000.8509;1850.164;3000.6166;1856.6568;3002.9098;1856.0853;3001.395;1848.5538
3108340.0;2955.02;1871.7773;2962.8296;1869.8165;2996.3975;1848.5005;3004.122;1857.8085;3004.3203;1862.4894;3004.4506;1858.7437;3000.9115;1849.9071;3000.593;1856.6578;3002.9052;1856.2407;3001.4301;1848.5017
3108360.0;2952.3793;1871.4616;2960.5533;1868.4243;2996.3323;1848.5198;3004.1382;1857.8694;3004.3027;1862.4014;3004.511;1858.9742;3000.9942;1849.6247;3000.5695;1856.658;3002.9088;1856.3916;3001.4788;1848.4619
3108380.0;2949.809;1870.9806;2958.3248;1866.9448;2996.263;1848.5518;3004.1312;1857.9161;3004.2913;1862.3206;3004.5698;1859.2146;3001.09;1849.3304;3000.5508;1856.6582;3002.9156;1856.539;3001.5315;1848.4202
3108400.0;2947.354;1870.2287;2956.1705;1865.3778;2996.1845;1848.5951;3004.1103;1857.9557;3004.278;1862.2471;3004.6254;1859.4496;3001.1887;1849.051;3000.5391;1856.6591;3002.9254;1856.6886;3001.5805;1848.3708
3108420.0;2945.0531;1869.1219;2954.1177;1863.7198;2996.0941;1848.6458;3004.0858;1857.9954;3004.2563;1862.176;3004.6756;1859.6613;3001.285;1848.8182;3000.5334;1856.6621;3002.9406;1856.8434;3001.6224;1848.3184
3108440.0;2942.921;1867.6469;2952.192;1861.9677;2995.9929;1848.7008;3004.0654;1858.037;3004.2244;1862.1005;3004.7154;1859.836;3001.3769;1848.6526;3000.5311;1856.6697;3002.9602;1856.9991;3001.6581;1848.275
3108460.0;2940.9463;1865.8711;2950.4148;1860.1209;2995.8861;1848.761;3004.0519;1858.0752;3004.1876;1862.0177;3004.7372;1859.9671;3001.4627;1848.5534;3000.5304;1856.6856;3002.978;1857.1447;3001.6905;1848.2512
3108480.0;2939.1105;1863.8956;2948.8042;1858.1831;2995.7838;1848.8316;3004.0433;1858.1021;3004.1546;1861.9301;3004.7365;1860.0573;3001.5408;1848.5018;3000.5303;1856.7121;3002.9852;1857.2706;3001.7226;1848.2497
3108500.0;2937.4087;1861.7947;2947.3767;1856.163;2995.7036;1848.9227;3004.0351;1858.1117;3004.1305;1861.8404;3004.7161;1860.1178;3001.6154;1848.4772;3000.5303;1856.7484;3002.9735;1857.3725;3001.7554;1848.2643
3108520.0;2935.855;1859.5946;2946.1482;1854.0701;2995.6634;1849.0457;3004.0227;1858.1021;3004.1125;1861.7486;3004.6827;1860.1621;3001.696;1848.4696;3000.5303;1856.792;3002.9388;1857.4507;3001.7907;1848.2874
3108540.0;2934.4724;1857.2928;2945.1337;1851.9118;2995.6674;1849.2037;3004.0039;1858.0754;3004.0952;1861.6558;3004.6394;1860.2012;3001.7924;1848.481;3000.5303;1856.8402;3002.8811;1857.5051;3001.832;1848.3176
3108560.0;2933.2825;1854.8853;2944.3467;1849.6928;2995.6969;1849.3805;3003.9803;1858.0381;3004.0755;1861.5669;3004.5847;1860.24;3001.9077;1848.5164;3000.5303;1856.8919;3002.8045;1857.5339;3001.8824;1848.3609
3108580.0;2932.2999;1852.3811;2943.7979;1847.4191;2995.7191;1849.5443;3003.9567;1857.9989;3004.0532;1861.4869;3004.5184;1860.2771;3002.0353;1848.5716;3000.5303;1856.9462;3002.716;1857.5383;3001.9398;1848.4234
3108600.0;2931.5336;1849.7979;2943.4936;1845.1021;2995.7112;1849.6664;3003.938;1857.9651;3004.0253;1861.4152;3004.4477;1860.3074;3002.1654;1848.6353;3000.5303;1857.0023;3002.6222;1857.5235;3001.9946;1848.5034
3108620.0;2930.9873;1847.1565;2943.4328;1842.7636;2995.6754;1849.7363;3003.9264;1857.9368;3003.9846;1861.3467;3004.3849;1860.3265;3002.291;1848.6978;3000.5303;1857.0612;3002.5266;1857.4967;3002.0346;1848.5921
3108640.0;2930.6648;1844.4761;2943.6086;1840.4347;2995.6279;1849.7633;3003.9205;1857.907;3003.9256;1861.2791;3004.3384;1860.3328;3002.4104;1848.7569;3000.5306;1857.1235;3002.4309;1857.4654;3002.053;1848.6819
3108660.0;2930.574;1841.774;2944.0097;1838.1498;2995.58;1849.766;3003.9176;1857.8671;3003.8519;1861.2148;3004.3087;1860.3257;3002.5248;1848.8138;3000.532;1857.1859;3002.3362;1857.4371;3002.0516;1848.7722
3108680.0;2930.7257;1839.0715;2944.6246;1835.9365;2995.532;1849.7597;3003.9146;1857.8119;3003.7753;1861.1573;3004.2884;1860.3023;3002.6357;1848.8688;3000.5365;1857.2423;3002.243;1857.417;3002.0371;1848.8677
3108700.0;2931.1303;1836.4009;2945.4419;1833.8102;2995.481;1849.7475;3003.9084;1857.7409;3003.7075;1861.1068;3004.2685;1860.2584;3002.7421;1848.9184;3000.548;1857.2886;3002.153;1857.4058;3002.0148;1848.9717
3108720.0;2931.7923;1833.8031;2946.4503;1831.7791;2995.4302;1849.718;3003.8955;1857.6557;3003.6532;1861.0604;3004.2424;1860.1865;3002.838;1848.9574;3000.5713;1857.3281;3002.0706;1857.4016;3001.9882;1849.0847
3108740.0;2932.7082;1831.3202;2947.6393;1829.8522;2995.3865;1849.6546;3003.8728;1857.5544;3003.6101;1861.0167;3004.2072;1860.0782;3002.9162;1848.9825;3000.6086;1857.3686;3002.0035;1857.4016;3001.9605;1849.2052
3108760.0;2933.8653;1828.983;2948.9958;1828.0427;2995.3506;1849.5507;3003.8388;1857.4304;3003.574;1860.9776;3004.1625;1859.9306;3002.9746;1848.9951;3000.6556;1857.4171;3001.9577;1857.4062;3001.9355;1849.3326
3108780.0;2935.2437;1826.8095;2950.5;1826.3622;2995.3172;1849.4172;3003.7943;1857.276;3003.5416;1860.9454;3004.1093;1859.7568;3003.02;1849.0024;3000.7021;1857.4759;3001.9344;1857.4186;3001.9144;1849.4657
3108800.0;2936.8202;1824.8094;2952.1248;1824.8154;2995.2816;1849.2753;3003.7419;1857.0885;3003.5108;1860.9173;3004.0523;1859.5852;3003.0617;1849.0108;3000.7371;1857.542;3001.9313;1857.4429;3001.8944;1849.6008
3108820.0;2938.5712;1822.9939;2953.8405;1823.4;2995.2481;1849.1441;3003.6865;1856.8741;3003.4808;1860.8841;3003.9999;1859.4442;3003.104;1849.0217;3000.7547;1857.6079;3001.9468;1857.4822;3001.8717;1849.7315
3108840.0;2940.4746;1821.3757;2955.6215;1822.1126;2995.23;1849.0335;3003.6351;1856.6442;3003.4529;1860.8335;3003.9598;1859.3446;3003.1468;1849.0325;3000.7546;1857.6652;3001.9815;1857.5368;3001.8448;1849.8521
3108860.0;2942.5075;1819.9645;2957.45;1820.9546;2995.2427;1848.9463;3003.5941;1856.4114;3003.4284;1860.7558;3003.9343;1859.2781;3003.1911;1849.0421;3000.7404;1857.7081;3002.0377;1857.6071;3001.8152;1849.9613
3108880.0;2944.6458;1818.7602;2959.3148;1819.9355;2995.2926;1848.8829;3003.5663;1856.1877;3003.4061;1860.6486;3003.9191;1859.2278;3003.2397;1849.0536;3000.7182;1857.7366;3002.1182;1857.695;3001.7847;1850.0621
3108900.0;2946.8622;1817.7519;2961.2066;1819.0717;2995.3731;1848.8404;3003.55;1855.9837;3003.3836;1860.5184;3003.9063;1859.1815;3003.2925;1849.0719;3000.6949;1857.7576;3002.2238;1857.7993;3001.7538;1850.1584
3108920.0;2949.129;1816.9249;2963.114;1818.3777;2995.4655;1848.8124;3003.5398;1855.8039;3003.3601;1860.378;3003.8897;1859.1348;3003.3441;1849.0991;3000.6763;1857.7797;3002.3517;1857.9116;3001.7223;1850.2515
3108940.0;2951.4198;1816.271;2965.0219;1817.858;2995.5496;1848.7895;3003.5291;1855.6445;3003.3382;1860.2407;3003.8673;1859.0874;3003.3892;1849.1308;3000.6646;1857.8087;3002.4925;1858.0188;3001.6905;1850.339
3108960.0;2953.7111;1815.7926;2966.9132;1817.5096;2995.6122;1848.7604;3003.5132;1855.4974;3003.3211;1860.1143;3003.842;1859.0383;3003.427;1849.1561;3000.6587;1857.8439;3002.634;1858.1109;3001.6582;1850.417
3108980.0;2955.981;1815.4994;2968.7712;1817.3317;2995.6526;1848.7108;3003.4909;1855.3577;3003.3099;1859.9995;3003.8188;1858.985;3003.4601;1849.1609;3000.6558;1857.8787;3002.763;1858.1847;3001.6233;1850.4837
3109000.0;2958.2089;1815.3995;2970.5832;1817.3315;2995.6806;1848.6148;3003.4652;1855.2271;3003.3021;1859.8918;3003.8;1858.9258;3003.4897;1849.1354;3000.6528;1857.9065;3002.8644;1858.2414;3001.5833;1850.5423
3109020.0;2960.3765;1815.4942;2972.3403;1817.5177;2995.7093;1848.4417;3003.4411;1855.1105;3003.293;1859.7847;3003.7826;1858.8633;3003.5142;1849.0819;3000.6469;1857.9249;3002.9228;1858.2816;3001.5387;1850.6007
3109040.0;2962.4694;1815.7746;2974.0333;1817.8919;2995.7431;1848.1797;3003.4207;1855.0112;3003.2773;1859.6729;3003.7606;1858.8023;3003.5331;1849.0149;3000.6353;1857.937;3002.9301;1858.3062;3001.493;1850.6679
3109060.0;2964.4776;1816.2211;2975.6487;1818.4472;2995.7713;1847.8596;3003.4019;1854.9289;3003.2509;1859.5534;3003.7293;1858.7546;3003.5493;1848.9543;3000.6166;1857.9497;3002.8986;1858.3187;3001.4507;1850.7499
3109080.0;2966.3976;1816.8063;2977.1698;1819.1723;2995.7752;1847.5522;3003.381;1854.8602;3003.2132;1859.4281;3003.6885;1858.7398;3003.5679;1848.9133;3000.593;1857.9697;3002.858;1858.3237;3001.4132;1850.8497
3109100.0;2968.2331;1817.5043;2978.5816;1820.0527;2995.7451;1847.3287;3003.3562;1854.7972;3003.1679;1859.302;3003.6429;1858.7759;3003.5911;1848.8954;3000.5695;1858.0002;3002.836;1858.3253;3001.379;1850.9668
3109120.0;2969.9915;1818.298;2979.8747;1821.07;2995.6873;1847.2192;3003.3283;1854.7283;3003.1216;1859.1799;3003.5983;1858.8601;3003.6164;1848.8983;3000.5508;1858.0385;3002.8412;1858.3257;3001.3462;1851.097
3109140.0;2971.674;1819.1799;2981.0468;1822.2039;2995.6159;1847.2041;3003.2986;1854.6427;3003.0794;1859.0624;3003.5566;1858.9584;3003.6385;1848.9204;3000.5391;1858.0768;3002.8654;1858.3257;3001.3143;1851.2336
3109160.0;2973.2693;1820.1461;2982.1022;1823.4347;2995.54;1847.2403;3003.2669;1854.536;3003.0428;1858.9464;3003.5142;1859.0248;3003.6537;1848.9615;3000.5334;1858.1071;3002.8968;1858.3257;3001.2832;1851.3715
3109180.0;2974.7596;1821.1905;2983.0514;1824.7458;2995.4614;1847.2896;3003.2332;1854.4125;3003.01;1858.831;3003.4649;1859.0319;3003.6619;1849.0188;3000.5311;1858.126;3002.9291;1858.3257;3001.2527;1851.5085
3109200.0;2976.1324;1822.3036;2983.9036;1826.1252;2995.3777;1847.3315;3003.1984;1854.2809;3002.9799;1858.7207;3003.4052;1858.982;3003.6653;1849.0859;3000.5304;1858.1354;3002.9625;1858.3257;3001.2234;1851.6448
3109220.0;2977.39;1823.475;2984.6578;1827.5666;2995.2851;1847.3626;3003.1622;1854.1479;3002.9539;1858.6234;3003.3359;1858.8923;3003.6664;1849.1551;3000.5303;1858.1391;3002.9957;1858.3257;3001.1976;1851.7796
3109240.0;2978.549;1824.6964;2985.3062;1829.0678;2995.1802;1847.3893;3003.1224;1854.0171;3002.9346;1858.5432;3003.26;1858.7775;3003.6666;1849.221;3000.5303;1858.1402;3003.0251;1858.3253;3001.1782;1851.9115
3109260.0;2979.6323;1825.9643;2985.8498;1830.6246;2995.0609;1847.4238;3003.0766;1853.8916;3002.9228;1858.4781;3003.18;1858.6458;3003.6666;1849.2811;3000.5303;1858.1404;3003.0446;1858.3232;3001.1664;1852.0394
3109280.0;2980.6614;1827.2804;2986.3122;1832.2247;2994.9293;1847.4765;3003.0262;1853.7755;3002.917;1858.4224;3003.0996;1858.5036;3003.6666;1849.3333;3000.5303;1858.1404;3003.0488;1858.3164;3001.1607;1852.1619
3109300.0;2981.6512;1828.65;2986.7332;1833.8486;2994.7911;1847.5522;3002.9758;1853.6711;3002.9148;1858.3715;3003.0253;1858.3613;3003.6666;1849.3769;3000.5303;1858.1404;3003.0351;1858.2985;3001.1584;1852.278
3109320.0;2982.6108;1830.0773;2987.1514;1835.4754;2994.6535;1847.6482;3002.9295;1853.5762;3002.9141;1858.3209;3002.9627;1858.2276;3003.6666;1849.4141;3000.5303;1858.1404;3003.005;1858.2612;3001.1577;1852.3886
3109340.0;2983.5476;1831.5624;2987.5929;1837.0881;2994.5247;1847.756;3002.8875;1853.4855;3002.9139;1858.2653;3002.9131;1858.1069;3003.6661;1849.4508;3000.5306;1858.1399;3002.9612;1858.1989;3001.1576;1852.4972
3109360.0;2984.4708;1833.0999;2988.074;1838.6733;2994.4124;1847.8634;3002.8471;1853.396;3002.9139;1858.1997;3002.8736;1857.9982;3003.6642;1849.4899;3000.5318;1858.1382;3002.906;1858.1139;3001.1576;1852.6072
3109380.0;2985.3904;1834.6807;2988.6077;1840.2193;2994.3207;1847.9596;3002.8054;1853.3094;3002.9139;1858.1228;3002.8414;1857.8983;3003.6585;1849.5268;3000.5359;1858.1327;3002.8417;1858.0181;3001.157;1852.7184
3109400.0;2986.316;1836.2906;2989.2141;1841.7106;2994.2497;1848.0388;3002.7605;1853.2301;3002.9139;1858.0387;3002.8168;1857.8044;3003.6456;1849.5503;3000.5463;1858.1194;3002.7725;1857.9271;3001.155;1852.826
3109420.0;2987.2558;1837.9079;2989.9248;1843.127;2994.1946;1848.1048;3002.7113;1853.1614;3002.9139;1857.9554;3002.8;1857.7147;3003.6234;1849.5521;3000.5672;1858.0948;3002.7032;1857.8534;3001.1489;1852.924
3109440.0;2988.2197;1839.5;2990.774;1844.4467;2994.1471;1848.1721;3002.6581;1853.1028;3002.9139;1857.8816;3002.7885;1857.6288;3003.5943;1849.5349;3000.6013;1858.0588;3002.6374;1857.8025;3001.1346;1853.008
3109460.0;2989.2242;1841.0235;2991.7738;1845.6585;2994.0972;1848.26;3002.603;1853.0527;3002.9139;1857.8236;3002.7767;1857.5474;3003.5663;1849.5129;3000.6462;1858.0184;3002.5763;1857.773;3001.1091;1853.0777
3109480.0;2990.2939;1842.4328;2992.8911;1846.7722;2994.0409;1848.3836;3002.5495;1853.012;3002.9136;1857.7818;3002.7593;1857.4712;3003.5472;1849.5035;3000.696;1857.9836;3002.5206;1857.7588;3001.0743;1853.1386
3109500.0;2991.4553;1843.6942;2994.0532;1847.8173;2993.9868;1848.5439;3002.5013;1852.9826;3002.9123;1857.7489;3002.7332;1857.3998;3003.5392;1849.516;3000.7451;1857.9623;3002.4699;1857.7533;3001.0381;1853.2001
3109520.0;2992.7276;1844.8006;2995.1813;1848.8235;2993.9554;1848.7501;3002.4598;1852.965;3002.9074;1857.7095;3002.6988;1857.3307;3003.5392;1849.5469;3000.7929;1857.9573;3002.4244;1857.7521;3001.0104;1853.2709
3109540.0;2994.1155;1845.7728;2996.2222;1849.8047;2993.9707;1849.0345;3002.4238;1852.9565;3002.8938;1857.6433;3002.6569;1857.2618;3003.5439;1849.5885;3000.8418;1857.9671;3002.3839;1857.7533;3000.9967;1853.3543
3109560.0;2995.6113;1846.6435;2997.1617;1850.7565;2994.0503;1849.4737;3002.3904;1852.9531;3002.8631;1857.5297;3002.6078;1857.1896;3003.5533;1849.6397;3000.8931;1857.9863;3002.3519;1857.7583;3000.9961;1853.4479
3109580.0;2997.1989;1847.4375;2998.0215;1851.6658;2994.1955;1850.1687;3002.3586;1852.9523;3002.8058;1857.3568;3002.5497;1857.1109;3003.569;1849.7089;3000.9435;1858.0052;3002.3342;1857.7708;3001.0038;1853.5461
3109600.0;2998.8591;1848.1643;2998.8514;1852.5201;2994.3832;1851.1837;3002.3305;1852.9531;3002.7143;1857.1272;3002.4825;1857.0239;3003.5914;1849.8044;3000.9889;1858.013;3002.3363;1857.795;3001.0136;1853.641
3109620.0;3000.5723;1848.8271;2999.7137;1853.3093;2994.5687;1852.4631;3002.3093;1852.9567;3002.586;1856.8585;3002.4112;1856.9331;3003.6164;1849.9227;3001.0282;1858.004;3002.3587;1857.8332;3001.0201;1853.7227
3109640.0;3002.3223;1849.4359;3000.6672;1854.0236;2994.7055;1853.7994;3002.2964;1852.9662;3002.4242;1856.5723;3002.3448;1856.8478;3003.6385;1850.0485;3001.0641;1857.9813;3002.3962;1857.8834;3001.0198;1853.7807
3109660.0;3004.0982;1850.0134;3001.7526;1854.6521;2994.7672;1854.9155;3002.2899;1852.9867;3002.2362;1856.2839;3002.2912;1856.7768;3003.6537;1850.1648;3001.1003;1857.9516;3002.4395;1857.9403;3001.0105;1853.8098
3109680.0;3005.8938;1850.588;3002.9903;1855.1806;2994.7571;1855.6235;3002.2867;1853.0228;3002.0324;1855.9976;3002.2502;1856.7236;3003.6619;1850.2623;3001.1381;1857.9182;3002.4801;1857.9981;3000.9927;1853.815
3109700.0;3007.706;1851.1844;3004.3832;1855.5875;2994.7011;1855.9157;3002.2839;1853.0749;3001.824;1855.7106;3002.2137;1856.6829;3003.665;1850.3406;3001.1761;1857.8794;3002.5143;1858.0495;3000.9694;1853.8126
3109720.0;3009.5346;1851.8165;3005.9187;1855.8468;2994.6338;1855.919;3002.2787;1853.1372;3001.6204;1855.4205;3002.1738;1856.6438;3003.665;1850.4006;3001.2115;1857.8335;3002.5455;1858.0899;3000.9458;1853.8236
3109740.0;3011.3816;1852.4884;3007.5732;1855.9362;2994.5835;1855.7802;3002.2692;1853.1996;3001.4278;1855.1311;3002.129;1856.5886;3003.6616;1850.4394;3001.2408;1857.7817;3002.5821;1858.12;3000.9272;1853.8633
3109760.0;3013.2507;1853.1941;3009.3167;1855.8472;2994.5625;1855.5984;3002.2563;1853.2517;3001.2504;1854.8547;3002.086;1856.4971;3003.6524;1850.4505;3001.2617;1857.7277;3002.6295;1858.1466;3000.9155;1853.933
3109780.0;3015.1438;1853.9169;3011.1175;1855.5895;2994.5674;1855.4119;3002.2444;1853.2877;3001.0923;1854.6059;3002.0541;1856.3588;3003.6338;1850.4306;3001.2741;1857.6751;3002.6832;1858.1748;3000.9099;1854.0226
3109800.0;3017.0615;1854.6259;3012.9443;1855.1876;2994.586;1855.2318;3002.2395;1853.3083;3000.9573;1854.3917;3002.0388;1856.1849;3003.6035;1850.3869;3001.28;1857.6266;3002.7288;1858.2005;3000.9083;1854.1201
3109820.0;3019.0043;1855.2783;3014.7656;1854.6711;2994.6059;1855.0533;3002.2443;1853.3178;3000.8485;1854.206;3002.0358;1856.0101;3003.5633;1850.3365;3001.2822;1857.5845;3002.7498;1858.2137;3000.9096;1854.2196
3109840.0;3020.9762;1855.8248;3016.5511;1854.0645;2994.6197;1854.8718;3002.2555;1853.3213;3000.7658;1854.0357;3002.0327;1855.8718;3003.5188;1850.2997;3001.2829;1857.5526;3002.7362;1858.2091;3000.9138;1854.3211
3109860.0;3022.9843;1856.2174;3018.2765;1853.38;2994.6245;1854.685;3002.2662;1853.3223;3000.7046;1853.8719;3002.0171;1855.7873;3003.4776;1850.2881;3001.283;1857.5353;3002.6844;1858.1916;3000.9213;1854.4214
3109880.0;3025.0329;1856.4149;3019.9282;1852.6175;2994.62;1854.487;3002.2698;1853.3225;3000.656;1853.7148;3001.9845;1855.748;3003.4443;1850.2991;3001.283;1857.5344;3002.5944;1858.1706;3000.9295;1854.5064
3109900.0;3027.1143;1856.3884;3021.5008;1851.7657;2994.607;1854.2701;3002.2631;1853.3225;3000.6086;1853.5704;3001.9392;1855.7337;3003.4181;1850.3202;3001.283;1857.5459;3002.4701;1858.153;3000.9332;1854.5558
3109920.0;3029.2015;1856.1256;3022.9895;1850.8079;2994.5883;1854.0343;3002.2459;1853.3225;3000.5522;1853.4435;3001.8899;1855.7272;3003.394;1850.339;3001.2832;1857.5613;3002.3223;1858.1381;3000.9276;1854.5594
3109940.0;3031.2522;1855.6321;3024.3798;1849.7283;2994.5703;1853.7914;3002.2207;1853.3227;3000.4823;1853.3334;3001.8443;1855.7163;3003.3667;1850.3504;3001.2839;1857.5735;3002.1696;1858.119;3000.9143;1854.5299
3109960.0;3033.2212;1854.925;3025.6464;1848.5189;2994.5597;1853.5593;3002.1915;1853.3236;3000.4019;1853.2366;3001.8051;1855.6919;3003.3338;1850.3554;3001.286;1857.5802;3002.0312;1858.0881;3000.9012;1854.4978
3109980.0;3035.0742;1854.0249;3026.7612;1847.1841;2994.5574;1853.3492;3002.1612;1853.3266;3000.3186;1853.1502;3001.771;1855.6466;3003.2958;1850.3572;3001.291;1857.582;3001.9169;1858.0398;3000.896;1854.4902
3110000.0;3036.7937;1852.9482;3027.7045;1845.7362;2994.5557;1853.165;3002.1309;1853.3343;3000.2402;1853.0742;3001.7397;1855.5835;3003.2545;1850.3577;3001.3005;1857.5797;3001.8242;1857.9766;3000.9016;1854.514
3110020.0;3038.3744;1851.7014;3028.4678;1844.1872;2994.5442;1853.0086;3002.1014;1853.3498;3000.1724;1853.0083;3001.7107;1855.519;3003.2114;1850.3577;3001.3133;1857.5714;3001.7452;1857.9081;3000.9174;1854.5603
3110040.0;3039.8165;1850.2802;3029.0504;1842.5431;2994.5189;1852.8841;3002.0749;1853.3746;3000.1179;1852.9489;3001.6865;1855.4751;3003.1689;1850.3577;3001.3253;1857.5538;3001.674;1857.8464;3000.9446;1854.618
3110060.0;3041.1189;1848.6747;3029.4537;1840.8065;2994.4858;1852.7954;3002.0533;1853.4061;3000.0773;1852.8884;3001.6677;1855.4639;3003.1291;1850.3577;3001.3302;1857.5244;3001.6092;1857.8005;3000.9839;1854.6824
3110080.0;3042.2761;1846.8806;3029.6818;1838.9841;2994.4586;1852.7498;3002.0358;1853.4385;3000.0493;1852.8206;3001.6508;1855.4794;3003.0948;1850.3577;3001.3253;1857.4841;3001.5504;1857.7726;3001.0318;1854.7528
3110100.0;3043.2748;1844.9069;3029.7417;1837.0859;2994.4514;1852.7585;3002.0182;1853.4666;3000.0293;1852.7445;3001.6289;1855.5048;3003.069;1850.3577;3001.3133;1857.4358;3001.495;1857.7588;3001.0793;1854.8276
3110120.0;3044.0928;1842.7714;3029.6375;1835.121;2994.471;1852.8303;3001.9966;1853.4906;3000.0112;1852.6658;3001.5958;1855.5252;3003.0526;1850.3577;3001.3005;1857.3826;3001.441;1857.7533;3001.1167;1854.9039
3110140.0;3044.6985;1840.4969;3029.3643;1833.0956;2994.5096;1852.9545;3001.9701;1853.5157;2999.9902;1852.5947;3001.5492;1855.5341;3003.0439;1850.3577;3001.291;1857.3259;3001.3893;1857.7517;3001.1407;1854.9779
3110160.0;3045.0553;1838.1092;3028.9106;1831.0209;2994.5456;1853.0978;3001.9406;1853.5474;2999.9659;1852.5419;3001.4932;1855.5291;3003.0394;1850.3572;3001.286;1857.2672;3001.3429;1857.7513;3001.1548;1855.0453
3110180.0;3045.1264;1835.6416;3028.2674;1828.9178;2994.5585;1853.2238;3001.9103;1853.5868;2999.9422;1852.5145;3001.4377;1855.5057;3003.0346;1850.3554;3001.2839;1857.2072;3001.3035;1857.7513;3001.1661;1855.1023
3110200.0;3044.882;1833.1352;3027.4352;1826.8144;2994.5434;1853.3164;3001.88;1853.6311;2999.9241;1852.5106;3001.3949;1855.4582;3003.025;1850.3496;3001.2832;1857.1445;3001.2694;1857.7513;3001.1826;1855.1474
3110220.0;3044.3058;1830.6369;3026.4181;1824.7412;2994.5125;1853.3837;3001.8508;1853.6776;2999.9146;1852.5198;3001.3703;1855.387;3003.0057;1850.3344;3001.2828;1857.0761;3001.2379;1857.7513;3001.2098;1855.1789
3110240.0;3043.398;1828.1917;3025.2165;1822.7273;2994.48;1853.4416;3001.8256;1853.7252;2999.9157;1852.5264;3001.3576;1855.301;3002.9729;1850.3034;3001.2814;1857.0005;3001.2092;1857.7513;3001.2493;1855.1932
3110260.0;3042.1703;1825.8385;3023.824;1820.8031;2994.4507;1853.5014;3001.8087;1853.7722;2999.9297;1852.5159;3001.3406;1855.213;3002.9257;1850.2509;3001.2769;1856.9207;3001.186;1857.7513;3001.2975;1855.1861
3110280.0;3040.6395;1823.6059;3022.2339;1819.0029;2994.4216;1853.5676;3001.8033;1853.8148;2999.9594;1852.48;3001.3044;1855.1298;3002.8658;1850.1753;3001.2654;1856.8424;3001.1705;1857.7509;3001.3475;1855.1604
3110300.0;3038.8235;1821.5152;3020.4465;1817.3659;2994.3857;1853.6393;3001.8116;1853.8495;3000.0032;1852.4203;3001.244;1855.0511;3002.7965;1850.0801;3001.242;1856.7716;3001.1623;1857.7498;3001.3941;1855.1293
3110320.0;3036.7449;1819.588;3018.4767;1815.9311;2994.332;1853.7106;3001.8345;1853.8771;3000.0519;1852.3492;3001.165;1854.9746;3002.721;1849.971;3001.2047;1856.7112;3001.159;1857.7464;3001.4356;1855.1089
3110340.0;3034.4332;1817.8527;3016.3539;1814.7301;2994.2474;1853.7693;3001.8714;1853.9037;3000.0916;1852.2818;3001.0756;1854.8983;3002.6423;1849.8538;3001.1576;1856.6595;3001.1581;1857.739;3001.4719;1855.1069
3110360.0;3031.9257;1816.3434;3014.1178;1813.7801;2994.1305;1853.8024;3001.92;1853.9349;3000.1105;1852.226;3000.9805;1854.8191;3002.5622;1849.7327;3001.1104;1856.6118;3001.1587;1857.7262;3001.5019;1855.1198
3110380.0;3029.2657;1815.0928;3011.8086;1813.086;2994.0039;1853.8005;3001.9764;1853.971;3000.1034;1852.1785;3000.8794;1854.7331;3002.4818;1849.611;3001.0731;1856.5646;3001.1615;1857.7088;3001.5235;1855.1388
3110400.0;3026.501;1814.125;3009.4603;1812.6471;2993.9079;1853.7609;3002.0374;1854.007;3000.0729;1852.133;3000.772;1854.638;3002.4005;1849.4923;3001.0498;1856.5172;3001.1685;1857.6894;3001.5359;1855.1594
3110420.0;3023.6837;1813.4562;3007.1019;1812.4631;2993.8754;1853.6853;3002.1017;1854.0376;3000.0278;1852.0892;3000.6611;1854.5377;3002.3151;1849.3786;3001.0383;1856.4696;3001.1823;1857.6683;3001.5397;1855.1834
3110440.0;3020.8693;1813.0993;3004.7639;1812.5351;2993.9143;1853.5779;3002.17;1854.0624;2999.9805;1852.0525;3000.5519;1854.4429;3002.2216;1849.2686;3001.0338;1856.4209;3001.2055;1857.6414;3001.5359;1855.2138
3110460.0;3018.1132;1813.0634;3002.482;1812.8645;2994.0124;1853.442;3002.2443;1854.0865;2999.941;1852.0281;3000.4505;1854.3707;3002.1175;1849.1594;3001.0321;1856.3708;3001.2388;1857.6028;3001.5238;1855.2491
3110480.0;3015.4671;1813.3456;3000.298;1813.4462;2994.1518;1853.2806;3002.325;1854.1146;2999.9119;1852.016;3000.3634;1854.3387;3002.0065;1849.0498;3001.0307;1856.3204;3001.2801;1857.5524;3001.5034;1855.2833
3110500.0;3012.9729;1813.9229;2998.2555;1814.2651;2994.316;1853.0999;3002.409;1854.1471;2999.8886;1852.0143;3000.2967;1854.3588;3001.8986;1848.9417;3001.0274;1856.271;3001.3233;1857.4984;3001.4775;1855.3088
3110520.0;3010.6602;1814.755;2996.3964;1815.2956;2994.4872;1852.9089;3002.4896;1854.1797;2999.8647;1852.0229;3000.2528;1854.4254;3001.8045;1848.8382;3001.0192;1856.2213;3001.3604;1857.453;3001.4515;1855.3228
3110540.0;3008.5474;1815.8001;2994.7557;1816.5042;2994.6475;1852.7174;3002.5592;1854.208;2999.8375;1852.0447;3000.2249;1854.5138;3001.7302;1848.7419;3001.004;1856.1694;3001.3861;1857.4227;3001.431;1855.3286
3110560.0;3006.6444;1817.0256;2993.3563;1817.8522;2994.7817;1852.5282;3002.6142;1854.233;2999.8079;1852.0835;3000.2014;1854.5881;3001.6745;1848.6555;3000.9819;1856.1153;3001.4004;1857.4055;3001.4182;1855.3331
3110580.0;3004.9566;1818.4071;2992.2092;1819.2947;2994.881;1852.3343;3002.6569;1854.2615;2999.7776;1852.1387;3000.174;1854.6202;3001.6337;1848.5847;3000.9569;1856.0608;3001.4075;1857.3938;3001.4119;1855.341
3110600.0;3003.4885;1819.9175;2991.3161;1820.7828;2994.9434;1852.1259;3002.6925;1854.3016;2999.7473;1852.2029;3000.1428;1854.6037;3001.6058;1848.5373;3000.9346;1856.0085;3001.4132;1857.3786;3001.4094;1855.35
3110620.0;3002.247;1821.5258;2990.6717;1822.2761;2994.9761;1851.9002;3002.7255;1854.3585;2999.7179;1852.263;3000.1123;1854.5519;3001.5903;1848.5199;3000.9187;1855.9591;3001.4227;1857.3531;3001.4088;1855.3536
3110640.0;3001.2418;1823.2011;2990.2625;1823.7543;2994.9998;1851.6637;3002.7573;1854.4314;2999.6921;1852.3048;3000.0859;1854.4825;3001.5842;1848.5311;3000.9084;1855.9104;3001.4394;1857.3152;3001.4094;1855.3469
3110660.0;3000.4826;1824.9208;2990.0634;1825.2215;2995.0422;1851.4221;3002.7885;1854.5162;2999.6728;1852.3192;3000.0632;1854.406;3001.5796;1848.5566;3000.8992;1855.8578;3001.464;1857.2678;3001.4119;1855.3272
3110680.0;2999.9709;1826.6704;2990.0381;1826.6966;2995.1217;1851.1739;3002.8196;1854.608;2999.661;1852.3075;3000.042;1854.326;3001.5675;1848.5746;3000.8865;1855.7975;3001.4925;1857.2149;3001.4182;1855.2917
3110700.0;2999.6956;1828.4423;2990.1475;1828.1996;2995.2366;1850.9118;3002.8512;1854.7028;2999.6552;1852.2801;3000.0176;1854.2471;3001.5417;1848.5682;3000.8675;1855.7303;3001.5207;1857.1562;3001.431;1855.2375
3110720.0;2999.6303;1830.2339;2990.3605;1829.7418;2995.372;1850.6333;3002.8828;1854.7979;2999.6531;1852.251;2999.9816;1854.1793;3001.4999;1848.5348;3000.8437;1855.6611;3001.5478;1857.0895;3001.4515;1855.1652
3110740.0;2999.7407;1832.0448;2990.6567;1831.3219;2995.5108;1850.3468;3002.9138;1854.8916;2999.6531;1852.2296;2999.9258;1854.1332;3001.4429;1848.4819;3000.819;1855.594;3001.5792;1857.0193;3001.4775;1855.0795
3110760.0;2999.9923;1833.8726;2991.0244;1832.9259;2995.6407;1850.0699;3002.9442;1854.9833;2999.6552;1852.2178;2999.8485;1854.1115;3001.3741;1848.4179;3000.7969;1855.5283;3001.6227;1856.9599;3001.5034;1854.9867
3110780.0;3000.3494;1835.7087;2991.4524;1834.5307;2995.7536;1849.8197;3002.9736;1855.0736;2999.661;1852.2128;2999.76;1854.105;3001.3002;1848.3459;3000.7772;1855.4596;3001.6805;1856.9268;3001.5239;1854.8891
3110800.0;3000.7651;1837.5382;2991.9262;1836.1112;2995.8459;1849.6012;3002.9994;1855.164;2999.6726;1852.2111;2999.6802;1854.097;3001.2279;1848.264;3000.7562;1855.386;3001.744;1856.925;3001.5368;1854.785
3110820.0;3001.1778;1839.3407;2992.428;1837.6461;2995.9211;1849.4072;3003.0187;1855.2555;2999.6913;1852.2107;2999.6269;1854.0761;3001.1601;1848.1674;3000.7318;1855.3106;3001.7966;1856.945;3001.5429;1854.6705
3110840.0;3001.5252;1841.0914;2992.9372;1839.1204;2995.9871;1849.2257;3003.0305;1855.3482;2999.7149;1852.2107;2999.6069;1854.0454;3001.0951;1848.0524;3000.7064;1855.2386;3001.8265;1856.971;3001.5447;1854.5435
3110860.0;3001.7691;1842.7629;2993.4361;1840.5224;2996.0499;1849.0504;3003.0363;1855.4402;2999.7384;1852.2107;2999.6159;1854.0213;3001.0307;1847.921;3000.6852;1855.172;3001.8355;1856.9914;3001.5428;1854.4068
3110880.0;3001.9063;1844.328;2993.9155;1841.8403;2996.1111;1848.885;3003.0385;1855.5275;2999.7571;1852.2107;2999.6473;1854.0212;3000.9695;1847.7844;3000.6734;1855.107;3001.8364;1857.003;3001.5359;1854.2664
3110900.0;3001.963;1845.7649;2994.378;1843.0639;2996.1629;1848.7447;3003.0392;1855.6053;2999.7688;1852.2107;2999.6975;1854.0497;3000.9169;1847.6598;3000.6734;1855.0383;3001.8375;1857.0084;3001.5207;1854.1277
3110920.0;3001.9793;1847.062;2994.8347;1844.1884;2996.1881;1848.6516;3003.0394;1855.6711;2999.7745;1852.2111;2999.762;1854.0971;3000.8768;1847.5612;3000.6851;1854.9652;3001.8338;1857.0117;3001.4938;1853.9917
3110940.0;3001.9954;1848.2235;2995.2953;1845.2165;2996.1692;1848.6207;3003.0394;1855.7263;2999.7768;1852.213;2999.8298;1854.1474;3000.8486;1847.4909;3000.7054;1854.8924;3001.8108;1857.0171;3001.4539;1853.8563
3110960.0;3002.0397;1849.2668;2995.762;1846.1573;2996.1087;1848.642;3003.0394;1855.7749;2999.7775;1852.2195;2999.8845;1854.189;3000.8284;1847.44;3000.7282;1854.8249;3001.7578;1857.0291;3001.4036;1853.7197
3110980.0;3002.1236;1850.2128;2996.2285;1847.0243;2996.0386;1848.6777;3003.0394;1855.8193;2999.7776;1852.2367;2999.9095;1854.2204;3000.8124;1847.395;3000.7457;1854.7645;3001.6789;1857.0516;3001.3467;1853.5793
3111000.0;3002.2383;1851.072;2996.6912;1847.8352;2996.0022;1848.6863;3003.0394;1855.8577;2999.7776;1852.2732;2999.8944;1854.2495;3000.7992;1847.3477;3000.7523;1854.7108;3001.5913;1857.0842;3001.2875;1853.4309
3111020.0;3002.3598;1851.8367;2997.1581;1848.6102;2996.02;1848.6511;3003.0394;1855.8863;2999.7776;1852.3362;2999.8374;1854.2872;3000.7888;1847.2971;3000.7491;1854.6649;3001.5145;1857.1212;3001.2265;1853.2665
3111040.0;3002.4586;1852.4862;2997.6463;1849.3641;2996.0817;1848.5845;3003.0392;1855.9037;2999.7776;1852.4268;2999.7451;1854.3387;3000.78;1847.2457;3000.7418;1854.6278;3001.4608;1857.1539;3001.1596;1853.0803
3111060.0;3002.5143;1853.0005;2998.1636;1850.0987;2996.1644;1848.5092;3003.0385;1855.9122;2999.7776;1852.5394;2999.6294;1854.3968;3000.7694;1847.1949;3000.7367;1854.5964;3001.4312;1857.1763;3001.0821;1852.876
3111080.0;3002.5248;1853.3706;2998.6918;1850.8038;2996.2532;1848.441;3003.0363;1855.9155;2999.7784;1852.6664;2999.504;1854.4444;3000.7534;1847.1451;3000.7365;1854.5644;3001.421;1857.1883;3000.9959;1852.6724
3111100.0;3002.503;1853.6035;2999.1917;1851.4678;2996.3427;1848.3872;3003.0305;1855.9166;2999.7817;1852.802;2999.3807;1854.468;3000.731;1847.0982;3000.7407;1854.5271;3001.4257;1857.1933;3000.9148;1852.4943
3111120.0;3002.4653;1853.7207;2999.627;1852.0874;2996.4275;1848.3525;3003.0189;1855.9168;2999.7919;1852.9416;2999.2669;1854.4689;3000.7065;1847.0567;3000.7494;1854.4857;3001.4445;1857.1949;3000.8571;1852.3556
3111140.0;3002.4233;1853.7555;2999.9828;1852.668;2996.4955;1848.3416;3003.0002;1855.9168;2999.8166;1853.0797;2999.1646;1854.4602;3000.6866;1847.0181;3000.764;1854.4443;3001.4784;1857.1954;3000.833;1852.2487
3111160.0;3002.3824;1853.7455;3000.2667;1853.2139;2996.5351;1848.3575;3002.9767;1855.9168;2999.8635;1853.2105;2999.0717;1854.4545;3000.6782;1846.9751;3000.7853;1854.4046;3001.5275;1857.1954;3000.837;1852.1538
3111180.0;3002.3462;1853.7254;3000.4973;1853.7204;2996.5431;1848.4;3002.9531;1855.9168;2999.9343;1853.3285;2998.9842;1854.4531;3000.6863;1846.9191;3000.812;1854.365;3001.5919;1857.1954;3000.855;1852.0565
3111200.0;3002.3174;1853.7181;3000.6924;1854.1759;2996.5318;1848.4651;3002.9344;1855.9168;3000.021;1853.4273;2998.8989;1854.447;3000.7133;1846.8481;3000.8406;1854.3252;3001.6722;1857.1954;3000.8715;1851.9536
3111220.0;3002.2961;1853.735;3000.8593;1854.5682;2996.5209;1848.5453;3002.9226;1855.9166;3000.1105;1853.4989;2998.8137;1854.426;3000.7564;1846.7697;3000.8666;1854.2887;3001.7678;1857.1954;3000.8772;1851.8499
3111240.0;3002.2773;1853.7775;3000.9949;1854.8927;2996.521;1848.6312;3002.9162;1855.9155;3000.1927;1853.5381;2998.7285;1854.3834;3000.8063;1846.6988;3000.8867;1854.2608;3001.8754;1857.1954;3000.8715;1851.7529
3111260.0;3002.2537;1853.8388;3001.0907;1855.1558;2996.5221;1848.7133;3002.9118;1855.9122;3000.2619;1853.5487;2998.6451;1854.317;3000.8505;1846.6491;3000.9009;1854.2432;3001.9865;1857.1949;3000.8614;1851.6687
3111280.0;3002.2174;1853.9069;3001.1443;1855.3756;2996.503;1848.7849;3002.9061;1855.9037;3000.3128;1853.5451;2998.5677;1854.2282;3000.8809;1846.625;3000.9124;1854.2332;3002.0899;1857.1933;3000.8575;1851.6014
3111300.0;3002.1648;1853.9678;3001.1623;1855.5763;2996.45;1848.8448;3002.8965;1855.8865;3000.3393;1853.5449;2998.4994;1854.123;3000.8976;1846.6214;3000.9263;1854.2254;3002.1745;1857.1883;3000.8664;1851.5482
3111320.0;3002.0961;1854.0102;3001.1566;1855.778;2996.3708;1848.8984;3002.8836;1855.8589;3000.3384;1853.559;2998.4392;1854.0104;3000.9064;1846.6305;3000.9457;1854.2136;3002.2349;1857.1763;3000.8863;1851.5019
3111340.0;3002.0172;1854.0272;3001.1371;1855.989;2996.2906;1848.9532;3002.8717;1855.8239;3000.3124;1853.5863;2998.3835;1853.8978;3000.9153;1846.6519;3000.9694;1854.1932;3002.2769;1857.1539;3000.9105;1851.4558
3111360.0;3001.9406;1854.0142;3001.1108;1856.2036;2996.2357;1849.0127;3002.8668;1855.7881;3000.2688;1853.6182;2998.3297;1853.7869;3000.9332;1846.6982;3000.9933;1854.1638;3002.3153;1857.1208;3000.9327;1851.4082
3111380.0;3001.882;1853.9675;3001.0834;1856.4085;2996.2228;1849.0714;3002.8718;1855.757;3000.2156;1853.6459;2998.2769;1853.6766;3000.9682;1846.7891;3001.013;1854.1305;3002.3632;1857.0822;3000.9494;1851.3632
3111400.0;3001.8513;1853.8886;3001.0602;1856.5895;2996.255;1849.117;3002.8844;1855.7301;3000.1596;1853.6666;2998.2242;1853.5682;3001.0241;1846.937;3001.0281;1854.1011;3002.4242;1857.0441;3000.9614;1851.3272
3111420.0;3001.8439;1853.7888;3001.0442;1856.7338;2996.3236;1849.1388;3002.8996;1855.7003;3000.1051;1853.6844;2998.1696;1853.4647;3001.0951;1847.1317;3001.042;1854.0807;3002.4938;1857.0082;3000.9729;1851.3036
3111440.0;3001.844;1853.6876;3001.0354;1856.829;2996.4097;1849.1368;3002.9148;1855.6581;3000.0537;1853.7069;2998.112;1853.3675;3001.167;1847.3416;3001.0594;1854.0689;3002.5668;1856.9688;3000.9882;1851.2915
3111460.0;3001.8354;1853.6039;3001.0329;1856.8539;2996.4876;1849.1251;3002.9315;1855.5966;3000.0042;1853.7392;2998.0515;1853.2755;3001.2263;1847.5312;3001.0822;1854.061;3002.6425;1856.9188;3001.0093;1851.2875
3111480.0;3001.8112;1853.5476;3001.0396;1856.7735;2996.5323;1849.1274;3002.9522;1855.5138;2999.9549;1853.7809;2997.9891;1853.1877;3001.2694;1847.6835;3001.1077;1854.0511;3002.7243;1856.8549;3001.0352;1851.2892
3111500.0;3001.7712;1853.5193;3001.0639;1856.5528;2996.5279;1849.1654;3002.9765;1855.4109;2999.9063;1853.8267;2997.9244;1853.1062;3001.3019;1847.8025;3001.1309;1854.0335;3002.8126;1856.78;3001.0649;1851.2973
3111520.0;3001.715;1853.5142;3001.1135;1856.1923;2996.4744;1849.2469;3003.0004;1855.2924;2999.8616;1853.8706;2997.8552;1853.0362;3001.3307;1847.902;3001.1494;1854.0059;3002.9028;1856.7;3001.0981;1851.3145
3111540.0;3001.6405;1853.5254;3001.1857;1855.7553;2996.3873;1849.3613;3003.0197;1855.1656;2999.8257;1853.9075;2997.7773;1852.9852;3001.3579;1847.9925;3001.1657;1853.9711;3002.9846;1856.6205;3001.1353;1851.342
3111560.0;3001.5475;1853.543;3001.2648;1855.3444;2996.2902;1849.4885;3003.0336;1855.0403;2999.801;1853.931;2997.6876;1852.9632;3001.3804;1848.0769;3001.1843;1853.9363;3003.0458;1856.5446;3001.1781;1851.3769
3111580.0;3001.444;1853.5522;3001.3313;1855.0379;2996.2036;1849.6112;3003.0451;1854.9275;2999.7864;1853.9337;2997.589;1852.9792;3001.3956;1848.1524;3001.2075;1853.9091;3003.0773;1856.4732;3001.228;1851.4117
3111600.0;3001.3456;1853.5398;3001.3742;1854.8458;2996.1398;1849.7205;3003.0594;1854.8378;2999.7777;1853.9127;2997.4925;1853.0337;3001.4037;1848.2153;3001.2326;1853.8935;3003.0777;1856.4046;3001.2832;1851.4392
3111620.0;3001.2695;1853.4996;3001.3951;1854.7278;2996.1086;1849.8103;3003.0799;1854.7774;2999.7696;1853.8763;2997.4113;1853.1125;3001.4071;1848.2644;3001.2538;1853.89;3003.0564;1856.3369;3001.3382;1851.4565
3111640.0;3001.2277;1853.4357;3001.3998;1854.6382;2996.118;1849.8763;3003.1074;1854.7426;2999.757;1853.8442;2997.3525;1853.1916;3001.4082;1848.3059;3001.2665;1853.8987;3003.032;1856.2687;3001.3865;1851.465
3111660.0;3001.225;1853.3564;3001.3923;1854.5526;2996.167;1849.9224;3003.14;1854.7195;2999.7371;1853.8389;2997.3144;1853.2494;3001.4085;1848.3512;3001.2688;1853.9201;3003.0236;1856.1985;3001.4242;1851.4683
3111680.0;3001.2604;1853.2683;3001.3706;1854.4671;2996.2349;1849.9742;3003.176;1854.692;2999.7098;1853.8741;2997.2918;1853.2756;3001.4082;1848.4114;3001.2617;1853.9526;3003.0391;1856.1261;3001.4485;1851.4693
3111700.0;3001.328;1853.1747;3001.3311;1854.3846;2996.2864;1850.0763;3003.214;1854.6513;2999.6764;1853.9498;2997.28;1853.2715;3001.4065;1848.4905;3001.2477;1853.99;3003.0738;1856.0526;3001.457;1851.4695
3111720.0;3001.4204;1853.078;3001.2717;1854.3092;2996.2948;1850.2646;3003.2525;1854.5987;2999.637;1854.0549;2997.277;1853.2459;3001.401;1848.5854;3001.2299;1854.0241;3003.1181;1855.9801;3001.4481;1851.4697
3111740.0;3001.5321;1852.9834;3001.1948;1854.244;2996.2645;1850.5294;3003.2895;1854.5395;2999.5883;1854.1772;2997.2828;1853.2117;3001.386;1848.6905;3001.2107;1854.051;3003.1644;1855.9067;3001.4217;1851.4706
3111760.0;3001.6634;1852.8985;3001.1059;1854.1916;2996.2309;1850.806;3003.3237;1854.4784;2999.5258;1854.3097;2997.2977;1853.1826;3001.3546;1848.8034;3001.1929;1854.0738;3003.2101;1855.8269;3001.3772;1851.4738
3111780.0;3001.8172;1852.8308;3001.0093;1854.1575;2996.2333;1851.0136;3003.354;1854.4181;2999.4478;1854.4502;2997.3207;1853.1697;3001.3021;1848.9237;3001.1789;1854.0989;3003.2542;1855.7364;3001.3108;1851.4825
3111800.0;3001.991;1852.7806;3000.9035;1854.15;2996.2887;1851.1094;3003.3791;1854.361;2999.3592;1854.5948;2997.3474;1853.1809;3001.233;1849.049;3001.1719;1854.129;3003.2961;1855.6364;3001.2183;1851.5013
3111820.0;3002.1736;1852.7402;3000.7822;1854.1768;2996.386;1851.1089;3003.3978;1854.3106;2999.2699;1854.7355;2997.3696;1853.2201;3001.1615;1849.1736;3001.1741;1854.1597;3003.3349;1855.5325;3001.1;1851.5346
3111840.0;3002.3454;1852.6951;3000.6397;1854.2405;2996.5033;1851.0604;3003.4109;1854.27;2999.1896;1854.8632;2997.3801;1853.286;3001.1046;1849.2901;3001.1871;1854.181;3003.3701;1855.4294;3000.9631;1851.5834
3111860.0;3002.4806;1852.6333;3000.4749;1854.339;2996.6266;1851.0107;3003.4218;1854.2382;2999.122;1854.9712;2997.3783;1853.3697;3001.0732;1849.393;3001.2094;1854.1841;3003.4018;1855.329;3000.8187;1851.6433
3111880.0;3002.5579;1852.5545;3000.29;1854.4656;2996.7541;1850.9909;3003.4355;1854.2103;2999.0647;1855.0569;2997.3718;1853.4601;3001.0698;1849.4799;3001.2376;1854.1651;3003.4319;1855.2333;3000.6757;1851.7062
3111900.0;3002.576;1852.4753;3000.0878;1854.6089;2996.8916;1851.0137;3003.4548;1854.1805;2999.0138;1855.1235;2997.3708;1853.5506;3001.0929;1849.5516;3001.2678;1854.1262;3003.4616;1855.1472;3000.5379;1851.7651
3111920.0;3002.5638;1852.4213;2999.8696;1854.7539;2997.0431;1851.073;3003.4786;1854.1475;2998.9668;1855.1786;2997.3779;1853.6412;3001.1398;1849.6128;3001.2982;1854.0739;3003.4897;1855.0758;3000.404;1851.8175
3111940.0;3002.5642;1852.4092;2999.6379;1854.8863;2997.2077;1851.1422;3003.5029;1854.1158;2998.9228;1855.2318;2997.3788;1853.734;3001.2064;1849.6717;3001.3285;1854.0164;3003.5131;1855.0194;3000.2705;1851.8655
3111960.0;3002.6039;1852.4348;2999.3962;1854.9975;2997.3781;1851.1893;3003.5238;1854.091;2998.8824;1855.2883;2997.3483;1853.8273;3001.2852;1849.7362;3001.3569;1853.9621;3003.5297;1854.9754;3000.1357;1851.9109
3111980.0;3002.6787;1852.4784;2999.1492;1855.0831;2997.5434;1851.1975;3003.5412;1854.0755;2998.8475;1855.3493;2997.2648;1853.9126;3001.3652;1849.8103;3001.3801;1853.9163;3003.5409;1854.9419;3000.002;1851.9528
3112000.0;3002.7703;1852.521;2998.9008;1855.1404;2997.6931;1851.1773;3003.5586;1854.0678;2998.8223;1855.4118;2997.128;1853.9747;3001.4362;1849.8949;3001.3956;1853.8772;3003.5516;1854.9224;2999.8766;1851.9908
3112020.0;3002.867;1852.5574;2998.6549;1855.166;2997.8232;1851.1551;3003.5795;1854.0648;2998.8128;1855.469;2996.9622;1853.9981;3001.4929;1849.991;3001.4037;1853.838;3003.5656;1854.921;2999.7667;1852.0271
3112040.0;3002.9703;1852.5956;2998.4172;1855.1583;2997.9392;1851.1532;3003.6038;1854.0639;2998.8231;1855.5147;2996.8017;1853.9763;3001.5362;1850.1021;3001.4071;1853.7923;3003.5833;1854.9352;2999.6747;1852.0659
3112060.0;3003.0852;1852.6481;2998.1958;1855.1186;2998.0533;1851.1784;3003.6275;1854.0637;2998.8521;1855.5499;2996.6723;1853.9176;3001.5712;1850.2319;3001.4082;1853.7396;3003.6012;1854.9558;2999.5974;1852.1078
3112080.0;3003.2067;1852.7181;2997.9996;1855.0502;2998.1781;1851.2243;3003.6461;1854.0635;2998.8906;1855.5872;2996.5812;1853.8397;3001.6024;1850.3811;3001.4085;1853.6858;3003.6164;1854.9732;2999.5289;1852.1481
3112100.0;3003.3212;1852.7962;2997.836;1854.957;2998.3227;1851.2809;3003.6578;1854.0625;2998.9233;1855.6437;2996.5215;1853.7572;3001.6321;1850.5459;3001.4085;1853.6405;3003.6287;1854.9836;2999.4642;1852.182
3112120.0;3003.4143;1852.8648;2997.708;1854.842;2998.4902;1851.3392;3003.6637;1854.0592;2998.9367;1855.7282;2996.4835;1853.6746;3001.6613;1850.7192;3001.4085;1853.6127;3003.6398;1854.9882;2999.4008;1852.2098
3112140.0;3003.4804;1852.9119;2997.614;1854.7059;2998.6772;1851.3939;3003.6666;1854.0507;2998.927;1855.8369;2996.4644;1853.5848;3001.6906;1850.8934;3001.4085;1853.6076;3003.6498;1854.9898;2999.3378;1852.2383
3112160.0;3003.525;1852.9371;2997.5483;1854.5461;2998.873;1851.4429;3003.6694;1854.0335;2998.9021;1855.9602;2996.4681;1853.4752;3001.7194;1851.0615;3001.4085;1853.6222;3003.6569;1854.9903;2999.2756;1852.2758
3112180.0;3003.5583;1852.9476;2997.5032;1854.3608;2999.0653;1851.4878;3003.6747;1854.0059;2998.8763;1856.0878;2996.497;1853.3377;3001.745;1851.2192;3001.409;1853.6474;3003.6585;1854.9903;2999.2175;1852.3279
3112200.0;3003.5878;1852.9511;2997.471;1854.1531;2999.248;1851.5312;3003.6841;1853.9711;2998.8623;1856.2093;2996.5441;1853.1785;3001.7642;1851.3665;3001.4112;1853.6763;3003.6526;1854.9903;2999.1697;1852.3962
3112220.0;3003.6142;1852.9519;2997.4474;1853.9315;2999.4246;1851.5745;3003.697;1853.9363;2998.8659;1856.3164;2996.5944;1853.0203;3001.776;1851.5062;3001.418;1853.7059;3003.638;1854.9898;2999.1396;1852.4782
3112240.0;3003.6336;1852.9519;2997.4337;1853.7076;2999.6033;1851.618;3003.7089;1853.9087;2998.8862;1856.4066;2996.6375;1852.8889;3001.7818;1851.6408;3001.4343;1853.7328;3003.6156;1854.9886;2999.1318;1852.5685
3112260.0;3003.6408;1852.9517;2997.4382;1853.4923;2999.7891;1851.6627;3003.7138;1853.8917;2998.9207;1856.4862;2996.675;1852.7953;3001.784;1851.7695;3001.4647;1853.7488;3003.5894;1854.9852;2999.1466;1852.6611
3112280.0;3003.6338;1852.9506;2997.468;1853.3018;2999.9797;1851.7111;3003.7089;1853.8842;2998.9685;1856.5669;2996.7192;1852.7323;3001.7847;1851.8898;3001.5089;1853.7442;3003.5656;1854.9782;2999.1828;1852.7529
3112300.0;3003.6145;1852.9469;2997.5179;1853.1625;3000.1699;1851.7647;3003.697;1853.8846;2999.0305;1856.6588;2996.7842;1852.6881;3001.7848;1852.0008;3001.559;1853.7162;3003.5501;1854.9678;2999.2404;1852.8445
3112320.0;3003.5882;1852.9376;2997.5683;1853.1016;3000.3578;1851.8212;3003.6838;1853.8935;2999.1075;1856.7672;2996.8801;1852.6595;3001.785;1852.1041;3001.6032;1853.6708;3003.5456;1854.9572;2999.319;1852.934
3112340.0;3003.5586;1852.9186;2997.5987;1853.1214;3000.5483;1851.8767;3003.6733;1853.9155;2999.2005;1856.8924;2997.0086;1852.6535;3001.7857;1852.2013;3001.6336;1853.6181;3003.5488;1854.9512;2999.415;1853.0135
3112360.0;3003.5235;1852.8883;2997.6082;1853.1845;3000.7514;1851.9257;3003.6648;1853.9555;2999.3106;1857.0307;2997.1602;1852.6765;3001.7878;1852.2926;3001.6499;1853.5667;3003.5493;1854.9506;2999.5198;1853.0733
3112380.0;3003.4752;1852.85;2997.6176;1853.2294;3000.975;1851.9633;3003.6546;1854.0155;2999.4368;1857.1749;2997.3172;1852.7244;3001.7929;1852.3759;3001.6566;1853.5213;3003.5331;1854.9488;2999.624;1853.1098
3112400.0;3003.4066;1852.8117;2997.6504;1853.2108;3001.2183;1851.9879;3003.6385;1854.0917;2999.5738;1857.3187;2997.4644;1852.7829;3001.8023;1852.4485;3001.6587;1853.4814;3003.4934;1854.9367;2999.7215;1853.1273
3112420.0;3003.3191;1852.7819;2997.7107;1853.1232;3001.4714;1852.0021;3003.6156;1854.175;2999.7103;1857.4591;2997.6036;1852.8338;3001.8152;1852.5094;3001.6586;1853.4431;3003.4352;1854.9106;2999.81;1853.1326
3112440.0;3003.2227;1852.7649;2997.7831;1852.9943;3001.7205;1852.0138;3003.5883;1854.2545;2999.8324;1857.5961;2997.7522;1852.8654;3001.8271;1852.5611;3001.6565;1853.4034;3003.371;1854.8752;2999.8893;1853.1298
3112460.0;3003.1275;1852.7621;2997.8503;1852.8575;3001.9524;1852.0363;3003.5605;1854.3212;2999.9309;1857.7279;2997.9262;1852.882;3001.832;1852.6076;3001.6505;1853.3619;3003.3096;1854.8379;2999.9597;1853.1182
3112480.0;3003.0368;1852.7745;2997.9087;1852.732;3002.1541;1852.0861;3003.5335;1854.3713;3000.0045;1857.8492;2998.1224;1852.9032;3001.8271;1852.6514;3001.6376;1853.3195;3003.2525;1854.801;3000.0228;1853.0949
3112500.0;3002.9474;1852.8062;2997.9687;1852.6194;3002.3067;1852.1866;3003.5061;1854.4078;3000.0588;1857.9532;2998.3183;1852.9486;3001.8152;1852.6905;3001.6144;1853.2765;3003.1976;1854.7589;3000.081;1853.0588
3112520.0;3002.8569;1852.8588;2998.0441;1852.51;3002.3861;1852.3595;3003.4771;1854.4387;3000.1001;1858.0357;2998.4909;1853.0176;3001.8023;1852.7226;3001.5802;1853.234;3003.1454;1854.704;3000.1354;1853.0109
3112540.0;3002.7646;1852.9296;2998.1449;1852.3875;3002.3766;1852.6043;3003.4472;1854.4716;3000.133;1858.0973;2998.6348;1853.0855;3001.7929;1852.7494;3001.5378;1853.1962;3003.0973;1854.6327;3000.1824;1852.9512
3112560.0;3002.6675;1853.0127;2998.2712;1852.2363;3002.289;1852.8808;3003.4179;1854.5079;3000.1615;1858.1428;2998.7636;1853.1194;3001.7878;1852.7769;3001.4929;1853.1677;3003.0523;1854.5468;3000.2158;1852.875
3112580.0;3002.5586;1853.1046;2998.412;1852.05;3002.1664;1853.1199;3003.3901;1854.5421;3000.1896;1858.1772;2998.8974;1853.1019;3001.7857;1852.8105;3001.4507;1853.1503;3003.003;1854.4502;3000.2322;1852.7768
3112600.0;3002.4339;1853.2035;2998.546;1851.8409;3002.0627;1853.2695;3003.3651;1854.5663;3000.2192;1858.2018;2999.0516;1853.0364;3001.7848;1852.8496;3001.4133;1853.1418;3002.9385;1854.3461;3000.2367;1852.6564
3112620.0;3002.3023;1853.303;2998.6518;1851.6361;3002.0137;1853.3311;3003.3468;1854.575;3000.2498;1858.2141;2999.2314;1852.9411;3001.784;1852.887;3001.3797;1853.1385;3002.8522;1854.2379;3000.2418;1852.5209
3112640.0;3002.1819;1853.3923;2998.7196;1851.4613;3002.0259;1853.3475;3003.34;1854.5665;3000.2782;1858.2158;2999.4333;1852.8349;3001.782;1852.9128;3001.3484;1853.1374;3002.7461;1854.1302;3000.2595;1852.3817
3112660.0;3002.0874;1853.4674;2998.7543;1851.3242;3002.0867;1853.3608;3003.3468;1854.5433;3000.2997;1858.2159;2999.6462;1852.7293;3001.7772;1852.9195;3001.32;1853.1372;3002.6297;1854.0271;3000.2924;1852.2509
3112680.0;3002.0205;1853.5367;2998.7687;1851.2135;3002.1776;1853.387;3003.3651;1854.5128;3000.3097;1858.2264;2999.854;1852.6293;3001.7683;1852.9013;3001.2948;1853.1372;3002.514;1853.9311;3000.3327;1852.1383
3112700.0;3001.973;1853.6153;2998.7748;1851.1105;3002.2824;1853.4211;3003.3901;1854.4867;3000.3037;1858.2538;3000.0412;1852.5419;3001.7554;1852.8547;3001.2714;1853.1372;3002.4068;1853.8447;3000.37;1852.0485
3112720.0;3001.931;1853.7118;2998.7812;1851.0006;3002.3896;1853.4527;3003.4179;1854.4764;3000.2797;1858.2976;3000.1951;1852.4864;3001.7406;1852.7816;3001.2467;1853.1372;3002.312;1853.7701;3000.4004;1851.9787
3112740.0;3001.8798;1853.8204;2998.795;1850.876;3002.4946;1853.4788;3003.4469;1854.4867;3000.2392;1858.3553;3000.304;1852.4905;3001.7253;1852.694;3001.2198;1853.1376;3002.2304;1853.7068;3000.4268;1851.9232
3112760.0;3001.8083;1853.9259;2998.8231;1850.7329;3002.602;1853.5025;3003.4757;1854.5132;3000.1878;1858.4244;3000.3565;1852.5691;3001.7071;1852.6105;3001.1921;1853.1393;3002.1603;1853.6498;3000.4534;1851.8775
3112780.0;3001.7159;1854.013;2998.8672;1850.5721;3002.7183;1853.5328;3003.5013;1854.5459;3000.1365;1858.499;3000.3449;1852.7086;3001.6809;1852.5454;3001.1652;1853.1443;3002.0995;1853.5915;3000.4796;1851.8389
3112800.0;3001.6205;1854.0747;2998.9199;1850.4012;3002.8442;1853.5788;3003.5206;1854.576;3000.0984;1858.5683;3000.2706;1852.8705;3001.6429;1852.4999;3001.1383;1853.1563;3002.047;1853.5283;3000.5008;1851.8025
3112820.0;3001.5497;1854.1186;2998.9655;1850.2355;3002.9695;1853.6485;3003.5324;1854.6024;3000.0827;1858.6214;3000.1397;1853.0154;3001.5937;1852.4667;3001.1104;1853.1787;3002.0021;1853.4645;3000.5126;1851.762
3112840.0;3001.5261;1854.1699;2998.988;1850.0914;3003.0765;1853.751;3003.5381;1854.6299;3000.0891;1858.6548;2999.9535;1853.1233;3001.5366;1852.4392;3001.0832;1853.2114;3001.965;1853.4083;3000.5126;1851.713
3112860.0;3001.5549;1854.2649;2998.9806;1849.9779;3003.1527;1853.8919;3003.5404;1854.6635;3000.1096;1858.6739;2999.7091;1853.1984;3001.4749;1852.415;3001.0604;1853.2484;3001.9353;1853.3669;3000.5003;1851.6565
3112880.0;3001.6244;1854.435;2998.9463;1849.8956;3003.2027;1854.06;3003.5411;1854.7028;3000.1352;1858.6886;2999.4124;1853.2565;3001.411;1852.391;3001.045;1853.281;3001.9106;1853.3417;3000.4771;1851.5973
3112900.0;3001.7145;1854.687;2998.8959;1849.8367;3003.2482;1854.2227;3003.5412;1854.7413;3000.1615;1858.7077;2999.0883;1853.3139;3001.3457;1852.3594;3001.0368;1853.3033;3001.887;1853.3289;3000.4452;1851.5396
3112920.0;3001.8054;1854.9989;2998.843;1849.7896;3003.3129;1854.3442;3003.5413;1854.7719;3000.1883;1858.7356;2998.7752;1853.3793;3001.2792;1852.3091;3001.0327;1853.3143;3001.8615;1853.3223;3000.4056;1851.4826
3112940.0;3001.8846;1855.3371;2998.7971;1849.7448;3003.4051;1854.4099;3003.542;1854.7918;3000.2153;1858.7702;2998.5076;1853.4523;3001.2114;1852.2307;3001.0293;1853.3162;3001.8353;1853.3159;3000.356;1851.4184
3112960.0;3001.9497;1855.6748;2998.7565;1849.7024;3003.515;1854.4346;3003.5443;1854.8045;3000.24;1858.804;2998.301;1853.528;3001.1434;1852.1223;3001.0233;1853.3103;3001.8129;1853.3035;3000.2932;1851.3372
3112980.0;3002.0081;1855.9983;2998.7075;1849.6757;3003.6246;1854.446;3003.55;1854.8167;3000.2589;1858.8283;2998.1497;1853.6004;3001.078;1851.9911;3001.0115;1853.2968;3001.7977;1853.281;3000.2185;1851.2363
3113000.0;3002.0726;1856.3001;2998.6347;1849.6811;3003.7207;1854.4654;3003.5617;1854.835;3000.2706;1858.837;2998.0358;1853.6647;3001.0197;1851.8518;3000.9921;1853.2778;3001.7896;1853.2484;3000.1383;1851.1254
3113020.0;3002.1538;1856.5734;2998.5332;1849.7244;3003.7971;1854.5042;3003.5803;1854.8628;3000.2766;1858.8283;2997.9415;1853.7166;3000.973;1851.7208;3000.9662;1853.2603;3001.7862;1853.2118;3000.0603;1851.0185
3113040.0;3002.2618;1856.8124;2998.4111;1849.7952;3003.8511;1854.567;3003.6039;1854.8976;3000.2801;1858.804;2997.8557;1853.7516;3000.9404;1851.6094;3000.9362;1853.254;3001.7851;1853.1808;2999.9891;1850.9209
3113060.0;3002.4048;1857.0034;2998.2815;1849.8759;3003.8807;1854.6632;3003.6275;1854.9324;3000.2849;1858.7702;2997.7737;1853.7701;3000.9211;1851.5196;3000.9035;1853.2642;3001.7846;1853.1633;2999.9247;1850.8238
3113080.0;3002.583;1857.1202;2998.1534;1849.9523;3003.8874;1854.8071;3003.6461;1854.96;3000.2954;1858.7356;2997.6951;1853.7804;3000.9117;1851.4471;3000.8667;1853.2895;3001.7837;1853.1633;2999.8644;1850.7142
3113100.0;3002.7785;1857.1327;2998.0305;1850.0197;3003.8793;1855.0041;3003.6578;1854.9772;3000.3166;1858.7081;2997.6197;1853.7941;3000.908;1851.3858;3000.8234;1853.3242;3001.7815;1853.1808;2999.805;1850.5892
3113120.0;3002.956;1857.0343;2997.9133;1850.0803;3003.869;1855.23;3003.6637;1854.9857;3000.3515;1858.6908;2997.5466;1853.8156;3000.9069;1851.3309;3000.7732;1853.364;3001.7767;1853.2118;2999.7451;1850.4584
3113140.0;3003.0802;1856.8558;2997.7965;1850.1426;3003.866;1855.4312;3003.6666;1854.989;3000.3986;1858.6823;2997.4751;1853.8401;3000.9067;1851.2776;3000.7185;1853.4061;3001.7697;1853.2484;2999.6849;1850.3344
3113160.0;3003.1374;1856.6487;2997.6628;1850.2262;3003.8726;1855.5563;3003.6696;1854.9902;3000.4525;1858.6788;2997.4072;1853.8597;3000.9067;1851.2197;3000.6638;1853.4491;3001.7627;1853.2814;2999.6261;1850.2245
3113180.0;3003.1384;1856.4514;2997.4868;1850.3571;3003.885;1855.5914;3003.6755;1854.9914;3000.5072;1858.6769;2997.3468;1853.8711;3000.9067;1851.1523;3000.6135;1853.4921;3001.7598;1853.3053;2999.5707;1850.1299
3113200.0;3003.1018;1856.2764;2997.2532;1850.5514;3003.8979;1855.5644;3003.6871;1854.9943;3000.5582;1858.6735;2997.2963;1853.8762;3000.9067;1851.0744;3000.5703;1853.5354;3001.7625;1853.3222;2999.5207;1850.0493
3113220.0;3003.039;1856.1184;2996.974;1850.7995;3003.9072;1855.5176;3003.7058;1855.002;3000.6034;1858.6648;2997.252;1853.878;3000.9067;1850.9892;3000.5335;1853.5779;3001.7683;1853.3397;2999.4782;1849.9809
3113240.0;3002.9517;1855.9677;2996.6829;1851.0701;3003.9124;1855.4826;3003.7295;1855.0177;3000.6417;1858.646;2997.2054;1853.8784;3000.9067;1850.9009;3000.5008;1853.6157;3001.7719;1853.367;2999.4453;1849.9229
3113260.0;3002.8388;1855.8176;2996.4111;1851.3321;3003.9158;1855.4717;3003.7538;1855.0435;3000.6726;1858.6127;2997.1489;1853.8784;3000.9067;1850.8121;3000.4709;1853.6444;3001.7686;1853.4106;2999.4223;1849.8748
3113280.0;3002.7056;1855.667;2996.1709;1851.5712;3003.9245;1855.4786;3003.7747;1855.0782;3000.6945;1858.5639;2997.0789;1853.8784;3000.9068;1850.7239;3000.4457;1853.6629;3001.7556;1853.4722;2999.4073;1849.8366
3113300.0;3002.5638;1855.5209;2995.9599;1851.7867;3003.9499;1855.4873;3003.7921;1855.118;3000.7063;1858.504;2996.9974;1853.8784;3000.9075;1850.6374;3000.4286;1853.6753;3001.7344;1853.5491;2999.3955;1849.8063
3113320.0;3002.4265;1855.3846;2995.7718;1851.981;3004.0011;1855.4818;3003.8097;1855.1605;3000.7105;1858.4411;2996.9105;1853.8788;3000.9097;1850.5557;3000.4225;1853.689;3001.7093;1853.636;2999.3816;1849.7776
3113340.0;3002.3024;1855.257;2995.6013;1852.1553;3004.0782;1855.4569;3003.8312;1855.2057;3000.7133;1858.3822;2996.825;1853.8805;3000.9155;1850.4836;3000.4284;1853.7122;3001.6862;1853.7278;2999.3622;1849.7444
3113360.0;3002.1947;1855.1316;2995.4426;1852.3128;3004.1681;1855.4196;3003.8579;1855.2551;3000.7203;1858.3298;2996.7449;1853.8859;3000.9272;1850.4247;3000.4448;1853.7513;3001.6677;1853.8193;2999.3385;1849.7045
3113380.0;3002.1044;1855.0058;2995.2898;1852.462;3004.2532;1855.3805;3003.8881;1855.3108;3000.7299;1858.282;2996.6692;1853.8997;3000.9458;1850.3783;3000.4677;1853.8068;3001.6508;1853.9059;2999.3149;1849.6595
3113400.0;3002.0326;1854.8825;2995.1411;1852.6131;3004.3218;1855.3442;3003.9209;1855.3757;3000.7345;1858.2378;2996.5964;1853.9283;3000.9695;1850.3385;3000.4912;1853.8727;3001.6291;1853.9842;2999.2963;1849.6112
3113420.0;3001.98;1854.7651;2994.9994;1852.7713;3004.373;1855.3086;3003.9576;1855.4519;3000.7265;1858.1994;2996.527;1853.9772;3000.9938;1850.2976;3000.5098;1853.938;3001.5966;1854.0539;2999.2846;1849.5577
3113440.0;3001.9459;1854.6533;2994.8713;1852.9337;3004.4134;1855.2704;3003.9998;1855.5369;3000.7049;1858.1709;2996.4656;1854.048;3001.0148;1850.2525;3000.5215;1853.9927;3001.5512;1854.1183;2999.2789;1849.4953
3113460.0;3001.9282;1854.5428;2994.7647;1853.0922;3004.4509;1855.2316;3004.0461;1855.6219;3000.6753;1858.1534;2996.4175;1854.1375;3001.033;1850.2046;3000.5274;1854.0326;3001.4966;1854.1824;2999.2766;1849.4218
3113480.0;3001.9235;1854.4291;2994.6901;1853.2412;3004.4889;1855.1989;3004.0915;1855.6981;3000.6453;1858.1449;2996.3865;1854.2379;3001.0529;1850.1569;3000.5303;1854.0611;3001.4403;1854.2521;2999.2761;1849.3378
3113500.0;3001.9266;1854.3083;2994.6612;1853.3814;3004.5283;1855.1786;3004.1299;1855.763;3000.6204;1858.1416;2996.3728;1854.3388;3001.081;1850.1104;3000.5332;1854.0864;3001.3905;1854.3308;2999.2766;1849.2474
3113520.0;3001.9312;1854.1782;2994.6883;1853.5157;3004.5701;1855.1742;3004.1581;1855.8187;3000.6024;1858.1406;2996.3749;1854.4293;3001.1218;1850.0666;3000.5391;1854.1158;3001.3513;1854.4172;2999.2787;1849.1578
3113540.0;3001.9297;1854.0403;2994.7649;1853.6426;3004.6164;1855.1903;3004.1784;1855.8681;3000.5916;1858.1404;2996.39;1854.5012;3001.1769;1850.0303;3000.5505;1854.1515;3001.3224;1854.5046;2999.2838;1849.0789
3113560.0;3001.9162;1853.8995;2994.8629;1853.7567;3004.6652;1855.2362;3004.1959;1855.9135;3000.5898;1858.1404;2996.4165;1854.5507;3001.2459;1850.0086;3000.5681;1854.1915;3001.3011;1854.5858;2999.2935;1849.0197
3113580.0;3001.8865;1853.7542;2994.9468;1853.8548;3004.709;1855.3238;3004.2153;1855.957;3000.599;1858.1404;2996.4551;1854.5797;3001.3269;1850.009;3000.588;1854.2335;3001.2847;1854.657;2999.3075;1848.9842
3113600.0;3001.8389;1853.5843;2994.9963;1853.9399;3004.7406;1855.4616;3004.2374;1856.0002;3000.6181;1858.1404;2996.5072;1854.5937;3001.4159;1850.0365;3000.6021;1854.2766;3001.2715;1854.7167;2999.3228;1848.9681
3113620.0;3001.771;1853.3257;2995.0143;1854.0172;3004.7612;1855.6478;3004.2595;1856.0433;3000.6435;1858.1404;2996.5722;1854.5987;3001.5083;1850.0899;3000.6009;1854.3191;3001.262;1854.7654;2999.3358;1848.9617
3113640.0;3001.6774;1852.856;2995.015;1854.088;3004.7825;1855.8744;3004.2785;1856.0866;3000.6726;1858.1404;2996.6477;1854.5987;3001.6009;1850.1581;3000.5782;1854.3569;3001.2585;1854.8071;2999.3461;1848.9559
3113660.0;3001.5504;1852.0191;2995.0101;1854.1501;3004.8205;1856.1357;3004.2948;1856.131;3000.7044;1858.1408;2996.7311;1854.5941;3001.6927;1850.2207;3000.5334;1854.3854;3001.2623;1854.8495;2999.3563;1848.9461
3113680.0;3001.382;1850.712;2995.0041;1854.2027;3004.8859;1856.4252;3004.3116;1856.1771;3000.7388;1858.1424;2996.8222;1854.5817;3001.7835;1850.2563;3000.4704;1854.403;3001.2726;1854.8971;2999.3685;1848.9315
3113700.0;3001.1683;1848.9934;2995.0;1854.2496;3004.9783;1856.7206;3004.3323;1856.2243;3000.7747;1858.1474;2996.923;1854.5576;3001.8711;1850.2536;3000.3971;1854.4125;3001.2881;1854.9454;2999.3811;1848.913
3113720.0;3000.9123;1847.1048;2995.0056;1854.3;3005.0855;1856.9769;3004.3567;1856.2719;3000.8122;1858.1595;2997.0358;1854.5199;3001.9525;1850.2158;3000.3235;1854.4191;3001.3093;1854.9839;2999.3913;1848.891
3113740.0;3000.6322;1845.3839;2995.0295;1854.3619;3005.1919;1857.1491;3004.381;1856.3206;3000.8521;1858.1819;2997.1624;1854.4709;3002.0262;1850.156;3000.2599;1854.4287;3001.3374;1855.0069;2999.3974;1848.8629
3113760.0;3000.3754;1844.1435;2995.0712;1854.4358;3005.2866;1857.2266;3004.4018;1856.3708;3000.8944;1858.2145;2997.3041;1854.4158;3002.0924;1850.09;3000.2141;1854.4465;3001.3722;1855.0206;2999.4008;1848.8229
3113780.0;3000.2244;1843.6082;2995.1141;1854.5108;3005.3669;1857.2376;3004.4185;1856.4209;3000.9369;1858.2516;2997.4627;1854.3607;3002.1516;1850.029;3000.1894;1854.4759;3001.4113;1855.0368;2999.404;1848.7647
3113800.0;3000.269;1843.8806;2995.1346;1854.5688;3005.4326;1857.2232;3004.4337;1856.4694;3000.9762;1858.284;2997.639;1854.313;3002.204;1849.9766;3000.1849;1854.5162;3001.4508;1855.0631;2999.4101;1848.6882
3113820.0;3000.553;1844.8956;2995.1176;1854.5969;3005.4845;1857.2099;3004.4488;1856.5161;3001.0098;1858.3054;2997.8301;1854.2771;3002.2503;1849.9309;3000.1965;1854.564;3001.4865;1855.0988;2999.4219;1848.6015
3113840.0;3001.0353;1846.4035;2995.0641;1854.5939;3005.524;1857.2074;3004.4615;1856.5605;3001.039;1858.3141;2998.0316;1854.2551;3002.2954;1849.8899;3000.2175;1854.6151;3001.5144;1855.1391;2999.4412;1848.5194
3113860.0;3001.6025;1848.0493;2994.9846;1854.5671;3005.5538;1857.2172;3004.4665;1856.5999;3001.0672;1858.3106;2998.2319;1854.2387;3002.3478;1849.8552;3000.2404;1854.6644;3001.5335;1855.1818;2999.4673;1848.4574
3113880.0;3002.1289;1849.5316;2994.8909;1854.5246;3005.5787;1857.2414;3004.4615;1856.6316;3001.0968;1858.2948;2998.4136;1854.205;3002.4155;1849.8303;3000.2589;1854.7033;3001.5472;1855.2275;2999.498;1848.4282
3113900.0;3002.5298;1850.7026;2994.7911;1854.4723;3005.6016;1857.279;3004.4488;1856.6567;3001.1287;1858.2665;2998.5617;1854.1237;3002.4999;1849.8178;3000.2706;1854.7202;3001.5627;1855.2761;2999.5328;1848.4342
3113920.0;3002.7746;1851.5544;2994.6905;1854.4144;3005.6252;1857.325;3004.4337;1856.6809;3001.1642;1858.2279;2998.683;1853.9844;3002.5938;1849.8188;3000.2763;1854.7071;3001.5894;1855.3285;2999.5748;1848.462
3113940.0;3002.8686;1852.139;2994.5935;1854.354;3005.6523;1857.3744;3004.4185;1856.71;3001.2072;1858.1826;2998.8138;1853.8254;3002.6862;1849.8351;3000.2787;1854.6646;3001.634;1855.388;2999.6282;1848.4866
3113960.0;3002.8338;1852.5093;2994.5019;1854.2925;3005.6842;1857.4257;3004.4018;1856.7457;3001.263;1858.1326;2998.9954;1853.7208;3002.7694;1849.8693;3000.2801;1854.6023;3001.6973;1855.4583;2999.6938;1848.4851
3113980.0;3002.7038;1852.7129;2994.415;1854.2297;3005.7214;1857.4813;3004.381;1856.7858;3001.3332;1858.0757;2999.2371;1853.7268;3002.8415;1849.9236;3000.2823;1854.5325;3001.7727;1855.5367;2999.7672;1848.4516
3114000.0;3002.5198;1852.7988;2994.329;1854.163;3005.7621;1857.5409;3004.3569;1856.828;3001.4128;1858.0087;2999.5059;1853.8365;3002.9038;1849.9975;3000.2874;1854.462;3001.8499;1855.6113;2999.8412;1848.3979
3114020.0;3002.3229;1852.8252;2994.2411;1854.0903;3005.8021;1857.5985;3004.3339;1856.8721;3001.4923;1857.9318;2999.7477;1853.991;3002.9582;1850.0879;3000.2967;1854.3888;3001.92;1855.6694;2999.911;1848.3407
3114040.0;3002.1455;1852.8511;2994.151;1854.0097;3005.8356;1857.6453;3004.3175;1856.9179;3001.563;1857.8502;2999.912;1854.1275;3003.0077;1850.189;3000.3089;1854.3059;3001.9795;1855.7067;2999.9754;1848.2889
3114060.0;3002.0134;1852.9302;2994.059;1853.919;3005.8589;1857.6779;3004.3116;1856.9642;3001.6224;1857.7714;2999.9676;1854.2156;3003.0578;1850.2943;3000.3186;1854.2091;3002.0296;1855.7292;3000.0334;1848.2432
3114080.0;3001.9479;1853.1044;2993.9623;1853.8167;3005.8731;1857.7013;3004.3175;1857.0099;3001.6755;1857.7031;2999.9119;1854.2623;3003.1177;1850.3953;3000.3177;1854.1014;3002.0728;1855.748;3000.0824;1848.2033
3114100.0;3001.9624;1853.3963;2993.8575;1853.7063;3005.8849;1857.7244;3004.3339;1857.0548;3001.7288;1857.6509;2999.7728;1854.2894;3003.1967;1850.4823;3000.3011;1853.9908;3002.1107;1855.7726;3000.1197;1848.1718
3114120.0;3002.054;1853.798;2993.7464;1853.597;3005.8996;1857.756;3004.3568;1857.0984;3001.785;1857.6165;2999.603;1854.3157;3003.2993;1850.5461;3000.2706;1853.8833;3002.1446;1855.806;3000.146;1848.1512
3114140.0;3002.2031;1854.2687;2993.638;1853.4997;3005.9178;1857.8025;3004.3802;1857.1377;3001.8409;1857.5975;2999.4496;1854.3454;3003.4204;1850.5837;3000.2342;1853.7811;3002.1764;1855.8444;3000.1656;1848.1404
3114160.0;3002.381;1854.7506;2993.5439;1853.4204;3005.9386;1857.8666;3004.3989;1857.1701;3001.8927;1857.5888;2999.3329;1854.3712;3003.5439;1850.6048;3000.2019;1853.684;3002.2084;1855.8816;3000.1819;1848.1359
3114180.0;3002.5611;1855.2014;2993.4721;1853.361;3005.9644;1857.9425;3004.4105;1857.1979;3001.9406;1857.5856;2999.246;1854.383;3003.6493;1850.6285;3000.1805;1853.5927;3002.2416;1855.9149;3000.1931;1848.1342
3114200.0;3002.7248;1855.6164;2993.4246;1853.3245;3006.0001;1858.017;3004.4163;1857.2287;3001.9877;1857.5847;2999.174;1854.3742;3003.7229;1850.6706;3000.1724;1853.5094;3002.277;1855.9471;3000.1939;1848.1328
3114220.0;3002.861;1856.0184;2993.3977;1853.3128;3006.0508;1858.0757;3004.4185;1857.2708;3002.0358;1857.5845;2999.114;1854.343;3003.7645;1850.734;3000.1778;1853.4369;3002.3177;1855.9815;3000.182;1848.1293
3114240.0;3002.9634;1856.4236;2993.3842;1853.3232;3006.1175;1858.1124;3004.4192;1857.3273;3002.084;1857.5849;2999.0773;1854.291;3003.7832;1850.8091;3000.1948;1853.3759;3002.3672;1856.0164;3000.1636;1848.1198
3114260.0;3003.0314;1856.8209;2993.3764;1853.3497;3006.1972;1858.131;3004.4194;1857.3934;3002.1309;1857.5868;2999.0746;1854.2232;3003.7899;1850.8858;3000.2199;1853.3243;3002.4264;1856.0462;3000.153;1848.0988
3114280.0;3003.0727;1857.1757;2993.3666;1853.3846;3006.2834;1858.1394;3004.4194;1857.4585;3002.1775;1857.5929;2999.1036;1854.1463;3003.7918;1850.9606;3000.2491;1853.2777;3002.491;1856.0664;3000.1647;1848.0598
3114300.0;3003.1033;1857.454;2993.3503;1853.4214;3006.3694;1858.1466;3004.4194;1857.5123;3002.2249;1857.6081;2999.1504;1854.0664;3003.7922;1851.0357;3000.2794;1853.234;3002.5544;1856.0772;3000.2054;1847.9975
3114320.0;3003.1386;1857.6411;2993.3264;1853.4552;3006.4529;1858.1599;3004.4192;1857.5492;3002.2708;1857.6379;2999.2038;1853.986;3003.7929;1851.1133;3000.3097;1853.1949;3002.6136;1856.0817;3000.2724;1847.9074
3114340.0;3003.1813;1857.7431;2993.2991;1853.4878;3006.5389;1858.1883;3004.4185;1857.5701;3002.3098;1857.6839;2999.2654;1853.9017;3003.7952;1851.1933;3000.3392;1853.1632;3002.6701;1856.0832;3000.3581;1847.7855
3114360.0;3003.2177;1857.7808;2993.2781;1853.5327;3006.6361;1858.2403;3004.4163;1857.5797;3002.3409;1857.7398;2999.3436;1853.8038;3003.8009;1851.2725;3000.3657;1853.1372;3002.7269;1856.0835;3000.4544;1847.6324
3114380.0;3003.2249;1857.7779;2993.2768;1853.6149;3006.7495;1858.3202;3004.4105;1857.5833;3002.371;1857.7963;2999.4415;1853.684;3003.8129;1851.346;3000.3873;1853.1115;3002.7835;1856.0835;3000.5507;1847.4605
3114400.0;3003.185;1857.7518;2993.3076;1853.7583;3006.873;1858.4207;3004.3989;1857.5843;3002.411;1857.85;2999.5481;1853.543;3003.8332;1851.4103;3000.4049;1853.0806;3002.8345;1856.0835;3000.632;1847.295
3114420.0;3003.0931;1857.7073;2993.3747;1853.9688;3006.9899;1858.5222;3004.3802;1857.5845;3002.4655;1857.9057;2999.6407;1853.3904;3003.8624;1851.4667;3000.4221;1853.0446;3002.8737;1856.0835;3000.6827;1847.1605
3114440.0;3002.954;1857.6373;2993.4679;1854.2249;3007.0834;1858.6021;3004.3566;1857.5847;3002.53;1857.9675;2999.6953;1853.2343;3003.9008;1851.5204;3000.4423;1853.0084;3002.8996;1856.0835;3000.6936;1847.0655
3114460.0;3002.7749;1857.5304;2993.5663;1854.4896;3007.1482;1858.65;3004.3331;1857.5856;3002.5958;1858.0297;2999.6997;1853.0741;3003.9512;1851.5755;3000.4645;1852.9772;3002.9159;1856.0835;3000.665;1846.9995
3114480.0;3002.5595;1857.379;2993.6497;1854.7318;3007.1924;1858.6723;3004.3144;1857.5886;3002.6579;1858.081;2999.6593;1852.9023;3004.0165;1851.6308;3000.4832;1852.9506;3002.9275;1856.0835;3000.6027;1846.947
3114500.0;3002.3101;1857.1863;2993.709;1854.9392;3007.2277;1858.6836;3004.3027;1857.5962;3002.7168;1858.1142;2999.5913;1852.7127;3004.0952;1851.6836;3000.4924;1852.9232;3002.9358;1856.0835;3000.5145;1846.9012
3114520.0;3002.034;1856.9659;2993.7483;1855.1144;3007.2619;1858.6996;3004.297;1857.6117;3002.7746;1858.1311;2999.5105;1852.5059;3004.1789;1851.7365;3000.4912;1852.8895;3002.939;1856.0835;3000.4103;1846.8641
3114540.0;3001.7469;1856.7369;2993.7786;1855.265;3007.2977;1858.7352;3004.2947;1857.6365;3002.8312;1858.1378;2999.4207;1852.2905;3004.2575;1851.7978;3000.485;1852.8498;3002.936;1856.0835;3000.302;1846.8394
3114560.0;3001.4676;1856.5166;2993.8091;1855.397;3007.3355;1858.7998;3004.2941;1857.6681;3002.8852;1858.14;2999.3198;1852.0794;3004.3264;1851.8745;3000.4823;1852.8097;3002.9291;1856.084;3000.1995;1846.8262
3114580.0;3001.2098;1856.3155;2993.8434;1855.5109;3007.3745;1858.8852;3004.2939;1857.7004;3002.9366;1858.1404;2999.2091;1851.8849;3004.3863;1851.9671;3000.4879;1852.7744;3002.9221;1856.0856;3000.1057;1846.8207
3114600.0;3000.9775;1856.1379;2993.8799;1855.6028;3007.4126;1858.9596;3004.2941;1857.7286;3002.9869;1858.1406;2999.0952;1851.7125;3004.4384;1852.0701;3000.5;1852.7434;3002.9173;1856.0906;3000.0178;1846.8189
3114620.0;3000.7682;1855.9831;2993.9138;1855.6686;3007.4517;1858.973;3004.2947;1857.7526;3003.036;1858.1416;2998.9861;1851.5589;3004.4812;1852.1768;3000.5129;1852.7116;3002.9153;1856.1026;2999.9333;1846.8186
3114640.0;3000.5758;1855.8455;2993.9389;1855.7113;3007.5021;1858.869;3004.297;1857.7775;3003.0809;1858.1449;2998.8845;1851.4175;3004.512;1852.2815;3000.5223;1852.6753;3002.9156;1856.125;2999.8532;1846.8198
3114660.0;3000.3894;1855.7143;2993.9492;1855.7412;3007.5774;1858.6186;3004.3027;1857.808;3003.1176;1858.1534;2998.7871;1851.2874;3004.5305;1852.3814;3000.5275;1852.637;3002.9187;1856.1577;2999.7806;1846.8234
3114680.0;3000.1942;1855.5779;2993.9434;1855.7708;3007.682;1858.2549;3004.3144;1857.8437;3003.1449;1858.1707;2998.6864;1851.1759;3004.5398;1852.4767;3000.5303;1852.6032;3002.9268;1856.1947;2999.7171;1846.8332
3114700.0;2999.9795;1855.4313;2993.927;1855.8067;3007.8023;1857.8785;3004.3331;1857.8787;3003.1661;1858.1982;2998.5764;1851.0922;3004.5436;1852.5699;3000.5331;1852.5778;3002.9423;1856.2273;2999.6593;1846.8539
3114720.0;2999.7462;1855.2804;2993.9097;1855.8471;3007.9101;1857.5914;3004.3568;1857.9063;3003.1887;1858.2331;2998.4584;1851.0361;3004.5454;1852.6648;3000.5383;1852.5581;3002.9655;1856.2498;2999.5987;1846.8902
3114740.0;2999.5056;1855.1358;2993.9001;1855.8861;3007.9743;1857.4052;3004.381;1857.9235;3003.2202;1858.2681;2998.3426;1851.002;3004.5479;1852.7653;3000.5477;1852.5376;3002.9937;1856.2618;2999.5256;1846.9435
3114760.0;2999.2693;1855.0033;2993.9037;1855.9179;3007.9747;1857.2389;3004.4019;1857.932;3003.2646;1858.2966;2998.2392;1850.9894;3004.5539;1852.8747;3000.5606;1852.5112;3003.0228;1856.2673;2999.4372;1847.0119
3114780.0;2999.0428;1854.8798;2993.9237;1855.9391;3007.9109;1857.0098;3004.4194;1857.9353;3003.3209;1858.3172;2998.1504;1851.004;3004.567;1852.997;3000.5725;1852.4794;3003.0498;1856.2707;2999.3406;1847.0903
3114800.0;2998.8274;1854.7585;2993.9599;1855.948;3007.8065;1856.7079;3004.4368;1857.9364;3003.3849;1858.3342;2998.07;1851.0446;3004.5904;1853.1386;3000.5775;1852.4481;3003.0719;1856.2766;2999.2476;1847.1711
3114820.0;2998.6248;1854.6353;2994.007;1855.9457;3007.7011;1856.3824;3004.4577;1857.9366;3003.4514;1858.3549;2997.9931;1851.0899;3004.6274;1853.3093;3000.5728;1852.4233;3003.0854;1856.2898;2999.1646;1847.2448
3114840.0;2998.4405;1854.5107;2994.0553;1855.937;3007.6324;1856.0895;3004.482;1857.9366;3003.5151;1858.3844;2997.9218;1851.1098;3004.6814;1853.5195;3000.562;1852.4078;3003.0876;1856.3145;2999.0889;1847.3035
3114860.0;2998.2842;1854.3895;2994.096;1855.9276;3007.6208;1855.8539;3004.5057;1857.9366;3003.5708;1858.4224;2997.8617;1851.088;3004.7562;1853.7692;3000.5525;1852.4001;3003.0814;1856.3504;2999.0129;1847.3448
3114880.0;2998.1661;1854.2796;2994.1277;1855.9213;3007.6637;1855.6735;3004.5245;1857.9364;3003.614;1858.4649;2997.8139;1851.0308;3004.8553;1854.0401;3000.5512;1852.3971;3003.0756;1856.3911;2998.9311;1847.3725
3114900.0;2998.0955;1854.1927;2994.1555;1855.918;3007.7451;1855.534;3004.5368;1857.9353;3003.6442;1858.5084;2997.7746;1850.9543;3004.975;1854.2968;3000.5613;1852.3962;3003.079;1856.427;2998.84;1847.3931
3114920.0;2998.0797;1854.1392;2994.1855;1855.9159;3007.8492;1855.4161;3004.5448;1857.9318;3003.6653;1858.552;2997.7373;1850.8693;3005.0971;1854.5025;3000.5813;1852.396;3003.0941;1856.4517;2998.7377;1847.4093
3114940.0;2998.1214;1854.1264;2994.2203;1855.9122;3007.9692;1855.3123;3004.5528;1857.9224;3003.6838;1858.5969;2997.6973;1850.7771;3005.1902;1854.6385;3000.6057;1852.396;3003.116;1856.4649;2998.6266;1847.4216
3114960.0;2998.212;1854.156;2994.2593;1855.9037;3008.1047;1855.2302;3004.5653;1857.9022;3003.7047;1858.6436;2997.6517;1850.6737;3005.2243;1854.7126;3000.6274;1852.3964;3003.137;1856.4704;2998.5152;1847.4326
3114980.0;2998.3298;1854.2219;2994.3014;1855.8861;3008.2559;1855.1849;3004.5848;1857.867;3003.7279;1858.6918;2997.5995;1850.5593;3005.1917;1854.7521;3000.6415;1852.3979;3003.1519;1856.4722;2998.4169;1847.4459
3115000.0;2998.4476;1854.3073;2994.3475;1855.8569;3008.4189;1855.1927;3004.6106;1857.8168;3003.7485;1858.7398;2997.5395;1850.4409;3005.1108;1854.7849;3000.6462;1852.4024;3003.1601;1856.4727;2998.3412;1847.4619
3115020.0;2998.5462;1854.39;2994.4008;1855.8166;3008.5891;1855.2515;3004.64;1857.7581;3003.7599;1858.7828;2997.4698;1850.3327;3005.0099;1854.8272;3000.6416;1852.413;3003.1635;1856.4727;2998.2867;1847.4761
3115040.0;2998.622;1854.4561;2994.4662;1855.7676;3008.7633;1855.326;3004.6704;1857.7022;3003.7591;1858.8134;2997.3885;1850.2496;3004.9094;1854.8832;3000.6282;1852.4323;3003.1646;1856.4727;2998.2422;1847.486
3115060.0;2998.6843;1854.5092;2994.5464;1855.7105;3008.9351;1855.355;3004.7014;1857.6613;3003.7486;1858.8248;2997.2971;1850.1983;3004.8177;1854.9492;3000.6088;1852.4582;3003.1651;1856.4727;2998.1961;1847.496
3115080.0;2998.7454;1854.5638;2994.6396;1855.6416;3009.089;1855.2776;3004.733;1857.6433;3003.7353;1858.8145;2997.2028;1850.1768;3004.7368;1855.0187;3000.5902;1852.4817;3003.1663;1856.4727;2998.1439;1847.5111
3115100.0;2998.8106;1854.6318;2994.74;1855.5563;3009.2087;1855.0616;3004.7646;1857.6484;3003.7242;1858.7869;2997.1164;1850.1791;3004.6655;1855.0861;3000.582;1852.4887;3003.1701;1856.4722;2998.0893;1847.5309
3115120.0;2998.8756;1854.7158;2994.8442;1855.4524;3009.2839;1854.7017;3004.7956;1857.6681;3003.7148;1858.7515;2997.0463;1850.2004;3004.6006;1855.1511;3000.5912;1852.4662;3003.1793;1856.4704;2998.037;1847.5517
3115140.0;2998.9289;1854.8135;2994.9548;1855.3328;3009.314;1854.1996;3004.826;1857.6886;3003.703;1858.7197;2996.9957;1850.2354;3004.537;1855.2191;3000.618;1852.4099;3003.1967;1856.4649;2997.9867;1847.5742
3115160.0;2998.9602;1854.9229;2995.0753;1855.205;3009.3019;1853.5663;3004.8555;1857.6967;3003.6854;1858.6989;2996.9659;1850.2761;3004.4716;1855.2977;3000.6549;1852.327;3003.2231;1856.4522;2997.9357;1847.6019
3115180.0;2998.9664;1855.0435;2995.202;1855.0806;3009.2508;1852.8446;3004.8821;1857.6863;3003.6622;1858.6919;2996.9591;1850.312;3004.4043;1855.3907;3000.6896;1852.2365;3003.2549;1856.4293;2997.8837;1847.6354
3115200.0;2998.9528;1855.1736;2995.3203;1854.9726;3009.1695;1852.1186;3004.9039;1857.659;3003.635;1858.6987;2996.976;1850.3371;3004.3369;1855.4963;3000.7071;1852.1631;3003.2856;1856.3989;2997.835;1847.6652
3115220.0;2998.9281;1855.3101;2995.415;1854.8908;3009.0767;1851.4918;3004.9221;1857.621;3003.6067;1858.7185;2997.0113;1850.3524;3004.2706;1855.6099;3000.6941;1852.1274;3003.3085;1856.3718;2997.7963;1847.6757
3115240.0;2998.8989;1855.4516;2995.4816;1854.8355;3008.9957;1851.0447;3004.9407;1857.5763;3003.5812;1858.7468;2997.0539;1850.3649;3004.205;1855.7251;3000.6444;1852.1371;3003.3201;1856.3622;2997.7753;1847.6529
3115260.0;2998.8674;1855.5996;2995.5291;1854.7957;3008.9456;1850.8069;3004.9634;1857.5241;3003.5618;1858.7723;2997.0925;1850.3854;3004.1376;1855.837;3000.564;1852.1849;3003.3215;1856.3784;2997.7811;1847.5915
3115280.0;2998.8335;1855.7568;2995.5711;1854.7557;3008.9331;1850.7584;3004.99;1857.4626;3003.55;1858.7779;2997.1217;1850.4258;3004.0655;1855.9418;3000.4692;1852.2556;3003.3177;1856.4179;2997.8223;1847.4967
3115300.0;2998.7954;1855.924;2995.6161;1854.7027;3008.9491;1850.8416;3005.0161;1857.3945;3003.5443;1858.747;2997.1427;1850.4955;3003.9865;1856.0395;3000.3762;1852.3356;3003.3158;1856.4708;2997.9011;1847.3812
3115320.0;2998.7505;1856.0995;2995.6642;1854.6327;3008.9728;1850.9814;3005.0366;1857.3277;3003.542;1858.6704;2997.159;1850.596;3003.9018;1856.1322;3000.2929;1852.4181;3003.3223;1856.5263;2998.0094;1847.2596
3115340.0;2998.6957;1856.2803;2995.7112;1854.5495;3008.9814;1851.1051;3005.0495;1857.272;3003.5413;1858.5503;2997.1719;1850.7197;3003.8169;1856.2207;3000.2195;1852.501;3003.342;1856.5761;2998.1323;1847.1439
3115360.0;2998.6309;1856.464;2995.7524;1854.4602;3008.9579;1851.1543;3005.0559;1857.233;3003.5411;1858.4013;2997.1793;1850.8556;3003.7389;1856.3022;3000.1554;1852.5824;3003.3764;1856.6142;2998.2553;1847.0414
3115380.0;2998.5622;1856.6489;2995.7827;1854.3757;3008.8955;1851.0915;3005.059;1857.2097;3003.5404;1858.2457;2997.1791;1850.9972;3003.6733;1856.3702;3000.1031;1852.659;3003.421;1856.6385;2998.368;1846.9549
3115400.0;2998.4981;1856.8342;2995.7971;1854.3082;3008.7969;1850.9054;3005.0621;1857.1962;3003.5381;1858.1051;2997.1741;1851.1454;3003.6216;1856.4196;3000.0651;1852.7277;3003.4674;1856.6509;2998.4638;1846.8843
3115420.0;2998.4439;1857.0205;2995.7939;1854.2668;3008.6721;1850.6148;3005.0688;1857.1849;3003.5324;1857.9945;2997.172;1851.304;3003.582;1856.4497;3000.0398;1852.7886;3003.5076;1856.6559;2998.5382;1846.8264
3115440.0;2998.3975;1857.2094;2995.7794;1854.2485;3008.5362;1850.2816;3005.0838;1857.1696;3003.5207;1857.9209;2997.1803;1851.4757;3003.5504;1856.4647;3000.0204;1852.8419;3003.5417;1856.6576;2998.59;1846.7762
3115460.0;2998.3504;1857.4043;2995.7664;1854.2372;3008.403;1849.981;3005.1121;1857.1494;3003.5019;1857.8848;2997.2022;1851.6607;3003.5222;1856.4717;2999.999;1852.8867;3003.5765;1856.658;2998.6216;1846.731
3115480.0;2998.2942;1857.6102;2995.7671;1854.215;3008.2862;1849.7713;3005.1565;1857.1281;3003.4777;1857.8798;2997.2368;1851.8556;3003.4938;1856.4768;2999.9706;1852.9218;3003.6192;1856.6583;2998.6383;1846.6927
3115500.0;2998.225;1857.8324;2995.7863;1854.1751;3008.1893;1849.6183;3005.2143;1857.1103;3003.4521;1857.8934;2997.2813;1852.0516;3003.4655;1856.4857;2999.9357;1852.9507;3003.6711;1856.6602;2998.6465;1846.6656
3115520.0;2998.1468;1858.0731;2995.8225;1854.122;3008.0989;1849.3848;3005.2759;1857.0939;3003.4283;1857.9124;2997.3328;1852.2333;3003.4397;1856.503;2999.9;1852.9848;3003.7267;1856.6664;2998.6525;1846.6532
3115540.0;2998.0692;1858.3297;2995.8698;1854.0642;3007.9908;1848.9362;3005.3271;1857.0667;3003.406;1857.9299;2997.3861;1852.3822;3003.4172;1856.5305;2999.8705;1853.0388;3003.7795;1856.6822;2998.6613;1846.6569
3115560.0;2998.0027;1858.597;2995.9189;1854.0079;3007.8563;1848.293;3005.3557;1857.0144;3003.3827;1857.9478;2997.4333;1852.486;3003.396;1856.5653;2999.851;1853.122;3003.826;1856.7148;2998.6766;1846.6772
3115580.0;2997.9543;1858.8701;2995.957;1853.9567;3007.724;1847.6676;3005.3565;1856.9307;3003.3567;1857.9734;2997.4688;1852.5464;3003.3747;1856.6003;2999.8385;1853.2304;3003.866;1856.7682;2998.6986;1846.7127
3115600.0;2997.9255;1859.1462;2995.973;1853.912;3007.642;1847.3025;3005.3327;1856.8207;3003.3285;1858.0142;2997.4959;1852.5835;3003.3562;1856.6288;2999.8242;1853.3502;3003.901;1856.8392;2998.7229;1846.7598
3115620.0;2997.9143;1859.4235;2995.9673;1853.8697;3007.6429;1847.2748;3005.2931;1856.6963;3003.2987;1858.0735;2997.5245;1852.6289;3003.3468;1856.649;2999.7993;1853.4696;3003.934;1856.9176;2998.7428;1846.8148
3115640.0;2997.9164;1859.6995;2995.9574;1853.8197;3007.7308;1847.4883;3005.2471;1856.5685;3003.2677;1858.1488;2997.5611;1852.7076;3003.3511;1856.6652;2999.7607;1853.5859;3003.9682;1856.9934;2998.7522;1846.876
3115660.0;2997.9261;1859.9701;2995.9674;1853.7533;3007.889;1847.8018;3005.2016;1856.4447;3003.2366;1858.2343;2997.6013;1852.8213;3003.3683;1856.684;2999.7114;1853.701;3004.0056;1857.061;2998.749;1846.9436
3115680.0;2997.9349;1860.2314;2996.0109;1853.6707;3008.0848;1848.0977;3005.1604;1856.3317;3003.2086;1858.3243;2997.6337;1852.9495;3003.3946;1856.7102;2999.6574;1853.8113;3004.0455;1857.1201;2998.7345;1847.0148
3115700.0;2997.9333;1860.4819;2996.0799;1853.5814;3008.2721;1848.2641;3005.1254;1856.237;3003.1874;1858.4151;2997.651;1853.0668;3003.4256;1856.7434;2999.6033;1853.9067;3004.0856;1857.1728;2998.7146;1847.0834
3115720.0;2997.9143;1860.7247;2996.152;1853.4977;3008.4113;1848.2143;3005.0984;1856.1662;3003.1737;1858.5052;2997.6556;1853.1578;3003.4577;1856.7802;2999.5497;1853.9773;3004.1225;1857.2236;2998.697;1847.1437
3115740.0;2997.8773;1860.9662;2996.2079;1853.4257;3008.4894;1847.9413;3005.0812;1856.1187;3003.1653;1858.5948;2997.6561;1853.2192;3003.4868;1856.8186;2999.4942;1854.0194;3004.1544;1857.2769;2998.6881;1847.1965
3115760.0;2997.8272;1861.2114;2996.2416;1853.3648;3008.5269;1847.5636;3005.0752;1856.0873;3003.1577;1858.6849;2997.6609;1853.2539;3003.5076;1856.862;2999.4359;1854.0355;3004.1829;1857.335;2998.6893;1847.25
3115780.0;2997.7712;1861.4596;2996.2585;1853.3104;3008.549;1847.2459;3005.0804;1856.0611;3003.1476;1858.7765;2997.6744;1853.27;3003.515;1856.9161;2999.3794;1854.0305;3004.2139;1857.3965;2998.6959;1847.3133
3115800.0;2997.717;1861.7031;2996.2677;1853.2585;3008.5589;1847.0904;3005.0952;1856.0315;3003.1345;1858.87;2997.6967;1853.2785;3003.5071;1856.984;2999.3325;1854.0117;3004.2528;1857.4587;2998.7011;1847.3883
3115820.0;2997.6739;1861.9306;2996.2775;1853.2084;3008.5368;1847.0968;3005.1158;1855.9956;3003.1226;1858.9648;2997.7249;1853.2878;3003.4852;1857.0635;2999.3001;1853.9899;3004.2986;1857.5202;2998.7002;1847.4693
3115840.0;2997.653;1862.1317;2996.293;1853.1608;3008.4653;1847.1965;3005.1369;1855.9545;3003.1177;1859.0587;2997.7554;1853.2997;3003.4531;1857.1478;2999.2792;1853.9781;3004.3439;1857.5801;2998.6927;1847.5491
3115860.0;2997.6642;1862.3009;2996.3151;1853.115;3008.3546;1847.315;3005.1536;1855.9092;3003.1228;1859.1488;2997.7869;1853.3109;3003.4149;1857.2288;2999.2609;1853.9847;3004.3797;1857.6388;2998.6829;1847.6249
3115880.0;2997.7096;1862.4367;2996.3396;1853.0705;3008.2393;1847.4106;3005.1641;1855.8576;3003.1354;1859.2309;2997.8205;1853.3194;3003.3724;1857.2989;2999.2353;1854.009;3004.4022;1857.6965;2998.678;1847.6991
3115900.0;2997.78;1862.5391;2996.3598;1853.0297;3008.1536;1847.48;3005.1695;1855.7983;3003.1508;1859.3001;2997.8571;1853.3272;3003.3266;1857.3537;2999.1975;1854.0437;3004.4134;1857.7534;2998.683;1847.776
3115920.0;2997.858;1862.6068;2996.3693;1852.9988;3008.1131;1847.5572;3005.1722;1855.735;3003.1665;1859.3525;2997.8958;1853.3397;3003.279;1857.3959;2999.1503;1854.0822;3004.418;1857.8079;2998.6967;1847.8579
3115940.0;2997.9261;1862.6392;2996.3645;1852.983;3008.1167;1847.6998;3005.1749;1855.6782;3003.184;1859.3872;2997.9345;1853.3624;3003.2364;1857.4312;2999.1032;1854.1199;3004.4205;1857.8561;2998.7117;1847.9421
3115960.0;2997.9744;1862.6394;2996.3457;1852.9814;3008.1582;1847.9551;3005.1801;1855.6419;3003.2045;1859.4072;2997.971;1853.3986;3003.212;1857.4611;2999.0659;1854.1518;3004.4239;1857.8937;2998.7179;1848.0203
3115980.0;2998.0027;1862.6155;2996.3178;1852.9866;3008.2315;1848.3277;3005.1892;1855.6364;3003.224;1859.4194;2998.0049;1853.4498;3003.2194;1857.4801;2999.0425;1854.1718;3004.4309;1857.9194;2998.7109;1848.0848
3116000.0;2998.0172;1862.5758;2996.29;1852.9897;3008.3293;1848.775;3005.2007;1855.6592;3003.2315;1859.4322;2998.0375;1853.5165;3003.2595;1857.4853;2999.0313;1854.1785;3004.4427;1857.9373;2998.6942;1848.1348
3116020.0;2998.0243;1862.5254;2996.2709;1852.9862;3008.4425;1849.2366;3005.208;1855.6917;3003.2137;1859.4536;2998.0714;1853.5994;3003.3114;1857.4848;2999.0279;1854.1778;3004.4567;1857.9555;2998.6766;1848.1752
3116040.0;2998.0254;1862.4695;2996.2626;1852.9798;3008.5627;1849.67;3005.2007;1855.703;3003.1629;1859.4899;2998.108;1853.6966;3003.3432;1857.4939;2999.0302;1854.1789;3004.4665;1857.9818;2998.6662;1848.209
3116060.0;2998.0121;1862.4195;2996.2618;1852.978;3008.6826;1850.0668;3005.1704;1855.6662;3003.0845;1859.5417;2998.1461;1853.8018;3003.3334;1857.5198;2999.0392;1854.1843;3004.4662;1858.0181;2998.6676;1848.2331
3116080.0;2997.9658;1862.3934;2996.2643;1852.9864;3008.7941;1850.4455;3005.1161;1855.5745;3002.9952;1859.6031;2998.1823;1853.9067;3003.2828;1857.5585;2999.0577;1854.1876;3004.4556;1858.0588;2998.6828;1848.2426
3116100.0;2997.866;1862.4089;2996.268;1853.0057;3008.8855;1850.8343;3005.0466;1855.4468;3002.9145;1859.6621;2998.2113;1854.0064;3003.2053;1857.6028;2999.088;1854.1789;3004.439;1858.0948;2998.7118;1848.2395
3116120.0;2997.7039;1862.4723;2996.2737;1853.0332;3008.9427;1851.2449;3004.9772;1855.3196;3002.8542;1859.7057;2998.2264;1854.1003;3003.1134;1857.6502;2999.1282;1854.154;3004.4214;1858.1194;2998.751;1848.2341
3116140.0;2997.4929;1862.5776;2996.2803;1853.0672;3008.9582;1851.6537;3004.9229;1855.2294;3002.8154;1859.7243;2998.2227;1854.1906;3003.0119;1857.7011;2999.1724;1854.1158;3004.4036;1858.1327;2998.7929;1848.2372
3116160.0;2997.2641;1862.7125;2996.2825;1853.1095;3008.944;1852.0051;3004.8925;1855.1952;3002.791;1859.7163;2998.202;1854.2793;3002.9017;1857.755;2999.2124;1854.0696;3004.3845;1858.1382;2998.8267;1848.2523
3116180.0;2997.0521;1862.8637;2996.2735;1853.1619;3008.9332;1852.2427;3004.8852;1855.2128;3002.7715;1859.6875;2998.1731;1854.3662;3002.7846;1857.8083;2999.2415;1854.0188;3004.3622;1858.1395;2998.843;1848.2748
3116200.0;2996.8812;1863.0161;2996.2529;1853.2239;3008.9641;1852.3489;3004.8925;1855.2624;3002.7502;1859.6467;2998.1481;1854.4495;3002.6632;1857.8561;2999.2567;1853.9626;3004.3354;1858.1382;2998.8369;1848.3008
3116220.0;2996.7582;1863.1541;2996.2316;1853.2895;3009.0558;1852.3555;3004.904;1855.3226;3002.7257;1859.6;2998.1336;1854.5278;3002.5395;1857.8932;2999.2578;1853.8981;3004.3036;1858.1327;2998.8096;1848.3329
3116240.0;2996.6747;1863.2681;2996.2251;1853.3501;3009.1959;1852.3175;3004.9132;1855.3809;3002.7013;1859.5478;2998.127;1854.6021;3002.4144;1857.9176;2999.2463;1853.8219;3004.2684;1858.1194;2998.767;1848.3778
3116260.0;2996.6151;1863.3605;2996.2416;1853.3992;3009.3521;1852.2808;3004.9182;1855.4308;3002.6803;1859.4889;2998.1234;1854.677;3002.287;1857.9322;2999.2253;1853.7358;3004.2342;1858.0948;2998.7153;1848.4388
3116280.0;2996.5652;1863.4423;2996.2789;1853.4357;3009.4947;1852.264;3004.9203;1855.4659;3002.6623;1859.426;2998.1226;1854.7592;3002.1555;1857.9443;2999.2008;1853.65;3004.2044;1858.0584;2998.6587;1848.5099
3116300.0;2996.5191;1863.5235;2996.3297;1853.4607;3009.6113;1852.2629;3004.9208;1855.479;3002.6427;1859.3661;2998.1285;1854.8552;3002.0152;1857.9638;2999.1798;1853.5797;3004.1781;1858.0161;2998.5983;1848.5781
3116320.0;2996.4799;1863.6079;2996.385;1853.4762;3009.7047;1852.2651;3004.9195;1855.467;3002.6158;1859.3173;2998.1421;1854.966;3001.8599;1857.9992;2999.168;1853.5368;3004.1499;1857.9752;2998.5349;1848.6313
3116340.0;2996.4552;1863.695;2996.4358;1853.4844;3009.785;1852.267;3004.9141;1855.4347;3002.5785;1859.284;2998.1547;1855.0825;3001.6872;1858.0521;2999.168;1853.5245;3004.1138;1857.9385;2998.4713;1848.6645
3116360.0;2996.4518;1863.7837;2996.4745;1853.4878;3009.8604;1852.28;3004.8977;1855.3915;3002.5309;1859.2652;2998.1547;1855.1867;3001.5056;1858.1117;2999.1798;1853.5401;3004.069;1857.9024;2998.4122;1848.681
3116380.0;2996.4695;1863.8744;2996.4981;1853.4889;3009.9348;1852.3271;3004.8571;1855.3451;3002.4754;1859.2565;2998.1375;1855.2621;3001.3357;1858.1567;2999.2005;1853.5791;3004.0189;1857.8628;2998.3638;1848.6873
3116400.0;2996.4987;1863.9688;2996.5097;1853.4893;3010.01;1852.4287;3004.772;1855.2989;3002.4139;1859.2535;2998.1083;1855.3028;3001.2006;1858.1677;2999.2242;1853.6358;3003.969;1857.8195;2998.3328;1848.6882
3116420.0;2996.5255;1864.0692;2996.5143;1853.4893;3010.0884;1852.5964;3004.617;1855.2547;3002.3463;1859.2535;2998.0771;1855.3124;3001.1126;1858.1397;2999.2428;1853.7039;3003.9228;1857.7752;2998.3259;1848.6848
3116440.0;2996.541;1864.1798;2996.5164;1853.4893;3010.1747;1852.8297;3004.3681;1855.2158;3002.2702;1859.2567;2998.0526;1855.298;3001.0686;1858.0822;2999.2491;1853.7776;3003.882;1857.7309;2998.3483;1848.6744
3116460.0;2996.5472;1864.3034;2996.5189;1853.4893;3010.2717;1853.1113;3004.0097;1855.1857;3002.1829;1859.266;2998.0395;1855.2678;3001.058;1858.0089;2999.2401;1853.8538;3003.8488;1857.6845;2998.4028;1848.6521
3116480.0;2996.5538;1864.4467;2996.5249;1853.4893;3010.3773;1853.4078;3003.5401;1855.1637;3002.0844;1859.2865;2998.0389;1855.2312;3001.0706;1857.9282;2999.2167;1853.931;3003.8266;1857.6342;2998.4864;1848.6133
3116500.0;2996.5686;1864.6232;2996.5377;1853.4893;3010.4859;1853.6834;3002.9723;1855.1444;3001.9797;1859.3235;2998.0507;1855.1989;3001.0978;1857.8406;2999.1842;1854.0091;3003.8196;1857.5808;2998.5891;1848.558
3116520.0;2996.5904;1864.8442;2996.5597;1853.4893;3010.592;1853.918;3002.3303;1855.1209;3001.8765;1859.3783;2998.0717;1855.1786;3001.1295;1857.7455;2999.1508;1854.0883;3003.8297;1857.5275;2998.6965;1848.4931
3116540.0;2996.6071;1865.1006;2996.5917;1853.4893;3010.6916;1854.1115;3001.6431;1855.0905;3001.7809;1859.4456;2998.0965;1855.1734;3001.1544;1857.6455;2999.1238;1854.1682;3003.8566;1857.4797;2998.796;1848.4313
3116560.0;2996.6036;1865.3519;2996.6316;1853.4893;3010.7793;1854.2703;3000.9386;1855.0574;3001.6947;1859.5159;2998.1186;1855.1859;3001.166;1857.545;2999.1061;1854.2454;3003.8954;1857.4425;2998.8826;1848.3861
3116580.0;2996.5715;1865.5489;2996.676;1853.4893;3010.8493;1854.392;3000.2395;1855.0307;3001.6171;1859.5813;2998.1338;1855.2199;3001.1649;1857.4469;2999.0939;1854.3126;3003.9383;1857.4186;2998.9589;1848.3662
3116600.0;2996.515;1865.6686;2996.7222;1853.4889;3010.898;1854.4631;2999.563;1855.0196;3001.5463;1859.639;2998.1416;1855.2768;3001.1555;1857.352;2999.0811;1854.3634;3003.9751;1857.4058;2999.0312;1848.3718
3116620.0;2996.4479;1865.7224;2996.7701;1853.4871;3010.9287;1854.4689;2998.929;1855.0335;3001.4813;1859.689;2998.1439;1855.3497;3001.1402;1857.2584;2999.0652;1854.3972;3003.997;1857.399;2999.1047;1848.3939
3116640.0;2996.3844;1865.7364;2996.8217;1853.4813;3010.9497;1854.4034;2998.3702;1855.0815;3001.4236;1859.7309;2998.1414;1855.4226;3001.1195;1857.1614;2999.049;1854.4207;3003.999;1857.3914;2999.1806;1848.4177
3116660.0;2996.3336;1865.7311;2996.8801;1853.4675;3010.9708;1854.2751;2997.9286;1855.1674;3001.3777;1859.7639;2998.1324;1855.4792;3001.0951;1857.0522;2999.0365;1854.4441;3003.9816;1857.3758;2999.255;1848.4303
3116680.0;2996.298;1865.716;2996.9444;1853.4418;3010.9979;1854.1064;2997.6329;1855.2807;3001.3503;1859.7909;2998.1141;1855.51;3001.0713;1856.9193;2999.0294;1854.4746;3003.949;1857.3445;2999.3213;1848.4283
3116700.0;2996.2747;1865.692;2997.0067;1853.4065;3011.0325;1853.9274;2997.4728;1855.3976;3001.3467;1859.8184;2998.0847;1855.5134;3001.0523;1856.7524;2999.0262;1854.5135;3003.9071;1857.2903;2999.3744;1848.4192
3116720.0;2996.257;1865.6585;2997.054;1853.3738;3011.0732;1853.7668;2997.4008;1855.4956;3001.3653;1859.852;2998.0467;1855.4908;3001.0396;1856.5447;2999.0251;1854.5576;3003.8635;1857.2103;2999.413;1848.4153
3116740.0;2996.2382;1865.6141;2997.0755;1853.3602;3011.1186;1853.6436;2997.3593;1855.5712;3001.3953;1859.8913;2998.007;1855.4451;3001.0304;1856.2948;2999.0249;1854.6041;3003.8322;1857.1042;2999.437;1848.4236
3116760.0;2996.2147;1865.5596;2997.072;1853.3738;3011.167;1853.5627;2997.3103;1855.6366;3001.4212;1859.9298;2997.973;1855.3824;3001.0198;1856.0064;2999.0249;1854.6517;3003.8342;1856.9738;2999.4459;1848.4414
3116780.0;2996.1881;1865.4965;2997.0548;1853.4065;3011.2143;1853.5167;2997.2442;1855.7059;3001.4314;1859.9601;2997.9474;1855.3138;3001.0028;1855.6884;2999.025;1854.6985;3003.8857;1856.8232;2999.4397;1848.4606
3116800.0;2996.1619;1865.4232;2997.0373;1853.4418;3011.2545;1853.4898;2997.169;1855.7841;3001.4233;1859.9791;2997.927;1855.2526;3000.9769;1855.3541;2999.0257;1854.7401;3003.9825;1856.6631;2999.4202;1848.4757
3116820.0;2996.1361;1865.3355;2997.0269;1853.4675;3011.2814;1853.4633;2997.097;1855.8684;3001.4007;1859.9886;2997.9075;1855.2083;3000.9423;1855.016;2999.0279;1854.7714;3004.0962;1856.5108;2999.3888;1848.487
3116840.0;2996.1058;1865.229;2997.0243;1853.4813;3011.2907;1853.4177;2997.0353;1855.954;3001.3668;1859.9933;2997.8886;1855.1854;3000.9005;1854.682;2999.0337;1854.7901;3004.1924;1856.3834;2999.3428;1848.5005
3116860.0;2996.0645;1865.1006;2997.0283;1853.4875;3011.2814;1853.3372;2996.9851;1856.0381;3001.3221;1859.9975;2997.8727;1855.1836;3000.8514;1854.3516;2999.0454;1854.7977;3004.253;1856.287;2999.2766;1848.524
3116880.0;2996.0092;1864.9515;2997.0362;1853.491;3011.2548;1853.2142;2996.9437;1856.1163;3001.2654;1860.0053;2997.8575;1855.201;3000.7938;1854.0218;2999.064;1854.7954;3004.2816;1856.2162;2999.1878;1848.5639
3116900.0;2995.9416;1864.7866;2997.042;1853.4963;3011.2157;1853.0548;2996.9074;1856.186;3001.1969;1860.0192;2997.8329;1855.2338;3000.7273;1853.6936;2999.0876;1854.7813;3004.2918;1856.1638;2999.0812;1848.6224
3116920.0;2995.8667;1864.6133;2997.0367;1853.5084;3011.1717;1852.877;2996.8711;1856.2463;3001.1184;1860.0382;2997.7858;1855.2755;3000.6558;1853.3758;2999.1112;1854.7502;3004.2956;1856.1263;2998.9664;1848.6959
3116940.0;2995.7897;1864.4389;2997.0149;1853.5308;3011.1315;1852.7027;2996.8293;1856.2977;3001.0352;1860.0558;2997.7081;1855.3196;3000.5857;1853.0812;2999.1298;1854.6973;3004.3001;1856.1026;2998.8509;1848.7766
3116960.0;2995.7151;1864.2681;2996.981;1853.5635;3011.1013;1852.5517;2996.7787;1856.3402;3000.9555;1860.0633;2997.602;1855.3612;3000.5273;1852.8147;2999.1413;1854.6221;3004.3102;1856.091;2998.7348;1848.8551
3116980.0;2995.645;1864.1014;2996.9484;1853.6005;3011.0827;1852.4388;2996.7218;1856.3748;3000.8882;1860.057;2997.4785;1855.3955;3000.4918;1852.5735;2999.1464;1854.5311;3004.3299;1856.0876;2998.613;1848.9242
3117000.0;2995.5805;1863.9327;2996.9295;1853.6331;3011.0737;1852.374;2996.6687;1856.4101;3000.8386;1860.0431;2997.354;1855.4149;3000.4881;1852.3537;2999.1463;1854.4368;3004.3579;1856.091;2998.4824;1848.9799
3117020.0;2995.5227;1863.7519;2996.9292;1853.656;3011.0714;1852.3603;2996.6331;1856.4636;3000.8069;1860.0345;2997.2416;1855.4111;3000.5155;1852.1636;2999.1405;1854.3539;3004.3862;1856.1026;2998.3454;1849.0255
3117040.0;2995.4741;1863.5495;2996.9435;1853.6698;3011.0751;1852.3922;2996.6263;1856.5489;3000.7883;1860.0441;2997.1449;1855.382;3000.5586;1852.0204;2999.1268;1854.2933;3004.4019;1856.1255;2998.2079;1849.0722
3117060.0;2995.4386;1863.3196;2996.9618;1853.6807;3011.088;1852.4612;2996.6511;1856.664;3000.7764;1860.0811;2997.057;1855.332;3000.595;1851.934;2999.1023;1854.2571;3004.3947;1856.1599;2998.0763;1849.1351
3117080.0;2995.4194;1863.0601;2996.9719;1853.6972;3011.1175;1852.5633;2996.7013;1856.7922;3000.767;1860.1487;2996.9675;1855.2673;3000.6086;1851.894;2999.067;1854.2396;3004.3627;1856.2024;2997.9586;1849.2225
3117100.0;2995.4177;1862.7729;2996.9637;1853.7273;3011.1727;1852.7079;2996.765;1856.9141;3000.7601;1860.2437;2996.8702;1855.1918;3000.5977;1851.8774;2999.024;1854.233;3004.3114;1856.2483;2997.8655;1849.3278
3117120.0;2995.4355;1862.4656;2996.9346;1853.7752;3011.2617;1852.9152;2996.8293;1857.0159;3000.7592;1860.3559;2996.7677;1855.1068;3000.5691;1851.8685;2998.9794;1854.2309;3004.2489;1856.2954;2997.8063;1849.4316
3117140.0;2995.4757;1862.1503;2996.8908;1853.8387;3011.3889;1853.2096;2996.8848;1857.0909;3000.7679;1860.4699;2996.6701;1855.012;3000.5281;1851.8659;2998.9377;1854.2305;3004.1841;1856.3434;2997.7822;1849.5148
3117160.0;2995.5503;1861.8362;2996.8447;1853.9088;3011.5539;1853.6055;2996.9271;1857.1355;3000.7862;1860.5693;2996.5908;1854.9078;3000.4744;1851.8759;2998.9;1854.2305;3004.1258;1856.3891;2997.7856;1849.5689
3117180.0;2995.6829;1861.5202;2996.8077;1853.975;3011.7479;1854.0924;2996.9569;1857.1474;3000.8106;1860.6431;2996.5391;1854.7977;3000.4066;1851.9011;2998.8639;1854.2305;3004.0794;1856.4266;2997.8058;1849.5967
3117200.0;2995.8937;1861.1877;2996.7847;1854.0316;3011.9516;1854.6283;2996.9759;1857.1251;3000.8347;1860.6873;2996.5164;1854.689;3000.3307;1851.9344;2998.8289;1854.2305;3004.046;1856.4517;2997.834;1849.6057
3117220.0;2996.1717;1860.8273;2996.7737;1854.0802;3012.1372;1855.1502;2996.9828;1857.0688;3000.8501;1860.7035;2996.5152;1854.5915;3000.2592;1851.9658;2998.8006;1854.2307;3004.0236;1856.4645;2997.8655;1849.6008
3117240.0;2996.4618;1860.4505;2996.7704;1854.1254;3012.2775;1855.6041;2996.9739;1856.9824;3000.8497;1860.6959;2996.5245;1854.5113;3000.2031;1851.9878;2998.7881;1854.2317;3004.0117;1856.4682;2997.8987;1849.5829
3117260.0;2996.6919;1860.0945;2996.7701;1854.1708;3012.3569;1855.9684;2996.9461;1856.8724;3000.8324;1860.6693;2996.5348;1854.448;3000.164;1851.9994;2998.7969;1854.2351;3004.0127;1856.4645;2997.9349;1849.5529
3117280.0;2996.8226;1859.797;2996.7679;1854.2189;3012.3745;1856.2502;2996.9;1856.7423;3000.8062;1860.6303;2996.54;1854.3957;3000.1364;1852.0024;2998.8226;1854.244;3004.029;1856.4513;2997.9762;1849.5146
3117300.0;2996.8653;1859.5695;2996.7573;1854.2744;3012.3378;1856.4566;2996.8403;1856.5924;3000.7834;1860.5863;2996.5387;1854.3473;3000.1166;1851.9974;2998.8529;1854.2628;3004.06;1856.425;2998.0221;1849.4763
3117320.0;2996.8599;1859.3949;2996.7334;1854.3421;3012.2533;1856.5762;2996.7751;1856.4238;3000.7717;1860.5405;2996.5347;1854.3004;3000.1095;1851.9808;2998.877;1854.2956;3004.1031;1856.3841;2998.0698;1849.4455
3117340.0;2996.8433;1859.2483;2996.6984;1854.4221;3012.1082;1856.5771;2996.7139;1856.2445;3000.77;1860.4893;2996.5334;1854.2549;3000.1257;1851.9461;2998.8915;1854.3436;3004.1543;1856.331;2998.118;1849.4246
3117360.0;2996.8353;1859.1148;2996.6627;1854.5081;3011.8615;1856.4148;2996.6661;1856.0686;3000.7713;1860.4247;2996.5394;1854.2102;3000.1699;1851.8901;2998.8999;1854.4049;3004.2062;1856.2712;2998.1707;1849.4084
3117380.0;2996.8381;1858.9903;2996.6386;1854.5933;3011.4569;1856.0465;2996.6424;1855.9094;3000.7684;1860.3403;2996.5533;1854.1633;3000.234;1851.8175;2998.908;1854.4757;3004.249;1856.2093;2998.2355;1849.3868
3117400.0;2996.8449;1858.8736;2996.6321;1854.676;3010.8653;1855.4579;2996.6572;1855.7756;3000.7567;1860.2355;2996.574;1854.1112;3000.2998;1851.7402;2998.9216;1854.5526;3004.2748;1856.1479;2998.3193;1849.3482
3117420.0;2996.8449;1858.7612;2996.6414;1854.7576;3010.1265;1854.6965;2996.7224;1855.6701;3000.7338;1860.1141;2996.601;1854.0527;3000.3515;1851.6692;2998.9444;1854.6323;3004.2827;1856.0879;2998.4241;1849.2853
3117440.0;2996.8334;1858.6504;2996.6618;1854.8373;3009.3427;1853.8723;2996.8355;1855.5901;3000.7016;1859.9845;2996.6343;1853.9884;3000.3837;1851.6085;2998.9784;1854.7106;3004.2808;1856.0293;2998.5466;1849.2001
3117460.0;2996.8133;1858.5403;2996.6883;1854.9123;3008.6194;1853.1149;2996.9697;1855.5278;3000.6682;1859.8585;2996.6715;1853.9231;3000.4013;1851.5562;2999.0222;1854.7808;3004.2774;1855.9715;2998.6797;1849.1056
3117480.0;2996.7911;1858.4319;2996.7171;1854.9804;3008.0105;1852.524;2997.0816;1855.4755;3000.648;1859.7515;2996.707;1853.8682;3000.413;1851.5098;2999.0711;1854.8357;3004.2745;1855.9142;2998.813;1849.0194
3117500.0;2996.7691;1858.3254;2996.7448;1855.0427;3007.5092;1852.1488;2997.1327;1855.4314;3000.6595;1859.6807;2996.7349;1853.8403;3000.4255;1851.471;2999.1182;1854.8729;3004.2704;1855.8581;2998.9353;1848.9545
3117520.0;2996.7425;1858.2205;2996.7729;1855.1019;3007.0791;1851.9882;2997.1119;1855.3996;3000.7196;1859.663;2996.7527;1853.8507;3000.4407;1851.4462;2999.1574;1854.8959;3004.2647;1855.8049;2999.0371;1848.9157
3117540.0;2996.7022;1858.1176;2996.808;1855.1591;3006.6854;1852.0017;2997.0422;1855.3806;3000.8364;1859.7077;2996.7617;1853.8959;3000.4589;1851.4469;2999.1882;1854.91;3004.2618;1855.7553;2999.1133;1848.9012
3117560.0;2996.6422;1858.0193;2996.8579;1855.2136;3006.3098;1852.1285;2996.9684;1855.3651;3001.0045;1859.8082;2996.7653;1853.9584;3000.4819;1851.4856;2999.2156;1854.9188;3004.2673;1855.7072;2999.1628;1848.907
3117580.0;2996.5635;1857.9288;2996.925;1855.2623;3005.9478;1852.3127;2996.9319;1855.3374;3001.206;1859.9428;2996.7664;1854.0207;3000.5144;1851.568;2999.2452;1854.9222;3004.2832;1855.6566;2999.1878;1848.9284
3117600.0;2996.4711;1857.8487;2997.0038;1855.3012;3005.6035;1852.5226;2996.9515;1855.2874;3001.4178;1860.0872;2996.7667;1854.0747;3000.5606;1851.6903;2999.2792;1854.9183;3004.3078;1855.6014;2999.1955;1848.9588
3117620.0;2996.365;1857.784;2997.0845;1855.3311;3005.2789;1852.7483;2997.023;1855.2181;3001.6192;1860.2272;2996.7667;1854.1212;3000.6192;1851.84;2999.3156;1854.9029;3004.3374;1855.5424;2999.1991;1848.99
3117640.0;2996.2372;1857.743;2997.1593;1855.3583;3004.9684;1852.9924;2997.1302;1855.1434;3001.7943;1860.3605;2996.7667;1854.1613;3000.6854;1852.0006;2999.3513;1854.8707;3004.3666;1855.4832;2999.2149;1849.0146
3117660.0;2996.08;1857.7354;2997.224;1855.393;3004.6635;1853.2671;2997.255;1855.0769;3001.9332;1860.4881;2996.7673;1854.1932;3000.7554;1852.1565;2999.3852;1854.819;3004.3902;1855.4289;2999.2551;1849.0292
3117680.0;2995.8981;1857.7692;2997.2761;1855.4425;3004.3636;1853.584;2997.3847;1855.0263;3002.0328;1860.61;2996.7695;1854.2154;3000.8271;1852.2969;2999.4192;1854.7532;3004.4047;1855.383;2999.3229;1849.0339
3117700.0;2995.7127;1857.8472;2997.3143;1855.5061;3004.0785;1853.9381;2997.511;1854.9938;3002.0963;1860.7262;2996.7762;1854.2312;3000.8985;1852.4161;2999.4579;1854.6827;3004.4086;1855.3446;2999.4117;1849.0292
3117720.0;2995.5525;1857.9606;2997.3401;1855.5747;3003.8205;1854.2976;2997.6295;1854.9815;3002.1312;1860.8383;2996.7928;1854.2477;3000.9678;1852.5131;2999.5068;1854.6178;3004.4005;1855.309;2999.5094;1849.0148
3117740.0;2995.4407;1858.0812;2997.3597;1855.6364;3003.5953;1854.6186;2997.7369;1854.9921;3002.1457;1860.9468;2996.8246;1854.2716;3001.0358;1852.5882;2999.5705;1854.5663;3004.3779;1855.2725;2999.6042;1848.9911
3117760.0;2995.3888;1858.1628;2997.3814;1855.6822;3003.4;1854.8712;2997.831;1855.0225;3002.1448;1861.0473;2996.8735;1854.3051;3001.1069;1852.6457;2999.649;1854.5354;3004.3389;1855.2387;2999.6882;1848.9629
3117780.0;2995.3973;1858.1626;2997.4114;1855.7106;3003.2279;1855.0556;2997.9115;1855.0595;3002.1315;1861.1316;2996.9363;1854.3433;3001.185;1852.6954;2999.733;1854.5318;3004.2863;1855.2176;2999.7583;1848.9403
3117800.0;2995.4592;1858.0649;2997.4518;1855.7264;3003.0756;1855.1933;2997.9798;1855.083;3002.1075;1861.1919;2997.0072;1854.3793;3001.269;1852.7487;2999.8045;1854.5572;3004.2283;1855.2176;2999.8133;1848.9345
3117820.0;2995.5638;1857.8862;2997.5007;1855.7383;3002.9417;1855.3106;2998.0369;1855.0762;3002.0755;1861.2235;2997.083;1854.4088;3001.3536;1852.8114;2999.8458;1854.6037;3004.1766;1855.2382;2999.8526;1848.9533
3117840.0;2995.6981;1857.6547;2997.5509;1855.7569;3002.8268;1855.4256;2998.0825;1855.0331;3002.0369;1861.2258;2997.1616;1854.4316;3001.4343;1852.8836;2999.8525;1854.6541;3004.1406;1855.2702;2999.8761;1848.9971
3117860.0;2995.8513;1857.3811;2997.591;1855.7922;3002.7309;1855.5445;2998.1163;1854.9592;3001.9904;1861.2002;2997.2368;1854.4481;3001.5104;1852.9639;2999.8357;1854.6891;3004.1221;1855.3012;2999.8844;1849.0601
3117880.0;2996.0181;1857.0545;2997.6104;1855.85;3002.6529;1855.6669;2998.142;1854.868;3001.9316;1861.1489;2997.2984;1854.4574;3001.5824;1853.0538;2999.8133;1854.7005;3004.1158;1855.3237;2999.8785;1849.1321
3117900.0;2996.2007;1856.6716;2997.6076;1855.9289;3002.5919;1855.7889;2998.1675;1854.773;3001.8574;1861.075;2997.3353;1854.4609;3001.6486;1853.1555;2999.7992;1854.6943;3004.1146;1855.3375;2999.86;1849.2011
3117920.0;2996.4029;1856.2725;2997.5941;1856.019;3002.5461;1855.9059;2998.2012;1854.682;3001.7698;1860.9828;2997.3413;1854.4627;3001.7038;1853.2696;2999.8005;1854.6805;3004.1165;1855.348;2999.8313;1849.2574
3117940.0;2996.6228;1855.9352;2997.5871;1856.109;3002.5113;1856.0175;2998.2452;1854.5951;3001.6757;1860.8771;2997.3175;1854.4675;3001.7442;1853.3946;2999.8217;1854.6574;3004.1239;1855.3629;2999.7962;1849.2981
3117960.0;2996.8503;1855.7274;2997.5988;1856.1915;3002.4782;1856.1343;2998.2911;1854.5088;3001.5836;1860.7638;2997.2743;1854.4765;3001.771;1853.5293;2999.8673;1854.6072;3004.1372;1855.3884;2999.7588;1849.3293
3117980.0;2997.0732;1855.6617;2997.63;1856.2646;3002.4349;1856.2819;2998.3235;1854.4244;3001.4994;1860.6471;2997.2294;1854.4896;3001.7926;1853.6703;2999.9399;1854.5047;3004.1513;1855.4259;2999.7229;1849.3616
3118000.0;2997.2859;1855.7001;2997.6731;1856.3291;3002.3744;1856.4895;2998.3294;1854.3509;3001.4253;1860.5264;2997.1991;1854.5058;3001.8239;1853.8103;3000.0352;1854.3362;3004.1594;1855.4721;2999.6913;1849.4024
3118020.0;2997.4898;1855.7907;2997.719;1856.3841;3002.2988;1856.7703;2998.305;1854.3002;3001.36;1860.3949;2997.1865;1854.5195;3001.8815;1853.9383;3000.1425;1854.1114;3004.1594;1855.522;2999.6646;1849.4518
3118040.0;2997.6887;1855.8961;2997.7614;1856.4266;3002.2158;1857.1138;2998.2562;1854.2807;3001.3003;1860.2449;2997.1798;1854.5207;3001.9754;1854.0443;3000.2496;1853.8657;3004.1552;1855.5758;2999.6406;1849.5033
3118060.0;2997.8829;1855.9981;2997.7963;1856.4561;3002.1285;1857.4996;2998.195;1854.2931;3001.2427;1860.0765;2997.1652;1854.5002;3002.1006;1854.1264;3000.3486;1853.6448;3004.1531;1855.6392;2999.6161;1849.5487
3118080.0;2998.0701;1856.0906;2997.8228;1856.4756;3002.0318;1857.9191;2998.133;1854.3296;3001.1849;1859.9024;2997.1391;1854.4559;3002.238;1854.194;3000.436;1853.4809;3004.1567;1855.7185;2999.5901;1849.5822
3118100.0;2998.2502;1856.1748;2997.845;1856.4879;3001.9147;1858.383;2998.0776;1854.3747;3001.1275;1859.7419;2997.1108;1854.3891;3002.3674;1854.2628;3000.51;1853.3775;3004.1643;1855.8154;2999.5651;1849.6031
3118120.0;2998.4302;1856.2564;2997.8725;1856.4903;3001.7714;1858.9047;2998.0322;1854.4109;3001.0741;1859.6109;2997.0922;1854.3017;3002.4821;1854.3464;3000.5695;1853.3153;3004.1721;1855.9256;2999.5441;1849.6162
3118140.0;2998.6218;1856.3402;2997.9154;1856.4751;3001.609;1859.4761;2997.9985;1854.4274;3001.0326;1859.5179;2997.0884;1854.1957;3002.5886;1854.4531;3000.6159;1853.2707;3004.1773;1856.0402;2999.5267;1849.6293
3118160.0;2998.8324;1856.4275;2997.9746;1856.4372;3001.4462;1860.0625;2997.9791;1854.4246;3001.0121;1859.4689;2997.0975;1854.0785;3002.6943;1854.5873;3000.6529;1853.2313;3004.1798;1856.1497;2999.5094;1849.6506
3118180.0;2999.0595;1856.5127;2998.0411;1856.3806;3001.303;1860.6196;2997.9755;1854.4088;3001.0181;1859.4682;2997.1145;1853.9621;3002.7951;1854.7487;3000.6847;1853.1974;3004.1807;1856.245;2999.4892;1849.686
3118200.0;2999.2929;1856.5856;2998.1036;1856.3167;3001.1913;1861.1084;2997.9842;1854.386;3001.0467;1859.5127;2997.136;1853.8584;3002.8745;1854.9285;3000.7123;1853.1761;3004.181;1856.3177;2999.4672;1849.7364
3118220.0;2999.521;1856.6362;2998.1561;1856.2594;3001.1115;1861.505;2997.9979;1854.3623;3001.0857;1859.5866;2997.1603;1853.7755;3002.913;1855.1078;3000.7324;1853.1751;3004.181;1856.3605;2999.4495;1849.796
3118240.0;2999.733;1856.6638;2998.1974;1856.2231;3001.0541;1861.8071;2998.0097;1854.3466;3001.1225;1859.6658;2997.1848;1853.7199;3002.8986;1855.2638;3000.7401;1853.1993;3004.181;1856.3709;2999.4437;1849.8549
3118260.0;2999.918;1856.6802;2998.2269;1856.2238;3001.0057;1862.0362;2998.0169;1854.3462;3001.1517;1859.7325;2997.2043;1853.6983;3002.8331;1855.3772;3000.7332;1853.2483;3004.181;1856.3552;2999.4548;1849.9035
3118280.0;3000.0664;1856.7009;2998.2416;1856.2761;3000.9544;1862.2263;2998.0207;1854.3607;3001.1748;1859.7842;2997.2121;1853.7139;3002.7314;1855.4377;3000.7154;1853.3135;3004.181;1856.3272;2999.4833;1849.9366
3118300.0;3000.1754;1856.7318;2998.2368;1856.3837;3000.8951;1862.4025;2998.024;1854.3814;3001.1932;1859.8303;2997.2054;1853.7584;3002.6151;1855.4457;3000.6941;1853.3794;3004.181;1856.3006;2999.527;1849.9545
3118320.0;3000.249;1856.7672;2998.2084;1856.5337;3000.832;1862.5568;2998.0301;1854.3988;3001.2047;1859.8818;2997.1885;1853.8119;3002.5035;1855.4145;3000.676;1853.4318;3004.181;1856.2817;2999.583;1849.9597
3118340.0;3000.2921;1856.7989;2998.157;1856.7025;3000.7734;1862.6512;2998.0417;1854.4092;3001.2061;1859.9417;2997.1698;1853.8538;3002.4101;1855.3603;3000.6638;1853.4645;3004.181;1856.2693;2999.6491;1849.9531
3118360.0;3000.3069;1856.826;2998.0927;1856.8678;3000.7281;1862.6369;2998.0604;1854.4138;3001.1999;1860.006;2997.1557;1853.8773;3002.3434;1855.2938;3000.6558;1853.4803;3004.181;1856.2568;2999.7216;1849.9316
3118380.0;3000.2947;1856.8551;2998.034;1857.0186;3000.7013;1862.4848;2998.084;1854.4154;3001.1949;1860.0669;2997.1478;1853.8904;3002.3067;1855.2167;3000.6478;1853.4847;3004.181;1856.237;2999.7942;1849.8891
3118400.0;3000.2592;1856.8945;2997.9978;1857.1538;3000.6923;1862.209;2998.1077;1854.4158;3001.2009;1860.1195;2997.1444;1853.9086;3002.2949;1855.1349;3000.6354;1853.4809;3004.181;1856.2047;2999.8573;1849.8214
3118420.0;3000.207;1856.9479;2997.9901;1857.2771;3000.6931;1861.8647;2998.127;1854.4158;3001.2215;1860.1634;2997.1436;1853.9482;3002.2921;1855.0678;3000.6168;1853.4669;3004.181;1856.159;2999.9017;1849.7312
3118440.0;3000.1429;1857.0127;2998.0056;1857.3937;3000.6897;1861.5215;2998.1409;1854.4158;3001.2531;1860.2026;2997.1444;1854.0211;3002.281;1855.0367;3000.5939;1853.4387;3004.181;1856.1036;2999.9248;1849.6299
3118460.0;3000.0686;1857.0822;2998.0361;1857.5093;3000.6687;1861.2377;2998.1523;1854.416;3001.2868;1860.2413;2997.1478;1854.134;3002.2556;1855.0457;3000.5725;1853.3956;3004.1813;1856.0446;2999.9339;1849.5328
3118480.0;2999.9847;1857.1529;2998.0759;1857.6283;3000.6235;1861.0459;2998.1655;1854.417;3001.3149;1860.2816;2997.156;1854.287;3002.2232;1855.0784;3000.5594;1853.344;3004.182;1855.9875;2999.9425;1849.45
3118500.0;2999.8933;1857.2275;2998.1215;1857.7522;3000.5564;1860.9558;2998.1826;1854.4204;3001.3343;1860.3248;2997.1712;1854.4736;3002.1946;1855.113;3000.5583;1853.2946;3004.1841;1855.9321;2999.9623;1849.3833
3118520.0;2999.7994;1857.313;2998.168;1857.8801;3000.4723;1860.9599;2998.2006;1854.4289;3001.3466;1860.3806;2997.1933;1854.6823;3002.1752;1855.1372;3000.5678;1853.2562;3004.1883;1855.8719;2999.9967;1849.3297
3118540.0;2999.7073;1857.4138;2998.2089;1858.0104;3000.3751;1861.0385;2998.2125;1854.4463;3001.3554;1860.4685;2997.2183;1854.8964;3002.1635;1855.1495;3000.581;1853.2328;3004.1947;1855.7979;3000.0405;1849.2877
3118560.0;2999.6166;1857.5294;2998.2393;1858.1411;3000.2676;1861.1623;2998.2125;1854.475;3001.3632;1860.6044;2997.2404;1855.0964;3002.1537;1855.1534;3000.5884;1853.2264;3004.2009;1855.7057;3000.0842;1849.2581
3118580.0;2999.5222;1857.6575;2998.2579;1858.2689;3000.1542;1861.3052;2998.2003;1854.5135;3001.3728;1860.7788;2997.2556;1855.2646;3002.1407;1855.1499;3000.5837;1853.237;3004.2035;1855.5995;3000.1201;1849.2404
3118600.0;2999.4192;1857.7959;2998.2674;1858.3904;3000.0417;1861.4493;2998.1814;1854.5579;3001.3886;1860.9517;2997.2638;1855.3898;3002.1207;1855.1386;3000.5672;1853.2602;3004.2009;1855.4907;3000.1468;1849.2315
3118620.0;2999.3095;1857.9393;2998.2724;1858.5068;2999.9373;1861.5892;2998.1616;1854.6054;3001.4151;1861.0748;2997.2671;1855.471;3002.0932;1855.1165;3000.5438;1853.287;3004.1947;1855.3949;3000.169;1849.2265
3118640.0;2999.2012;1858.077;2998.2783;1858.6243;2999.8468;1861.7278;2998.1424;1854.6562;3001.4531;1861.1234;2997.2682;1855.5157;3002.0592;1855.0846;3000.5191;1853.311;3004.188;1855.3274;3000.1924;1849.2205
3118660.0;2999.1012;1858.1971;2998.2912;1858.7491;2999.7737;1861.8708;2998.1208;1854.7115;3001.4992;1861.1048;2997.2688;1855.5356;3002.0184;1855.0517;3000.4976;1853.3328;3004.1825;1855.2961;3000.2195;1849.2083
3118680.0;2999.009;1858.2927;2998.3182;1858.8798;2999.7186;1862.0248;2998.0943;1854.7704;3001.5507;1861.043;2997.2702;1855.5409;3001.9673;1855.0327;3000.4845;1853.3578;3004.1765;1855.2958;3000.2491;1849.1858
3118700.0;2998.918;1858.3626;2998.3658;1859.005;2999.6799;1862.1962;2998.0627;1854.8293;3001.6061;1860.9584;2997.275;1855.5356;3001.9031;1855.0388;3000.4834;1853.3889;3004.1657;1855.3124;3000.2794;1849.1528
3118720.0;2998.8226;1858.4058;2998.436;1859.1093;2999.6565;1862.3887;2998.0288;1854.8832;3001.6656;1860.8583;2997.2876;1855.5155;3001.8269;1855.069;3000.493;1853.4226;3004.1451;1855.3335;3000.31;1849.1144
3118740.0;2998.7218;1858.4182;2998.5269;1859.1827;2999.6496;1862.5967;2997.995;1854.9274;3001.7288;1860.7376;2997.3143;1855.4708;3001.746;1855.1111;3000.507;1853.4524;3004.1114;1855.3567;3000.3402;1849.078
3118760.0;2998.6169;1858.397;2998.637;1859.2273;2999.663;1862.8046;2997.9633;1854.9586;3001.7984;1860.5835;2997.36;1855.3903;3001.6696;1855.1505;3000.5191;1853.4742;3004.0645;1855.3859;3000.368;1849.0482
3118780.0;2998.509;1858.3463;2998.7653;1859.2547;2999.6998;1862.9943;2997.9363;1854.977;3001.8829;1860.3787;2997.4232;1855.2679;3001.603;1855.1772;3000.5272;1853.49;3004.0075;1855.4235;3000.3907;1849.0277
3118800.0;2998.4004;1858.2767;2998.9055;1859.279;2999.7596;1863.1552;2997.9164;1854.9855;3001.9924;1860.114;2997.4947;1855.1066;3001.5445;1855.1865;3000.5337;1853.5065;3003.9434;1855.4641;3000.4056;1849.0226
3118820.0;2998.2966;1858.2036;2999.0404;1859.3109;2999.8387;1863.2847;2997.9038;1854.9878;3002.1298;1859.7949;2997.5618;1854.9168;3001.4877;1855.1767;3000.5431;1853.5304;3003.8738;1855.4979;3000.4091;1849.0464
3118840.0;2998.2054;1858.1437;2999.1488;1859.3547;2999.9314;1863.3854;2997.8958;1854.9855;3002.2847;1859.4405;2997.614;1854.7111;3001.4262;1855.1502;3000.5592;1853.5635;3003.7984;1855.5154;3000.3984;1849.1093
3118860.0;2998.1346;1858.1222;2999.2191;1859.4089;3000.03;1863.4634;2997.8878;1854.9772;3002.4352;1859.0739;2997.6466;1854.5002;3001.3573;1855.11;3000.5836;1853.6005;3003.7157;1855.51;3000.3774;1849.2043
3118880.0;2998.0879;1858.1753;2999.255;1859.4679;3000.1206;1863.5364;2997.8754;1854.96;3002.5557;1858.7158;2997.6587;1854.2918;3001.2832;1855.0591;3000.615;1853.6336;3003.6246;1855.4774;3000.3596;1849.3051
3118900.0;2998.0634;1858.332;2999.2689;1859.5254;3000.1834;1863.6371;2997.8566;1854.9324;3002.6261;1858.3862;2997.6524;1854.0933;3001.2083;1855.0002;3000.6506;1853.6578;3003.5259;1855.4163;3000.361;1849.3857
3118920.0;2998.0538;1858.5825;2999.2713;1859.5778;3000.2013;1863.7942;2997.8331;1854.8974;3002.6384;1858.1075;2997.6323;1853.9146;3001.1367;1854.9356;3000.6902;1853.6753;3003.4231;1855.3322;3000.3866;1849.4405
3118940.0;2998.0496;1858.8631;2999.2676;1859.6256;3000.1743;1864.0024;2997.8095;1854.8614;3002.5975;1857.8989;2997.6056;1853.7674;3001.0708;1854.8678;3000.7348;1853.6935;3003.3226;1855.2374;3000.4254;1849.4909
3118960.0;2998.0442;1859.0914;2999.2606;1859.6712;3000.1258;1864.2077;2997.7908;1854.8302;3002.5185;1857.7702;2997.5826;1853.6599;3001.0114;1854.7978;3000.7837;1853.7198;3003.2296;1855.1461;3000.459;1849.5724
3118980.0;2998.0366;1859.2229;2999.2537;1859.7134;3000.0887;1864.338;2997.7792;1854.8036;3002.4194;1857.7212;2997.5744;1853.5896;3000.9585;1854.7245;3000.8312;1853.7564;3003.1455;1855.0668;3000.4747;1849.7129
3119000.0;2998.0297;1859.271;2999.2507;1859.7477;3000.0835;1864.3555;2997.7733;1854.7762;3002.315;1857.7417;2997.5888;1853.5413;3000.9117;1854.6484;3000.8671;1853.7981;3003.0673;1855.002;3000.4717;1849.9159
3119020.0;2998.0257;1859.2775;2999.2537;1859.7708;3000.1087;1864.2794;2997.7703;1854.7426;3002.2128;1857.8134;2997.6243;1853.4957;3000.871;1854.5747;3000.8815;1853.8373;3002.9909;1854.9528;3000.4594;1850.1556
3119040.0;2998.026;1859.2735;2999.2606;1859.7839;3000.1516;1864.1585;2997.7674;1854.7032;3002.1127;1857.9101;2997.6699;1853.4381;3000.8381;1854.5109;3000.8704;1853.8705;3002.9142;1854.9205;3000.4495;1850.3899
3119060.0;2998.0308;1859.2642;2999.2676;1859.7925;3000.2019;1864.0306;2997.7615;1854.6647;3002.0113;1858.0067;2997.7099;1853.3644;3000.8168;1854.463;3000.8361;1853.9013;3002.8382;1854.9046;3000.4479;1850.5835
3119080.0;2998.0398;1859.2366;2999.2724;1859.8043;3000.2562;1863.9049;2997.7497;1854.6342;3001.9072;1858.0908;2997.7333;1853.281;3000.8121;1854.4301;3000.7854;1853.9359;3002.7647;1854.8986;3000.4519;1850.7218
3119100.0;2998.0515;1859.1804;2999.2752;1859.8264;3000.3158;1863.7664;2997.7304;1854.6143;3001.803;1858.1702;2997.7393;1853.2006;3000.827;1854.4041;3000.7268;1853.977;3002.6934;1854.8947;3000.4534;1850.8098
3119120.0;2998.0618;1859.099;2999.2785;1859.8643;3000.384;1863.5871;2997.7045;1854.6014;3001.7031;1858.2696;2997.7375;1853.1348;3000.8609;1854.3753;3000.6681;1854.0231;3002.622;1854.8924;3000.4472;1850.8616
3119140.0;2998.0668;1859.0117;2999.2867;1859.9193;3000.4715;1863.3243;2997.6752;1854.5882;3001.6101;1858.4142;2997.745;1853.0866;3000.9069;1854.338;3000.615;1854.0712;3002.5477;1854.8976;3000.4343;1850.8939
3119160.0;2998.0663;1858.9408;2999.3066;1859.984;3000.6003;1862.9195;2997.6449;1854.5663;3001.5239;1858.6124;2997.7794;1853.0512;3000.9538;1854.2929;3000.5689;1854.1199;3002.4681;1854.9146;3000.4193;1850.9211
3119180.0;2998.0645;1858.8965;2999.3465;1860.042;3000.7995;1862.3148;2997.6146;1854.5291;3001.4441;1858.8513;2997.8509;1853.0254;3000.9911;1854.2448;3000.5261;1854.1679;3002.3828;1854.9391;3000.4049;1850.9531
3119200.0;2998.0688;1858.8759;2999.4104;1860.0718;3001.0885;1861.4898;2997.585;1854.4737;3001.3698;1859.1091;2997.9577;1853.0145;3001.0145;1854.1975;3000.4781;1854.216;3002.2943;1854.962;3000.3906;1850.9909
3119220.0;2998.0838;1858.8711;2999.4944;1860.0574;3001.4561;1860.4966;2997.558;1854.4016;3001.2974;1859.3717;2998.0867;1853.0283;3001.0263;1854.1542;3000.4155;1854.2667;3002.2075;1854.9776;3000.3768;1851.0288
3119240.0;2998.109;1858.8779;2999.5881;1859.9956;3001.8583;1859.4516;2997.5353;1854.3174;3001.2176;1859.6341;2998.2207;1853.0692;3001.0318;1854.1178;3000.3337;1854.3208;3002.1266;1854.9861;3000.3675;1851.0552
3119260.0;2998.1405;1858.8964;2999.6813;1859.8962;3002.2392;1858.4828;2997.5154;1854.2243;3001.1169;1859.8913;2998.3442;1853.1273;3001.0369;1854.0918;3000.2367;1854.3725;3002.0516;1854.9909;3000.3705;1851.0545
3119280.0;2998.1746;1858.9271;2999.7681;1859.7759;3002.5593;1857.6719;2997.4941;1854.125;3000.985;1860.1304;2998.4497;1853.1849;3001.0464;1854.0773;3000.1365;1854.4107;3001.9782;1854.9968;3000.3899;1851.0105
3119300.0;2998.2096;1858.9672;2999.8453;1859.6535;3002.8083;1857.0368;2997.4687;1854.0235;3000.8228;1860.3276;2998.537;1853.2293;3001.0658;1854.0746;3000.0465;1854.4282;3001.9019;1855.0103;3000.4217;1850.9178
3119320.0;2998.2454;1859.0115;2999.9103;1859.5442;3002.9995;1856.5505;2997.4398;1853.9277;3000.6449;1860.4515;2998.6107;1853.259;3001.0996;1854.084;2999.975;1854.4267;3001.8202;1855.0389;3000.4538;1850.7905
3119340.0;2998.2825;1859.0567;2999.9603;1859.453;3003.154;1856.171;2997.4105;1853.8468;3000.4717;1860.4723;2998.6756;1853.2788;3001.1517;1854.1087;2999.9238;1854.4127;3001.7322;1855.0908;3000.4736;1850.6546
3119360.0;2998.3224;1859.1058;2999.9945;1859.3736;3003.2893;1855.8633;2997.3836;1853.7856;3000.3184;1860.3769;2998.7323;1853.2902;3001.2262;1854.152;2999.8926;1854.3898;3001.6381;1855.1722;3000.4745;1850.5279
3119380.0;2998.3651;1859.1633;3000.0153;1859.2938;3003.416;1855.6043;2997.3614;1853.7446;3000.1922;1860.182;2998.777;1853.2894;3001.3283;1854.2146;2999.8828;1854.3574;3001.5412;1855.2834;3000.4589;1850.4095
3119400.0;2998.4092;1859.2288;3000.0282;1859.2045;3003.5377;1855.3789;2997.3479;1853.724;3000.095;1859.9299;2998.8032;1853.2706;3001.461;1854.2945;2999.8967;1854.3152;3001.4483;1855.416;3000.4337;1850.2903
3119420.0;2998.4523;1859.2939;3000.04;1859.104;3003.6532;1855.1753;2997.3457;1853.726;3000.0263;1859.6729;2998.8068;1853.2327;3001.6195;1854.3893;2999.9353;1854.2641;3001.3665;1855.5558;3000.4046;1850.1678
3119440.0;2998.4937;1859.3479;3000.0563;1858.9971;3003.7594;1854.9831;2997.3519;1853.7523;2999.9835;1859.4532;2998.7913;1853.1815;3001.7901;1854.4966;2999.9958;1854.2044;3001.2978;1855.6918;3000.3745;1850.051
3119460.0;2998.5357;1859.3847;3000.0784;1858.8933;3003.8531;1854.796;2997.3577;1853.8017;2999.962;1859.2908;2998.7665;1853.127;3001.9552;1854.6137;3000.0734;1854.1353;3001.2385;1855.824;3000.3453;1849.9531
3119480.0;2998.5832;1859.4056;3000.1024;1858.8039;3003.933;1854.6132;2997.3544;1853.8698;2999.9558;1859.1843;2998.7441;1853.0778;3002.1002;1854.737;3000.1599;1854.0616;3001.1826;1855.9604;3000.3202;1849.8812
3119500.0;2998.6413;1859.4165;3000.1211;1858.7357;3003.9991;1854.44;2997.3393;1853.9513;2999.9581;1859.1218;2998.7309;1853.0375;3002.2175;1854.8637;3000.2453;1853.9947;3001.1276;1856.1048;3000.3031;1849.8342
3119520.0;2998.7122;1859.4249;3000.1281;1858.6854;3004.0495;1854.2868;2997.3173;1854.0416;2999.963;1859.0886;2998.7272;1853.0057;3002.3055;1854.9928;3000.3201;1853.9488;3001.0755;1856.2503;3000.2971;1849.803
3119540.0;2998.7938;1859.4379;3000.1208;1858.6406;3004.0803;1854.1665;2997.2963;1854.1357;2999.9683;1859.0721;2998.7302;1852.9818;3002.3681;1855.1249;3000.3791;1853.9337;3001.03;1856.3839;3000.3031;1849.776
3119560.0;2998.88;1859.4601;3000.101;1858.587;3004.0898;1854.0856;2997.2814;1854.2303;2999.9776;1859.0608;2998.7383;1852.966;3002.4111;1855.2619;3000.4238;1853.949;3000.9933;1856.4977;3000.3202;1849.7451
3119580.0;2998.9631;1859.4911;3000.0734;1858.5149;3004.0827;1854.0374;2997.2734;1854.3243;2999.9961;1859.044;2998.7542;1852.9573;3002.4406;1855.4067;3000.4604;1853.9844;3000.9649;1856.5961;3000.3453;1849.7091
3119600.0;2999.0388;1859.5231;3000.0418;1858.4233;3004.0684;1854.0036;2997.2707;1854.4187;3000.0255;1859.0124;2998.7822;1852.954;3002.4588;1855.5601;3000.496;1854.0237;3000.9428;1856.6916;3000.3745;1849.673
3119620.0;2999.1085;1859.5437;3000.0058;1858.3169;3004.056;1853.9655;2997.272;1854.5156;3000.0611;1858.9599;2998.8242;1852.9544;3002.4653;1855.7176;3000.5342;1854.0535;3000.9255;1856.7966;3000.4049;1849.6418
3119640.0;2999.1781;1859.5434;2999.9606;1858.2043;3004.0495;1853.9146;2997.2782;1854.6175;3000.0957;1858.886;2998.8773;1852.9586;3002.459;1855.8695;3000.5731;1854.0712;3000.9114;1856.9184;3000.4352;1849.6152
3119660.0;2999.2538;1859.5213;2999.9007;1858.0967;3004.0498;1853.8543;2997.2924;1854.726;3000.1226;1858.7968;2998.935;1852.9689;3002.4414;1856.0042;3000.6074;1854.0847;3000.8974;1857.0585;3000.4646;1849.5877
3119680.0;2999.3368;1859.4846;2999.825;1858.0045;3004.0575;1853.7931;2997.318;1854.8392;3000.1391;1858.7037;2998.9889;1852.9868;3002.4144;1856.1139;3000.633;1854.1036;3000.8794;1857.2124;3000.4912;1849.5541
3119700.0;2999.422;1859.4417;2999.7403;1857.933;3004.0742;1853.7382;2997.3573;1854.9513;3000.1459;1858.6174;2999.0344;1853.0091;3002.3783;1856.198;3000.6505;1854.1315;3000.8554;1857.3684;3000.5127;1849.5148
3119720.0;2999.5042;1859.3969;2999.6597;1857.8774;3004.0995;1853.6905;2997.4098;1855.056;3000.146;1858.5409;2999.0737;1853.0286;3002.3314;1856.2628;3000.6645;1854.1641;3000.8267;1857.5125;3000.5303;1849.4763
3119740.0;2999.5825;1859.3485;2999.5955;1857.8239;3004.1301;1853.646;2997.4723;1855.1526;3000.1441;1858.4655;2999.1133;1853.041;3002.2723;1856.3171;3000.68;1854.1932;3000.7964;1857.6343;3000.5477;1849.446
3119760.0;2999.6706;1859.2959;2999.5511;1857.7592;3004.1617;1853.5991;2997.5391;1855.2474;3000.1487;1858.3747;2999.1574;1853.0509;3002.2006;1856.3658;3000.6967;1854.2134;3000.7657;1857.7339;3000.5686;1849.427
3119780.0;2999.8006;1859.2402;2999.518;1857.6795;3004.1921;1853.548;2997.6014;1855.349;3000.17;1858.2552;2999.202;1853.0694;3002.1173;1856.4078;3000.7091;1854.2242;3000.7344;1857.8199;3000.593;1849.4174
3119800.0;3000.0034;1859.1793;2999.4812;1857.5923;3004.2207;1853.4968;2997.6494;1855.4613;3000.2169;1858.0986;2999.2407;1853.1055;3002.0259;1856.4399;3000.7092;1854.2287;3000.7026;1857.9013;3000.6174;1849.4128
3119820.0;3000.2732;1859.106;2999.4262;1857.5092;3004.2462;1853.4539;2997.6759;1855.5806;3000.2921;1857.8961;2999.271;1853.161;3001.9329;1856.463;3000.6925;1854.2301;3000.671;1857.9818;3000.6383;1849.4083
3119840.0;3000.5486;1859.014;2999.3457;1857.4369;3004.2653;1853.4333;2997.6815;1855.6975;3000.3918;1857.6355;2999.2966;1853.2317;3001.846;1856.4851;3000.6612;1854.2305;3000.6392;1858.0605;3000.6558;1849.3996
3119860.0;3000.7448;1858.911;2999.2418;1857.3719;3004.275;1853.4508;2997.6737;1855.8021;3000.5062;1857.3123;2999.3207;1853.3077;3001.7732;1856.5212;3000.6216;1854.2305;3000.6056;1858.1362;3000.6732;1849.3824
3119880.0;3000.814;1858.8191;2999.1248;1857.3054;3004.2759;1853.5142;2997.662;1855.8894;3000.6219;1856.9418;2999.3412;1853.3752;3001.7211;1856.5874;3000.5802;1854.2305;3000.569;1858.2106;3000.6941;1849.3548
3119900.0;3000.7704;1858.7614;2999.0091;1857.2308;3004.2728;1853.6095;2997.6529;1855.9606;3000.7274;1856.5541;2999.3535;1853.4195;3001.6925;1856.6895;3000.541;1854.2305;3000.5303;1858.2849;3000.7181;1849.32
3119920.0;3000.6612;1858.746;2998.9079;1857.1478;3004.2714;1853.7032;2997.648;1856.0203;3000.8175;1856.1774;2999.355;1853.4313;3001.6795;1856.8131;3000.5049;1854.2303;3000.4916;1858.3565;3000.7407;1849.2852
3119940.0;3000.5234;1858.767;2998.8295;1857.0618;3004.2754;1853.7611;2997.6465;1856.0728;3000.8915;1855.8283;2999.3495;1853.4114;3001.6613;1856.9267;3000.4725;1854.2294;3000.4548;1858.4192;3000.756;1849.2576
3119960.0;3000.3684;1858.8115;2998.7753;1856.9788;3004.285;1853.7709;2997.6482;1856.1189;3000.9494;1855.5166;2999.3452;1853.3736;3001.6124;1857.0016;3000.4454;1854.2264;3000.4201;1858.4688;3000.7593;1849.2406
3119980.0;3000.1912;1858.8668;2998.7397;1856.9026;3004.3003;1853.7445;2997.6545;1856.1545;3000.9895;1855.2471;2999.3515;1853.3434;3001.5181;1857.0303;3000.4251;1854.2188;3000.3846;1858.5075;3000.7492;1849.2331
3120000.0;2999.9904;1858.9233;2998.7139;1856.8344;3004.3231;1853.7016;2997.6685;1856.1701;3001.0114;1855.0174;2999.374;1853.3471;3001.3837;1857.0243;3000.4101;1854.2033;3000.3435;1858.5434;3000.727;1849.2331
3120020.0;2999.7746;1858.9701;2998.6918;1856.7721;3004.3574;1853.6545;2997.6929;1856.1544;3001.017;1854.8205;2999.4105;1853.3946;3001.2292;1856.9968;3000.3931;1854.1781;3000.2917;1858.5854;3000.6962;1849.2406
3120040.0;2999.5608;1858.9962;2998.6727;1856.7131;3004.4076;1853.6068;2997.7282;1856.1008;3001.0091;1854.6501;2999.4504;1853.4746;3001.076;1856.9506;3000.3589;1854.1442;3000.2251;1858.6398;3000.6601;1849.2581
3120060.0;2999.365;1858.9933;2998.6572;1856.6554;3004.4756;1853.5591;2997.7712;1856.0126;3000.9896;1854.5079;2999.4809;1853.5629;3000.9375;1856.8811;3000.2838;1854.1037;3000.1402;1858.7122;3000.6199;1849.2877
3120080.0;2999.1938;1858.9606;2998.6439;1856.6;3004.5571;1853.5129;2997.8156;1855.9013;3000.9604;1854.4001;2999.493;1853.6395;3000.8185;1856.7884;3000.1395;1854.0529;3000.0348;1858.8074;3000.5744;1849.3297
3120100.0;2999.045;1858.908;2998.628;1856.5495;3004.6404;1853.4661;2997.8566;1855.7816;3000.9245;1854.3335;2999.4843;1853.6943;3000.7185;1856.6819;2999.9015;1853.9781;2999.9102;1858.9278;3000.5237;1849.3833
3120120.0;2998.9118;1858.8532;2998.6049;1856.5086;3004.7103;1853.4141;2997.8927;1855.6657;3000.8848;1854.3138;2999.4596;1853.7241;3000.6367;1856.5734;2999.5566;1853.8615;2999.7745;1859.0655;3000.4709;1849.4505
3120140.0;2998.7858;1858.8144;2998.5729;1856.4819;3004.7581;1853.3517;2997.9253;1855.5606;3000.8431;1854.3435;2999.429;1853.727;3000.5727;1856.4665;2999.1067;1853.6946;2999.6417;1859.2022;3000.4225;1849.5353
3120160.0;2998.658;1858.8016;2998.5341;1856.4722;3004.7862;1853.2757;2997.9553;1855.4688;3000.7999;1854.4175;2999.404;1853.7051;3000.5252;1856.3558;2998.5664;1853.4915;2999.529;1859.315;3000.3865;1849.6395
3120180.0;2998.52;1858.8132;2998.4934;1856.4779;3004.8048;1853.1842;2997.9813;1855.3929;3000.7546;1854.5199;2999.3906;1853.6686;3000.4885;1856.2337;2997.9623;1853.2879;2999.448;1859.388;3000.369;1849.7586
3120200.0;2998.3698;1858.8411;2998.4566;1856.4905;3004.8245;1853.0794;2998.0006;1855.3365;3000.707;1854.6284;2999.386;1853.6351;3000.452;1856.0987;2997.3316;1853.1255;2999.3987;1859.4185;3000.3728;1849.885
3120220.0;2998.2135;1858.8829;2998.4289;1856.4991;3004.8512;1852.9685;2998.0124;1855.3034;3000.659;1854.7266;2999.3816;1853.6197;3000.4057;1855.9552;2996.7192;1853.0337;2999.3689;1859.4154;3000.398;1850.0105
3120240.0;2998.0614;1858.9474;2998.4122;1856.4982;3004.8852;1852.8614;2998.0183;1855.2917;3000.6152;1854.812;2999.37;1853.6242;3000.3451;1855.8093;2996.1713;1853.0204;2999.3446;1859.3914;3000.4474;1850.1263
3120260.0;2997.9217;1859.0484;2998.4059;1856.4904;3004.9242;1852.7637;2998.0212;1855.2908;3000.5815;1854.8933;2999.3497;1853.6374;3000.2719;1855.6674;2995.724;1853.0739;2999.3184;1859.3565;3000.5306;1850.2219
3120280.0;2997.7933;1859.191;2998.4092;1856.4814;3004.965;1852.6734;2998.0242;1855.285;3000.5629;1854.9799;2999.3243;1853.6446;3000.1896;1855.5355;2995.3919;1853.1712;2999.2899;1859.3185;3000.6606;1850.289
3120300.0;2997.6688;1859.3647;2998.4231;1856.4741;3005.0049;1852.5854;2998.0301;1855.2617;3000.5613;1855.0771;2999.2988;1853.6359;3000.1004;1855.4206;2995.1643;1853.288;2999.2603;1859.2829;3000.8438;1850.3255
3120320.0;2997.5381;1859.5508;2998.4498;1856.4659;3005.0433;1852.4955;2998.0417;1855.2181;3000.576;1855.1885;2999.2741;1853.608;3000.0057;1855.3314;2995.0136;1853.404;2999.2303;1859.2503;3001.0746;1850.3341
3120340.0;2997.3972;1859.7347;2998.4893;1856.4507;3005.0829;1852.401;2998.0604;1855.1604;3000.6041;1855.3174;2999.246;1853.5619;2999.9103;1855.28;2994.9109;1853.5077;2999.2016;1859.2171;3001.3385;1850.3147
3120360.0;2997.2522;1859.9085;2998.5372;1856.4225;3005.1272;1852.2995;2998.0837;1855.1002;3000.642;1855.4635;2999.2076;1853.5007;2999.8239;1855.2776;2994.8369;1853.5972;2999.1773;1859.1794;3001.6237;1850.2612
3120380.0;2997.1162;1860.0668;2998.5866;1856.3777;3005.1756;1852.1938;2998.1059;1855.0484;3000.6873;1855.618;2999.1534;1853.4263;2999.7576;1855.3263;2994.7827;1853.677;2999.1585;1859.1401;3001.9246;1850.1674
3120400.0;2997.0002;1860.2035;2998.6321;1856.3183;3005.2215;1852.0957;2998.1199;1855.0145;3000.7378;1855.7672;2999.0811;1853.3391;2999.7179;1855.4138;2994.7443;1853.7543;2999.1425;1859.1049;3002.2358;1850.0354
3120420.0;2996.9063;1860.3174;2998.6717;1856.2503;3005.2563;1852.0215;2998.1194;1855.0107;3000.7892;1855.9;2998.992;1853.2394;2999.7017;1855.5182;2994.7194;1853.8336;2999.125;1859.0798;3002.545;1849.877
3120440.0;2996.8275;1860.4177;2998.7056;1856.18;3005.2748;1851.9817;2998.0996;1855.0533;3000.8354;1856.012;2998.891;1853.1292;2999.6985;1855.6209;2994.7085;1853.9153;2999.1049;1859.0683;3002.8379;1849.7061
3120460.0;2996.7533;1860.52;2998.7336;1856.1114;3005.2759;1851.9726;2998.0587;1855.153;3000.8713;1856.1028;2998.7866;1853.0141;2999.6966;1855.7131;2994.7137;1853.9995;2999.0865;1859.0743;3003.1069;1849.5342
3120480.0;2996.6774;1860.6376;2998.7546;1856.0473;3005.2599;1851.9799;2998.0006;1855.2989;3000.8974;1856.1726;2998.6884;1852.9014;2999.6876;1855.7983;2994.7346;1854.09;2999.0755;1859.0995;3003.3543;1849.3732
3120500.0;2996.5986;1860.7761;2998.7699;1855.99;3005.2286;1851.9879;2997.9349;1855.4566;3000.9217;1856.222;2998.6033;1852.7977;2999.6678;1855.8859;2994.7627;1854.1926;2999.072;1859.1376;3003.5854;1849.238
3120520.0;2996.5186;1860.9338;2998.7832;1855.9396;3005.1871;1851.9856;2997.8741;1855.5893;3000.9566;1856.2555;2998.532;1852.7051;2999.6362;1855.9806;2994.7838;1854.3068;2999.068;1859.1734;3003.802;1849.1413
3120540.0;2996.4406;1861.1051;2998.7985;1855.8936;3005.1437;1851.9657;2997.8272;1855.6816;3001.0141;1856.2828;2998.4722;1852.6203;2999.5921;1856.0734;2994.7868;1854.4212;2999.0529;1859.1908;3004.0027;1849.0849
3120560.0;2996.3649;1861.2842;2998.8145;1855.8492;3005.1073;1851.922;2997.797;1855.7433;3001.0998;1856.3149;2998.4253;1852.5369;2999.5346;1856.1387;2994.7711;1854.5215;2999.0236;1859.1846;3004.1893;1849.0609
3120580.0;2996.2901;1861.4659;2998.8234;1855.807;3005.0822;1851.851;2997.7808;1855.7949;3001.2098;1856.3585;2998.3968;1852.453;2999.4639;1856.1519;2994.7415;1854.6023;2998.9868;1859.1596;3004.3682;1849.0589
3120600.0;2996.2133;1861.6453;2998.8151;1855.7713;3005.0676;1851.7549;2997.7736;1855.8503;3001.3338;1856.4143;2998.3905;1852.3741;2999.3835;1856.1108;2994.7029;1854.6663;2998.9549;1859.1225;3004.5467;1849.0732
3120620.0;2996.1313;1861.8145;2998.7864;1855.7435;3005.0588;1851.6449;2997.7703;1855.911;3001.4629;1856.4768;2998.403;1852.3095;2999.3012;1856.0381;2994.6586;1854.7155;2998.9376;1859.0724;3004.7284;1849.1011
3120640.0;2996.0415;1861.9622;2998.7458;1855.719;3005.0502;1851.5389;2997.7674;1855.9699;3001.5939;1856.5372;2998.4259;1852.2672;2999.2266;1855.9615;2994.6138;1854.7456;2998.9388;1858.9983;3004.9099;1849.1397
3120660.0;2995.9422;1862.0797;2998.7097;1855.6898;3005.0368;1851.4578;2997.7615;1856.0184;3001.7242;1856.5809;2998.4512;1852.2507;2999.1671;1855.8954;2994.5761;1854.7469;2998.9564;1858.8869;3005.0813;1849.1851
3120680.0;2995.8322;1862.1711;2998.6931;1855.65;3005.0161;1851.4207;2997.75;1856.0517;3001.8442;1856.5928;2998.4737;1852.2576;2999.1238;1855.8353;2994.5532;1854.7117;2998.9836;1858.7305;3005.2321;1849.2371
3120700.0;2995.7117;1862.2588;2998.7038;1855.5994;3004.9902;1851.4364;2997.732;1856.0706;3001.9389;1856.569;2998.4877;1852.2803;2999.0898;1855.7656;2994.5478;1854.6436;2999.0121;1858.5317;3005.3564;1849.3006
3120720.0;2995.5813;1862.3751;2998.7427;1855.542;3004.9642;1851.4951;2997.7108;1856.0792;3001.9988;1856.5241;2998.4868;1852.3053;2999.0521;1855.6713;2994.5573;1854.5627;2999.0338;1858.3065;3005.4559;1849.3833
3120740.0;2995.4406;1862.5413;2998.804;1855.4837;3004.9437;1851.5681;2997.6937;1856.0824;3002.0271;1856.4822;2998.4688;1852.3204;2998.9992;1855.5516;2994.5761;1854.4974;2999.0435;1858.0826;3005.5372;1849.488
3120760.0;2995.2904;1862.7567;2998.8761;1855.4309;3004.9309;1851.622;2997.6888;1856.0836;3002.0361;1856.4603;2998.4409;1852.3241;2998.9306;1855.4291;2994.602;1854.462;2999.0395;1857.8895;3005.6078;1849.609
3120780.0;2995.1344;1863.0041;2998.9466;1855.39;3004.9246;1851.6382;2997.7009;1856.0848;3002.0372;1856.4585;2998.4205;1852.3277;2998.8578;1855.3414;2994.6387;1854.4417;2999.0221;1857.7461;3005.6731;1849.735
3120800.0;2994.98;1863.2609;2999.0072;1855.3642;3004.9224;1851.6204;2997.728;1856.0879;3002.0366;1856.4689;2998.4277;1852.349;2998.7964;1855.3179;2994.6919;1854.4032;2998.992;1857.6529;3005.7354;1849.8572
3120820.0;2994.8393;1863.5063;2999.0563;1855.3519;3004.9228;1851.5842;2997.7615;1856.0954;3002.036;1856.4868;2998.4725;1852.3992;2998.7559;1855.3641;2994.7619;1854.3217;2998.95;1857.5947;3005.7943;1849.9754
3120840.0;2994.7272;1863.7234;2999.0956;1855.3497;3004.9264;1851.5466;2997.7893;1856.1095;3002.0358;1856.5135;2998.5478;1852.478;2998.7378;1855.4641;2994.844;1854.1934;2998.9002;1857.5522;3005.8477;1850.0968
3120860.0;2994.6556;1863.9031;2999.1287;1855.3537;3004.9354;1851.5197;2997.8007;1856.1295;3002.0358;1856.5505;2998.6324;1852.5762;2998.7381;1855.5927;2994.9306;1854.0306;2998.8512;1857.5126;3005.8945;1850.2292
3120880.0;2994.6264;1864.0491;2999.1623;1855.3588;3004.9518;1851.5073;2997.7919;1856.1505;3002.0358;1856.5958;2998.7033;1852.6822;2998.7522;1855.7266;2995.0145;1853.8494;2998.8102;1857.4733;3005.9377;1850.3739
3120900.0;2994.6283;1864.1755;2999.2087;1855.3561;3004.9749;1851.5052;2997.7687;1856.1662;3002.0358;1856.645;2998.7475;1852.786;2998.7764;1855.8447;2995.0839;1853.6669;2998.7787;1857.4384;3005.9853;1850.5205
3120920.0;2994.6441;1864.3005;2999.2798;1855.3361;3004.9987;1851.505;2997.7423;1856.176;3002.0358;1856.6959;2998.7648;1852.879;2998.8082;1855.9276;2995.1227;1853.5004;2998.752;1857.4101;3006.0473;1850.6471
3120940.0;2994.6642;1864.4381;2999.3771;1855.3003;3005.0141;1851.5011;2997.7224;1856.1849;3002.036;1856.7494;2998.7614;1852.9525;2998.8434;1855.9616;2995.1194;1853.3609;2998.7254;1857.3832;3006.1293;1850.727
3120960.0;2994.6924;1864.596;2999.4854;1855.2688;3005.0139;1851.496;2997.7108;1856.197;3002.0369;1856.8076;2998.7428;1852.9982;2998.8761;1855.9445;2995.079;1853.2489;2998.6987;1857.3485;3006.2275;1850.7428
3120980.0;2994.7403;1864.7732;2999.5786;1855.2693;3004.9979;1851.4975;2997.7031;1856.2078;3002.0391;1856.8719;2998.7114;1853.013;2998.9012;1855.8875;2995.024;1853.1576;2998.6752;1857.299;3006.3278;1850.7022
3121000.0;2994.8181;1864.9633;2999.6359;1855.3165;3004.9718;1851.5114;2997.6951;1856.2051;3002.0439;1856.9401;2998.6695;1853.0025;2998.9191;1855.8102;2994.9802;1853.0821;2998.6566;1857.2354;3006.4119;1850.6412
3121020.0;2994.9311;1865.1604;2999.6526;1855.401;3004.9429;1851.5369;2997.6889;1856.1771;3002.0509;1857.0028;2998.6216;1852.9782;2998.9331;1855.7306;2994.9599;1853.0241;2998.6401;1857.1669;3006.4654;1850.6091
3121040.0;2995.0835;1865.3631;2999.6387;1855.5006;3004.9149;1851.5665;2997.6905;1856.1189;3002.0576;1857.0459;2998.5733;1852.9476;2998.9434;1855.6597;2994.9586;1852.9871;2998.6201;1857.1052;3006.4821;1850.6461
3121060.0;2995.2809;1865.5698;2999.6084;1855.5996;3004.8873;1851.5872;2997.7028;1856.0332;3002.0575;1857.0572;2998.5278;1852.9109;2998.946;1855.6007;2994.9632;1852.9714;2998.5924;1857.0593;3006.4639;1850.769
3121080.0;2995.5256;1865.7672;2999.5723;1855.6955;3004.8597;1851.5879;2997.7217;1855.9255;3002.0423;1857.0315;2998.4871;1852.8654;2998.937;1855.5531;2994.962;1852.9746;2998.5553;1857.0309;3006.4179;1850.9719
3121100.0;2995.8108;1865.9295;2999.5355;1855.7915;3004.8338;1851.5631;2997.7377;1855.8004;3001.9978;1856.9686;2998.4529;1852.811;2998.916;1855.5156;2994.9498;1852.9938;2998.5088;1857.0151;3006.3535;1851.2369
3121120.0;2996.1192;1866.0307;2999.4999;1855.8891;3004.8117;1851.5168;2997.7416;1855.6589;3001.8981;1856.8631;2998.4268;1852.7522;2998.8854;1855.4894;2994.9281;1853.024;2998.4529;1857.0028;3006.2795;1851.542
3121140.0;2996.4296;1866.0578;2999.4657;1855.9869;3004.7928;1851.4612;2997.7263;1855.5029;3001.7083;1856.7015;2998.4088;1852.6953;2998.8467;1855.4744;2994.8999;1853.0569;2998.3897;1856.9834;3006.2032;1851.8601
3121160.0;2996.7272;1866.0093;2999.4329;1856.0826;3004.7738;1851.4134;2997.6867;1855.3404;3001.3998;1856.4704;2998.3948;1852.6467;2998.8002;1855.4648;2994.8636;1853.0803;2998.3254;1856.946;3006.1295;1852.1569
3121180.0;2997.0025;1865.8889;2999.4015;1856.1748;3004.7528;1851.3893;2997.6201;1855.1872;3000.9698;1856.1689;2998.3765;1852.6136;2998.7444;1855.4513;2994.8125;1853.0887;2998.2694;1856.8845;3006.0604;1852.3951
3121200.0;2997.2464;1865.7048;2999.3709;1856.2608;3004.7294;1851.3989;2997.5282;1855.06;3000.4433;1855.8192;2998.344;1852.6009;2998.677;1855.4283;2994.7426;1853.0871;2998.2322;1856.8027;3005.9957;1852.5505
3121220.0;2997.4481;1865.4739;2999.3416;1856.3358;3004.7014;1851.441;2997.4185;1854.9671;2999.8604;1855.4639;2998.2912;1852.6093;2998.5956;1855.3995;2994.6624;1853.088;2998.2217;1856.7141;3005.9336;1852.6253
3121240.0;2997.6046;1865.2167;2999.3158;1856.3936;3004.6622;1851.5016;2997.3027;1854.9065;2999.264;1855.1507;2998.2219;1852.6319;2998.5007;1855.3736;2994.5902;1853.0994;2998.2382;1856.6336;3005.8717;1852.6464
3121260.0;2997.7326;1864.9449;2999.2964;1856.4297;3004.6041;1851.5611;2997.1909;1854.8726;2998.6983;1854.9161;2998.1497;1852.6557;2998.3971;1855.3562;2994.5414;1853.1175;2998.2724;1856.5676;3005.8066;1852.6502
3121280.0;2997.8623;1864.6611;2999.2846;1856.4427;3004.5261;1851.6071;2997.0869;1854.8625;2998.2078;1854.7762;2998.0906;1852.6671;2998.2925;1855.3476;2994.5192;1853.13;2998.3078;1856.5118;3005.7348;1852.6665
3121300.0;2998.0176;1864.3713;2999.2789;1856.4338;3004.4342;1851.6399;2996.9892;1854.8733;2997.8281;1854.7266;2998.0529;1852.6619;2998.1947;1855.345;2994.5161;1853.1286;2998.3285;1856.4588;3005.6536;1852.7101
3121320.0;2998.1995;1864.0959;2999.2769;1856.4057;3004.3358;1851.6669;2996.8957;1854.8972;2997.5726;1854.7482;2998.0356;1852.649;2998.1075;1855.3473;2994.5223;1853.1131;2998.3284;1856.4051;3005.5625;1852.7822
3121340.0;2998.3883;1863.8623;2999.2773;1856.3631;3004.2352;1851.6906;2996.8067;1854.9206;2997.4286;1854.8134;2998.0324;1852.6438;2998.0309;1855.3553;2994.5296;1853.088;2998.3114;1856.3538;3005.4635;1852.8766
3121360.0;2998.5584;1863.6854;2999.2805;1856.3111;3004.1353;1851.7059;2996.7246;1854.9301;2997.3678;1854.8919;2998.037;1852.656;2997.9619;1855.3706;2994.5319;1853.0573;2998.2857;1856.3091;3005.3611;1852.984
3121380.0;2998.6909;1863.5561;2999.289;1856.2523;3004.0415;1851.7056;2996.6501;1854.9206;2997.3605;1854.9586;2998.0431;1852.6832;2997.8974;1855.3916;2994.5256;1853.0207;2998.2567;1856.2712;3005.2639;1853.0948
3121400.0;2998.778;1863.4477;2999.3055;1856.1844;3003.9603;1851.6895;2996.5816;1854.8976;2997.3832;1855.0008;2998.0449;1852.7164;2997.8363;1855.4109;2994.5092;1852.9734;2998.2267;1856.2351;3005.1826;1853.1997
3121420.0;2998.8211;1863.3315;2999.3324;1856.1038;3003.8942;1851.6648;2996.5166;1854.8746;2997.4165;1855.0191;2998.0386;1852.7502;2997.7792;1855.4189;2994.4822;1852.9079;2998.198;1856.1969;3005.1248;1853.2907
3121440.0;2998.8307;1863.1878;2999.3701;1856.0085;3003.8398;1851.6384;2996.4534;1854.8653;2997.4447;1855.0207;2998.0235;1852.7854;2997.7282;1855.4114;2994.4424;1852.8161;2998.1737;1856.1581;3005.0922;1853.3609
3121460.0;2998.8225;1863.0078;2999.4192;1855.8996;3003.7912;1851.6135;2996.3912;1854.8758;2997.4622;1855.0087;2998.0013;1852.8226;2997.6849;1855.3938;2994.387;1852.6935;2998.1548;1856.125;3005.0809;1853.4048
3121480.0;2998.8136;1862.7888;2999.4812;1855.7794;3003.7418;1851.5937;2996.3306;1854.9023;2997.4758;1854.9788;2997.9747;1852.856;2997.6481;1855.3786;2994.3144;1852.5433;2998.1386;1856.103;3005.0849;1853.4198
3121500.0;2998.8158;1862.5348;2999.5562;1855.6488;3003.6857;1851.586;2996.2729;1854.9348;2997.4968;1854.926;2997.9485;1852.8752;2997.6154;1855.3775;2994.2262;1852.3718;2998.12;1856.0931;3005.0962;1853.4096
3121520.0;2998.8326;1862.2571;2999.6403;1855.5087;3003.6206;1851.596;2996.2197;1854.9643;2997.5284;1854.8545;2997.9292;1852.8751;2997.5852;1855.3975;2994.1291;1852.1891;2998.0968;1856.0949;3005.1045;1853.3852
3121540.0;2998.8604;1861.9735;2999.7274;1855.3629;3003.5523;1851.6193;2996.1706;1854.9889;2997.5609;1854.7775;2997.923;1852.8624;2997.5586;1855.4395;2994.0356;1852.0101;2998.0714;1856.1108;3005.0977;1853.3599
3121560.0;2998.8929;1861.7059;2999.8118;1855.2164;3003.4978;1851.6423;2996.1222;1855.013;2997.5786;1854.7113;2997.9337;1852.8508;2997.537;1855.4996;2993.9616;1851.8551;2998.0491;1856.1464;3005.0657;1853.3438
3121580.0;2998.9266;1861.4776;2999.8901;1855.0709;3003.4783;1851.654;2996.0708;1855.0411;2997.5708;1854.6662;2997.9617;1852.8477;2997.5194;1855.5714;2993.9213;1851.7418;2998.0328;1856.2057;3005.0004;1853.3418
3121600.0;2998.9621;1861.305;2999.9614;1854.9236;3003.5059;1851.6548;2996.0172;1855.0731;2997.5358;1854.6409;2998.0042;1852.8447;2997.502;1855.6485;2993.9209;1851.6713;2998.021;1856.2851;3004.8946;1853.3574
3121620.0;2999.0035;1861.1898;3000.0266;1854.7721;3003.577;1851.6535;2995.9677;1855.1032;2997.482;1854.622;2998.0563;1852.8241;2997.4811;1855.726;2993.9556;1851.6227;2998.0083;1856.375;3004.7442;1853.3937
3121640.0;2999.0541;1861.1154;3000.0875;1854.6213;3003.6777;1851.6604;2995.9297;1855.1234;2997.4247;1854.5924;2998.1117;1852.7766;2997.4567;1855.8002;2994.0129;1851.566;2997.9887;1856.4666;3004.5523;1853.455
3121660.0;2999.1133;1861.0556;3000.143;1854.4851;3003.7928;1851.6814;2995.9065;1855.1277;2997.3823;1854.5439;2998.164;1852.711;2997.4323;1855.871;2994.0772;1851.4803;2997.9581;1856.5562;3004.3305;1853.544
3121680.0;2999.1772;1860.9896;3000.1865;1854.3801;3003.9119;1851.7179;2995.8961;1855.1136;2997.3691;1854.4884;2998.2079;1852.6477;2997.4113;1855.9436;2994.1339;1851.3642;2997.9179;1856.6408;3004.0966;1853.6564
3121700.0;2999.2421;1860.9105;3000.21;1854.3189;3004.0305;1851.7665;2995.895;1855.0817;2997.3894;1854.4516;2998.2401;1852.6024;2997.3931;1856.0263;2994.1704;1851.2348;2997.8737;1856.7139;3003.8697;1853.777
3121720.0;2999.3063;1860.8219;3000.2115;1854.3085;3004.1477;1851.8212;2995.9017;1855.0355;2997.4344;1854.4532;2998.2613;1852.5776;2997.3733;1856.1241;2994.1774;1851.118;2997.8337;1856.7679;3003.6676;1853.8831
3121740.0;2999.3693;1860.7287;3000.198;1854.3537;3004.2652;1851.8742;2995.9169;1854.9779;2997.4863;1854.4908;2998.275;1852.5671;2997.346;1856.2328;2994.1494;1851.0359;2997.8046;1856.8006;3003.5017;1853.9584
3121760.0;2999.4315;1860.6305;3000.1804;1854.4587;3004.3844;1851.9174;2995.9401;1854.9103;2997.5249;1854.5422;2998.2851;1852.5637;2997.3078;1856.3424;2994.0888;1851.0004;2997.7894;1856.8164;3003.3738;1854.0049
3121780.0;2999.4917;1860.5255;3000.1663;1854.6222;3004.5052;1851.9409;2995.9683;1854.8332;2997.5363;1854.5841;2998.2917;1852.5628;2997.2597;1856.4426;2994.0012;1851.0122;2997.7883;1856.8225;3003.278;1854.0377
3121800.0;2999.5485;1860.4132;3000.1573;1854.8318;3004.6254;1851.9385;2995.9971;1854.7497;2997.518;1854.6111;2998.2927;1852.5624;2997.2057;1856.5274;2993.8911;1851.065;2997.7998;1856.8244;3003.2065;1854.0725
3121820.0;2999.6006;1860.2922;3000.1504;1855.0639;3004.742;1851.9129;2996.0232;1854.6675;2997.4765;1854.6353;2998.2886;1852.561;2997.1511;1856.5964;2993.7596;1851.148;2997.8211;1856.8244;3003.1526;1854.1172
3121840.0;2999.6471;1860.1568;3000.1405;1855.2945;3004.8513;1851.8742;2996.0426;1854.5975;2997.4209;1854.6761;2998.2852;1852.5565;2997.1011;1856.6537;2993.6105;1851.2456;2997.847;1856.8229;3003.1118;1854.1727
3121860.0;2999.6858;1860.0019;3000.1222;1855.5091;3004.9509;1851.8304;2996.0502;1854.5495;2997.357;1854.747;2998.2902;1852.5456;2997.059;1856.7066;2993.4579;1851.3355;2997.8725;1856.8184;3003.0821;1854.2347
3121880.0;2999.7096;1859.8335;3000.0922;1855.7039;3005.041;1851.7763;2996.0427;1854.5245;2997.2856;1854.8505;2998.3063;1852.5254;2997.0256;1856.7598;2993.3203;1851.3967;2997.8955;1856.8076;3003.0635;1854.2957
3121900.0;2999.7022;1859.6738;3000.0484;1855.8828;3005.1227;1851.6962;2996.025;1854.5114;2997.2043;1854.9792;2998.329;1852.4961;2997.0008;1856.8115;2993.2085;1851.4194;2997.9177;1856.7874;3003.057;1854.3475
3121920.0;2999.6353;1859.5618;2999.99;1856.0548;3005.1988;1851.5774;2996.0095;1854.4921;2997.1121;1855.1212;2998.35;1852.4623;2996.9847;1856.8539;2993.1189;1851.4105;2997.9398;1856.7584;3003.0631;1854.3858
3121940.0;2999.4805;1859.5401;2999.9161;1856.2335;3005.2717;1851.4178;2996.0069;1854.4558;2997.0128;1855.263;2998.3613;1852.4313;2996.9767;1856.8833;2993.0388;1851.388;2997.9579;1856.7265;3003.0803;1854.4135
3121960.0;2999.2332;1859.6286;2999.8272;1856.435;3005.3426;1851.2255;2996.0174;1854.4074;2996.9174;1855.3883;2998.3589;1852.4061;2996.9721;1856.9062;2992.9567;1851.3743;2997.9651;1856.7017;3003.1057;1854.4368
3121980.0;2998.9353;1859.7988;2999.7273;1856.6714;3005.4074;1851.0142;2996.0335;1854.3614;2996.8436;1855.475;2998.3435;1852.3833;2996.9614;1856.932;2992.8701;1851.3891;2997.9581;1856.6927;3003.1361;1854.4594
3122000.0;2998.6619;1859.9772;2999.622;1856.9459;3005.4559;1850.8073;2996.0494;1854.3285;2996.8094;1855.5;2998.3213;1852.3564;2996.9372;1856.959;2992.7846;1851.4387;2997.9412;1856.7037;3003.1696;1854.478
3122020.0;2998.4764;1860.0916;2999.5173;1857.2532;3005.4768;1850.638;2996.0654;1854.3074;2996.8233;1855.4507;2998.3;1852.3222;2996.9001;1856.9719;2992.7078;1851.5109;2997.9225;1856.7336;3003.207;1854.4855
3122040.0;2998.3952;1860.116;2999.4211;1857.5793;3005.468;1850.5367;2996.0832;1854.2899;2996.8792;1855.3336;2998.2851;1852.2844;2996.8594;1856.9573;2992.6436;1851.5791;2997.9084;1856.7774;3003.2495;1854.478
3122060.0;2998.3921;1860.0735;2999.3455;1857.9039;3005.442;1850.507;2996.1005;1854.2717;2996.96;1855.1694;2998.2769;1852.25;2996.8273;1856.917;2992.5888;1851.6228;2997.9006;1856.8289;3003.2958;1854.4594
3122080.0;2998.4308;1860.0001;2999.3028;1858.2044;3005.4175;1850.5148;2996.1112;1854.2554;2997.0484;1854.9792;2998.2735;1852.222;2996.8123;1856.8623;2992.5364;1851.6425;2997.8972;1856.8818;3003.343;1854.4368
3122100.0;2998.4874;1859.9176;2999.2968;1858.466;3005.4062;1850.51;2996.1104;1854.2461;2997.1346;1854.7703;2998.2724;1852.1968;2996.8152;1856.7995;2992.4766;1851.6574;2997.8961;1856.9296;3003.3901;1854.4135
3122120.0;2998.5556;1859.8301;2999.3162;1858.6881;3005.4064;1850.4632;2996.0972;1854.2477;2997.2141;1854.5379;2998.2719;1852.1676;2996.8297;1856.7283;2992.3992;1851.6868;2997.8958;1856.9667;3003.4411;1854.3858
3122140.0;2998.6364;1859.7352;2999.34;1858.8834;3005.4092;1850.3816;2996.0759;1854.262;2997.2868;1854.2696;2998.2708;1852.1313;2996.845;1856.6484;2992.298;1851.7379;2997.8958;1856.9906;3003.5028;1854.3475
3122160.0;2998.7298;1859.6295;2999.3496;1859.0677;3005.4062;1850.2942;2996.053;1854.2885;2997.3538;1853.9572;2998.2674;1852.094;2996.8513;1856.5631;2992.1756;1851.8062;2997.8961;1857.003;3003.5795;1854.2961
3122180.0;2998.8314;1859.5059;2999.3348;1859.253;3005.3935;1850.2262;2996.0342;1854.3232;2997.4166;1853.6034;2998.2595;1852.0657;2996.8442;1856.4787;2992.0423;1851.8849;2997.8972;1857.0076;3003.6676;1854.2363
3122200.0;2998.9329;1859.3574;2999.2928;1859.446;3005.3725;1850.1869;2996.0214;1854.358;2997.4735;1853.224;2998.2454;1852.0521;2996.8264;1856.4006;2991.9096;1851.9725;2997.9008;1857.0076;3003.7575;1854.1778
3122220.0;2999.0292;1859.1796;2999.2267;1859.6494;3005.3477;1850.1742;2996.0123;1854.3855;2997.5181;1852.8426;2998.2267;1852.0485;2996.805;1856.3317;2991.7858;1852.0699;2997.9103;1857.003;3003.8411;1854.1307
3122240.0;2999.122;1858.9753;2999.148;1859.8597;3005.3256;1850.1878;2996.0016;1854.4032;2997.5415;1852.4806;2998.2101;1852.0424;2996.7871;1856.2703;2991.6757;1852.1718;2997.93;1856.9906;3003.9178;1854.1019
3122260.0;2999.2207;1858.7532;2999.076;1860.0645;3005.311;1850.2329;2995.9847;1854.4133;2997.5399;1852.1516;2998.2043;1852.0222;2996.7754;1856.2092;2991.581;1852.2665;2997.9639;1856.9667;3003.994;1854.0943
3122280.0;2999.3378;1858.5206;2999.0282;1860.2472;3005.3048;1850.321;2995.959;1854.4216;2997.5173;1851.8646;2998.2146;1851.983;2996.769;1856.1428;2991.4968;1852.3446;2998.0134;1856.9292;3004.0757;1854.1076
3122300.0;2999.4829;1858.2788;2999.0092;1860.3983;3005.3071;1850.4627;2995.9258;1854.4343;2997.4834;1851.6277;2998.2396;1851.9269;2996.7647;1856.0714;2991.4126;1852.4064;2998.0765;1856.8797;3004.1617;1854.1398
3122320.0;2999.6555;1858.0258;2999.0102;1860.522;3005.3186;1850.6601;2995.8883;1854.4553;2997.445;1851.4505;2998.2733;1851.8597;2996.7599;1856.0026;2991.3196;1852.4603;2998.1486;1856.8214;3004.2437;1854.188
3122340.0;2999.8413;1857.7656;2999.0203;1860.6327;3005.3394;1850.9;2995.8496;1854.4829;2997.3958;1851.3423;2998.3081;1851.7907;2996.7537;1855.9448;2991.2198;1852.5148;2998.225;1856.7558;3004.3116;1854.2503
3122360.0;3000.0197;1857.5117;2999.0349;1860.7433;3005.3651;1851.1534;2995.8119;1854.5075;2997.3187;1851.311;2998.3362;1851.7299;2996.75;1855.9075;2991.1285;1852.5747;2998.3041;1856.6825;3004.3588;1854.3275
3122380.0;3000.1761;1857.28;2999.0566;1860.858;3005.3847;1851.3836;2995.7746;1854.5161;2997.1976;1851.357;2998.3488;1851.6852;2996.7582;1855.9029;2991.0656;1852.6428;2998.3898;1856.6018;3004.3832;1854.4217
3122400.0;3000.3113;1857.0788;2999.0891;1860.974;3005.3875;1851.5628;2995.7339;1854.5009;2997.0281;1851.4675;2998.337;1851.6594;2996.7879;1855.943;2991.0454;1852.7203;2998.4891;1856.5167;3004.3856;1854.5332
3122420.0;3000.44;1856.9015;2999.133;1861.0851;3005.3703;1851.6806;2995.6845;1854.4637;2996.8234;1851.616;2998.2966;1851.6508;2996.8408;1856.0254;2991.0694;1852.8058;2998.6061;1856.4319;3004.368;1854.6596
3122440.0;3000.5808;1856.7308;2999.1856;1861.1844;3005.3385;1851.7408;2995.6245;1854.4127;2996.6054;1851.7752;2998.2302;1851.6574;2996.9058;1856.1255;2991.1271;1852.8945;2998.738;1856.3522;3004.334;1854.7957
3122460.0;3000.7464;1856.5498;2999.2416;1861.2675;3005.3009;1851.7532;2995.5568;1854.3554;2996.3965;1851.9283;2998.1512;1851.6782;2996.9654;1856.2093;2991.2033;1852.9804;2998.8764;1856.2804;3004.288;1854.9367
3122480.0;3000.9356;1856.3572;2999.2954;1861.3357;3005.2661;1851.7282;2995.487;1854.2961;2996.2099;1852.0722;2998.081;1851.7104;2997.0049;1856.257;2991.286;1853.0599;2999.0131;1856.2177;3004.2354;1855.0821
3122500.0;3001.1317;1856.1712;2999.3415;1861.3984;3005.2419;1851.6718;2995.4195;1854.2342;2996.0473;1852.2107;2998.041;1851.7474;2997.0176;1856.2721;2991.3691;1853.1325;2999.1445;1856.1659;3004.182;1855.2369
3122520.0;3001.309;1856.0174;2999.3751;1861.4681;3005.2361;1851.5817;2995.359;1854.1657;2995.9024;1852.3456;2998.0404;1851.7801;2997.0035;1856.2676;2991.4506;1853.2014;2999.2694;1856.1273;3004.1337;1855.4074
3122540.0;3001.4502;1855.9114;2999.3939;1861.5505;3005.2548;1851.4465;2995.3118;1854.088;2995.7723;1852.472;2998.0686;1851.8025;2996.9678;1856.2509;2991.531;1853.2705;2999.3864;1856.103;3004.0958;1855.5937
3122560.0;3001.5583;1855.8526;2999.3991;1861.6401;3005.2992;1851.254;2995.2826;1854.0073;2995.6675;1852.5804;2998.1036;1851.8145;2996.9176;1856.2195;2991.6112;1853.3408;2999.4924;1856.0906;3004.0718;1855.7866
3122580.0;3001.6527;1855.8308;2999.3969;1861.7231;3005.3665;1851.0069;2995.268;1853.9373;2995.6077;1852.6622;2998.1282;1851.8195;2996.8605;1856.166;2991.6896;1853.4095;2999.5843;1856.0856;3004.0632;1855.9726
3122600.0;3001.7528;1855.8351;2999.394;1861.7887;3005.45;1850.729;2995.2537;1853.888;2995.604;1852.7171;2998.1374;1851.8212;2996.8025;1856.0845;2991.7602;1853.4728;2999.6613;1856.084;3004.0692;1856.1424
3122620.0;3001.8645;1855.8535;2999.3942;1861.8364;3005.5392;1850.4638;2995.2227;1853.8559;2995.641;1852.7553;2998.133;1851.8216;2996.748;1855.9697;2991.8159;1853.531;2999.7271;1856.0835;3004.0877;1856.2931
3122640.0;3001.9805;1855.875;2999.3965;1861.8745;3005.6203;1850.2599;2995.167;1853.8273;2995.6808;1852.7894;2998.1175;1851.8214;2996.6996;1855.8214;2991.853;1853.5944;2999.7894;1856.0835;3004.1152;1856.4236
3122660.0;3002.0883;1855.894;2999.3987;1861.9111;3005.6813;1850.1486;2995.0929;1853.7915;2995.685;1852.8266;2998.092;1851.8204;2996.6567;1855.6497;2991.8708;1853.6837;2999.8573;1856.0832;3004.1475;1856.5317
3122680.0;3002.1772;1855.9145;2999.399;1861.9485;3005.7204;1850.1232;2995.0179;1853.7478;2995.6385;1852.8622;2998.0588;1851.817;2996.6143;1855.4751;2991.8649;1853.8246;2999.9373;1856.0817;3004.1832;1856.6165
3122700.0;3002.2436;1855.9426;2999.3959;1861.985;3005.7483;1850.138;2994.9602;1853.7007;2995.556;1852.8829;2998.0223;1851.8085;2996.5664;1855.3213;2991.8228;1854.0414;3000.031;1856.0772;3004.225;1856.6814
3122720.0;3002.2937;1855.9774;2999.387;1862.0226;3005.781;1850.1371;2994.9306;1853.6541;2995.4688;1852.8764;2997.9873;1851.7909;2996.5108;1855.204;2991.7303;1854.3448;3000.1366;1856.0664;3004.278;1856.7318
3122740.0;3002.3397;1856.0066;2999.3684;1862.0697;3005.8275;1850.0919;2994.9314;1853.6082;2995.405;1852.8376;2997.9589;1851.7615;2996.4499;1855.1274;2991.5842;1854.7214;3000.2512;1856.0462;3004.3441;1856.7714
3122760.0;3002.3905;1856.0174;2999.3384;1862.1348;3005.8852;1850.0132;2994.9609;1853.5653;2995.3731;1852.7723;2997.9402;1851.7201;2996.3853;1855.0846;2991.4087;1855.1277;3000.3701;1856.0168;3004.4175;1856.802
3122780.0;3002.4472;1856.0073;2999.2993;1862.2191;3005.9449;1849.9321;2995.016;1853.5294;2995.3554;1852.6977;2997.9294;1851.6677;2996.3152;1855.0594;2991.2557;1855.4952;3000.487;1855.9835;3004.4847;1856.8286
3122800.0;3002.5055;1855.9864;2999.2593;1862.3134;3005.9993;1849.8747;2995.0934;1853.502;2995.3127;1852.6437;2997.9192;1851.6024;2996.2368;1855.0278;2991.1838;1855.7551;3000.5974;1855.9541;3004.5278;1856.86
3122820.0;3002.5615;1855.9705;2999.231;1862.4018;3006.0467;1849.8533;2995.186;1853.4792;2995.1925;1852.651;2997.8999;1851.5201;2996.1512;1854.9703;2991.2213;1855.8718;3000.7029;1855.9339;3004.5286;1856.9063
3122840.0;3002.614;1855.9713;2999.2283;1862.4686;3006.0884;1849.8693;2995.2816;1853.454;2994.9441;1852.758;2997.8638;1851.421;2996.0628;1854.8832;2991.3445;1855.8609;3000.81;1855.9231;3004.4749;1856.9709
3122860.0;3002.6646;1855.9895;2999.263;1862.4999;3006.126;1849.9204;2995.3665;1853.423;2994.5377;1852.9762;2997.8063;1851.3154;2995.9753;1854.7777;2991.4936;1855.7741;3000.9255;1855.919;3004.3672;1857.0438
3122880.0;3002.7165;1856.0164;2999.3407;1862.4875;3006.1604;1849.9989;2995.4311;1853.3889;2993.9858;1853.2753;2997.7266;1851.2212;2995.8896;1854.6677;2991.613;1855.6685;3001.054;1855.9186;3004.2212;1857.1015
3122900.0;3002.7759;1856.039;2999.4556;1862.4344;3006.1943;1850.093;2995.4732;1853.3578;2993.3514;1853.593;2997.6286;1851.1524;2995.8052;1854.5602;2991.6787;1855.5843;3001.1967;1855.9213;3004.0613;1857.115
3122920.0;3002.846;1856.0457;2999.5879;1862.3584;3006.2309;1850.1888;2995.4965;1853.3326;2992.7311;1853.8657;2997.5208;1851.1122;2995.721;1854.4537;2991.6962;1855.5407;3001.3512;1855.9276;3003.907;1857.0661
3122940.0;3002.9312;1856.0319;2999.7088;1862.2879;3006.2709;1850.2732;2995.5085;1853.3098;2992.2178;1854.0566;2997.415;1851.0922;2995.6363;1854.3446;2991.6849;1855.5411;3001.5098;1855.9366;3003.7618;1856.9552
3122960.0;3003.0371;1856.0013;2999.7939;1862.2474;3006.3126;1850.3362;2995.5172;1853.2829;2991.8632;1854.1631;2997.3238;1851.0778;2995.5495;1854.2304;2991.6686;1855.5697;3001.6634;1855.9441;3003.6155;1856.795
3122980.0;3003.1625;1855.9632;2999.8346;1862.2448;3006.3543;1850.3734;2995.5315;1853.2487;2991.6611;1854.2092;2997.2556;1851.0555;2995.4594;1854.1096;2991.6685;1855.5885;3001.8088;1855.943;3003.4574;1856.6003
3123000.0;3003.2844;1855.925;2999.8392;1862.2722;3006.3971;1850.3892;2995.5607;1853.2114;2991.5629;1854.2307;2997.2112;1851.0196;2995.3664;1853.9811;2991.6973;1855.549;3001.9504;1855.9271;3003.2855;1856.3819
3123020.0;3003.3572;1855.8838;2999.8239;1862.3149;3006.4418;1850.3969;2995.6132;1853.1787;2991.5146;1854.2574;2997.1824;1850.9793;2995.2775;1853.8453;2991.7524;1855.4196;3002.0946;1855.8959;3003.1062;1856.1479
3123040.0;3003.3405;1855.8287;2999.8038;1862.3621;3006.4864;1850.4112;2995.6932;1853.1563;2991.4857;1854.3015;2997.157;1850.9532;2995.2073;1853.7057;2991.8218;1855.207;3002.2422;1855.8551;3002.9271;1855.9049
3123060.0;3003.2313;1855.7511;2999.7857;1862.41;3006.5274;1850.4393;2995.7979;1853.1443;2991.4695;1854.357;2997.1254;1850.9564;2995.174;1853.5665;2991.893;1854.9515;3002.3887;1855.8151;3002.7505;1855.657
3123080.0;3003.061;1855.6523;2999.7695;1862.4584;3006.5644;1850.4798;2995.9184;1853.1393;2991.4684;1854.4095;2997.082;1850.9919;2995.1896;1853.4292;2991.9586;1854.6994;3002.5303;1855.7864;3002.5724;1855.4045
3123100.0;3002.8652;1855.5416;2999.7509;1862.5041;3006.6005;1850.5293;2996.0455;1853.1376;2991.4825;1854.4493;2997.0235;1851.0512;2995.2527;1853.2931;2992.0154;1854.4779;3002.6665;1855.7733;3002.3842;1855.1444
3123120.0;3002.6635;1855.432;2999.7277;1862.5416;3006.64;1850.5892;2996.1745;1853.136;2991.5083;1854.4755;2996.9475;1851.1198;2995.3483;1853.1583;2992.0618;1854.2908;3002.7982;1855.7708;3002.1764;1854.8731
3123140.0;3002.4612;1855.3353;2999.7021;1862.5671;3006.6876;1850.6645;2996.3063;1853.1309;2991.5417;1854.4913;2996.8512;1851.1828;2995.4539;1853.0296;2992.0982;1854.1256;3002.9223;1855.7685;3001.9444;1854.5889
3123160.0;3002.2553;1855.2588;2999.6789;1862.5819;3006.7475;1850.7533;2996.4403;1853.1158;2991.5804;1854.4971;2996.7312;1851.2293;2995.5472;1852.9154;2992.13;1853.9625;3003.0325;1855.7575;3001.6925;1854.2948
3123180.0;3002.041;1855.204;2999.6603;1862.5928;3006.8186;1850.8415;2996.5665;1853.0794;2991.6262;1854.4901;2996.5826;1851.253;2995.6149;1852.8263;2992.1673;1853.783;3003.1245;1855.7349;3001.4308;1853.997
3123200.0;3001.8067;1855.1627;2999.6443;1862.6081;3006.889;1850.9083;2996.6635;1853.0125;2991.6857;1854.4701;2996.3994;1851.253;2995.6575;1852.7716;2992.2209;1853.5766;3003.1994;1855.702;3001.1689;1853.7023
3123220.0;3001.5424;1855.1185;2999.6268;1862.6355;3006.941;1850.9409;2996.7042;1852.9165;2991.7681;1854.4418;2996.1776;1851.2289;2995.6864;1852.7557;2992.2959;1853.3498;3003.262;1855.6623;3000.9117;1853.414
3123240.0;3001.246;1855.0522;2999.607;1862.679;3006.9637;1850.9443;2996.6646;1852.8093;2991.8774;1854.4074;2995.9214;1851.1809;2995.7144;1852.7766;2992.389;1853.1223;3003.3154;1855.6219;3000.6602;1853.1307
3123260.0;3000.9263;1854.9518;2999.5898;1862.7362;3006.96;1850.9366;2996.5341;1852.7163;2992.0129;1854.3634;2995.646;1851.1121;2995.7506;1852.8303;2992.4898;1852.9239;3003.3606;1855.5876;3000.4166;1852.8463
3123280.0;3000.5979;1854.8232;2999.5829;1862.7982;3006.9408;1850.9385;2996.3233;1852.6535;2992.1726;1854.3039;2995.3738;1851.0273;2995.8011;1852.9146;2992.5858;1852.7833;3003.3981;1855.563;3000.1876;1852.5578
3123300.0;3000.2708;1854.6894;2999.5898;1862.8539;3006.9152;1850.9642;2996.0673;1852.6216;2992.355;1854.2291;2995.1257;1850.9317;2995.8699;1853.0279;2992.6675;1852.7154;3003.4307;1855.5455;2999.9835;1852.2714
3123320.0;2999.944;1854.5789;2999.6068;1862.8953;3006.8877;1851.0173;2995.8159;1852.6116;2992.5552;1854.1452;2994.9144;1850.8286;2995.9537;1853.1657;2992.7315;1852.7111;3003.4613;1855.5272;2999.8137;1852.0033
3123340.0;2999.6098;1854.5112;2999.6262;1862.9205;3006.8606;1851.0902;2995.6149;1852.6135;2992.7621;1854.0573;2994.7445;1850.7209;2996.0394;1853.3199;2992.7783;1852.7417;3003.49;1855.5009;2999.6801;1851.7711
3123360.0;2999.2642;1854.4902;2999.6426;1862.933;3006.8358;1851.1686;2995.4896;1852.6218;2992.9638;1853.9661;2994.6173;1850.6164;2996.1096;1853.4824;2992.8081;1852.7792;3003.5142;1855.4642;2999.5745;1851.5855
3123380.0;2998.909;1854.5082;2999.6562;1862.9379;3006.8129;1851.2404;2995.4414;1852.6378;2993.1546;1853.8724;2994.5353;1850.5257;2996.1525;1853.6515;2992.8201;1852.813;3003.5333;1855.4219;2999.4802;1851.4448
3123400.0;2998.5483;1854.5528;2999.6715;1862.9394;3006.7889;1851.3044;2995.4549;1852.6693;2993.338;1853.7809;2994.5075;1850.4695;2996.1655;1853.8316;2992.8159;1852.8483;3003.5507;1855.3809;2999.3759;1851.3354
3123420.0;2998.186;1854.6146;2999.6924;1862.9397;3006.7613;1851.3686;2995.5076;1852.7274;2993.5226;1853.6982;2994.5537;1850.4771;2996.1525;1854.0269;2992.8038;1852.8898;3003.5727;1855.3439;2999.2365;1851.2327
3123440.0;2997.8267;1854.6894;2999.7196;1862.9394;3006.7316;1851.4409;2995.5737;1852.8161;2993.7193;1853.6285;2994.6972;1850.5729;2996.1218;1854.2309;2992.7963;1852.9334;3003.604;1855.3067;2999.0335;1851.1066
3123460.0;2997.4773;1854.7775;2999.7516;1862.9379;3006.7037;1851.5259;2995.625;1852.925;2993.9371;1853.5729;2994.9444;1850.7462;2996.0846;1854.4241;2992.8044;1852.9719;3003.6445;1855.2641;2998.7404;1850.934
3123480.0;2997.1439;1854.8785;2999.7863;1862.9338;3006.6788;1851.6238;2995.6401;1853.0345;2994.1796;1853.5316;2995.2668;1850.9412;2996.0519;1854.5846;2992.8305;1853.0023;3003.6888;1855.2145;2998.3414;1850.7137
3123500.0;2996.8284;1854.987;2999.8223;1862.9244;3006.6547;1851.7302;2995.6138;1853.1232;2994.4423;1853.5025;2995.6071;1851.0883;2996.0295;1854.7015;2992.8661;1853.0309;3003.7293;1855.1612;2997.8396;1850.4717
3123520.0;2996.53;1855.0953;2999.8579;1862.9087;3006.6288;1851.8313;2995.5613;1853.1776;2994.7136;1853.4804;2995.9108;1851.1537;2996.0152;1854.7784;2992.8973;1853.0675;3003.7606;1855.1089;2997.2582;1850.2543
3123540.0;2996.2502;1855.186;2999.8893;1862.8902;3006.6026;1851.9061;2995.5108;1853.1951;2994.9739;1853.4592;2996.1533;1851.1543;2996.0027;1854.8266;2992.9133;1853.1184;3003.7829;1855.062;2996.6348;1850.1067
3123560.0;2995.996;1855.2323;2999.9121;1862.877;3006.5802;1851.9389;2995.4894;1853.1823;2995.1951;1853.4395;2996.3394;1851.1286;2995.986;1854.8593;2992.9152;1853.1812;3003.8013;1855.0226;2996.0109;1850.0543
3123580.0;2995.7776;1855.2067;2999.9233;1862.877;3006.565;1851.9309;2995.5127;1853.15;2995.346;1853.4294;2996.4845;1851.1058;2995.963;1854.8895;2992.9142;1853.2477;3003.8239;1854.9888;2995.4225;1850.095
3123600.0;2995.6012;1855.1076;2999.924;1862.8894;3006.5568;1851.8999;2995.5834;1853.105;2995.4072;1853.4351;2996.6006;1851.0975;2995.9354;1854.9278;2992.9234;1853.3103;3003.8564;1854.9546;2994.8963;1850.2056
3123620.0;2995.4624;1854.9753;2999.9193;1862.9044;3006.5535;1851.8657;2995.6951;1853.0483;2995.3875;1853.4461;2996.6913;1851.1064;2995.9061;1854.9758;2992.9514;1853.3641;3003.9007;1854.9157;2994.4489;1850.3544
3123640.0;2995.3494;1854.8723;2999.9162;1862.9088;3006.5523;1851.84;2995.8349;1852.9804;2995.3173;1853.433;2996.7566;1851.1378;2995.8745;1855.0211;2993.0003;1853.4063;3003.9538;1854.8717;2994.0895;1850.5115
3123660.0;2995.2499;1854.8414;2999.9204;1862.8903;3006.5521;1851.822;2995.9862;1852.9049;2995.2274;1853.3652;2996.7965;1851.1969;2995.835;1855.0412;2993.0679;1853.4372;3004.0111;1854.8255;2993.8205;1850.655
3123680.0;2995.1588;1854.8853;2999.9356;1862.8403;3006.5518;1851.805;2996.1319;1852.8278;2995.1349;1853.2325;2996.8155;1851.2904;2995.7806;1855.014;2993.1488;1853.4641;3004.0666;1854.7784;2993.6376;1850.7717
3123700.0;2995.0785;1854.9796;2999.9617;1862.761;3006.5504;1851.7838;2996.2612;1852.7525;2995.0475;1853.0503;2996.8281;1851.4226;2995.7078;1854.929;2993.2352;1853.5013;3004.1158;1854.7304;2993.5295;1850.8585
3123720.0;2995.0143;1855.0971;2999.9935;1862.67;3006.5456;1851.7628;2996.3724;1852.6778;2994.9732;1852.8479;2996.8565;1851.594;2995.6187;1854.7935;2993.3181;1853.5621;3004.1567;1854.6847;2993.4787;1850.9203
3123740.0;2994.9691;1855.2211;3000.0228;1862.5969;3006.533;1851.7623;2996.471;1852.6003;2994.919;1852.6495;2996.9224;1851.7992;2995.519;1854.6281;2993.3905;1853.6509;3004.191;1854.6472;2993.4656;1850.9661
3123760.0;2994.9402;1855.3449;3000.042;1862.5663;3006.506;1851.8174;2996.5643;1852.5181;2994.8837;1852.4632;2997.0373;1852.0293;2995.4129;1854.458;2993.4469;1853.7625;3004.222;1854.6221;2993.4746;1851.005
3123780.0;2994.9198;1855.4628;3000.0506;1862.5819;3006.4595;1851.9672;2996.6576;1852.4306;2994.8571;1852.2804;2997.1955;1852.2756;2995.3;1854.3012;2993.4827;1853.8848;3004.252;1854.6089;2993.4981;1851.0447
3123800.0;2994.8989;1855.5728;3000.0552;1862.6278;3006.3936;1852.2303;2996.7521;1852.3362;2994.8301;1852.0893;2997.3763;1852.5305;2995.1765;1854.1615;2993.4964;1854.0026;3004.2812;1854.6034;2993.5333;1851.0912
3123820.0;2994.872;1855.6723;3000.0647;1862.6809;3006.3156;1852.584;2996.8478;1852.2319;2994.7998;1851.8846;2997.5544;1852.7851;2995.0412;1854.0284;2993.4937;1854.1009;3004.3104;1854.6012;2993.5768;1851.1481
3123840.0;2994.8375;1855.7603;3000.0835;1862.7242;3006.236;1852.9667;2996.9471;1852.1146;2994.7704;1851.6696;2997.714;1853.0289;2994.9018;1853.8844;2993.4877;1854.1734;3004.3401;1854.5991;2993.6233;1851.2129
3123860.0;2994.796;1855.8362;3000.1096;1862.7517;3006.163;1853.3082;2997.0541;1851.9853;2994.7491;1851.4457;2997.8562;1853.2534;2994.7723;1853.7173;2993.4927;1854.2256;3004.3693;1854.5941;2993.6696;1851.2724
3123880.0;2994.746;1855.8992;3000.139;1862.7655;3006.099;1853.567;2997.1717;1851.85;2994.7377;1851.2091;2997.9944;1853.4601;2994.6632;1853.5264;2993.5163;1854.2725;3004.3958;1854.5821;2993.7154;1851.3008
3123900.0;2994.6821;1855.9471;3000.1694;1862.7713;3006.041;1853.7449;2997.2982;1851.7163;2994.7265;1850.9605;2998.1389;1853.6615;2994.5708;1853.3168;2993.5579;1854.3288;3004.4196;1854.5596;2993.764;1851.2688
3123920.0;2994.5983;1855.9783;3000.2005;1862.7744;3005.9817;1853.8713;2997.4302;1851.589;2994.6906;1850.724;2998.2876;1853.8753;2994.4789;1853.0867;2993.6126;1854.4015;3004.4441;1854.527;2993.8206;1851.1597
3123940.0;2994.4935;1855.9946;3000.2312;1862.7793;3005.9106;1853.9808;2997.569;1851.4695;2994.6022;1850.548;2998.4279;1854.1127;2994.3723;1852.8258;2993.673;1854.4864;3004.473;1854.4896;2993.8903;1850.983
3123960.0;2994.3743;1856.0033;3000.2594;1862.7901;3005.8161;1854.0992;2997.721;1851.3592;2994.4495;1850.4785;2998.547;1854.3721;2994.2493;1852.5274;2993.7292;1854.5685;3004.5072;1854.4553;2993.9766;1850.7691
3123980.0;2994.2507;1856.0145;3000.2828;1862.8103;3005.6924;1854.2407;2997.8921;1851.2609;2994.2428;1850.5188;2998.6387;1854.6412;2994.1202;1852.2035;2993.77;1854.6292;3004.5451;1854.4278;2994.08;1850.5481
3124000.0;2994.131;1856.0321;3000.3001;1862.8397;3005.5421;1854.4075;2998.0794;1851.176;2994.0051;1850.6196;2998.7058;1854.9054;2993.9975;1851.8856;2993.7884;1854.6566;3004.5841;1854.4034;2994.2006;1850.3337
3124020.0;2994.0197;1856.0526;3000.3112;1862.8726;3005.37;1854.5874;2998.2737;1851.0974;2993.7567;1850.7104;2998.7574;1855.1526;2993.8889;1851.6098;2993.7867;1854.6543;3004.6227;1854.3741;2994.3376;1850.1253
3124040.0;2993.9203;1856.0703;3000.3164;1862.9006;3005.1719;1854.7541;2998.4667;1851.0061;2993.513;1850.7447;2998.8068;1855.3779;2993.7999;1851.4008;2993.773;1854.637;3004.6619;1854.3332;2994.4878;1849.9258
3124060.0;2993.8347;1856.0846;3000.3167;1862.9162;3004.9298;1854.8776;2998.6583;1850.8754;2993.2879;1850.7162;2998.866;1855.588;2993.738;1851.2675;2993.7539;1854.6194;3004.7054;1854.2782;2994.6443;1849.7535
3124080.0;2993.7606;1856.1008;3000.3123;1862.9162;3004.6203;1854.94;2998.8559;1850.6826;2993.0962;1850.6447;2998.9406;1855.7978;2993.712;1851.21;2993.7308;1854.608;3004.7541;1854.2074;2994.7991;1849.6388
3124100.0;2993.6921;1856.1251;3000.3035;1862.9009;3004.2286;1854.9459;2999.067;1850.4213;2992.9495;1850.5546;2999.0229;1856.0197;2993.7276;1851.2235;2993.7022;1854.6013;3004.7993;1854.118;2994.9466;1849.6025
3124120.0;2993.6236;1856.1599;3000.2909;1862.8745;3003.7546;1854.9201;2999.294;1850.1059;2992.8543;1850.4664;2999.0921;1856.2575;2993.7805;1851.2957;2993.6677;1854.5945;3004.8227;1854.0088;2995.0815;1849.638
3124140.0;2993.5554;1856.2024;3000.2749;1862.846;3003.2109;1854.8956;2999.5345;1849.7683;2992.8119;1850.3932;2999.1228;1856.4843;2993.8508;1851.404;2993.6287;1854.5821;3004.8072;1853.885;2995.1987;1849.7121
3124160.0;2993.4912;1856.2487;3000.2547;1862.8275;3002.619;1854.899;2999.7854;1849.4498;2992.8165;1850.3405;2999.104;1856.6406;2993.9048;1851.5198;2993.5867;1854.5596;3004.7488;1853.7566;2995.2939;1849.7857
3124180.0;2993.4342;1856.2954;3000.23;1862.8275;3002.0067;1854.9436;3000.0463;1849.1933;2992.8546;1850.3051;2999.0523;1856.6589;2993.9101;1851.6226;2993.5408;1854.5266;3004.6586;1853.6342;2995.3685;1849.8355
3124200.0;2993.384;1856.3398;3000.2031;1862.846;3001.4072;1855.0284;3000.3194;1849.0322;2992.9068;1850.279;2999.0044;1856.5243;2993.8567;1851.7094;2993.4886;1854.4879;3004.5537;1853.5266;2995.4297;1849.8615
3124220.0;2993.3377;1856.3709;3000.1773;1862.8748;3000.8564;1855.1438;3000.6044;1848.977;2992.9509;1850.2541;2998.9908;1856.3099;2993.7658;1851.7937;2993.4266;1854.4499;3004.4478;1853.4405;2995.4853;1849.8764
3124240.0;2993.2916;1856.3662;3000.154;1862.9024;3000.3857;1855.275;3000.8934;1849.0051;2992.9655;1850.2311;2999.0154;1856.1295;2993.6743;1851.8958;2993.3548;1854.4156;3004.3473;1853.3796;2995.5404;1849.8928
3124260.0;2993.2425;1856.3009;3000.1306;1862.9203;3000.016;1855.4053;3001.1708;1849.0639;2992.9294;1850.2213;2999.0598;1856.0457;2993.6128;1852.038;2993.2787;1854.3836;3004.2521;1853.3401;2995.5983;1849.9145
3124280.0;2993.1889;1856.1688;3000.1051;1862.925;2999.7544;1855.5155;3001.42;1849.093;2992.8214;1850.2407;2999.1018;1856.0316;2993.5951;1852.2408;2993.2071;1854.3564;3004.1608;1853.3119;2995.6651;1849.9381
3124300.0;2993.1333;1855.9963;3000.079;1862.9137;2999.5949;1855.5885;3001.6301;1849.0497;2992.6263;1850.303;2999.1304;1856.0085;2993.622;1852.5137;2993.146;1854.349;3004.075;1853.2833;2995.7491;1849.9599
3124320.0;2993.0828;1855.8307;3000.0566;1862.8825;2999.5188;1855.6137;3001.7983;1848.9214;2992.3529;1850.4104;2999.1484;1855.9077;2993.6905;1852.8474;2993.096;1854.3837;3003.999;1853.2487;2995.8557;1849.9816
3124340.0;2993.0444;1855.7086;3000.0414;1862.8293;2999.4982;1855.5937;3001.928;1848.7208;2992.049;1850.5477;2999.1646;1855.7085;2993.7952;1853.2125;2993.055;1854.4706;3003.936;1853.2114;2995.982;1850.0082
3124360.0;2993.0208;1855.6345;3000.0333;1862.7578;2999.5008;1855.5476;3002.0275;1848.473;2991.789;1850.6829;2999.1907;1855.4457;2993.9241;1853.5776;2993.0197;1854.5924;3003.8854;1853.1787;2996.1189;1850.0423
3124380.0;2993.0093;1855.5914;3000.0299;1862.678;2999.5005;1855.5057;3002.1035;1848.2076;2991.6349;1850.7777;2999.2372;1855.1802;2994.0582;1853.924;2992.9865;1854.7146;3003.8441;1853.1563;2996.2581;1850.0797
3124400.0;2993.0048;1855.5588;3000.0288;1862.5994;2999.4837;1855.4963;3002.1558;1847.9533;2991.6026;1850.8068;2999.3129;1854.9663;2994.1753;1854.243;2992.9521;1854.8111;3003.8087;1853.1443;2996.3971;1850.1124
3124420.0;2993.0034;1855.5228;3000.0285;1862.5274;2999.4483;1855.5328;3002.1791;1847.7356;2991.6633;1850.7702;2999.4208;1854.8153;2994.2588;1854.5228;2992.9143;1854.8801;3003.7758;1853.1393;2996.5358;1850.1348
3124440.0;2993.0034;1855.4788;3000.0285;1862.4628;2999.3963;1855.6076;3002.1703;1847.5712;2991.7731;1850.6908;2999.5553;1854.7022;2994.3028;1854.7452;2992.8743;1854.9334;3003.7419;1853.1376;2996.6705;1850.1468
3124460.0;2993.0048;1855.4325;3000.0285;1862.4066;2999.3297;1855.6979;3002.1347;1847.4627;2991.8971;1850.6048;2999.706;1854.5932;2994.313;1854.9034;2992.8367;1854.9807;3003.705;1853.1372;2996.79;1850.1514
3124480.0;2993.0095;1855.4023;3000.0285;1862.3594;2999.2504;1855.7755;3002.083;1847.3983;2992.0186;1850.5546;2999.8648;1854.4663;2994.3026;1855.0131;2992.8084;1855.0269;3003.6655;1853.1372;2996.8801;1850.151
3124500.0;2993.0224;1855.4073;3000.0285;1862.321;2999.1622;1855.8157;3002.0264;1847.3595;2992.132;1850.579;3000.0315;1854.3096;2994.2839;1855.1077;2992.7939;1855.0756;3003.6243;1853.1372;2996.9329;1850.1446
3124520.0;2993.0505;1855.4519;3000.0285;1862.2892;2999.0695;1855.802;3001.9762;1847.3307;2992.2344;1850.7034;3000.211;1854.112;2994.258;1855.2178;2992.7907;1855.1336;3003.582;1853.1372;2996.9531;1850.1264
3124540.0;2993.1007;1855.5242;3000.0285;1862.2592;2998.9729;1855.7294;3001.9451;1847.3041;2992.3189;1850.9304;3000.4074;1853.8637;2994.2122;1855.363;2992.79;1855.2052;3003.538;1853.1372;2996.9559;1850.0877
3124560.0;2993.1763;1855.6104;3000.0285;1862.2252;2998.8702;1855.6094;3001.9445;1847.2786;2992.3767;1851.2417;3000.6187;1853.5671;2994.1249;1855.5555;2992.7856;1855.2873;3003.491;1853.1368;2996.9584;1850.0206
3124580.0;2993.2747;1855.7045;3000.0285;1862.184;2998.7588;1855.4667;3001.9774;1847.2559;2992.404;1851.6121;3000.8272;1853.2412;2993.9828;1855.7996;2992.7778;1855.3698;3003.4399;1853.1352;2996.9722;1849.9243
3124600.0;2993.3912;1855.8069;3000.0274;1862.138;2998.6396;1855.3327;3002.0366;1847.2408;2992.4073;1852.0202;3000.9967;1852.9201;2993.7949;1856.0913;2992.768;1855.4411;3003.3842;1853.1302;2997.0021;1849.8058
3124620.0;2993.5228;1855.9186;3000.023;1862.0946;2998.5171;1855.24;3002.1084;1847.2398;2992.4005;1852.4531;3001.0874;1852.6427;2993.595;1856.4115;2992.7513;1855.494;3003.3239;1853.1182;2997.0474;1849.6749
3124640.0;2993.6719;1856.0396;3000.0094;1862.063;2998.3991;1855.2187;3002.1815;1847.2595;2992.3986;1852.9056;3001.0854;1852.4455;2993.4258;1856.7282;2992.7177;1855.5298;3003.2583;1853.0957;2997.1029;1849.5382
3124660.0;2993.8455;1856.1703;2999.9769;1862.0497;2998.293;1855.2846;3002.2498;1847.305;2992.4142;1853.3803;3001.016;1852.3508;2993.3154;1857.0013;2992.6604;1855.5571;3003.1856;1853.0631;2997.1621;1849.3997
3124680.0;2994.0528;1856.3107;2999.9164;1862.0547;2998.2025;1855.4168;3002.3119;1847.3799;2992.4592;1853.8828;3000.9262;1852.3586;2993.266;1857.1934;2992.5852;1855.5854;3003.103;1853.0261;2997.2208;1849.2655
3124700.0;2994.2994;1856.4548;2999.8291;1862.07;2998.1263;1855.553;3002.3676;1847.4851;2992.5433;1854.4143;3000.8526;1852.4474;2993.2615;1857.2813;2992.5039;1855.619;3003.0088;1852.993;2997.2803;1849.1464
3124720.0;2994.5799;1856.5907;2999.7325;1862.081;2998.0596;1855.6208;3002.4174;1847.6193;2992.6711;1854.9668;3000.806;1852.5859;2993.2829;1857.2647;2992.4269;1855.6523;3002.9053;1852.9685;2997.3454;1849.0553
3124740.0;2994.8742;1856.7076;2999.6536;1862.074;2997.9966;1855.5779;3002.4624;1847.7765;2992.8397;1855.5277;3000.7778;1852.7444;2993.3158;1857.1644;2992.3602;1855.6704;3002.7986;1852.95;2997.4187;1849.0062
3124760.0;2995.1527;1856.8021;2999.6125;1862.0415;2997.9316;1855.4283;3002.5021;1847.9488;2993.0393;1856.0884;3000.7553;1852.9024;2993.3475;1857.0144;2992.312;1855.6543;3002.6972;1852.9289;2997.4961;1849.0146
3124780.0;2995.3926;1856.8791;2999.6139;1861.9815;2997.8612;1855.2073;3002.5329;1848.1281;2993.2573;1856.6458;3000.7313;1853.0482;2993.3621;1856.8518;2992.2959;1855.5838;3002.6078;1852.8957;2997.5711;1849.0934
3124800.0;2995.588;1856.9466;2999.6498;1861.8936;2997.7866;1854.9566;3002.551;1848.3102;2993.4824;1857.2001;3000.7062;1853.177;2993.3462;1856.7007;2992.325;1855.446;3002.5335;1852.8471;2997.6401;1849.2448
3124820.0;2995.7502;1857.01;2999.7082;1861.7787;2997.7105;1854.7071;3002.5568;1848.492;2993.7084;1857.7504;3000.6852;1853.2855;2993.298;1856.5592;2992.3983;1855.2447;3002.4716;1852.7909;2997.7041;1849.4531
3124840.0;2995.897;1857.0725;2999.7776;1861.6428;2997.6326;1854.4776;3002.5563;1848.6722;2993.9365;1858.2934;3000.6734;1853.3691;2993.231;1856.4058;2992.4983;1855.0061;3002.4173;1852.7426;2997.7639;1849.6923
3124860.0;2996.0429;1857.1351;2999.8484;1861.4976;2997.547;1854.275;3002.5581;1848.8503;2994.1729;1858.8263;3000.6734;1853.422;2993.1648;1856.221;2992.6022;1854.7703;3002.3675;1852.7157;2997.8161;1849.9392
3124880.0;2996.1961;1857.1979;2999.9114;1861.3542;2997.4501;1854.1011;3002.5674;1849.0283;2994.4227;1859.3505;3000.6852;1853.4401;2993.112;1856.0114;2992.6928;1854.5729;3002.3243;1852.712;2997.8559;1850.1853
3124900.0;2996.3595;1857.2595;2999.961;1861.2185;2997.3455;1853.9571;3002.5826;1849.2085;2994.6839;1859.874;3000.7062;1853.4225;2993.071;1855.8046;2992.7615;1854.4262;3002.2938;1852.7219;2997.8829;1850.4332
3124920.0;2996.5351;1857.3176;2999.9927;1861.0944;2997.244;1853.8451;3002.5944;1849.3922;2994.947;1860.4079;3000.7313;1853.3713;2993.0334;1855.6252;2992.8025;1854.3135;3002.279;1852.734;2997.9028;1850.6856
3124940.0;2996.7265;1857.3709;3000.0025;1860.9919;2997.1556;1853.7653;3002.59;1849.5791;2995.1987;1860.9569;3000.7542;1853.2934;2992.9913;1855.4772;2992.8113;1854.1994;3002.2767;1852.7419;2997.9233;1850.9385
3124960.0;2996.937;1857.4211;2999.9863;1860.9259;2997.0874;1853.7125;3002.5599;1849.7695;2995.4281;1861.5117;3000.772;1853.1995;2992.9403;1855.3512;2992.7872;1854.0521;3002.2803;1852.7442;2997.9491;1851.1831
3124980.0;2997.1675;1857.4719;2999.9429;1860.9041;2997.0436;1853.6735;3002.5042;1849.9632;2995.6292;1862.0468;3000.7862;1853.1004;2992.8815;1855.2365;2992.7335;1853.8615;3002.2851;1852.7406;2997.9792;1851.4122
3125000.0;2997.4145;1857.5257;2999.8796;1860.9147;2997.0243;1853.6271;3002.4318;1850.1593;2995.7986;1862.5277;3000.8015;1853.0034;2992.8227;1855.1278;2992.654;1853.6403;3002.2908;1852.729;2998.0081;1851.6251
3125020.0;2997.6688;1857.5819;2999.8112;1860.9299;2997.0232;1853.5492;3002.354;1850.3551;2995.9331;1862.924;3000.8224;1852.9119;2992.7796;1855.0182;2992.5508;1853.4124;3002.3006;1852.7066;2998.0288;1851.8285
3125040.0;2997.9151;1857.6392;2999.7536;1860.9203;2997.029;1853.4229;3002.2778;1850.5449;2996.032;1863.2188;3000.8537;1852.8257;2992.7699;1854.8948;2992.4265;1853.1996;3002.3178;1852.6739;2998.0348;1852.0319
3125060.0;2998.1331;1857.6965;2999.7171;1860.8687;2997.0313;1853.2508;3002.2061;1850.7154;2996.0999;1863.4093;3000.901;1852.7421;2992.8033;1854.7429;2992.285;1853.015;3002.3431;1852.6369;2998.021;1852.2424
3125080.0;2998.308;1857.7534;2999.7046;1860.7731;2997.0269;1853.0585;3002.1429;1850.8475;2996.1482;1863.5022;3000.9694;1852.6576;2992.877;1854.5549;2992.1318;1852.864;3002.374;1852.6043;2997.9823;1852.4605
3125100.0;2998.4406;1857.8079;2999.712;1860.6445;2997.0159;1852.8831;3002.0934;1850.9225;2996.1884;1863.501;3001.0602;1852.5709;2992.977;1854.3358;2991.9759;1852.7455;3002.4067;1852.5818;2997.9124;1852.6778
3125120.0;2998.5481;1857.8561;2999.7305;1860.5025;2996.9972;1852.7566;3002.0605;1850.9338;2996.23;1863.4056;3001.1693;1852.4852;2993.0861;1854.0984;2991.8304;1852.6544;3002.4408;1852.5698;2997.8046;1852.8802
3125140.0;2998.6519;1857.8932;2999.7503;1860.3667;2996.967;1852.6909;3002.0402;1850.8873;2996.2775;1863.2086;3001.2904;1852.4041;2993.1912;1853.8525;2991.7118;1852.5825;3002.4792;1852.5648;2997.6559;1853.0549
3125160.0;2998.7653;1857.9171;2999.7648;1860.249;2996.9229;1852.6742;3002.0239;1850.7952;2996.3293;1862.8976;3001.4174;1852.3273;2993.2879;1853.5984;2991.6352;1852.522;3002.5251;1852.5628;2997.4706;1853.1985
3125180.0;2998.889;1857.9295;2999.7728;1860.1506;2996.8676;1852.6785;3002.0021;1850.6693;2996.3757;1862.4653;3001.543;1852.2558;2993.3784;1853.3315;2991.6072;1852.4702;3002.5801;1852.561;2997.2604;1853.3215
3125200.0;2999.0165;1857.9341;2999.7762;1860.0664;2996.8068;1852.6756;3001.9676;1850.5212;2996.4033;1861.9316;3001.6549;1852.1963;2993.4671;1853.0505;2991.6223;1852.4337;3002.6436;1852.5565;2997.0393;1853.4435
3125220.0;2999.1408;1857.9341;2999.7779;1859.989;2996.7435;1852.6542;3001.918;1850.3646;2996.4097;1861.3574;3001.7335;1852.1628;2993.5585;1852.76;2991.6662;1852.4236;3002.714;1852.5456;2996.8166;1853.5807
3125240.0;2999.2553;1857.9292;2999.7803;1859.9113;2996.6765;1852.6216;3001.8543;1850.2155;2996.4104;1860.8267;3001.7559;1852.1694;2993.6548;1852.4695;2991.7239;1852.4448;3002.7889;1852.525;2996.5961;1853.7335
3125260.0;2999.3533;1857.9153;2999.7871;1859.8278;2996.6022;1852.5916;3001.7812;1850.0877;2996.428;1860.4003;3001.705;1852.2225;2993.7545;1852.189;2991.7895;1852.4905;3002.8652;1852.494;2996.3787;1853.8855
3125280.0;2999.4271;1857.8867;2999.8034;1859.7357;2996.519;1852.5704;3001.7045;1849.9869;2996.4752;1860.0867;3001.5769;1852.321;2993.8532;1851.9258;2991.8666;1852.5491;3002.9414;1852.4557;2996.1686;1854.0136
3125300.0;2999.4715;1857.8378;2999.8338;1859.6337;2996.4271;1852.5558;3001.6315;1849.9081;2996.5494;1859.8545;3001.3828;1852.4607;2993.9463;1851.6828;2991.9601;1852.6144;3003.0192;1852.4143;2995.9763;1854.0993
3125320.0;2999.483;1857.7664;2999.878;1859.5207;2996.3248;1852.5439;3001.5712;1849.8406;2996.6376;1859.6594;3001.1417;1852.6364;2994.0357;1851.4619;2992.0681;1852.688;3003.1021;1852.3725;2995.8159;1854.132
3125340.0;2999.4581;1857.6744;2999.9278;1859.398;2996.2082;1852.5359;3001.5351;1849.7767;2996.7227;1859.46;3000.8705;1852.8394;2994.1305;1851.2725;2992.1826;1852.7734;3003.1906;1852.3321;2995.6999;1854.1085
3125360.0;2999.3921;1857.5658;2999.9709;1859.2708;2996.0761;1852.5392;3001.5329;1849.7171;2996.7895;1859.227;3000.5803;1853.0561;2994.2402;1851.1363;2992.296;1852.8718;3003.2772;1852.3001;2995.6335;1854.0351
3125380.0;2999.2806;1857.444;2999.9971;1859.1472;2995.9326;1852.5627;3001.5667;1849.6684;2996.8257;1858.9457;3000.2808;1853.2723;2994.3613;1851.0778;2992.407;1852.9823;3003.3458;1852.2888;2995.6146;1853.9309
3125400.0;2999.1238;1857.3095;3000.0022;1859.0344;2995.785;1852.6141;3001.6301;1849.6331;2996.8254;1858.6249;2999.9833;1853.4794;2994.4732;1851.1028;2992.5191;1853.1047;3003.3789;1852.3082;2995.6386;1853.8219
3125420.0;2998.9253;1857.161;2999.9847;1858.9376;2995.6374;1852.6982;3001.7144;1849.607;2996.7881;1858.2873;2999.6996;1853.6766;2994.5502;1851.1901;2992.6359;1853.2391;3003.3686;1852.3568;2995.7011;1853.7293
3125440.0;2998.6922;1856.9969;2999.9438;1858.8629;2995.4894;1852.8143;3001.8161;1849.5841;2996.7176;1857.9531;2999.4382;1853.8667;2994.5794;1851.3028;2992.7585;1853.3812;3003.324;1852.4176;2995.7949;1853.6584
3125460.0;2998.4367;1856.8159;2999.8819;1858.8168;2995.3409;1852.9541;3001.9376;1849.5649;2996.6217;1857.6284;2999.2039;1854.0531;2994.5667;1851.4128;2992.8866;1853.5205;3003.2671;1852.4672;2995.9068;1853.5959
3125480.0;2998.178;1856.6125;2999.8084;1858.8016;2995.1972;1853.1065;3002.0787;1849.558;2996.5091;1857.3057;2998.9987;1854.2375;2994.5269;1851.5113;2993.0184;1853.6472;3003.2186;1852.4888;2996.0216;1853.516
3125500.0;2997.9373;1856.3749;2999.7393;1858.8098;2995.069;1853.2651;3002.2298;1849.5661;2996.3893;1856.9783;2998.8217;1854.4207;2994.4733;1851.603;2993.1512;1853.763;3003.1875;1852.4806;2996.1304;1853.3923
3125520.0;2997.7292;1856.0895;2999.6879;1858.8263;2994.9669;1853.4319;3002.3749;1849.5733;2996.2695;1856.6485;2998.6681;1854.6013;2994.4139;1851.6967;2993.2827;1853.8839;3003.1713;1852.4518;2996.2354;1853.2154
3125540.0;2997.5564;1855.7478;2999.6574;1858.8356;2994.8927;1853.6102;3002.5037;1849.5534;2996.1601;1856.3388;2998.5311;1854.7752;2994.3529;1851.7997;2993.4158;1854.0272;3003.1621;1852.4135;2996.3483;1852.9984
3125560.0;2997.4127;1855.3504;2999.6434;1858.826;2994.8364;1853.794;3002.6198;1849.4985;2996.077;1856.0902;2998.4057;1854.9377;2994.2939;1851.9169;2993.5635;1854.1973;3003.1522;1852.3717;2996.4975;1852.776
3125580.0;2997.2924;1854.9024;2999.6423;1858.7904;2994.7805;1853.9662;3002.7383;1849.4415;2996.0374;1855.9453;2998.2918;1855.0883;2994.2398;1852.0492;2993.7457;1854.3826;3003.1367;1852.3282;2996.7369;1852.5838
3125600.0;2997.1947;1854.4105;2999.6546;1858.7287;2994.712;1854.1073;3002.8724;1849.446;2996.0452;1855.9167;2998.1936;1855.2317;2994.1936;1852.1916;2993.9798;1854.5686;3003.1146;1852.2867;2997.1388;1852.4433
3125620.0;2997.1237;1853.883;2999.68;1858.6525;2994.6306;1854.202;3003.0242;1849.5676;2996.0792;1855.9637;2998.1161;1855.3733;2994.1565;1852.337;2994.2682;1854.748;3003.0896;1852.2526;2997.7606;1852.3529
3125640.0;2997.0796;1853.3349;2999.7122;1858.5826;2994.5468;1854.2394;3003.1847;1849.8178;2996.1027;1856.0134;2998.0591;1855.5142;2994.1258;1852.4828;2994.5936;1854.9202;3003.0675;1852.2293;2998.6021;1852.3004
3125660.0;2997.0552;1852.7836;2999.7414;1858.5366;2994.4724;1854.2136;3003.3403;1850.1547;2996.0877;1856.0078;2998.0145;1855.6511;2994.0973;1852.6331;2994.9255;1855.0841;3003.0523;1852.2155;2999.5876;1852.2832
3125680.0;2997.0416;1852.2467;2999.7613;1858.5191;2994.4112;1854.1291;3003.4803;1850.5039;2996.0298;1855.933;2997.9701;1855.7801;2994.0678;1852.7952;2995.235;1855.2328;3003.0439;1852.205;3000.5952;1852.3134
3125700.0;2997.0397;1851.7433;2999.7717;1858.5245;2994.3564;1854.0068;3003.602;1850.7983;2995.9421;1855.8084;2997.9177;1855.9;2994.0373;1852.9746;2995.5023;1855.3555;3003.0394;1852.1902;3001.5095;1852.4024
3125720.0;2997.0636;1851.2976;2999.7759;1858.5456;2994.2969;1853.8773;3003.7106;1851.0034;2995.8396;1855.6587;2997.8581;1856.0093;2994.0067;1853.174;2995.7159;1855.4376;3003.0349;1852.1651;3002.2634;1852.548
3125740.0;2997.1288;1850.9319;2999.7773;1858.5765;2994.2262;1853.7646;3003.8137;1851.1166;2995.7317;1855.4998;2997.7984;1856.1065;2993.9761;1853.3952;2995.8692;1855.4634;3003.0265;1852.1291;3002.844;1852.7402
3125760.0;2997.2372;1850.649;2999.7768;1858.6106;2994.1463;1853.6752;3003.9139;1851.149;2995.6219;1855.3377;2997.7459;1856.1915;2993.9457;1853.6396;2995.9625;1855.4261;3003.0113;1852.0884;3003.2696;1852.9691
3125780.0;2997.3747;1850.4216;2999.7729;1858.6404;2994.0651;1853.6003;3004.0069;1851.1147;2995.5122;1855.1756;2997.7046;1856.2667;2993.9145;1853.9095;2996.0067;1855.3389;3002.9892;1852.0525;3003.5641;1853.2219
3125800.0;2997.5226;1850.2087;2999.7602;1858.6606;2993.9894;1853.5308;3004.0854;1851.0325;2995.4024;1855.0134;2997.6757;1856.3365;2993.8796;1854.2079;2996.0194;1855.232;3002.9641;1852.0278;3003.749;1853.477
3125820.0;2997.6672;1849.9809;2999.7282;1858.6714;2993.9222;1853.4649;3004.1477;1850.9323;2995.2926;1854.8513;2997.6583;1856.4046;2993.83;1854.5364;2996.0172;1855.1349;3002.942;1852.0146;3003.8458;1853.7042
3125840.0;2997.8034;1849.7304;2999.6644;1858.6759;2993.8642;1853.4079;3004.2002;1850.8512;2995.1837;1854.6916;2997.6497;1856.4725;2993.7486;1854.8883;2996.0073;1855.0597;3002.9268;1852.0087;3003.882;1853.879
3125860.0;2997.9317;1849.4642;2999.564;1858.6774;2993.8158;1853.3649;3004.2535;1850.8216;2995.079;1854.5401;2997.6465;1856.5408;2993.6234;1855.2429;2995.9876;1854.9991;3002.9187;1852.0053;3003.8889;1853.9871
3125880.0;2998.0528;1849.1896;2999.441;1858.6778;2993.7761;1853.3347;3004.3148;1850.8587;2994.9898;1854.4147;2997.6468;1856.6067;2993.4624;1855.5717;2995.9517;1854.9359;3002.9153;1851.9998;3003.894;1854.0267
3125900.0;2998.1671;1848.9068;2999.3258;1858.6778;2993.7417;1853.3102;3004.3846;1850.9554;2994.9423;1854.3519;2997.651;1856.6622;2993.2983;1855.8536;2995.8943;1854.8546;3002.9142;1851.9878;3003.9135;1854.0098
3125920.0;2998.2742;1848.6144;2999.2483;1858.6778;2993.7093;1853.2829;3004.4582;1851.0889;2994.9835;1854.4038;2997.6626;1856.6961;2993.1723;1856.0866;2995.8166;1854.7505;3002.9141;1851.9654;3003.9505;1853.9623
3125940.0;2998.3732;1848.318;2999.2183;1858.6778;2993.6772;1853.2487;3004.5293;1851.2327;2995.1743;1854.6218;2997.6853;1856.7016;2993.1091;1856.2846;2995.725;1854.631;3002.9148;1851.9327;3003.9957;1853.916
3125960.0;2998.4633;1848.0362;2999.2221;1858.6774;2993.6456;1853.211;3004.5921;1851.3671;2995.5602;1855.0252;2997.7204;1856.6827;2993.1078;1856.4642;2995.6283;1854.5113;3002.917;1851.8957;3004.0305;1853.9089
3125980.0;2998.5463;1847.7894;2999.2353;1858.6759;2993.6138;1853.1771;3004.6453;1851.4835;2996.1327;1855.5711;2997.7608;1856.6539;2993.151;1856.6339;2995.5383;1854.4048;3002.9228;1851.8627;3004.0319;1853.9809
3126000.0;2998.6258;1847.5821;2999.2362;1858.6714;2993.5799;1853.1509;3004.6936;1851.5822;2996.8133;1856.1521;2997.7917;1856.6288;2993.2212;1856.7957;2995.4684;1854.3164;3002.9347;1851.8386;3003.981;1854.1605
3126020.0;2998.7075;1847.3985;2999.2118;1858.6606;2993.5422;1853.1302;3004.7439;1851.665;2997.4864;1856.6335;2997.7986;1856.61;2993.3098;1856.9516;2995.4293;1854.2444;3002.9545;1851.8214;3003.8723;1854.4396
3126040.0;2998.7925;1847.219;2999.1576;1858.6404;2993.5004;1853.1098;3004.799;1851.7328;2998.0621;1856.9198;2997.7777;1856.5877;2993.4172;1857.1052;2995.4234;1854.1849;3002.9814;1851.8035;3003.7184;1854.7643
3126060.0;2998.8747;1847.0364;2999.0816;1858.611;2993.4553;1853.0859;3004.8553;1851.7853;2998.5195;1857.0013;2997.7391;1856.5492;2993.5405;1857.2579;2995.4437;1854.1359;3003.0133;1851.7764;3003.5427;1855.0628
3126080.0;2998.944;1846.8576;2999.0049;1858.5777;2993.4091;1853.0587;3004.9058;1851.8227;2998.8979;1856.9424;2997.6994;1856.4891;2993.6677;1857.4048;2995.4793;1854.0956;3003.0479;1851.7357;3003.3673;1855.2857
3126100.0;2998.9949;1846.6921;2998.9542;1858.5484;2993.3686;1853.0308;3004.9443;1851.8444;2999.2536;1856.8301;2997.6701;1856.4119;2993.7797;1857.5421;2995.5195;1854.06;3003.0841;1851.6827;3003.2046;1855.4234
3126120.0;2999.0324;1846.5432;2998.9462;1858.5282;2993.3449;1853.0061;3004.9636;1851.8456;2999.6197;1856.7337;2997.6528;1856.3272;2993.863;1857.674;2995.5532;1854.0204;3003.1213;1851.6232;3003.0564;1855.4923
3126140.0;2999.0668;1846.4079;2998.9772;1858.5169;2993.3492;1852.9905;3004.9576;1851.8178;2999.988;1856.6873;2997.6415;1856.2451;2993.9178;1857.8104;2995.5697;1853.9681;3003.1585;1851.5624;3002.919;1855.5147
3126160.0;2999.1057;1846.2795;2999.0284;1858.5108;2993.3864;1852.9921;3004.9185;1851.7473;3000.3171;1856.691;2997.6278;1856.1723;2993.951;1857.9572;2995.5628;1853.898;3003.1949;1851.5012;3002.786;1855.507
3126180.0;2999.1504;1846.1533;2999.0782;1858.5039;2993.4503;1853.0179;3004.8381;1851.6151;3000.5555;1856.7232;2997.6039;1856.1086;2993.9669;1858.1122;2995.5308;1853.8101;3003.2293;1851.4348;3002.6504;1855.4775
3126200.0;2999.1999;1846.0267;2999.1108;1858.4899;2993.5268;1853.0692;3004.7126;1851.4051;3000.6751;1856.7591;2997.5663;1856.0464;2993.9666;1858.2686;2995.4721;1853.7053;3003.2594;1851.3582;3002.5051;1855.4278
3126220.0;2999.2545;1845.8996;2999.1174;1858.4625;2993.5987;1853.1376;3004.5532;1851.1183;3000.691;1856.7886;2997.5181;1855.9762;2993.952;1858.4225;2995.3814;1853.5819;3003.2831;1851.272;3002.344;1855.3534
3126240.0;2999.3153;1845.7716;2999.0979;1858.4173;2993.6506;1853.2069;3004.3898;1850.7824;3000.6462;1856.8161;2997.4669;1855.894;2993.9301;1858.5722;2995.2529;1853.4378;3003.3004;1851.1838;3002.1634;1855.256
3126260.0;2999.3836;1845.642;2999.0633;1858.3561;2993.6727;1853.262;3004.2545;1850.4416;3000.5765;1856.8437;2997.419;1855.8069;2993.9094;1858.7161;2995.0898;1853.276;3003.3131;1851.1026;3001.9627;1855.1528
3126280.0;2999.4596;1845.5104;2999.0336;1858.2849;2993.6655;1853.2964;3004.1616;1850.1332;3000.4891;1856.8638;2997.3726;1855.7275;2993.8956;1858.8509;2994.9071;1853.1093;3003.3218;1851.0336;3001.749;1855.0791
3126300.0;2999.5405;1845.3806;2999.0271;1858.2106;2993.6413;1853.313;3004.1042;1849.8733;3000.3731;1856.8679;2997.3191;1855.6659;2993.8903;1858.9716;2994.7249;1852.9579;3003.3252;1850.9788;3001.5404;1855.0725
3126320.0;2999.619;1845.2615;2999.0473;1858.1362;2993.6201;1853.3176;3004.068;1849.6625;3000.2227;1856.8627;2997.2499;1855.6214;2993.8928;1859.0721;2994.5591;1852.8402;3003.3227;1850.9391;3001.3646;1855.1546
3126340.0;2999.685;1845.1655;2999.084;1858.0609;2993.6155;1853.313;3004.04;1849.4972;3000.051;1856.8723;2997.1636;1855.5833;2993.9001;1859.1467;2994.4167;1852.7647;3003.3165;1850.9146;3001.2433;1855.3238
3126360.0;2999.7318;1845.1076;2999.1242;1857.9837;2993.6259;1853.2968;3004.0117;1849.3748;2999.8817;1856.923;2997.0678;1855.5386;2993.906;1859.1914;2994.2986;1852.7283;3003.3104;1850.9021;3001.1733;1855.5642
3126380.0;2999.7596;1845.104;2999.161;1857.9083;2993.637;1853.264;3003.9805;1849.2903;2999.7372;1857.0238;2996.9761;1855.4824;2993.902;1859.2027;2994.2034;1852.7201;3003.3071;1850.8971;3001.126;1855.855
3126400.0;2999.7746;1845.17;2999.1944;1857.8404;2993.636;1853.2139;3003.9507;1849.2287;2999.6312;1857.1589;2996.9011;1855.4198;2993.8847;1859.1787;2994.1297;1852.7265;3003.3081;1850.8955;3001.0715;1856.1732
3126420.0;2999.7838;1845.3168;2999.2242;1857.7829;2993.6229;1853.1567;3003.9335;1849.1691;2999.5696;1857.295;2996.8528;1855.3603;2993.8629;1859.1195;2994.076;1852.7361;3003.3147;1850.8951;3001.0019;1856.4955
3126440.0;2999.7908;1845.5498;2999.2488;1857.7332;2993.6078;1853.1098;3003.9364;1849.0911;2999.5548;1857.3959;2996.8376;1855.3153;2993.8561;1859.0294;2994.0399;1852.7431;3003.3281;1850.8951;3000.935;1856.811
3126460.0;2999.7935;1845.8688;2999.2676;1857.6845;2993.6;1853.087;3003.9576;1848.9854;2999.5871;1857.4364;2996.8577;1855.294;2993.8826;1858.9163;2994.0168;1852.7465;3003.348;1850.8951;3000.9016;1857.141
3126480.0;2999.7847;1846.2677;2999.2842;1857.6316;2993.5996;1853.0827;3003.9876;1848.8563;2999.6624;1857.4102;2996.9072;1855.2996;2993.9514;1858.7868;2993.9997;1852.7465;3003.3706;1850.8951;3000.9334;1857.5376
3126500.0;2999.7573;1846.7341;2999.3044;1857.571;2993.5989;1853.0713;3004.017;1848.7181;2999.7714;1857.3306;2996.9717;1855.3236;2994.0601;1858.6433;2993.9823;1852.7422;3003.3905;1850.8951;3001.0521;1858.0506
3126520.0;2999.7094;1847.2471;2999.3334;1857.4993;2993.5886;1853.015;3004.0434;1848.5851;2999.9024;1857.229;2997.0343;1855.3482;2994.2014;1858.486;2993.9613;1852.7281;3003.4041;1850.8949;3001.2559;1858.6862
3126540.0;2999.646;1847.7817;2999.3743;1857.4138;2993.5639;1852.8808;3004.0701;1848.4659;3000.0437;1857.1447;2997.0834;1855.3592;2994.369;1858.3167;2993.9377;1852.6945;3003.4114;1850.894;3001.5147;1859.3952
3126560.0;2999.5755;1848.3168;2999.4301;1857.3149;2993.5287;1852.6581;3004.1011;1848.3604;3000.1848;1857.1128;2997.1172;1855.353;2994.5601;1858.1368;2993.9146;1852.6328;3003.4145;1850.891;3001.789;1860.1048
3126580.0;2999.5054;1848.8455;2999.5036;1857.2091;2993.4939;1852.371;3004.1371;1848.2642;3000.3143;1857.1498;2997.14;1855.3326;2994.7704;1857.947;2993.8954;1852.5451;3003.4156;1850.8833;3002.0538;1860.7589
3126600.0;2999.4399;1849.3766;2999.5926;1857.1062;2993.4779;1852.0731;3004.1757;1848.1713;3000.4195;1857.2492;2997.1572;1855.2996;2994.9856;1857.7553;2993.8872;1852.4482;3003.4166;1850.8678;3002.3086;1861.3355
3126620.0;2999.3802;1849.9235;2999.6866;1857.0149;2993.5004;1851.824;3004.2136;1848.0755;3000.4921;1857.3922;2997.1714;1855.2524;2995.1777;1857.5856;2993.9013;1852.3637;3003.4191;1850.8426;3002.5663;1861.8391
3126640.0;2999.326;1850.4919;2999.7696;1856.9379;2993.5729;1851.6638;3004.2496;1847.9703;3000.5315;1857.5611;2997.1813;1855.1914;2995.3162;1857.4729;2993.9487;1852.3025;3003.4262;1850.8096;3002.8404;1862.2884
3126660.0;2999.2744;1851.0786;2999.8283;1856.8727;2993.6877;1851.6011;3004.2848;1847.8493;3000.5457;1857.7444;2997.1861;1855.1201;2995.3862;1857.4393;2994.0335;1852.2611;3003.4427;1850.7729;3003.1392;1862.7048
3126680.0;2999.2205;1851.68;2999.8571;1856.8131;2993.8194;1851.6214;3004.323;1847.7086;3000.5472;1857.9262;2997.1896;1855.0402;2995.3937;1857.4776;2994.1517;1852.2293;3003.4742;1850.734;3003.4647;1863.102
3126700.0;2999.1582;1852.2972;2999.8569;1856.752;2993.9408;1851.7005;3004.3679;1847.5494;3000.5477;1858.081;2997.2051;1854.9461;2995.3562;1857.5598;2994.2964;1852.1959;3003.5262;1850.6893;3003.812;1863.4763
3126720.0;2999.0819;1852.9345;2999.8315;1856.6855;2994.043;1851.813;3004.4181;1847.3767;3000.5534;1858.1783;2997.2491;1854.8287;2995.2891;1857.6608;2994.4608;1852.151;3003.6005;1850.6323;3004.1712;1863.8084
3126740.0;2998.9892;1853.5933;2999.7857;1856.6147;2994.1365;1851.9388;3004.4665;1847.1966;3000.5648;1858.2018;2997.3273;1854.6872;2995.2036;1857.7684;2994.6382;1852.0893;3003.6957;1850.5601;3004.5307;1864.08
3126760.0;2998.8801;1854.27;2999.7259;1856.5428;2994.2365;1852.0631;3004.5063;1847.0121;3000.5773;1858.1604;2997.4254;1854.535;2995.1127;1857.8791;2994.8203;1852.0143;3003.806;1850.4797;3004.8803;1864.2904
3126780.0;2998.7557;1854.9561;2999.6605;1856.4728;2994.3465;1852.1754;3004.536;1846.8267;3000.583;1858.0851;2997.5126;1854.3943;2995.0309;1857.9893;2995.0009;1851.9393;3003.9224;1850.4093;3005.2134;1864.4608
3126800.0;2998.6177;1855.6438;2999.5982;1856.405;2994.4559;1852.2668;3004.564;1846.6413;3000.572;1858.0113;2997.557;1854.2777;2994.9705;1858.0933;2995.1765;1851.877;3004.0329;1850.3711;3005.5279;1864.6218
3126820.0;2998.4681;1856.3329;2999.5457;1856.3384;2994.55;1852.3311;3004.6007;1846.4614;3000.5329;1857.9616;2997.539;1854.1794;2994.9368;1858.1856;2995.3453;1851.8293;3004.1261;1850.3767;3005.8242;1864.7963
3126840.0;2998.3108;1857.0322;2999.5071;1856.2732;2994.6251;1852.3692;3004.6488;1846.2992;3000.4574;1857.9383;2997.4592;1854.0824;2994.9289;1858.2636;2995.5026;1851.789;3004.1946;1850.4177;3006.1009;1864.9924
3126860.0;2998.1478;1857.7536;2999.484;1856.2097;2994.6892;1852.3894;3004.6983;1846.1744;3000.3426;1857.9311;2997.3401;1853.9733;2994.9404;1858.3288;2995.6417;1851.7481;3004.2375;1850.4727;3006.3521;1865.2075
3126880.0;2997.9809;1858.4997;2999.475;1856.1483;2994.757;1852.4041;3004.7349;1846.1046;3000.1897;1857.9268;2997.2165;1853.8527;2994.9615;1858.3846;2995.7566;1851.7045;3004.2574;1850.5247;3006.572;1865.4364
3126900.0;2997.8012;1859.2609;2999.472;1856.0895;2994.8411;1852.4271;3004.7551;1846.095;3000.0026;1857.9163;2997.1221;1853.7284;2994.9825;1858.4319;2995.8434;1851.6606;3004.2583;1850.5701;3006.7598;1865.6736
3126920.0;2997.5911;1860.0093;2999.4624;1856.0343;2994.9475;1852.4711;3004.7725;1846.1415;2999.7878;1857.8947;2997.0762;1853.6049;2994.9975;1858.4683;2995.9009;1851.6184;3004.2451;1850.6129;3006.9187;1865.9129
3126940.0;2997.336;1860.697;2999.4369;1855.9835;2995.0754;1852.5414;3004.8038;1846.2425;2999.5553;1857.8624;2997.0832;1853.4818;2995.0057;1858.4917;2995.9327;1851.5784;3004.2252;1850.6533;3007.0515;1866.1461
3126960.0;2997.049;1861.2648;2999.397;1855.9371;2995.2175;1852.6269;3004.8539;1846.4023;2999.3174;1857.8254;2997.1329;1853.3626;2995.0098;1858.504;2995.9486;1851.5446;3004.206;1850.6868;3007.1561;1866.3611
3126980.0;2996.7764;1861.674;2999.3541;1855.8924;2995.3648;1852.6994;3004.9143;1846.6221;2999.0832;1857.7932;2997.2028;1853.2589;2995.0132;1858.509;2995.961;1851.5244;3004.1926;1850.7092;3007.2291;1866.5433
3127000.0;2996.5658;1861.9415;2999.3213;1855.8469;2995.5127;1852.7274;3004.9711;1846.8905;2998.8543;1857.7719;2997.2689;1853.1812;2995.0186;1858.5106;2995.9761;1851.524;3004.1853;1850.7213;3007.271;1866.6798
3127020.0;2996.4284;1862.1362;2999.3063;1855.8;2995.6626;1852.6943;3005.0137;1847.1832;2998.6279;1857.7633;2997.3197;1853.1258;2995.0282;1858.511;2995.9938;1851.543;3004.1822;1850.7263;3007.2869;1866.7673
3127040.0;2996.3389;1862.3342;2999.3097;1855.752;2995.8181;1852.6053;3005.0399;1847.4694;2998.4043;1857.7653;2997.3603;1853.0741;2995.0408;1858.511;2996.0106;1851.5734;3004.1813;1850.7279;3007.2812;1866.8118
3127060.0;2996.2673;1862.5724;2999.3263;1855.7013;2995.9815;1852.4763;3005.0522;1847.7267;2998.1894;1857.7737;2997.3981;1853.0074;2995.0506;1858.5114;2996.0246;1851.6063;3004.1813;1850.7287;3007.2524;1866.8258
3127080.0;2996.2003;1862.8436;2999.3463;1855.643;2996.1534;1852.322;3005.0559;1847.9475;2997.9918;1857.7817;2997.429;1852.9186;2995.051;1858.5128;2996.0339;1851.6382;3004.1825;1850.7301;3007.1948;1866.8223
3127100.0;2996.1379;1863.1241;2999.3589;1855.5747;2996.3334;1852.1524;3005.0536;1848.142;2997.8161;1857.7799;2997.4419;1852.8143;2995.0416;1858.5173;2996.0354;1851.6714;3004.1868;1850.7348;3007.1037;1866.8128
3127120.0;2996.0823;1863.3987;2999.3555;1855.4991;2996.5175;1851.9779;3005.0447;1848.3278;2997.6594;1857.7597;2997.4291;1852.7093;2995.0333;1858.5282;2996.0253;1851.7086;3004.1982;1850.7467;3006.9804;1866.8067
3127140.0;2996.0313;1863.6651;2999.3331;1855.4221;2996.6958;1851.8142;3005.0269;1848.5191;2997.513;1857.7173;2997.3932;1852.6204;2995.042;1858.5484;2996.0012;1851.7471;3004.2228;1850.7706;3006.8317;1866.806
3127160.0;2995.9862;1863.9246;2999.2954;1855.3472;2996.8534;1851.6763;3004.9992;1848.7221;2997.3675;1857.655;2997.3395;1852.5638;2995.0759;1858.5777;2995.9605;1851.7805;3004.2659;1850.8103;3006.6655;1866.804
3127180.0;2995.9492;1864.1792;2999.25;1855.274;2996.9762;1851.5725;3004.9635;1848.933;2997.2186;1857.5825;2997.2703;1852.5467;2995.1289;1858.611;2995.9005;1851.8046;3004.3292;1850.8668;3006.4885;1866.7912
3127200.0;2995.9245;1864.4241;2999.205;1855.202;2997.0566;1851.5038;3004.924;1849.1391;2997.0675;1857.5144;2997.1838;1852.5626;2995.1868;1858.6404;2995.8213;1851.822;3004.4105;1850.9389;3006.3069;1866.7648
3127220.0;2995.9152;1864.65;2999.1663;1855.134;2997.096;1851.4694;3004.8852;1849.321;2996.9189;1857.4653;2997.0793;1852.5976;2995.2347;1858.6606;2995.7305;1851.8413;3004.5051;1851.0251;3006.1275;1866.7333
3127240.0;2995.9215;1864.8294;2999.1363;1855.0765;2997.1021;1851.4736;3004.8515;1849.4581;2996.7748;1857.444;2996.9587;1852.643;2995.2613;1858.6714;2995.6428;1851.8728;3004.6083;1851.1236;3005.9545;1866.7124
3127260.0;2995.9404;1864.9132;2999.1124;1855.0346;2997.0848;1851.5243;3004.8264;1849.5335;2996.6328;1857.4514;2996.826;1852.6991;2995.2578;1858.6759;2995.5742;1851.9256;3004.7154;1851.2312;3005.7867;1866.7144
3127280.0;2995.9657;1864.8547;2999.0872;1855.0094;2997.053;1851.627;3004.8123;1849.5371;2996.4877;1857.4821;2996.6859;1852.7652;2995.2203;1858.6774;2995.536;1852.0038;3004.8221;1851.3441;3005.6193;1866.7421
3127300.0;2995.9923;1864.6526;2999.0521;1854.997;2997.013;1851.7767;3004.8086;1849.4725;2996.3354;1857.5279;2996.5417;1852.8305;2995.1576;1858.6778;2995.5327;1852.1056;3004.9237;1851.4577;3005.4488;1866.7894
3127320.0;2996.0201;1864.3726;2999.0025;1854.9921;2996.9682;1851.9556;3004.812;1849.3616;2996.1754;1857.5808;2996.3928;1852.8772;2995.09;1858.6778;2995.5624;1852.2216;3005.0154;1851.5681;3005.2766;1866.8459
3127340.0;2996.055;1864.1053;2998.9415;1854.9906;2996.9213;1852.1364;3004.8167;1849.2388;2996.0092;1857.6342;2996.2364;1852.8896;2995.0387;1858.6778;2995.6191;1852.3359;3005.0931;1851.6729;3005.106;1866.9024
3127360.0;2996.1041;1863.8951;2998.8762;1854.9903;2996.877;1852.2919;3004.8157;1849.1383;2995.8383;1857.6841;2996.0736;1852.8578;2995.0135;1858.6774;2995.6959;1852.4316;3005.1557;1851.7724;3004.9373;1866.9505
3127380.0;2996.1672;1863.7184;2998.8135;1854.9903;2996.8416;1852.4049;3004.8036;1849.0812;2995.6642;1857.7289;2995.9131;1852.78;2995.0115;1858.6759;2995.7872;1852.4979;3005.2054;1851.8689;3004.7649;1866.9815
3127400.0;2996.2344;1863.5258;2998.758;1854.9903;2996.8199;1852.4717;3004.7778;1849.074;2995.4901;1857.7678;2995.7655;1852.6645;2995.0247;1858.6714;2995.8902;1852.5345;3005.246;1851.9645;3004.5803;1866.9866
3127420.0;2996.2871;1863.2841;2998.713;1854.9903;2996.8128;1852.5003;3004.7391;1849.1104;2995.3199;1857.7982;2995.633;1852.5313;2995.0467;1858.6602;2996.0045;1852.5476;3005.2808;1852.0604;3004.3774;1866.958
3127440.0;2996.3048;1862.9908;2998.68;1854.9903;2996.8168;1852.5041;3004.6891;1849.1753;2995.1555;1857.8127;2995.5053;1852.4081;2995.0734;1858.6384;2996.1296;1852.543;3005.3128;1852.1559;3004.1571;1866.8922
3127460.0;2996.2732;1862.6649;2998.6566;1854.9898;2996.8273;1852.4949;3004.6288;1849.2488;2994.9952;1857.8046;2995.3682;1852.3203;2995.1012;1858.6036;2996.2601;1852.523;3005.3443;1852.2493;3003.9271;1866.794
3127480.0;2996.1946;1862.3307;2998.6359;1854.9882;2996.8408;1852.4806;3004.5574;1849.3125;2994.8347;1857.7776;2995.216;1852.2791;2995.1279;1858.555;2996.3856;1852.4898;3005.3762;1852.3383;3003.6961;1866.6776
3127500.0;2996.0938;1862.0064;2998.6086;1854.9832;2996.8553;1852.4647;3004.4719;1849.3532;2994.6716;1857.7519;2995.0576;1852.2729;2995.1537;1858.4919;2996.4953;1852.448;3005.4075;1852.4201;3003.4684;1866.562
3127520.0;2996.0085;1861.6873;2998.5691;1854.9712;2996.87;1852.4483;3004.3713;1849.3628;2994.5054;1857.7656;2994.9106;1852.2741;2995.1782;1858.408;2996.5838;1852.4069;3005.4382;1852.4938;3003.2415;1866.4628
3127540.0;2995.9666;1861.3493;2998.5186;1854.9492;2996.8848;1852.432;3004.2592;1849.3358;2994.3379;1857.8603;2994.7895;1852.2612;2995.1973;1858.2921;2996.6524;1852.3806;3005.4684;1852.5594;3003.0093;1866.3873
3127560.0;2995.9716;1860.9722;2998.4644;1854.9181;2996.8995;1852.4156;3004.1451;1849.2677;2994.1736;1858.0565;2994.6993;1852.2547;2995.2047;1858.1373;2996.7053;1852.3846;3005.4969;1852.6182;3002.7667;1866.3338
3127580.0;2996.0043;1860.5537;2998.4153;1854.8861;2996.9143;1852.3993;3004.0405;1849.1589;2994.0203;1858.3301;2994.6388;1852.3261;2995.1968;1857.9504;2996.7478;1852.4267;3005.5201;1852.6694;3002.5152;1866.2948
3127600.0;2996.0378;1860.1059;2998.378;1854.8655;2996.9291;1852.3829;3003.9554;1849.0143;2993.8874;1858.6179;2994.6067;1852.5649;2995.1765;1857.7529;2996.7867;1852.5008;3005.5355;1852.7125;3002.2644;1866.2604
3127620.0;2996.0524;1859.6453;2998.3563;1854.8651;2996.9438;1852.3666;3003.8968;1848.842;2993.7811;1858.8562;2994.6017;1853.0119;2995.1496;1857.5646;2996.8295;1852.5904;3005.5437;1852.75;3002.0315;1866.2249
3127640.0;2996.043;1859.1887;2998.3507;1854.8841;2996.9586;1852.3502;3003.866;1848.6508;2993.7013;1859.0208;2994.6183;1853.6183;2995.1202;1857.3896;2996.8816;1852.6811;3005.5471;1852.7887;3001.834;1866.1901
3127660.0;2996.0153;1858.7505;2998.3558;1854.9111;2996.9733;1852.3339;3003.8522;1848.4487;2993.6419;1859.1289;2994.6476;1854.2729;2995.0896;1857.221;2996.9421;1852.765;3005.5484;1852.8347;3001.6807;1866.1627
3127680.0;2995.977;1858.3406;2998.3614;1854.9301;2996.9881;1852.3175;3003.8286;1848.2453;2993.5961;1859.209;2994.6821;1854.8761;2995.0597;1857.0572;2997.005;1852.837;3005.5498;1852.8894;3001.5677;1866.1474
3127700.0;2995.9317;1857.957;2998.358;1854.9297;2997.0029;1852.3012;3003.762;1848.0543;2993.5605;1859.277;2994.7214;1855.3844;2995.0354;1856.9038;2997.0617;1852.8914;3005.5535;1852.9498;3001.4822;1866.1437
3127720.0;2995.8793;1857.5883;2998.3429;1854.9091;2997.0176;1852.2848;3003.6357;1847.8956;2993.5344;1859.3336;2994.7719;1855.7995;2995.0245;1856.7712;2997.1068;1852.9255;3005.5629;1853.0123;3001.4112;1866.1476
3127740.0;2995.8204;1857.2173;2998.321;1854.8771;2997.0324;1852.2685;3003.4693;1847.7961;2993.5184;1859.3746;2994.8416;1856.1363;2995.0413;1856.6687;2997.1431;1852.9426;3005.5822;1853.0755;3001.3462;1866.1552
3127760.0;2995.7533;1856.8259;2998.3;1854.846;2997.0471;1852.2521;3003.3125;1847.7811;2993.5111;1859.4002;2994.936;1856.405;2995.1073;1856.6033;2997.1793;1852.9488;3005.6152;1853.1387;3001.283;1866.164
3127780.0;2995.6691;1856.4032;2998.2851;1854.824;2997.0619;1852.2358;3003.2187;1847.8611;2993.5111;1859.4151;2995.0547;1856.606;2995.2415;1856.572;2997.2245;1852.9492;3005.6625;1853.2026;3001.2203;1866.1733
3127800.0;2995.5558;1855.9547;2998.2769;1854.812;2997.0767;1852.2194;3003.2162;1848.024;2993.5178;1859.4285;2995.1917;1856.7338;2995.44;1856.5523;2997.2809;1852.9442;3005.7219;1853.2657;3001.1576;1866.1825
3127820.0;2995.4104;1855.5013;2998.2735;1854.807;2997.0914;1852.2031;3003.3003;1848.2418;2993.5316;1859.4525;2995.334;1856.7733;2995.6686;1856.5062;2997.3421;1852.931;3005.7879;1853.3252;3001.0949;1866.1918
3127840.0;2995.2497;1855.067;2998.2724;1854.8054;2997.1062;1852.1867;3003.4457;1848.486;2993.5501;1859.5005;2995.4637;1856.7082;2995.8803;1856.4024;2997.397;1852.9063;3005.8535;1853.3787;3001.0321;1866.2011
3127860.0;2995.1038;1854.6626;2998.2722;1854.8054;2997.1209;1852.1704;3003.6228;1848.7411;2993.5659;1859.5803;2995.5598;1856.5241;2996.0452;1856.232;2997.4333;1852.8699;3005.9113;1853.4253;3000.9694;1866.2103
3127880.0;2994.9986;1854.2845;2998.2719;1854.807;2997.1357;1852.154;3003.8098;1849.0065;2993.5694;1859.6854;2995.6061;1856.2135;2996.1607;1856.0066;2997.4412;1852.8276;3005.9563;1853.4669;3000.9067;1866.2196
3127900.0;2994.9416;1853.9245;2998.2708;1854.812;2997.1505;1852.1377;3003.9965;1849.2938;2993.5547;1859.7936;2995.6016;1855.7886;2996.2395;1855.745;2997.4148;1852.7863;3005.987;1853.5061;3000.8439;1866.2289
3127920.0;2994.9233;1853.5743;2998.2679;1854.8244;2997.1652;1852.1213;3004.1828;1849.6152;2993.5236;1859.8774;2995.5641;1855.2857;2996.2927;1855.4627;2997.3545;1852.7478;3006.0035;1853.5473;3000.7812;1866.2381
3127940.0;2994.9258;1853.2221;2998.2623;1854.8487;2997.18;1852.105;3004.3739;1849.9715;2993.4862;1859.9184;2995.5215;1854.7545;2996.3267;1855.1726;2997.2629;1852.706;3006.0058;1853.597;3000.7209;1866.2433
3127960.0;2994.9312;1852.8531;2998.255;1854.8875;2997.1986;1852.085;3004.5723;1850.3469;2993.4552;1859.9111;2995.4972;1854.2402;2996.3476;1854.8894;2997.1438;1852.652;3005.9948;1853.6605;3000.6679;1866.2341
3127980.0;2994.9276;1852.4577;2998.2525;1854.9408;2997.2246;1852.0581;3004.7738;1850.7208;2993.4402;1859.8614;2995.502;1853.7711;2996.3621;1854.6278;2997.0032;1852.581;3005.974;1853.7376;3000.6356;1866.1832
3128000.0;2994.9107;1852.0378;2998.266;1855.0074;2997.271;1852.0123;3004.9692;1851.0824;2993.4426;1859.7803;2995.5371;1853.36;2996.3735;1854.3988;2996.8513;1852.4961;3005.9475;1853.8224;3000.6461;1866.0385
3128020.0;2994.8849;1851.6069;2998.3033;1855.0872;2997.3538;1851.9324;3005.1503;1851.4315;2993.455;1859.6782;2995.5983;1853.0056;2996.3819;1854.2054;2996.7014;1852.4077;3005.9175;1853.9066;3000.72;1865.7341
3128040.0;2994.86;1851.1811;2998.3603;1855.1788;2997.4829;1851.8094;3005.3109;1851.7657;2993.4653;1859.5587;2995.675;1852.694;2996.387;1854.0437;2996.5631;1852.3293;3005.885;1853.9837;3000.8524;1865.2272
3128060.0;2994.8464;1850.7736;2998.4214;1855.2765;2997.6525;1851.6488;3005.4449;1852.0748;2993.4642;1859.4189;2995.7535;1852.4094;2996.3892;1853.9086;2996.4394;1852.2718;3005.8508;1854.0514;3000.9958;1864.5362
3128080.0;2994.8537;1850.3947;2998.4705;1855.3723;2997.8439;1851.4682;3005.5452;1852.3468;2993.4502;1859.2572;2995.8234;1852.1522;2996.3901;1853.7969;2996.3278;1852.2381;3005.8162;1854.1092;3001.0756;1863.7358
